Log file open, 09/01/26 03:53:01
LogWindows: Enabling Tpause support
LogWindows: Custom abort handler registered for crash reporting.
LogPakFile: Initializing PakPlatformFile
LogIoDispatcher: Display: Reading toc: ../../../PortalWars2/Content/Paks/global.utoc
LogIoDispatcher: Display: Toc loaded : ../../../PortalWars2/Content/Paks/global.utoc, Id=ffffffffffffffff, Order=0, EntryCount=1, SignatureHash=AE045688AE36419CC829A72853488542C51FF998
LogIoDispatcher: Display: Mounting container '../../../PortalWars2/Content/Paks/global.utoc' in location slot 0
LogPakFile: Display: Initialized I/O dispatcher file backend. Mounted the global container: ../../../PortalWars2/Content/Paks/global.utoc
LogPakFile: Display: Found Pak file ../../../PortalWars2/Content/Paks/pakchunk500-WindowsClient.pak attempting to mount.
LogPakFile: Display: Mounting pak file ../../../PortalWars2/Content/Paks/pakchunk500-WindowsClient.pak.
LogIoDispatcher: Display: Reading toc: ../../../PortalWars2/Content/Paks/pakchunk500-WindowsClient.utoc
LogIoDispatcher: Display: Toc loaded : ../../../PortalWars2/Content/Paks/pakchunk500-WindowsClient.utoc, Id=1a8afa7cf7d1d9e2, Order=3, EntryCount=33418, SignatureHash=20287D2807E85AD4A6159C3A440E98D8BEC9DC33
LogIoDispatcher: Display: Mounting container '../../../PortalWars2/Content/Paks/pakchunk500-WindowsClient.utoc' in location slot 0
LogPakFile: Display: Mounted IoStore container "../../../PortalWars2/Content/Paks/pakchunk500-WindowsClient.utoc"
LogFilePackageStore: Mounting container: Id=1a8afa7cf7d1d9e2, Order=3, NumPackages=17440
LogPakFile: Display: Mounted Pak file '../../../PortalWars2/Content/Paks/pakchunk500-WindowsClient.pak', mount point: '../../../PortalWars2/Content/Localization/'
LogPakFile: Display: Found Pak file ../../../PortalWars2/Content/Paks/pakchunk400optional-WindowsClient.pak attempting to mount.
LogPakFile: Display: Mounting pak file ../../../PortalWars2/Content/Paks/pakchunk400optional-WindowsClient.pak.
LogIoDispatcher: Display: Reading toc: ../../../PortalWars2/Content/Paks/pakchunk400optional-WindowsClient.utoc
LogIoDispatcher: Display: Toc loaded : ../../../PortalWars2/Content/Paks/pakchunk400optional-WindowsClient.utoc, Id=c51501c428664866, Order=3, EntryCount=6, SignatureHash=3FD6ED91585C4160EE9BC6B9C882ED1C939A1830
LogIoDispatcher: Display: Mounting container '../../../PortalWars2/Content/Paks/pakchunk400optional-WindowsClient.utoc' in location slot 0
LogPakFile: Display: Mounted IoStore container "../../../PortalWars2/Content/Paks/pakchunk400optional-WindowsClient.utoc"
LogFilePackageStore: Mounting container: Id=c51501c428664866, Order=3, NumPackages=0
LogPakFile: Display: Mounted Pak file '../../../PortalWars2/Content/Paks/pakchunk400optional-WindowsClient.pak', mount point: '/'
LogPakFile: Display: Found Pak file ../../../PortalWars2/Content/Paks/pakchunk400-WindowsClient.pak attempting to mount.
LogPakFile: Display: Mounting pak file ../../../PortalWars2/Content/Paks/pakchunk400-WindowsClient.pak.
LogIoDispatcher: Display: Reading toc: ../../../PortalWars2/Content/Paks/pakchunk400-WindowsClient.utoc
LogIoDispatcher: Display: Toc loaded : ../../../PortalWars2/Content/Paks/pakchunk400-WindowsClient.utoc, Id=a2c7444dd12d0f55, Order=3, EntryCount=44455, SignatureHash=0D563056491775C913FB7480507ED6751BA21CC5
LogIoDispatcher: Display: Mounting container '../../../PortalWars2/Content/Paks/pakchunk400-WindowsClient.utoc' in location slot 0
LogPakFile: Display: Mounted IoStore container "../../../PortalWars2/Content/Paks/pakchunk400-WindowsClient.utoc"
LogFilePackageStore: Mounting container: Id=a2c7444dd12d0f55, Order=3, NumPackages=25162
LogPakFile: Display: Mounted Pak file '../../../PortalWars2/Content/Paks/pakchunk400-WindowsClient.pak', mount point: '../../../PortalWars2/Content/'
LogPakFile: Display: Found Pak file ../../../PortalWars2/Content/Paks/pakchunk300-WindowsClient.pak attempting to mount.
LogPakFile: Display: Mounting pak file ../../../PortalWars2/Content/Paks/pakchunk300-WindowsClient.pak.
LogIoDispatcher: Display: Reading toc: ../../../PortalWars2/Content/Paks/pakchunk300-WindowsClient.utoc
LogIoDispatcher: Display: Toc loaded : ../../../PortalWars2/Content/Paks/pakchunk300-WindowsClient.utoc, Id=756a660c232092cb, Order=3, EntryCount=53932, SignatureHash=E01926CD6E3DFF162E845B939C220E1F6B045EEE
LogIoDispatcher: Display: Mounting container '../../../PortalWars2/Content/Paks/pakchunk300-WindowsClient.utoc' in location slot 0
LogPakFile: Display: Mounted IoStore container "../../../PortalWars2/Content/Paks/pakchunk300-WindowsClient.utoc"
LogFilePackageStore: Mounting container: Id=756a660c232092cb, Order=3, NumPackages=32237
LogPakFile: Display: Mounted Pak file '../../../PortalWars2/Content/Paks/pakchunk300-WindowsClient.pak', mount point: '../../../PortalWars2/Content/Localization/'
LogPakFile: Display: Found Pak file ../../../PortalWars2/Content/Paks/pakchunk200-WindowsClient.pak attempting to mount.
LogPakFile: Display: Mounting pak file ../../../PortalWars2/Content/Paks/pakchunk200-WindowsClient.pak.
LogIoDispatcher: Display: Reading toc: ../../../PortalWars2/Content/Paks/pakchunk200-WindowsClient.utoc
LogIoDispatcher: Display: Toc loaded : ../../../PortalWars2/Content/Paks/pakchunk200-WindowsClient.utoc, Id=967bebf20dd35d41, Order=3, EntryCount=1139, SignatureHash=4352F1A2A4DE110863E0B0B411F6028DD5BFBB02
LogIoDispatcher: Display: Mounting container '../../../PortalWars2/Content/Paks/pakchunk200-WindowsClient.utoc' in location slot 0
LogPakFile: Display: Mounted IoStore container "../../../PortalWars2/Content/Paks/pakchunk200-WindowsClient.utoc"
LogFilePackageStore: Mounting container: Id=967bebf20dd35d41, Order=3, NumPackages=821
LogPakFile: Display: Mounted Pak file '../../../PortalWars2/Content/Paks/pakchunk200-WindowsClient.pak', mount point: '../../../PortalWars2/Content/Localization/'
LogPakFile: Display: Found Pak file ../../../PortalWars2/Content/Paks/pakchunk100-WindowsClient.pak attempting to mount.
LogPakFile: Display: Mounting pak file ../../../PortalWars2/Content/Paks/pakchunk100-WindowsClient.pak.
LogIoDispatcher: Display: Reading toc: ../../../PortalWars2/Content/Paks/pakchunk100-WindowsClient.utoc
LogIoDispatcher: Display: Toc loaded : ../../../PortalWars2/Content/Paks/pakchunk100-WindowsClient.utoc, Id=fdc424ad5b740403, Order=3, EntryCount=34524, SignatureHash=845168480A3A4E5336054E6241D63C2F925EB5DC
LogIoDispatcher: Display: Mounting container '../../../PortalWars2/Content/Paks/pakchunk100-WindowsClient.utoc' in location slot 0
LogPakFile: Display: Mounted IoStore container "../../../PortalWars2/Content/Paks/pakchunk100-WindowsClient.utoc"
LogFilePackageStore: Mounting container: Id=fdc424ad5b740403, Order=3, NumPackages=28234
LogPakFile: Display: Mounted Pak file '../../../PortalWars2/Content/Paks/pakchunk100-WindowsClient.pak', mount point: '../../../PortalWars2/Content/Localization/'
LogPakFile: Display: Found Pak file ../../../PortalWars2/Content/Paks/pakchunk0-WindowsClient.pak attempting to mount.
LogPakFile: Display: Mounting pak file ../../../PortalWars2/Content/Paks/pakchunk0-WindowsClient.pak.
LogIoDispatcher: Display: Reading toc: ../../../PortalWars2/Content/Paks/pakchunk0-WindowsClient.utoc
LogIoDispatcher: Display: Toc loaded : ../../../PortalWars2/Content/Paks/pakchunk0-WindowsClient.utoc, Id=83763e54e454e452, Order=3, EntryCount=17006, SignatureHash=65C06236BC576B3857CE72C970A4A8B0D2E62025
LogIoDispatcher: Display: Mounting container '../../../PortalWars2/Content/Paks/pakchunk0-WindowsClient.utoc' in location slot 0
LogPakFile: Display: Mounted IoStore container "../../../PortalWars2/Content/Paks/pakchunk0-WindowsClient.utoc"
LogFilePackageStore: Mounting container: Id=83763e54e454e452, Order=3, NumPackages=10626
LogPakFile: Display: Mounted Pak file '../../../PortalWars2/Content/Paks/pakchunk0-WindowsClient.pak', mount point: '../../../'
LogIris: FNetObjectFactoryRegistry::UnregisterFactory is unregistering factory: None name: NetActorFactory id: 0
LogIris: FNetObjectFactoryRegistry::UnregisterFactory is unregistering factory: None name: NetSubObjectFactory id: 1
LogICUInternationalization: ICU TimeZone Detection - Raw Offset: +0:00, Platform Override: ''
LogInit: Session CrashGUID >====================================================
         Session CrashGUID >   UECC-Windows-AB9623844FAD1C20D5848B948F360615
         Session CrashGUID >====================================================
LogConfig: No local boot hotfix file found at: [C:/USERS/REDACTED/AppData/Local/PortalWars2/Saved/PersistentDownloadDir/HotfixForNextBoot.txt]
LogAudio: Display: Pre-Initializing Audio Device Manager...
LogAudio: Display: AudioInfo: 'OPUS' Registered
LogAudioDebug: Display: Lib vorbis DLL was dynamically loaded.
LogAudio: Display: AudioInfo: 'OGG' Registered
LogAudio: Display: AudioInfo: 'ADPCM' Registered
LogAudio: Display: AudioInfo: 'PCM' Registered
LogAudio: Display: AudioInfo: 'BINKA' Registered
LogAudio: Display: AudioInfo: 'RADA' Registered
LogAudio: Display: Audio Device Manager Pre-Initialized
LogPluginManager: Mounting Project plugin AIFramework1047
LogPluginManager: Mounting Project plugin AudioFramework1047
LogPluginManager: Mounting Project plugin AutomatedTests1047
LogPluginManager: Mounting Project plugin Core1047
LogPluginManager: Mounting Project plugin CreativeCore1047
LogPluginManager: Mounting Project plugin CreativeFramework1047
LogPluginManager: Mounting Project plugin EditorTools1047
LogPluginManager: Mounting Project plugin GameFramework1047
LogPluginManager: Mounting Project plugin MerlinAntiCheat
LogPluginManager: Mounting Project plugin CoreOnline1047
LogPluginManager: Mounting Project plugin MaverickSdk
LogPluginManager: Mounting Project plugin OnlineFramework1047
LogPluginManager: Mounting Project plugin OnlineNetworkUtils1047
LogPluginManager: Mounting Project plugin OnlineServices1047
LogPluginManager: Mounting Project plugin RenderFramework1047
LogPluginManager: Mounting Project plugin ShooterCore1047
LogPluginManager: Mounting Project plugin StageNexus1047
LogPluginManager: Mounting Project plugin TheaterFramework1047
LogPluginManager: Mounting Project plugin UI1047
LogPluginManager: Mounting Project plugin AutoNavLinkGenerator
LogPluginManager: Mounting Project plugin CommonLoadingScreen
LogPluginManager: Mounting Project plugin AvirImageResizing
LogPluginManager: Mounting Project plugin ContentAudit
LogPluginManager: Mounting Project plugin GameplayMessageRouter
LogPluginManager: Mounting Project plugin GameplayTagDataTable
LogPluginManager: Mounting Project plugin PortalWarsLegacy
LogPluginManager: Mounting Project plugin InGameCollisionDebugger
LogPluginManager: Mounting Project plugin NavLinkHelper
LogPluginManager: Mounting Engine plugin AISupport
LogPluginManager: Mounting Engine plugin EnvironmentQueryEditor
LogPluginManager: Mounting Engine plugin HTN
LogPluginManager: Mounting Engine plugin ACLPlugin
LogPluginManager: Mounting Engine plugin AnimationData
LogPluginManager: Mounting Engine plugin AnimationLocomotionLibrary
LogPluginManager: Mounting Engine plugin AnimationModifierLibrary
LogPluginManager: Mounting Engine plugin AnimationWarping
LogPluginManager: Mounting Engine plugin BlendStack
LogPluginManager: Mounting Engine plugin ControlRigModules
LogPluginManager: Mounting Engine plugin ControlRigSpline
LogPluginManager: Mounting Engine plugin ControlRig
LogPluginManager: Mounting Engine plugin DeformerGraph
LogPluginManager: Mounting Engine plugin GameplayInsights
LogPluginManager: Mounting Engine plugin IKRig
LogPluginManager: Mounting Engine plugin LiveLink
LogPluginManager: Mounting Engine plugin RigLogic
LogPluginManager: Mounting Engine plugin VertexAnimationManager
LogPluginManager: Mounting Engine plugin AudioGameplayVolume
LogPluginManager: Mounting Engine plugin AudioGameplay
LogPluginManager: Mounting Engine plugin ToxMod
LogPluginManager: Mounting Engine plugin WwiseNiagara
LogPluginManager: Mounting Engine plugin Wwise
LogPluginManager: Mounting Engine plugin Bridge
LogPluginManager: Mounting Engine plugin CameraShakePreviewer
LogPluginManager: Mounting Engine plugin EngineCameras
LogPluginManager: Mounting Engine plugin GameplayCameras
LogPluginManager: Mounting Engine plugin ChaosClothAsset
LogPluginManager: Mounting Engine plugin ChaosCloth
LogPluginManager: Mounting Engine plugin ChaosVD
LogPluginManager: Mounting Engine plugin Chooser
LogPluginManager: Mounting Engine plugin OpenColorIO
LogPluginManager: Mounting Engine plugin OodleNetwork
LogPluginManager: Mounting Engine plugin Sentry
LogPluginManager: Mounting Engine plugin AnimationSharing
LogPluginManager: Mounting Engine plugin ConcertMain
LogPluginManager: Mounting Engine plugin ConcertSyncClient
LogPluginManager: Mounting Engine plugin ConcertSyncCore
LogPluginManager: Mounting Engine plugin ConcertSharedSlate
LogPluginManager: Mounting Engine plugin Gridly
LogPluginManager: Mounting Engine plugin PluginUtils
LogPluginManager: Mounting Engine plugin RenderDocPlugin
LogPluginManager: Mounting Engine plugin AssetManagerEditor
LogPluginManager: Mounting Engine plugin AssetReferenceRestrictions
LogPluginManager: Mounting Engine plugin AssetSearch
LogPluginManager: Mounting Engine plugin BlueprintHeaderView
LogPluginManager: Mounting Engine plugin BlueprintMaterialTextureNodes
LogPluginManager: Mounting Engine plugin ColorGrading
LogPluginManager: Mounting Engine plugin ConsoleVariables
LogPluginManager: Mounting Engine plugin ContentBrowserAssetDataSource
LogPluginManager: Mounting Engine plugin CryptoKeys
LogPluginManager: Mounting Engine plugin DataValidation
LogPluginManager: Mounting Engine plugin EditorScriptingUtilities
LogPluginManager: Mounting Engine plugin ElectronicNodes
LogPluginManager: Mounting Engine plugin EngineAssetDefinitions
LogPluginManager: Mounting Engine plugin GameplayTagsEditor
LogPluginManager: Mounting Engine plugin GeometryMode
LogPluginManager: Mounting Engine plugin ModelingToolsEditorMode
LogPluginManager: Mounting Engine plugin LightMixer
LogPluginManager: Mounting Engine plugin ObjectMixer
LogPluginManager: Mounting Engine plugin PluginBrowser
LogPluginManager: Mounting Engine plugin ProxyLODPlugin
LogPluginManager: Mounting Engine plugin ScriptableToolsEditorMode
LogPluginManager: Mounting Engine plugin SequencerAnimTools
LogPluginManager: Mounting Engine plugin SpeedTreeImporter
LogPluginManager: Mounting Engine plugin UMGWidgetPreview
LogPluginManager: Mounting Engine plugin UVEditor
LogPluginManager: Mounting Engine plugin EnhancedInput
LogPluginManager: Mounting Engine plugin DatasmithContent
LogPluginManager: Mounting Engine plugin VariantManagerContent
LogPluginManager: Mounting Engine plugin VariantManager
LogPluginManager: Mounting Engine plugin AbilitySystemGameFeatureActions
LogPluginManager: Mounting Engine plugin SkeletalMeshModelingTools
LogPluginManager: Mounting Engine plugin AutomationUtils
LogPluginManager: Mounting Engine plugin BackChannel
LogPluginManager: Mounting Engine plugin ChaosCaching
LogPluginManager: Mounting Engine plugin ChaosEditor
LogPluginManager: Mounting Engine plugin ChaosNiagara
LogPluginManager: Mounting Engine plugin ChaosSolverPlugin
LogPluginManager: Mounting Engine plugin ChaosUserDataPT
LogPluginManager: Mounting Engine plugin CharacterAI
LogPluginManager: Mounting Engine plugin HoldoutComposite
LogPluginManager: Mounting Engine plugin Dataflow
LogPluginManager: Mounting Engine plugin EditorDataStorage
LogPluginManager: Mounting Engine plugin FastGeoStreaming5.5
LogPluginManager: Mounting Engine plugin FieldSystemPlugin
LogPluginManager: Mounting Engine plugin Fracture
LogPluginManager: Mounting Engine plugin FullBodyIK
LogPluginManager: Mounting Engine plugin TargetingSystem
LogPluginManager: Mounting Engine plugin Gauntlet
LogPluginManager: Mounting Engine plugin GeometryCacheAbcFile
LogPluginManager: Mounting Engine plugin GeometryCollectionPlugin
LogPluginManager: Mounting Engine plugin ImpostorBaker
LogPluginManager: Mounting Engine plugin Iris
LogPluginManager: Mounting Engine plugin JWT
LogPluginManager: Mounting Engine plugin Landmass
LogPluginManager: Mounting Engine plugin LandscapePatch
LogPluginManager: Mounting Engine plugin LocalizableMessage
LogPluginManager: Mounting Engine plugin MeshModelingToolsetExp
LogPluginManager: Mounting Engine plugin MetaHumanSDK
LogPluginManager: Mounting Engine plugin ModularGameplayActors
LogPluginManager: Mounting Engine plugin NFORDenoise
LogPluginManager: Mounting Engine plugin PlanarCut
LogPluginManager: Mounting Engine plugin PlatformCrypto
LogPluginManager: Mounting Engine plugin PluginAudit
LogPluginManager: Mounting Engine plugin PluginReferenceViewer
LogPluginManager: Mounting Engine plugin PythonScriptPlugin
LogPluginManager: Mounting Engine plugin StudioTelemetry
LogPluginManager: Mounting Engine plugin TextToSpeech
LogPluginManager: Mounting Engine plugin ToolPresets
LogPluginManager: Mounting Engine plugin Volumetrics
LogPluginManager: Mounting Engine plugin Water
LogPluginManager: Mounting Engine plugin CascadeToNiagaraConverter
LogPluginManager: Mounting Engine plugin NiagaraFluids
LogPluginManager: Mounting Engine plugin NiagaraSimCaching
LogPluginManager: Mounting Engine plugin NiagaraUIRenderer
LogPluginManager: Mounting Engine plugin Niagara
LogPluginManager: Mounting Engine plugin SideFX_Labs
LogPluginManager: Mounting Engine plugin Fab
LogPluginManager: Mounting Engine plugin AlembicImporter
LogPluginManager: Mounting Engine plugin InterchangeAssets
LogPluginManager: Mounting Engine plugin InterchangeEditor
LogPluginManager: Mounting Engine plugin Interchange
LogPluginManager: Mounting Engine plugin BlockoutToolsPlugin
LogPluginManager: Mounting Engine plugin FSR3
LogPluginManager: Mounting Engine plugin DLSS
LogPluginManager: Mounting Engine plugin NIS
LogPluginManager: Mounting Engine plugin StreamlineCore
LogPluginManager: Mounting Engine plugin StreamlineDLSSG
LogPluginManager: Mounting Engine plugin StreamlineReflex
LogPluginManager: Mounting Engine plugin GeometricTools
LogPluginManager: Mounting Engine plugin BinkMedia
LogPluginManager: Mounting Engine plugin HardwareEncoders
LogPluginManager: Mounting Engine plugin ImgMedia
LogPluginManager: Mounting Engine plugin MediaCompositing
LogPluginManager: Mounting Engine plugin MediaPlate
LogPluginManager: Mounting Engine plugin MeshPainting
LogPluginManager: Mounting Engine plugin TcpMessaging
LogPluginManager: Mounting Engine plugin UdpMessaging
LogPluginManager: Mounting Engine plugin ActorSequence
LogPluginManager: Mounting Engine plugin CustomizableSequencerTracks
LogPluginManager: Mounting Engine plugin LevelSequenceEditor
LogPluginManager: Mounting Engine plugin MoviePipelineMaskRenderPass
LogPluginManager: Mounting Engine plugin MovieRenderPipeline
LogPluginManager: Mounting Engine plugin SequencerScripting
LogPluginManager: Mounting Engine plugin TemplateSequence
LogPluginManager: Mounting Engine plugin DiscordPartnerSDK
LogPluginManager: Mounting Engine plugin EOSShared
LogPluginManager: Mounting Engine plugin OnlineBase
LogPluginManager: Mounting Engine plugin OnlineServicesEOSGS
LogPluginManager: Mounting Engine plugin OnlineServicesEOS
LogPluginManager: Mounting Engine plugin OnlineServicesOSSAdapter
LogPluginManager: Mounting Engine plugin OnlineServices
LogPluginManager: Mounting Engine plugin OnlineSubsystemNull
LogPluginManager: Mounting Engine plugin OnlineSubsystemSteam
LogPluginManager: Mounting Engine plugin OnlineSubsystemUtils
LogPluginManager: Mounting Engine plugin OnlineSubsystem
LogPluginManager: Mounting Engine plugin SocketSubsystemEOS
LogPluginManager: Mounting Engine plugin PCG
LogPluginManager: Mounting Engine plugin LauncherChunkInstaller
LogPluginManager: Mounting Engine plugin ActorLayerUtilities
LogPluginManager: Mounting Engine plugin AnimationBudgetAllocator
LogPluginManager: Mounting Engine plugin AssetTags
LogPluginManager: Mounting Engine plugin AudioCapture
LogPluginManager: Mounting Engine plugin AudioSynesthesia
LogPluginManager: Mounting Engine plugin AudioWidgets
LogPluginManager: Mounting Engine plugin CableComponent
LogPluginManager: Mounting Engine plugin ChunkDownloader
LogPluginManager: Mounting Engine plugin ComputeFramework
LogPluginManager: Mounting Engine plugin CustomMeshComponent
LogPluginManager: Mounting Engine plugin DataRegistry
LogPluginManager: Mounting Engine plugin SQLiteCore
LogPluginManager: Mounting Engine plugin ExampleDeviceProfileSelector
LogPluginManager: Mounting Engine plugin GameFeatures
LogPluginManager: Mounting Engine plugin GameplayAbilities
LogPluginManager: Mounting Engine plugin GameplayStateTree
LogPluginManager: Mounting Engine plugin GeometryCache
LogPluginManager: Mounting Engine plugin GeometryProcessing
LogPluginManager: Mounting Engine plugin GeometryScripting
LogPluginManager: Mounting Engine plugin HairStrands
LogPluginManager: Mounting Engine plugin HoudiniEngine
LogPluginManager: Mounting Engine plugin MeshModelingToolset
LogPluginManager: Mounting Engine plugin Metasound
LogPluginManager: Mounting Engine plugin ModularGameplay
LogPluginManager: Mounting Engine plugin Reflex
LogPluginManager: Mounting Engine plugin DTLSHandlerComponent
LogPluginManager: Mounting Engine plugin ProceduralMeshComponent
LogPluginManager: Mounting Engine plugin PropertyAccessEditor
LogPluginManager: Mounting Engine plugin RigVM
LogPluginManager: Mounting Engine plugin ScriptableToolsFramework
LogPluginManager: Mounting Engine plugin SignificanceManager
LogPluginManager: Mounting Engine plugin StateTree
LogPluginManager: Mounting Engine plugin SteamShared
LogPluginManager: Mounting Engine plugin SunPosition
LogPluginManager: Mounting Engine plugin USDCore
LogPluginManager: Mounting Engine plugin WaveTable
LogPluginManager: Mounting Engine plugin WindowsDeviceProfileSelector
LogPluginManager: Mounting Engine plugin WindowsMoviePlayer
LogPluginManager: Mounting Engine plugin XInputDevice
LogPluginManager: Mounting Engine plugin SlateInsights
LogPluginManager: Mounting Engine plugin FunctionalTestingEditor
LogPluginManager: Mounting Engine plugin InterchangeTests
LogPluginManager: Mounting Engine plugin TraceUtilities
LogPluginManager: Mounting Engine plugin MDFastBinding
LogPluginManager: Mounting Engine plugin ImGui
LogPluginManager: Mounting Engine plugin UbaController
LogPluginManager: Mounting Engine plugin Takes
LogPluginManager: Mounting Engine plugin WorldMetrics
LogAssetRegistry: Premade AssetRegistry loaded from '../../../PortalWars2/AssetRegistry.bin'
LogConfig: Applying CVar settings from Section [/Script/FFXFSR3Settings.FFXFSR3Settings] File [Engine]
LogConfig: Set CVar [[r.FidelityFX.FSR3.Enabled:0]]
LogNFORDenoise: NFORDenoise function starting up
LogFSR3: FSR3 Temporal Upscaling Module Started
LogFFXFI: FFX Frame Interpolation Module Started
LogDLSSBlueprint: Loaded DLSS-SR plugin version 4.0.2-NGX310.2.1.0
LogDLSSNGXVulkanRHIPreInit: FNGXVulkanRHIPreInitModule::StartupModule Enter
LogRHI: Using Default RHI: D3D12
LogRHI: Using Highest Feature Level of D3D12: SM6
LogRHI: Loading RHI module D3D12RHI
LogRHI: Checking if RHI D3D12 with Feature Level SM6 is supported by your system.
LogD3D12RHI: Found D3D12 adapter 0: NVIDIA GeForce RTX 3050 Laptop GPU (VendorId: 10de, DeviceId: 25a2, SubSysId: 0000, Revision: 0000
LogD3D12RHI:   Max supported Feature Level 12_2, shader model 6.7, binding tier 3, wave ops supported, atomic64 supported
LogD3D12RHI:   Adapter has 4064MB of dedicated video memory, 0MB of dedicated system memory, and 11734MB of shared system memory, 1 output[s]
LogD3D12RHI:   Driver Version: 999.99 (internal:35.0.99.9999, unified:999.99)
LogD3D12RHI:      Driver Date: 9-1-2026
LogD3D12RHI: DirectX Agility SDK runtime found.
LogD3D12RHI: Chosen D3D12 Adapter Id = 0
LogRHI: RHI D3D12 with Feature Level SM6 is supported and will be used.
LogDLSSNGXVulkanRHIPreInit: GetSelectedDynamicRHIModuleName = D3D12RHI
LogDLSSNGXVulkanRHIPreInit: VulkanRHI is not the active DynamicRHI; skipping of pregistering the required NGX DLSS Vulkan device and instance extensions via the VulkanRHIBridge
LogDLSSNGXVulkanRHIPreInit: FNGXVulkanRHIPreInitModule::StartupModule Leave
LogStreamlineShaders: Loaded Streamline plugin version 4.0.2-SL2.7.30
LogWindows: Failed to load 'amfrt64.dll' (GetLastError=126)
LogWindows: File 'amfrt64.dll' does not exist
LogWindows: Failed to load 'nvEncodeAPI64.dll' (GetLastError=126)
LogWindows: File 'nvEncodeAPI64.dll' does not exist
LogEOSSDK: Initializing EOSSDK Version:1.17.0-39599718
LogOnlineServices: Warning: [LoadEOSPlatformConfig] Using legacy config from OnlineServices.EOS, use EOSShared named config instead.
LogEOSSDK: LogEOS: [Boot] EOSSDK Version 1.17.0-39599718 booting at 2026-09-01T02:53:02.390Z using C
LogEOSSDK: LogEOS: [Boot] EOSSDK Platform Properties [OS=Wine/11.0, ClientId=REDACTED, ProductId=REDACTED, SandboxId=REDACTED, DeploymentId=REDACTED, ProductName=PortalWars2, ProductVersion=PortalWars2-CL-600100, IsServer=false, Flags=EnableD3D9Overlay+EnableD3D10Overlay+EnableOpenGLOverlay]
LogEOSSDK: LogEOSAnalytics: Start Session (User: ...)
LogEOSSDK: Warning: LogEOSOverlay: OverlayPath registry key not found
LogEOSSDK: LogEOSOverlay: Overlay will not load, because the binary's path is not configured
LogEOSSDK: Warning: LogEOSOverlay: Failed to initialize overlay module: PATH_NOT_CONFIGURED
LogEOSSDK: Warning: LogEOSAuth: FAccountPortalBrowserManager::Init: Failed to register overlay: EOS_NotConfigured
LogEOSSDK: Warning: LogEOSUI: Hot key event ignored because there are no known users.
LogEOSSDK: LogEOSAntiCheat: [AntiCheatClient] Anti-cheat client not available. Verify that the game was started using the anti-cheat bootstrapper if you intend to use it.
LogEOSSDK: LogEOSRTC: LibRTCCore: Initializing LibRTC...
LogEOSSDK: LogEOS: SetApplicationStatus - OldStatus: EOS_AS_Foreground, NewStatus: EOS_AS_Foreground, Current Time: 0001.01.01-00.00.00
LogEOSSDK: LogEOS: SetNetworkStatus - OldStatus: EOS_NS_Online, NewStatus: EOS_NS_Online
LogEOSSDK: LogEOS: Updating Platform SDK Config, Time: 0.001957
LogInit: Using libcurl 8.4.0
LogInit:  - built for Windows
LogInit:  - supports SSL with OpenSSL/1.1.1t
LogInit:  - supports HTTP deflate (compression) using libz 1.3
LogInit:  - other features:
LogInit:      CURL_VERSION_SSL
LogInit:      CURL_VERSION_LIBZ
LogInit:      CURL_VERSION_IPV6
LogInit:      CURL_VERSION_ASYNCHDNS
LogInit:      CURL_VERSION_LARGEFILE
LogInit:      CURL_VERSION_HTTP2
LogInit:  CurlRequestOptions (configurable via config and command line):
LogInit:  - bVerifyPeer = true  - Libcurl will verify peer certificate
LogInit:  - bUseHttpProxy = false  - Libcurl will NOT use HTTP proxy
LogInit:  - bDontReuseConnections = true  - Libcurl will NOT reuse connections
LogInit:  - MaxHostConnections = 16  - Libcurl will limit the number of connections to a host
LogInit:  - LocalHostAddr = Default
LogInit:  - BufferSize = 65536
LogInit: CreateHttpThread using FCurlMultiPollEventLoopHttpThread
LogInit: Creating http thread with maximum 2147483647 concurrent requests
LogInit: WinSock: version 1.1 (2.2), MaxSocks=32767, MaxUdp=65467
LogOnline: OSS: Created online subsystem instance for: NULL
LogOnline: OSS: TryLoadSubsystemAndSetDefault: Loaded subsystem for type [NULL]
LogInit: ExecutableName: PortalWars2Client-Win64-Shipping.exe
LogInit: Build: PortalWars2-CL-600100
LogInit: Platform=WindowsClient
LogInit: MachineId=91a7059f47289311e99f21be5091a4dc
LogInit: DeviceId=
LogInit: Engine Version: 5.5.4-600100+++PortalWars2+Release-3.1
LogInit: Compatible Engine Version: 5.5.4-591413+++PortalWars2+Release-3.1
LogInit: Net CL: 591413
LogInit: OS: Windows 10 (21H1) [10.0.19045.588] (), CPU: 12th Gen Intel(R) Core(TM) i5-12450H, GPU: NVIDIA GeForce RTX 3050 Laptop GPU
LogInit: Compiled (64-bit): Apr  6 2026 21:37:29
LogInit: Architecture: x64
LogInit: Compiled with Visual C++: 19.38.33145.00
LogInit: Build Configuration: Shipping
LogInit: Branch Name: ++PortalWars2+Release-3.1
LogInit: Command Line: 
LogInit: Base Directory: S:/steamapps/common/Splitgate 2/PortalWars2/Binaries/Win64/
LogInit: Allocator: Binned2
LogInit: Installed Engine Build: 1
LogInit: This binary is optimized with LTO: yes, PGO: no, instrumented for PGO data collection: no
LogInit: UTC Start time: 2026-09-01T02:53:00.792Z
LogInit: Game Version: 0.3.1.0 (9)
LogConfig: Branch 'Lightmass' had been unloaded. Reloading on-demand took 0.16ms
LogConfig: Branch 'EditorTools1047' had been unloaded. Reloading on-demand took 0.03ms
LogConfig: Branch 'MerlinAntiCheat' had been unloaded. Reloading on-demand took 0.03ms
LogConfig: Branch 'CoreOnline1047' had been unloaded. Reloading on-demand took 0.03ms
LogConfig: Branch 'MaverickSdk' had been unloaded. Reloading on-demand took 0.03ms
LogConfig: Branch 'OnlineFramework1047' had been unloaded. Reloading on-demand took 0.03ms
LogConfig: Branch 'OnlineNetworkUtils1047' had been unloaded. Reloading on-demand took 0.03ms
LogConfig: Branch 'OnlineServices1047' had been unloaded. Reloading on-demand took 0.03ms
LogConfig: Branch 'StageNexus1047' had been unloaded. Reloading on-demand took 0.02ms
LogConfig: Branch 'AutoNavLinkGenerator' had been unloaded. Reloading on-demand took 0.02ms
LogConfig: Branch 'CommonLoadingScreen' had been unloaded. Reloading on-demand took 0.03ms
LogConfig: Branch 'AvirImageResizing' had been unloaded. Reloading on-demand took 0.03ms
LogConfig: Branch 'ContentAudit' had been unloaded. Reloading on-demand took 0.03ms
LogConfig: Branch 'GameplayMessageRouter' had been unloaded. Reloading on-demand took 0.03ms
LogConfig: Branch 'GameplayTagDataTable' had been unloaded. Reloading on-demand took 0.02ms
LogConfig: Branch 'PortalWarsLegacy' had been unloaded. Reloading on-demand took 0.03ms
LogConfig: Branch 'InGameCollisionDebugger' had been unloaded. Reloading on-demand took 0.03ms
LogConfig: Branch 'NavLinkHelper' had been unloaded. Reloading on-demand took 0.02ms
LogConfig: Branch 'AISupport' had been unloaded. Reloading on-demand took 0.02ms
LogConfig: Branch 'EnvironmentQueryEditor' had been unloaded. Reloading on-demand took 0.03ms
LogConfig: Branch 'HTN' had been unloaded. Reloading on-demand took 0.02ms
LogConfig: Branch 'ACLPlugin' had been unloaded. Reloading on-demand took 0.03ms
LogConfig: Branch 'AnimationData' had been unloaded. Reloading on-demand took 0.03ms
LogConfig: Branch 'AnimationLocomotionLibrary' had been unloaded. Reloading on-demand took 0.03ms
LogConfig: Branch 'AnimationModifierLibrary' had been unloaded. Reloading on-demand took 0.03ms
LogConfig: Branch 'AnimationWarping' had been unloaded. Reloading on-demand took 0.02ms
LogConfig: Branch 'ControlRigModules' had been unloaded. Reloading on-demand took 0.03ms
LogConfig: Branch 'ControlRigSpline' had been unloaded. Reloading on-demand took 0.02ms
LogConfig: Branch 'GameplayInsights' had been unloaded. Reloading on-demand took 0.03ms
LogConfig: Branch 'RigLogic' had been unloaded. Reloading on-demand took 0.03ms
LogConfig: Branch 'VertexAnimationManager' had been unloaded. Reloading on-demand took 0.03ms
LogConfig: Branch 'AudioGameplay' had been unloaded. Reloading on-demand took 0.02ms
LogConfig: Branch 'ToxMod' had been unloaded. Reloading on-demand took 0.02ms
LogConfig: Branch 'WwiseNiagara' had been unloaded. Reloading on-demand took 0.02ms
LogConfig: Branch 'Bridge' had been unloaded. Reloading on-demand took 0.02ms
LogConfig: Branch 'CameraShakePreviewer' had been unloaded. Reloading on-demand took 0.03ms
LogConfig: Branch 'EngineCameras' had been unloaded. Reloading on-demand took 0.03ms
LogConfig: Branch 'ChaosClothAsset' had been unloaded. Reloading on-demand took 0.02ms
LogConfig: Branch 'ChaosCloth' had been unloaded. Reloading on-demand took 0.03ms
LogConfig: Branch 'Chooser' had been unloaded. Reloading on-demand took 0.02ms
LogConfig: Branch 'OodleNetwork' had been unloaded. Reloading on-demand took 0.03ms
LogConfig: Branch 'Sentry' had been unloaded. Reloading on-demand took 0.02ms
LogConfig: Branch 'AnimationSharing' had been unloaded. Reloading on-demand took 0.03ms
LogConfig: Branch 'ConcertMain' had been unloaded. Reloading on-demand took 0.02ms
LogConfig: Branch 'ConcertSyncClient' had been unloaded. Reloading on-demand took 0.03ms
LogConfig: Branch 'ConcertSharedSlate' had been unloaded. Reloading on-demand took 0.03ms
LogConfig: Branch 'Gridly' had been unloaded. Reloading on-demand took 0.02ms
LogConfig: Branch 'PluginUtils' had been unloaded. Reloading on-demand took 0.02ms
LogConfig: Branch 'RenderDocPlugin' had been unloaded. Reloading on-demand took 0.02ms
LogConfig: Branch 'AssetManagerEditor' had been unloaded. Reloading on-demand took 0.03ms
LogConfig: Branch 'AssetReferenceRestrictions' had been unloaded. Reloading on-demand took 0.03ms
LogConfig: Branch 'AssetSearch' had been unloaded. Reloading on-demand took 0.02ms
LogConfig: Branch 'BlueprintHeaderView' had been unloaded. Reloading on-demand took 0.03ms
LogConfig: Branch 'BlueprintMaterialTextureNodes' had been unloaded. Reloading on-demand took 0.03ms
LogConfig: Branch 'ColorGrading' had been unloaded. Reloading on-demand took 0.02ms
LogConfig: Branch 'ContentBrowserAssetDataSource' had been unloaded. Reloading on-demand took 0.03ms
LogConfig: Branch 'CryptoKeys' had been unloaded. Reloading on-demand took 0.02ms
LogConfig: Branch 'DataValidation' had been unloaded. Reloading on-demand took 0.02ms
LogConfig: Branch 'ElectronicNodes' had been unloaded. Reloading on-demand took 0.03ms
LogConfig: Branch 'EngineAssetDefinitions' had been unloaded. Reloading on-demand took 0.03ms
LogConfig: Branch 'GameplayTagsEditor' had been unloaded. Reloading on-demand took 0.03ms
LogConfig: Branch 'GeometryMode' had been unloaded. Reloading on-demand took 0.02ms
LogConfig: Branch 'ModelingToolsEditorMode' had been unloaded. Reloading on-demand took 0.03ms
LogConfig: Branch 'LightMixer' had been unloaded. Reloading on-demand took 0.02ms
LogConfig: Branch 'ObjectMixer' had been unloaded. Reloading on-demand took 0.02ms
LogConfig: Branch 'PluginBrowser' had been unloaded. Reloading on-demand took 0.02ms
LogConfig: Branch 'ProxyLODPlugin' had been unloaded. Reloading on-demand took 0.02ms
LogConfig: Branch 'ScriptableToolsEditorMode' had been unloaded. Reloading on-demand took 0.03ms
LogConfig: Branch 'SequencerAnimTools' had been unloaded. Reloading on-demand took 0.03ms
LogConfig: Branch 'SpeedTreeImporter' had been unloaded. Reloading on-demand took 0.02ms
LogConfig: Branch 'UMGWidgetPreview' had been unloaded. Reloading on-demand took 0.03ms
LogConfig: Branch 'UVEditor' had been unloaded. Reloading on-demand took 0.02ms
LogConfig: Branch 'VariantManager' had been unloaded. Reloading on-demand took 0.03ms
LogConfig: Branch 'AbilitySystemGameFeatureActions' had been unloaded. Reloading on-demand took 0.03ms
LogConfig: Branch 'SkeletalMeshModelingTools' had been unloaded. Reloading on-demand took 0.03ms
LogConfig: Branch 'AutomationUtils' had been unloaded. Reloading on-demand took 0.03ms
LogConfig: Branch 'BackChannel' had been unloaded. Reloading on-demand took 0.03ms
LogConfig: Branch 'ChaosCaching' had been unloaded. Reloading on-demand took 0.02ms
LogConfig: Branch 'ChaosEditor' had been unloaded. Reloading on-demand took 0.02ms
LogConfig: Branch 'ChaosNiagara' had been unloaded. Reloading on-demand took 0.02ms
LogConfig: Branch 'ChaosSolverPlugin' had been unloaded. Reloading on-demand took 0.03ms
LogConfig: Branch 'ChaosUserDataPT' had been unloaded. Reloading on-demand took 0.03ms
LogConfig: Branch 'CharacterAI' had been unloaded. Reloading on-demand took 0.02ms
LogConfig: Branch 'Dataflow' had been unloaded. Reloading on-demand took 0.03ms
LogConfig: Branch 'EditorDataStorage' had been unloaded. Reloading on-demand took 0.02ms
LogConfig: Branch 'FastGeoStreaming5.5' had been unloaded. Reloading on-demand took 0.03ms
LogConfig: Branch 'FieldSystemPlugin' had been unloaded. Reloading on-demand took 0.03ms
LogConfig: Branch 'Fracture' had been unloaded. Reloading on-demand took 0.03ms
LogConfig: Branch 'TargetingSystem' had been unloaded. Reloading on-demand took 0.03ms
LogConfig: Branch 'Gauntlet' had been unloaded. Reloading on-demand took 0.02ms
LogConfig: Branch 'GeometryCacheAbcFile' had been unloaded. Reloading on-demand took 0.02ms
LogConfig: Branch 'GeometryCollectionPlugin' had been unloaded. Reloading on-demand took 0.03ms
LogConfig: Branch 'ImpostorBaker' had been unloaded. Reloading on-demand took 0.02ms
LogConfig: Branch 'Iris' had been unloaded. Reloading on-demand took 0.02ms
LogConfig: Branch 'JWT' had been unloaded. Reloading on-demand took 0.02ms
LogConfig: Branch 'Landmass' had been unloaded. Reloading on-demand took 0.02ms
LogConfig: Branch 'LandscapePatch' had been unloaded. Reloading on-demand took 0.04ms
LogConfig: Branch 'LocalizableMessage' had been unloaded. Reloading on-demand took 0.02ms
LogConfig: Branch 'MeshModelingToolsetExp' had been unloaded. Reloading on-demand took 0.03ms
LogConfig: Branch 'ModularGameplayActors' had been unloaded. Reloading on-demand took 0.03ms
LogConfig: Branch 'NFORDenoise' had been unloaded. Reloading on-demand took 0.02ms
LogConfig: Branch 'PlanarCut' had been unloaded. Reloading on-demand took 0.02ms
LogConfig: Branch 'PlatformCrypto' had been unloaded. Reloading on-demand took 0.03ms
LogConfig: Branch 'PluginAudit' had been unloaded. Reloading on-demand took 0.03ms
LogConfig: Branch 'PluginReferenceViewer' had been unloaded. Reloading on-demand took 0.02ms
LogConfig: Branch 'PythonScriptPlugin' had been unloaded. Reloading on-demand took 0.03ms
LogConfig: Branch 'StudioTelemetry' had been unloaded. Reloading on-demand took 0.03ms
LogConfig: Branch 'TextToSpeech' had been unloaded. Reloading on-demand took 0.02ms
LogConfig: Branch 'Volumetrics' had been unloaded. Reloading on-demand took 0.02ms
LogConfig: Branch 'Water' had been unloaded. Reloading on-demand took 0.02ms
LogConfig: Branch 'CascadeToNiagaraConverter' had been unloaded. Reloading on-demand took 0.03ms
LogCoreRedirects: AddRedirect(C:/USERS/REDACTED/AppData/Local/PortalWars2/Saved/Config/WindowsClient/NiagaraFluids.ini) has wildcard redirect /NiagaraSimulationStages/, these are very slow and should be resolved as soon as possible! Please refer to the documentation in Engine/Config/BaseEngine.ini.
LogConfig: Branch 'NiagaraSimCaching' had been unloaded. Reloading on-demand took 0.03ms
LogConfig: Branch 'NiagaraUIRenderer' had been unloaded. Reloading on-demand took 0.02ms
LogConfig: Branch 'SideFX_Labs' had been unloaded. Reloading on-demand took 0.03ms
LogConfig: Branch 'AlembicImporter' had been unloaded. Reloading on-demand took 0.03ms
LogConfig: Branch 'InterchangeEditor' had been unloaded. Reloading on-demand took 0.03ms
LogConfig: Branch 'BlockoutToolsPlugin' had been unloaded. Reloading on-demand took 0.03ms
LogConfig: Branch 'FSR3' had been unloaded. Reloading on-demand took 0.02ms
LogConfig: Branch 'DLSS' had been unloaded. Reloading on-demand took 0.03ms
LogConfig: Branch 'NIS' had been unloaded. Reloading on-demand took 0.02ms
LogConfig: Branch 'GeometricTools' had been unloaded. Reloading on-demand took 0.03ms
LogConfig: Branch 'BinkMedia' had been unloaded. Reloading on-demand took 0.02ms
LogConfig: Branch 'HardwareEncoders' had been unloaded. Reloading on-demand took 0.03ms
LogConfig: Branch 'ImgMedia' had been unloaded. Reloading on-demand took 0.02ms
LogConfig: Branch 'MediaCompositing' had been unloaded. Reloading on-demand took 0.03ms
LogConfig: Branch 'MediaPlate' had been unloaded. Reloading on-demand took 0.02ms
LogConfig: Branch 'MeshPainting' had been unloaded. Reloading on-demand took 0.02ms
LogConfig: Branch 'TcpMessaging' had been unloaded. Reloading on-demand took 0.02ms
LogConfig: Branch 'UdpMessaging' had been unloaded. Reloading on-demand took 0.02ms
LogConfig: Branch 'ActorSequence' had been unloaded. Reloading on-demand took 0.03ms
LogConfig: Branch 'CustomizableSequencerTracks' had been unloaded. Reloading on-demand took 0.03ms
LogConfig: Branch 'LevelSequenceEditor' had been unloaded. Reloading on-demand took 0.03ms
LogConfig: Branch 'MoviePipelineMaskRenderPass' had been unloaded. Reloading on-demand took 0.03ms
LogConfig: Branch 'SequencerScripting' had been unloaded. Reloading on-demand took 0.03ms
LogConfig: Branch 'TemplateSequence' had been unloaded. Reloading on-demand took 0.03ms
LogConfig: Branch 'EOSShared' had been unloaded. Reloading on-demand took 0.02ms
LogConfig: Branch 'OnlineBase' had been unloaded. Reloading on-demand took 0.02ms
LogConfig: Branch 'OnlineServicesEOSGS' had been unloaded. Reloading on-demand took 0.03ms
LogConfig: Branch 'OnlineServicesEOS' had been unloaded. Reloading on-demand took 0.03ms
LogConfig: Branch 'OnlineServicesOSSAdapter' had been unloaded. Reloading on-demand took 0.03ms
LogConfig: Branch 'OnlineServices' had been unloaded. Reloading on-demand took 0.02ms
LogConfig: Branch 'OnlineSubsystemNull' had been unloaded. Reloading on-demand took 0.03ms
LogConfig: Branch 'OnlineSubsystemSteam' had been unloaded. Reloading on-demand took 0.03ms
LogConfig: Branch 'OnlineSubsystemUtils' had been unloaded. Reloading on-demand took 0.03ms
LogConfig: Branch 'OnlineSubsystem' had been unloaded. Reloading on-demand took 0.03ms
LogConfig: Branch 'SocketSubsystemEOS' had been unloaded. Reloading on-demand took 0.03ms
LogConfig: Branch 'LauncherChunkInstaller' had been unloaded. Reloading on-demand took 0.03ms
LogConfig: Branch 'ActorLayerUtilities' had been unloaded. Reloading on-demand took 0.03ms
LogConfig: Branch 'AnimationBudgetAllocator' had been unloaded. Reloading on-demand took 0.03ms
LogConfig: Branch 'AssetTags' had been unloaded. Reloading on-demand took 0.02ms
LogConfig: Branch 'AudioCapture' had been unloaded. Reloading on-demand took 0.02ms
LogConfig: Branch 'AudioSynesthesia' had been unloaded. Reloading on-demand took 0.02ms
LogConfig: Branch 'AudioWidgets' had been unloaded. Reloading on-demand took 0.02ms
LogConfig: Branch 'CableComponent' had been unloaded. Reloading on-demand took 0.03ms
LogConfig: Branch 'ChunkDownloader' had been unloaded. Reloading on-demand took 0.03ms
LogConfig: Branch 'ComputeFramework' had been unloaded. Reloading on-demand took 0.02ms
LogConfig: Branch 'CustomMeshComponent' had been unloaded. Reloading on-demand took 0.03ms
LogConfig: Branch 'DataRegistry' had been unloaded. Reloading on-demand took 0.02ms
LogConfig: Branch 'SQLiteCore' had been unloaded. Reloading on-demand took 0.03ms
LogConfig: Branch 'ExampleDeviceProfileSelector' had been unloaded. Reloading on-demand took 0.03ms
LogConfig: Branch 'GameFeatures' had been unloaded. Reloading on-demand took 0.02ms
LogConfig: Branch 'GeometryCache' had been unloaded. Reloading on-demand took 0.02ms
LogConfig: Branch 'GeometryProcessing' had been unloaded. Reloading on-demand took 0.03ms
LogConfig: Branch 'GeometryScripting' had been unloaded. Reloading on-demand took 0.03ms
LogConfig: Branch 'MeshModelingToolset' had been unloaded. Reloading on-demand took 0.03ms
LogConfig: Branch 'ModularGameplay' had been unloaded. Reloading on-demand took 0.03ms
LogConfig: Branch 'Reflex' had been unloaded. Reloading on-demand took 0.03ms
LogConfig: Branch 'DTLSHandlerComponent' had been unloaded. Reloading on-demand took 0.03ms
LogConfig: Branch 'ProceduralMeshComponent' had been unloaded. Reloading on-demand took 0.03ms
LogConfig: Branch 'PropertyAccessEditor' had been unloaded. Reloading on-demand took 0.03ms
LogConfig: Branch 'ScriptableToolsFramework' had been unloaded. Reloading on-demand took 0.03ms
LogConfig: Branch 'SignificanceManager' had been unloaded. Reloading on-demand took 0.03ms
LogConfig: Branch 'SteamShared' had been unloaded. Reloading on-demand took 0.03ms
LogConfig: Branch 'SunPosition' had been unloaded. Reloading on-demand took 0.02ms
LogConfig: Branch 'WaveTable' had been unloaded. Reloading on-demand took 0.02ms
LogConfig: Branch 'WindowsDeviceProfileSelector' had been unloaded. Reloading on-demand took 0.03ms
LogConfig: Branch 'WindowsMoviePlayer' had been unloaded. Reloading on-demand took 0.02ms
LogConfig: Branch 'XInputDevice' had been unloaded. Reloading on-demand took 0.02ms
LogConfig: Branch 'SlateInsights' had been unloaded. Reloading on-demand took 0.02ms
LogConfig: Branch 'FunctionalTestingEditor' had been unloaded. Reloading on-demand took 0.03ms
LogConfig: Branch 'InterchangeTests' had been unloaded. Reloading on-demand took 0.03ms
LogConfig: Branch 'ImGui' had been unloaded. Reloading on-demand took 0.02ms
LogConfig: Branch 'UbaController' had been unloaded. Reloading on-demand took 0.02ms
LogConfig: Branch 'WorldMetrics' had been unloaded. Reloading on-demand took 0.02ms
LogInit: Presizing for max 2097152 objects, including 1 objects not considered by GC.
LogStreaming: Display: AsyncLoading2 - Created: Event Driven Loader: false, Async Loading Thread: true, Async Post Load: true
LogStreaming: Display: AsyncLoading2 - Initialized
LogInit: Object subsystem initialized
LogConfig: Set CVar [[Slate.EnableGlobalInvalidation:1]]
[2026.09.01-02.53.02:577][  0]LogConfig: Set CVar [[Slate.AllowTooltipsWithHiddenCursor:1]]
[2026.09.01-02.53.02:577][  0]LogConfig: Set CVar [[a.Budget.BudgetMs:0.5]]
[2026.09.01-02.53.02:577][  0]LogConfig: Set CVar [[UMG.FlushAnimationsAtEndOfFrame:1]]
[2026.09.01-02.53.02:577][  0]LogConfig: Set CVar [[net.SubObjects.DefaultUseSubObjectReplicationList:1]]
[2026.09.01-02.53.02:577][  0]LogConfig: Set CVar [[net.Iris.PushModelMode:1]]
[2026.09.01-02.53.02:577][  0]LogConfig: Set CVar [[net.IsPushModelEnabled:1]]
[2026.09.01-02.53.02:577][  0]LogConfig: Set CVar [[net.Iris.UseIrisReplication:1]]
[2026.09.01-02.53.02:577][  0]LogConfig: Set CVar [[1047.net.IrisDelay:1]]
[2026.09.01-02.53.02:577][  0]LogConfig: Set CVar [[1047.net.IrisDelay.MaxTimeProcessingBatches:0.004]]
[2026.09.01-02.53.02:577][  0]LogConfig: Set CVar [[1047.net.IrisDelay.MaxInitialReadTime:0.002]]
[2026.09.01-02.53.02:577][  0]LogConfig: Set CVar [[1047.net.IrisDelay.MaxPendingQueueSizeForTimeSlice:96]]
[2026.09.01-02.53.02:577][  0]LogConfig: Set CVar [[r.AllowStaticLightingInWorldPartitionMaps:1]]
[2026.09.01-02.53.02:577][  0]LogConfig: Set CVar [[1047.cosmetics.1p.BoundsScale:2.0]]
[2026.09.01-02.53.02:578][  0]LogConfig: Set CVar [[1047.streaming.CosmeticsPreviewBoost:3.0]]
[2026.09.01-02.53.02:578][  0]LogConfig: Set CVar [[1047.streaming.CosmeticsPreviewForceLOD:1]]
[2026.09.01-02.53.02:578][  0]LogConfig: Set CVar [[1047.teams.UseStaticTeamColorsAsSpectator:1]]
[2026.09.01-02.53.02:578][  0]LogConfig: Set CVar [[1047.player.OverrideMaxViewDistance:5000000]]
[2026.09.01-02.53.02:578][  0]LogConfig: Set CVar [[1047.RTC.Enable:1]]
[2026.09.01-02.53.02:578][  0]LogConfig: Set CVar [[1047.engine.StreamingPauseRendering:0]]
[2026.09.01-02.53.02:578][  0]LogConfig: Set CVar [[r.setres:1280x720]]
[2026.09.01-02.53.02:578][  0]LogConfig: Set CVar [[fx.NiagaraAllowRuntimeScalabilityChanges:1]]
[2026.09.01-02.53.02:578][  0]LogConfig: Set CVar [[r.Nanite.Streaming.ReservedResources:1]]
[2026.09.01-02.53.02:578][  0]LogConfig: Set CVar [[r.Nanite.Streaming.AsyncCompute:0	; Temporary workaround for Nanite geometry corruption (FORT-805141)]]
[2026.09.01-02.53.02:578][  0]LogConfig: Set CVar [[D3D12.Bindless.ResourceDescriptorHeapSize:32768]]
[2026.09.01-02.53.02:578][  0]LogConfig: Set CVar [[D3D12.Bindless.SamplerDescriptorHeapSize:2048]]
[2026.09.01-02.53.02:578][  0]LogConfig: Set CVar [[r.PSOPrecache.GlobalShaders:1]]
[2026.09.01-02.53.02:578][  0]LogConfig: Set CVar [[r.DynamicRes.DynamicFrameTime:1]]
[2026.09.01-02.53.02:578][  0]LogConfig: Set CVar [[r.VRS.EnableSoftware:1]]
[2026.09.01-02.53.02:578][  0]LogConfig: Set CVar [[r.VRS.ContrastAdaptiveShading:1]]
[2026.09.01-02.53.02:578][  0]LogConfig: Applying CVar settings from Section [/Script/Engine.RendererSettings] File [Engine]
[2026.09.01-02.53.02:578][  0]LogConfig: Set CVar [[r.GPUCrashDebugging:0]]
[2026.09.01-02.53.02:578][  0]LogConfig: Set CVar [[r.AllowGlobalClipPlane:1]]
[2026.09.01-02.53.02:578][  0]LogConfig: Set CVar [[r.CustomDepth:3]]
[2026.09.01-02.53.02:578][  0]LogConfig: Set CVar [[r.ForwardShading:0]]
[2026.09.01-02.53.02:578][  0]LogConfig: Set CVar [[r.DefaultFeature.AmbientOcclusion:1]]
[2026.09.01-02.53.02:578][  0]LogConfig: Set CVar [[r.EarlyZPass:2]]
[2026.09.01-02.53.02:578][  0]LogConfig: Set CVar [[r.ReflectionCaptureResolution:128]]
[2026.09.01-02.53.02:578][  0]LogConfig: Set CVar [[r.ReflectionEnvironment.UseEncodedHDR:1]]
[2026.09.01-02.53.02:578][  0]LogConfig: Set CVar [[r.SeparateTranslucency:0]]
[2026.09.01-02.53.02:578][  0]LogConfig: Set CVar [[r.SelectiveBasePassOutputs:1]]
[2026.09.01-02.53.02:578][  0]LogConfig: Set CVar [[r.EnableDebugSpam_GetObjectPositionAndScale:0]]
[2026.09.01-02.53.02:578][  0]LogConfig: Set CVar [[r.PostProcessing.PropagateAlpha:0]]
[2026.09.01-02.53.02:578][  0]LogConfig: Set CVar [[r.PostProcessing.QuarterResolutionDownsample:1]]
[2026.09.01-02.53.02:578][  0]LogConfig: Set CVar [[r.SkyAtmosphere.SampleLightShadowmap:0]]
[2026.09.01-02.53.02:578][  0]LogConfig: Set CVar [[r.EarlyZPassOnlyMaterialMasking:1]]
[2026.09.01-02.53.02:578][  0]LogConfig: Set CVar [[r.ClearStencilForLighting:0]]
[2026.09.01-02.53.02:578][  0]LogConfig: Set CVar [[r.DefaultFeature.AutoExposure.Bias:1.000000]]
[2026.09.01-02.53.02:578][  0]LogConfig: Set CVar [[r.Shadow.WholeSceneShadowCacheMb:200]]
[2026.09.01-02.53.02:578][  0]LogConfig: Set CVar [[r.Shadow.LODDistanceFactor:2]]
[2026.09.01-02.53.02:578][  0]LogConfig: Set CVar [[r.SupportSkyAtmosphereAffectsHeightFog:1]]
[2026.09.01-02.53.02:578][  0]LogConfig: Set CVar [[r.SupportStationarySkylight:0]]
[2026.09.01-02.53.02:578][  0]LogConfig: Set CVar [[r.SupportSkyAtmosphere:1]]
[2026.09.01-02.53.02:578][  0]LogConfig: Set CVar [[r.SupportPointLightWholeSceneShadows:1]]
[2026.09.01-02.53.02:578][  0]LogConfig: Set CVar [[r.SupportLowQualityLightmaps:0]]
[2026.09.01-02.53.02:578][  0]LogConfig: Set CVar [[r.Mobile.EnableStaticAndCSMShadowReceivers:0]]
[2026.09.01-02.53.02:578][  0]LogConfig: Set CVar [[r.Mobile.AllowDistanceFieldShadows:0]]
[2026.09.01-02.53.02:578][  0]LogConfig: Set CVar [[r.DiscardUnusedQuality:0]]
[2026.09.01-02.53.02:578][  0]LogConfig: Set CVar [[r.DefaultFeature.LightUnits:2]]
[2026.09.01-02.53.02:578][  0]LogConfig: Set CVar [[r.ReflectionMethod:3]]
[2026.09.01-02.53.02:578][  0]LogConfig: Set CVar [[r.Composite.TemporalUpsampleDepth:1]]
[2026.09.01-02.53.02:578][  0]LogConfig: Set CVar [[r.GenerateMeshDistanceFields:0]]
[2026.09.01-02.53.02:578][  0]LogConfig: Set CVar [[r.DistanceFields.MaxPerMeshResolution:128]]
[2026.09.01-02.53.02:578][  0]LogConfig: Set CVar [[r.DistanceFields.DefaultVoxelDensity:.1]]
[2026.09.01-02.53.02:578][  0]LogConfig: Set CVar [[r.DistanceFields.ParallelUpdate:1]]
[2026.09.01-02.53.02:578][  0]LogConfig: Set CVar [[r.DistanceFields.BrickAtlasSizeXYInBricks:64]]
[2026.09.01-02.53.02:578][  0]LogConfig: Set CVar [[r.DynamicGlobalIlluminationMethod:4]]
[2026.09.01-02.53.02:578][  0]LogConfig: Set CVar [[r.AllowStaticLighting:1]]
[2026.09.01-02.53.02:578][  0]LogConfig: Set CVar [[r.DefaultFeature.LensFlare:0]]
[2026.09.01-02.53.02:578][  0]LogConfig: Set CVar [[r.SkinCache.CompileShaders:0]]
[2026.09.01-02.53.02:578][  0]LogConfig: Set CVar [[r.HairStrands.Enable:0]]
[2026.09.01-02.53.02:578][  0]LogConfig: Set CVar [[r.RayTracing:0]]
[2026.09.01-02.53.02:578][  0]LogConfig: Set CVar [[r.Lumen.HardwareRayTracing:0]]
[2026.09.01-02.53.02:578][  0]LogConfig: Set CVar [[r.ClearCoatNormal:0]]
[2026.09.01-02.53.02:578][  0]LogConfig: Set CVar [[r.IrisNormal:0]]
[2026.09.01-02.53.02:578][  0]LogConfig: Set CVar [[vr.InstancedStereo:0]]
[2026.09.01-02.53.02:578][  0]LogConfig: Set CVar [[r.VirtualTextures:1]]
[2026.09.01-02.53.02:578][  0]LogConfig: Set CVar [[r.LensFlareMethod:1]]
[2026.09.01-02.53.02:578][  0]LogConfig: Set CVar [[r.VRS.Enable:1]]
[2026.09.01-02.53.02:578][  0]LogConfig: Set CVar [[r.VRS.SSAO:1]]
[2026.09.01-02.53.02:578][  0]LogConfig: Set CVar [[r.VRS.MinimumTextureQuality:2]]
[2026.09.01-02.53.02:578][  0]LogConfig: Set CVar [[r.VRS.ReflectionEnvironmentSky:0]]
[2026.09.01-02.53.02:578][  0]LogConfig: Set CVar [[r.Nanite.SoftwareVRS:0]]
[2026.09.01-02.53.02:578][  0]LogConfig: Set CVar [[r.CapsuleShadows.Downscale:2]]
[2026.09.01-02.53.02:578][  0]LogConfig: Set CVar [[r.SubsurfaceScattering:0]]
[2026.09.01-02.53.02:578][  0]LogConfig: Set CVar [[r.VolumetricFog.LimitRes:1920]]
[2026.09.01-02.53.02:578][  0]LogConfig: Set CVar [[r.AmbientOcclusion.Compute:1]]
[2026.09.01-02.53.02:578][  0]LogConfig: Set CVar [[r.Nanite:0]]
[2026.09.01-02.53.02:578][  0]LogConfig: Set CVar [[r.Nanite.ProjectEnabled:0]]
[2026.09.01-02.53.02:578][  0]LogConfig: Set CVar [[r.Lumen.Supported:False ; Toggle it on for ProtoLumen in future]]
[2026.09.01-02.53.02:578][  0]LogConfig: Set CVar [[r.Lumen.TranslucencyReflections.FrontLayer.EnableForProject:1]]
[2026.09.01-02.53.02:578][  0]LogConfig: Set CVar [[r.Lumen.ScreenProbeGather.MaxRayIntensity:2]]
[2026.09.01-02.53.02:578][  0]LogConfig: Set CVar [[r.Lumen.ScreenProbeGather.Temporal.MaxFramesAccumulated:32]]
[2026.09.01-02.53.02:578][  0]LogConfig: Set CVar [[r.Lumen.ScreenProbeGather.TemporalFilterProbes:1]]
[2026.09.01-02.53.02:578][  0]LogConfig: Set CVar [[r.Lumen.Reflections.MaxRayIntensity:4]]
[2026.09.01-02.53.02:578][  0]LogConfig: Set CVar [[r.Lumen.Reflections.SmoothBias:0.3]]
[2026.09.01-02.53.02:578][  0]LogConfig: Set CVar [[r.Lumen.SoftwareRayTracingSupported:0]]
[2026.09.01-02.53.02:578][  0]LogConfig: Set CVar [[r.GPUScene.ParallelUpdate:1]]
[2026.09.01-02.53.02:578][  0]LogConfig: Set CVar [[r.NumBufferedOcclusionQueries:2]]
[2026.09.01-02.53.02:578][  0]LogConfig: Set CVar [[r.ApproximateOcclusionQueries:1]]
[2026.09.01-02.53.02:578][  0]LogConfig: Set CVar [[r.RHICmd.ParallelTranslate.CombineSingleAndParallel:1]]
[2026.09.01-02.53.02:578][  0]LogConfig: Set CVar [[r.Translucency.ScreenPercentage.SceneCapture:0]]
[2026.09.01-02.53.02:578][  0]LogConfig: Set CVar [[r.Translucency.ScreenPercentage.Max:100]]
[2026.09.01-02.53.02:578][  0]LogConfig: Set CVar [[r.AntiAliasingMethod:2]]
[2026.09.01-02.53.02:578][  0]LogConfig: Set CVar [[r.PSOPrecache.CustomDepth:1]]
[2026.09.01-02.53.02:578][  0]LogConfig: Set CVar [[r.PSOPrecache.LightMapPolicyMode:2]]
[2026.09.01-02.53.02:578][  0]LogConfig: Set CVar [[r.PSOPrecache.PrecacheAlphaColorChannel:0]]
[2026.09.01-02.53.02:578][  0]LogConfig: Set CVar [[r.MeshCardRepresentation:0]]
[2026.09.01-02.53.02:578][  0]LogConfig: Set CVar [[r.RenderTargetPool.ReleaseDeferFrames:60]]
[2026.09.01-02.53.02:578][  0]LogConfig: Set CVar [[r.SceneCapture.RDG.TransientAllocator:1]]
[2026.09.01-02.53.02:578][  0]LogConfig: Set CVar [[r.VirtualTexturedLightmaps:1]]
[2026.09.01-02.53.02:578][  0]LogConfig: Set CVar [[r.Shadow.Virtual.Enable:0]]
[2026.09.01-02.53.02:578][  0]LogConfig: Set CVar [[r.CalcLocalPlayerCachedLODDistanceFactor:0]]
[2026.09.01-02.53.02:578][  0]LogConfig: Set CVar [[landscape.SupportGPUCulling:0]]
[2026.09.01-02.53.02:578][  0]LogConfig: Set CVar [[r.NormalMapsForStaticLighting:0]]
[2026.09.01-02.53.02:578][  0]LogConfig: Set CVar [[r.SupportDepthOnlyIndexBuffers:0]]
[2026.09.01-02.53.02:578][  0]LogConfig: Set CVar [[r.SupportReversedIndexBuffers:0]]
[2026.09.01-02.53.02:578][  0]LogConfig: Set CVar [[r.KeepOverrideVertexColorsOnCPU:0]]
[2026.09.01-02.53.02:578][  0]LogConfig: Set CVar [[r.FreeSkeletalMeshBuffers:1]]
[2026.09.01-02.53.02:578][  0]LogConfig: Set CVar [[r.LightFunctionAtlas.Size:5]]
[2026.09.01-02.53.02:578][  0]LogConfig: Set CVar [[r.VolumetricCloud:0]]
[2026.09.01-02.53.02:578][  0]LogConfig: Set CVar [[r.MeshStreaming:1]]
[2026.09.01-02.53.02:578][  0]LogConfig: Set CVar [[r.VT.Residency.ReleaseUnusedSpaces:1]]
[2026.09.01-02.53.02:578][  0]LogConfig: Set CVar [[r.VT.MaxTilesProducedPerFrame.SlowMode:1]]
[2026.09.01-02.53.02:578][  0]LogConfig: Set CVar [[r.VT.RVT.LandscapeWithQuad:1]]
[2026.09.01-02.53.02:578][  0]LogConfig: Set CVar [[r.VT.RVT.HighQualityPerPixelHeight:0]]
[2026.09.01-02.53.02:578][  0]LogConfig: Set CVar [[r.SceneDepthHZBAsyncCompute:1]]
[2026.09.01-02.53.02:578][  0]LogConfig: Set CVar [[r.SkyAtmosphereASyncCompute:2]]
[2026.09.01-02.53.02:578][  0]LogConfig: Set CVar [[r.Viewport.EnableSelectionOutlineColors:1]]
[2026.09.01-02.53.02:578][  0]LogConfig: Set CVar [[r.StencilForLODDither:1]]
[2026.09.01-02.53.02:578][  0]LogConfig: Set CVar [[r.VT.RVT.EnableBaseColor:0]]
[2026.09.01-02.53.02:578][  0]LogConfig: Set CVar [[r.VT.RVT.EnableBaseColorRoughness:0]]
[2026.09.01-02.53.02:578][  0]LogConfig: Set CVar [[r.VT.RVT.EnableBaseColorSpecular:0]]
[2026.09.01-02.53.02:578][  0]LogConfig: Set CVar [[r.VT.RVT.EnableMask4:0]]
[2026.09.01-02.53.02:578][  0]LogConfig: Set CVar [[r.VT.RVT.EnableWorldHeight:0]]
[2026.09.01-02.53.02:578][  0]LogConfig: Set CVar [[r.VT.RVT.EnableDisplacement:0]]
[2026.09.01-02.53.02:578][  0]LogConfig: Set CVar [[r.VT.RVT.EnableSubsurfaceColorMask4:0]]
[2026.09.01-02.53.02:578][  0]LogConfig: Set CVar [[r.VT.SyncProduceLockedTiles:0]]
[2026.09.01-02.53.02:578][  0]LogConfig: Set CVar [[r.VT.PageFreeThreshold:30]]
[2026.09.01-02.53.02:578][  0]LogConfig: Set CVar [[r.Water.SingleLayer.DistanceFieldShadow:0]]
[2026.09.01-02.53.02:578][  0]LogConfig: Set CVar [[r.Water.SingleLayer.ShadersSupportDistanceFieldShadow:0]]
[2026.09.01-02.53.02:578][  0]LogConfig: Set CVar [[r.Water.SingleLayer.VSMFiltering:0]]
[2026.09.01-02.53.02:578][  0]LogConfig: Set CVar [[r.Water.SingleLayer.ShadersSupportVSMFiltering:0]]
[2026.09.01-02.53.02:578][  0]LogConfig: Set CVar [[r.Water.SingleLayerWater.SupportCloudShadow:0]]
[2026.09.01-02.53.02:578][  0]LogConfig: Set CVar [[r.SkyAtmosphere.CacheLUTs:1]]
[2026.09.01-02.53.02:578][  0]LogConfig: Set CVar [[r.SkyAtmosphere.CacheLUTs.WorldUnitsMarginXY:100]]
[2026.09.01-02.53.02:578][  0]LogConfig: Set CVar [[r.SkyAtmosphere.CacheLUTs.WorldUnitsMarginZ:2000]]
[2026.09.01-02.53.02:578][  0]LogConfig: Set CVar [[r.DefaultFeature.MotionBlur:1]]
[2026.09.01-02.53.02:578][  0]LogConfig: Set CVar [[r.MotionBlur.ForegroundOnly:1]]
[2026.09.01-02.53.02:578][  0]LogConfig: Set CVar [[r.MotionBlur.Scale:0.15]]
[2026.09.01-02.53.02:578][  0]LogConfig: Set CVar [[r.MotionBlur.Amount:0 ; Disabled by default, can be activated in Video settings]]
[2026.09.01-02.53.02:578][  0]LogConfig: Set CVar [[r.NGX.Enable:1]]
[2026.09.01-02.53.02:578][  0]LogConfig: Set CVar [[r.NGX.DLSS.Enable:0]]
[2026.09.01-02.53.02:578][  0]LogConfig: Set CVar [[r.NGX.Enable.AllowCommandLine:1]]
[2026.09.01-02.53.02:578][  0]LogConfig: Set CVar [[r.Streamline.DLSSG.Enable:0]]
[2026.09.01-02.53.02:578][  0]LogConfig: Set CVar [[r.FidelityFX.FSR3.UseNativeDX12:1]]
[2026.09.01-02.53.02:578][  0]LogConfig: Set CVar [[r.FidelityFX.FSR3.UseRHI:0]]
[2026.09.01-02.53.02:578][  0]LogConfig: Set CVar [[r.FidelityFX.FSR3.DeDither:1]]
[2026.09.01-02.53.02:578][  0]LogConfig: Set CVar [[r.FidelityFX.FSR3.CreateReactiveMask:0]]
[2026.09.01-02.53.02:578][  0]LogConfig: Set CVar [[r.FidelityFX.FSR3.ForceVertexDeformationOutputsVelocity:0]]
[2026.09.01-02.53.02:578][  0]LogConfig: Set CVar [[r.FidelityFX.FI.Enabled:0]]
[2026.09.01-02.53.02:578][  0]LogConfig: Set CVar [[r.FidelityFX.FI.OverrideSwapChainDX12:1]]
[2026.09.01-02.53.02:578][  0]LogConfig: Set CVar [[r.FidelityFX.FI.AllowAsyncWorkloads:1]]
[2026.09.01-02.53.02:578][  0]LogConfig: Set CVar [[r.FidelityFX.FI.UpdateGlobalFrameTime:0]]
[2026.09.01-02.53.02:578][  0]LogConfig: Set CVar [[portal.BufferComposition:1]]
[2026.09.01-02.53.02:578][  0]LogConfig: Set CVar [[portal.optimizations.DepthPrePass:0]]
[2026.09.01-02.53.02:578][  0]LogConfig: Set CVar [[portal.optimizations.VisibilityReuse:0]]
[2026.09.01-02.53.02:578][  0]LogConfig: Set CVar [[portal.optimizations.ScreenPercentageAllowed:0]]
[2026.09.01-02.53.02:578][  0]LogConfig: Set CVar [[r.Shaders.RemoveUnusedInterpolators:1]]
[2026.09.01-02.53.02:578][  0]LogConfig: Set CVar [[r.Shadow.DetectVertexShaderLayerAtRuntime:1]]
[2026.09.01-02.53.02:578][  0]LogConfig: Applying CVar settings from Section [/Script/Engine.RendererOverrideSettings] File [Engine]
[2026.09.01-02.53.02:578][  0]LogConfig: Applying CVar settings from Section [/Script/Engine.StreamingSettings] File [Engine]
[2026.09.01-02.53.02:578][  0]LogConfig: Set CVar [[s.MinBulkDataSizeForAsyncLoading:131072]]
[2026.09.01-02.53.02:578][  0]LogConfig: Set CVar [[s.AsyncLoadingThreadEnabled:1]]
[2026.09.01-02.53.02:578][  0]LogConfig: Set CVar [[s.EventDrivenLoaderEnabled:1]]
[2026.09.01-02.53.02:578][  0]LogConfig: Set CVar [[s.WarnIfTimeLimitExceeded:0]]
[2026.09.01-02.53.02:578][  0]LogConfig: Set CVar [[s.TimeLimitExceededMultiplier:1.5]]
[2026.09.01-02.53.02:578][  0]LogConfig: Set CVar [[s.TimeLimitExceededMinTime:0.005]]
[2026.09.01-02.53.02:578][  0]LogConfig: Set CVar [[s.UseBackgroundLevelStreaming:1]]
[2026.09.01-02.53.02:578][  0]LogConfig: Set CVar [[s.PriorityAsyncLoadingExtraTime:40]]
[2026.09.01-02.53.02:578][  0]LogConfig: Set CVar [[s.LevelStreamingActorsUpdateTimeLimit:5.0]]
[2026.09.01-02.53.02:578][  0]LogConfig: Set CVar [[s.PriorityLevelStreamingActorsUpdateExtraTime:5.0]]
[2026.09.01-02.53.02:578][  0]LogConfig: Set CVar [[s.LevelStreamingComponentsRegistrationGranularity:10]]
[2026.09.01-02.53.02:578][  0]LogConfig: Set CVar [[s.UnregisterComponentsTimeLimit:1.0]]
[2026.09.01-02.53.02:578][  0]LogConfig: Set CVar [[s.LevelStreamingComponentsUnregistrationGranularity:5]]
[2026.09.01-02.53.02:578][  0]LogConfig: Set CVar [[s.FlushStreamingOnExit:1]]
[2026.09.01-02.53.02:578][  0]LogConfig: Set CVar [[s.ProcessPrestreamingRequests:1]]
[2026.09.01-02.53.02:578][  0]LogConfig: Set CVar [[r.Streaming.AllowParallelStreamingRenderAssets:1]]
[2026.09.01-02.53.02:578][  0]LogConfig: Applying CVar settings from Section [/Script/Engine.GarbageCollectionSettings] File [Engine]
[2026.09.01-02.53.02:578][  0]LogConfig: Set CVar [[gc.MaxObjectsNotConsideredByGC:1]]
[2026.09.01-02.53.02:578][  0]LogConfig: Set CVar [[gc.FlushStreamingOnGC:0]]
[2026.09.01-02.53.02:578][  0]LogConfig: Set CVar [[gc.NumRetriesBeforeForcingGC:10]]
[2026.09.01-02.53.02:578][  0]LogConfig: Set CVar [[gc.AllowParallelGC:1]]
[2026.09.01-02.53.02:578][  0]LogConfig: Set CVar [[gc.TimeBetweenPurgingPendingKillObjects:61.1]]
[2026.09.01-02.53.02:578][  0]LogConfig: Set CVar [[gc.MaxObjectsInEditor:25165824]]
[2026.09.01-02.53.02:578][  0]LogConfig: Set CVar [[gc.IncrementalBeginDestroyEnabled:1]]
[2026.09.01-02.53.02:578][  0]LogConfig: Set CVar [[gc.CreateGCClusters:1]]
[2026.09.01-02.53.02:578][  0]LogConfig: Set CVar [[gc.MinGCClusterSize:5]]
[2026.09.01-02.53.02:578][  0]LogConfig: Set CVar [[gc.AssetClustreringEnabled:0]]
[2026.09.01-02.53.02:578][  0]LogConfig: Set CVar [[gc.ActorClusteringEnabled:0]]
[2026.09.01-02.53.02:578][  0]LogConfig: Set CVar [[gc.VerifyUObjectsAreNotFGCObjects:0]]
[2026.09.01-02.53.02:578][  0]LogConfig: Set CVar [[gc.GarbageEliminationEnabled:1]]
[2026.09.01-02.53.02:578][  0]LogConfig: Applying CVar settings from Section [/Script/Engine.NetworkSettings] File [Engine]
[2026.09.01-02.53.02:578][  0]LogInit: Setting process to per monitor DPI aware
[2026.09.01-02.53.02:581][  0]LogConfig: Applying CVar settings from Section [ViewDistanceQuality@3] File [Scalability]
[2026.09.01-02.53.02:581][  0]LogConfig: Set CVar [[r.SkeletalMeshLODBias:0]]
[2026.09.01-02.53.02:581][  0]LogConfig: Set CVar [[r.ViewDistanceScale:1.0]]
[2026.09.01-02.53.02:581][  0]LogConfig: Set CVar [[r.StaticMeshLODDistanceScale:1]]
[2026.09.01-02.53.02:581][  0]LogConfig: Set CVar [[r.Decal.FadeScreenSizeMult:1.0]]
[2026.09.01-02.53.02:581][  0]LogConfig: Set CVar [[r.ExpandAllOcclusionTestedBBoxesAmount:50]]
[2026.09.01-02.53.02:581][  0]LogConfig: Set CVar [[1047.cosmetics.AttachmentDropThirdPersonMaxDistance:1000]]
[2026.09.01-02.53.02:581][  0]LogConfig: Set CVar [[1047.UI.WidgetRenderer.TimeScale:1.0]]
[2026.09.01-02.53.02:581][  0]LogConfig: Set CVar [[1047.cosmetics.DisableThirdPersonWeaponAnimations:0		; Third person weapon animations]]
[2026.09.01-02.53.02:581][  0]LogConfig: Set CVar [[1047.cosmetics.DisableThirdPersonFireAnimation:0		; Third person character animations]]
[2026.09.01-02.53.02:581][  0]LogConfig: Set CVar [[1047.cosmetics.ThirdPersonUsePickupMeshes:0				; Use skeletal mesh for TPP weapon]]
[2026.09.01-02.53.02:581][  0]LogConfig: Set CVar [[significance.budget.Character:5,10,10,35]]
[2026.09.01-02.53.02:581][  0]LogConfig: Set CVar [[1047.worldpartition.SourceMultiplier:1]]
[2026.09.01-02.53.02:581][  0]LogConfig: Applying CVar settings from Section [AntiAliasingQuality@3] File [Scalability]
[2026.09.01-02.53.02:581][  0]LogConfig: Set CVar [[r.FXAA.Quality:4]]
[2026.09.01-02.53.02:581][  0]LogConfig: Set CVar [[r.TemporalAA.Quality:2]]
[2026.09.01-02.53.02:581][  0]LogConfig: Set CVar [[r.TSR.History.R11G11B10:1]]
[2026.09.01-02.53.02:581][  0]LogConfig: Set CVar [[r.TSR.History.ScreenPercentage:200]]
[2026.09.01-02.53.02:581][  0]LogConfig: Set CVar [[r.TSR.History.UpdateQuality:3]]
[2026.09.01-02.53.02:581][  0]LogConfig: Set CVar [[r.TSR.ShadingRejection.Flickering:1]]
[2026.09.01-02.53.02:581][  0]LogConfig: Set CVar [[r.TSR.RejectionAntiAliasingQuality:2]]
[2026.09.01-02.53.02:581][  0]LogConfig: Set CVar [[r.TSR.ReprojectionField:1]]
[2026.09.01-02.53.02:581][  0]LogConfig: Set CVar [[r.TSR.Resurrection:1]]
[2026.09.01-02.53.02:581][  0]LogConfig: Applying CVar settings from Section [ShadowQuality@3] File [Scalability]
[2026.09.01-02.53.02:581][  0]LogConfig: Set CVar [[r.LightFunctionQuality:1]]
[2026.09.01-02.53.02:581][  0]LogConfig: Set CVar [[r.ShadowQuality:5]]
[2026.09.01-02.53.02:581][  0]LogConfig: Set CVar [[r.Shadow.CSM.MaxCascades:10]]
[2026.09.01-02.53.02:581][  0]LogConfig: Set CVar [[r.Shadow.MaxResolution:2048]]
[2026.09.01-02.53.02:581][  0]LogConfig: Set CVar [[r.Shadow.MaxCSMResolution:2048]]
[2026.09.01-02.53.02:581][  0]LogConfig: Set CVar [[r.Shadow.RadiusThreshold:0.01]]
[2026.09.01-02.53.02:581][  0]LogConfig: Set CVar [[r.Shadow.DistanceScale:1.0]]
[2026.09.01-02.53.02:581][  0]LogConfig: Set CVar [[r.Shadow.CSM.TransitionScale:1.0]]
[2026.09.01-02.53.02:581][  0]LogConfig: Set CVar [[r.Shadow.PreShadowResolutionFactor:1.0]]
[2026.09.01-02.53.02:581][  0]LogConfig: Set CVar [[r.DistanceFieldShadowing:1]]
[2026.09.01-02.53.02:581][  0]LogConfig: Set CVar [[r.VolumetricFog:1]]
[2026.09.01-02.53.02:581][  0]LogConfig: Set CVar [[r.VolumetricFog.GridPixelSize:16]]
[2026.09.01-02.53.02:581][  0]LogConfig: Set CVar [[r.VolumetricFog.GridSizeZ:50]]
[2026.09.01-02.53.02:581][  0]LogConfig: Set CVar [[r.VolumetricFog.HistoryMissSupersampleCount:4]]
[2026.09.01-02.53.02:581][  0]LogConfig: Set CVar [[r.LightMaxDrawDistanceScale:1]]
[2026.09.01-02.53.02:581][  0]LogConfig: Set CVar [[r.CapsuleShadows:1]]
[2026.09.01-02.53.02:581][  0]LogConfig: Set CVar [[r.Shadow.Virtual.MaxPhysicalPages:4096]]
[2026.09.01-02.53.02:581][  0]LogConfig: Set CVar [[r.Shadow.Virtual.ResolutionLodBiasDirectional:-1.5]]
[2026.09.01-02.53.02:581][  0]LogConfig: Set CVar [[r.Shadow.Virtual.ResolutionLodBiasDirectionalMoving:-1.5]]
[2026.09.01-02.53.02:581][  0]LogConfig: Set CVar [[r.Shadow.Virtual.ResolutionLodBiasLocal:0.0]]
[2026.09.01-02.53.02:581][  0]LogConfig: Set CVar [[r.Shadow.Virtual.ResolutionLodBiasLocalMoving:1.0]]
[2026.09.01-02.53.02:581][  0]LogConfig: Set CVar [[r.Shadow.Virtual.SMRT.RayCountDirectional:8]]
[2026.09.01-02.53.02:581][  0]LogConfig: Set CVar [[r.Shadow.Virtual.SMRT.SamplesPerRayDirectional:4]]
[2026.09.01-02.53.02:581][  0]LogConfig: Set CVar [[r.Shadow.Virtual.SMRT.RayCountLocal:8]]
[2026.09.01-02.53.02:581][  0]LogConfig: Set CVar [[r.Shadow.Virtual.SMRT.SamplesPerRayLocal:4]]
[2026.09.01-02.53.02:581][  0]LogConfig: Set CVar [[r.CapsuleMinScreenSize:0.0002]]
[2026.09.01-02.53.02:581][  0]LogConfig: Set CVar [[r.ContactShadows:1]]
[2026.09.01-02.53.02:581][  0]LogConfig: Set CVar [[r.Shadow.InsetDownscaleFactor:1]]
[2026.09.01-02.53.02:581][  0]LogConfig: Set CVar [[portal.features.DynamicShadows:1]]
[2026.09.01-02.53.02:581][  0]LogConfig: Set CVar [[1047.lighting.DisableILCForSmallObjects:0]]
[2026.09.01-02.53.02:581][  0]LogConfig: Set CVar [[1047.cosmetics.3p.ShadowsMode:1]]
[2026.09.01-02.53.02:581][  0]LogConfig: Applying CVar settings from Section [GlobalIlluminationQuality@3] File [Scalability]
[2026.09.01-02.53.02:581][  0]LogConfig: Set CVar [[r.DistanceFieldAO:1]]
[2026.09.01-02.53.02:581][  0]LogConfig: Set CVar [[r.AOQuality:2]]
[2026.09.01-02.53.02:581][  0]LogConfig: Set CVar [[r.Lumen.DiffuseIndirect.Allow:1]]
[2026.09.01-02.53.02:581][  0]LogConfig: Set CVar [[r.LumenScene.Radiosity.ProbeSpacing:4]]
[2026.09.01-02.53.02:581][  0]LogConfig: Set CVar [[r.LumenScene.Radiosity.HemisphereProbeResolution:4]]
[2026.09.01-02.53.02:581][  0]LogConfig: Set CVar [[r.Lumen.TraceMeshSDFs.Allow:1]]
[2026.09.01-02.53.02:581][  0]LogConfig: Set CVar [[r.Lumen.ScreenProbeGather.RadianceCache.ProbeResolution:32]]
[2026.09.01-02.53.02:581][  0]LogConfig: Set CVar [[r.Lumen.ScreenProbeGather.RadianceCache.NumProbesToTraceBudget:300]]
[2026.09.01-02.53.02:581][  0]LogConfig: Set CVar [[r.Lumen.ScreenProbeGather.DownsampleFactor:16]]
[2026.09.01-02.53.02:581][  0]LogConfig: Set CVar [[r.Lumen.ScreenProbeGather.TracingOctahedronResolution:8]]
[2026.09.01-02.53.02:581][  0]LogConfig: Set CVar [[r.Lumen.ScreenProbeGather.IrradianceFormat:0]]
[2026.09.01-02.53.02:581][  0]LogConfig: Set CVar [[r.Lumen.ScreenProbeGather.StochasticInterpolation:0]]
[2026.09.01-02.53.02:581][  0]LogConfig: Set CVar [[r.Lumen.ScreenProbeGather.FullResolutionJitterWidth:1]]
[2026.09.01-02.53.02:581][  0]LogConfig: Set CVar [[r.Lumen.ScreenProbeGather.TwoSidedFoliageBackfaceDiffuse:1]]
[2026.09.01-02.53.02:581][  0]LogConfig: Set CVar [[r.Lumen.ScreenProbeGather.ScreenTraces.HZBTraversal.FullResDepth:1]]
[2026.09.01-02.53.02:581][  0]LogConfig: Set CVar [[r.Lumen.ScreenProbeGather.ShortRangeAO.HardwareRayTracing:0]]
[2026.09.01-02.53.02:581][  0]LogConfig: Set CVar [[r.Lumen.TranslucencyVolume.GridPixelSize:32]]
[2026.09.01-02.53.02:581][  0]LogConfig: Set CVar [[r.Lumen.TranslucencyVolume.TraceFromVolume:1]]
[2026.09.01-02.53.02:581][  0]LogConfig: Set CVar [[r.Lumen.TranslucencyVolume.TracingOctahedronResolution:3]]
[2026.09.01-02.53.02:581][  0]LogConfig: Set CVar [[r.Lumen.TranslucencyVolume.RadianceCache.ProbeResolution:8]]
[2026.09.01-02.53.02:581][  0]LogConfig: Set CVar [[r.Lumen.TranslucencyVolume.RadianceCache.NumProbesToTraceBudget:200]]
[2026.09.01-02.53.02:581][  0]LogConfig: Set CVar [[r.SkyLight.RealTimeReflectionCapture:1]]
[2026.09.01-02.53.02:581][  0]LogConfig: Applying CVar settings from Section [ReflectionQuality@3] File [Scalability]
[2026.09.01-02.53.02:581][  0]LogConfig: Set CVar [[r.SSR.Quality:3]]
[2026.09.01-02.53.02:581][  0]LogConfig: Set CVar [[r.SSR.HalfResSceneColor:0]]
[2026.09.01-02.53.02:581][  0]LogConfig: Set CVar [[r.Lumen.Reflections.Allow:1]]
[2026.09.01-02.53.02:581][  0]LogConfig: Set CVar [[r.Lumen.Reflections.DownsampleFactor:1]]
[2026.09.01-02.53.02:581][  0]LogConfig: Set CVar [[r.Lumen.Reflections.MaxRoughnessToTraceForFoliage:0.4]]
[2026.09.01-02.53.02:581][  0]LogConfig: Set CVar [[r.Lumen.ScreenProbeGather.MaxRoughnessToEvaluateRoughSpecularForFoliage:0.8]]
[2026.09.01-02.53.02:581][  0]LogConfig: Set CVar [[r.Lumen.Reflections.ScreenSpaceReconstruction.TonemapMode:1]]
[2026.09.01-02.53.02:581][  0]LogConfig: Set CVar [[r.Lumen.Reflections.ScreenSpaceReconstruction.MinWeight:0]]
[2026.09.01-02.53.02:581][  0]LogConfig: Set CVar [[r.Lumen.TranslucencyReflections.FrontLayer.Allow:1]]
[2026.09.01-02.53.02:581][  0]LogConfig: Set CVar [[r.Lumen.TranslucencyReflections.FrontLayer.Enable:0]]
[2026.09.01-02.53.02:581][  0]LogConfig: Set CVar [[r.PlanarReflections.ResolutionScale:1.0]]
[2026.09.01-02.53.02:581][  0]LogConfig: Applying CVar settings from Section [PostProcessQuality@3] File [Scalability]
[2026.09.01-02.53.02:581][  0]LogConfig: Set CVar [[r.MotionBlurQuality:3]]
[2026.09.01-02.53.02:581][  0]LogConfig: Set CVar [[r.MotionBlur.HalfResGather:0]]
[2026.09.01-02.53.02:581][  0]LogConfig: Set CVar [[r.AmbientOcclusionMipLevelFactor:0.4]]
[2026.09.01-02.53.02:581][  0]LogConfig: Set CVar [[r.AmbientOcclusionMaxQuality:100]]
[2026.09.01-02.53.02:581][  0]LogConfig: Set CVar [[r.AmbientOcclusionLevels:-1]]
[2026.09.01-02.53.02:581][  0]LogConfig: Set CVar [[r.AmbientOcclusionRadiusScale:1.0]]
[2026.09.01-02.53.02:581][  0]LogConfig: Set CVar [[r.DepthOfFieldQuality:2]]
[2026.09.01-02.53.02:581][  0]LogConfig: Set CVar [[r.RenderTargetPoolMin:400]]
[2026.09.01-02.53.02:581][  0]LogConfig: Set CVar [[r.LensFlareQuality:0]]
[2026.09.01-02.53.02:581][  0]LogConfig: Set CVar [[r.SceneColorFringeQuality:1]]
[2026.09.01-02.53.02:581][  0]LogConfig: Set CVar [[r.EyeAdaptationQuality:2]]
[2026.09.01-02.53.02:581][  0]LogConfig: Set CVar [[r.BloomQuality:5]]
[2026.09.01-02.53.02:581][  0]LogConfig: Set CVar [[r.Bloom.ScreenPercentage:50.000]]
[2026.09.01-02.53.02:581][  0]LogConfig: Set CVar [[r.FastBlurThreshold:100]]
[2026.09.01-02.53.02:581][  0]LogConfig: Set CVar [[r.Upscale.Quality:3]]
[2026.09.01-02.53.02:581][  0]LogConfig: Set CVar [[r.LightShaftQuality:0]]
[2026.09.01-02.53.02:581][  0]LogConfig: Set CVar [[r.Filter.SizeScale:1]]
[2026.09.01-02.53.02:581][  0]LogConfig: Set CVar [[r.Tonemapper.Quality:5]]
[2026.09.01-02.53.02:581][  0]LogConfig: Set CVar [[r.DOF.Gather.ResolutionDivisor:2         ; lower gathering resolution]]
[2026.09.01-02.53.02:581][  0]LogConfig: Set CVar [[r.DOF.Gather.AccumulatorQuality:1        ; higher gathering accumulator quality]]
[2026.09.01-02.53.02:581][  0]LogConfig: Set CVar [[r.DOF.Gather.PostfilterMethod:1          ; Median3x3 postfilering method]]
[2026.09.01-02.53.02:581][  0]LogConfig: Set CVar [[r.DOF.Gather.EnableBokehSettings:0       ; no bokeh simulation when gathering]]
[2026.09.01-02.53.02:581][  0]LogConfig: Set CVar [[r.DOF.Gather.RingCount:4                 ; medium number of samples when gathering]]
[2026.09.01-02.53.02:581][  0]LogConfig: Set CVar [[r.DOF.Scatter.ForegroundCompositing:1    ; additive foreground scattering]]
[2026.09.01-02.53.02:581][  0]LogConfig: Set CVar [[r.DOF.Scatter.BackgroundCompositing:1 ; no background occlusion]]
[2026.09.01-02.53.02:581][  0]LogConfig: Set CVar [[r.DOF.Scatter.EnableBokehSettings:1      ; bokeh simulation when scattering]]
[2026.09.01-02.53.02:581][  0]LogConfig: Set CVar [[r.DOF.Scatter.MaxSpriteRatio:0.1         ; only a maximum of 10% of scattered bokeh]]
[2026.09.01-02.53.02:581][  0]LogConfig: Set CVar [[r.DOF.Recombine.Quality:0             ; no slight out of focus]]
[2026.09.01-02.53.02:581][  0]LogConfig: Set CVar [[r.DOF.Recombine.EnableBokehSettings:0    ; no bokeh simulation on slight out of focus]]
[2026.09.01-02.53.02:581][  0]LogConfig: Set CVar [[r.DOF.TemporalAAQuality:0             ; faster temporal accumulation]]
[2026.09.01-02.53.02:581][  0]LogConfig: Set CVar [[r.DOF.Kernel.MaxForegroundRadius:0.025]]
[2026.09.01-02.53.02:581][  0]LogConfig: Set CVar [[r.DOF.Kernel.MaxBackgroundRadius:0.025]]
[2026.09.01-02.53.02:581][  0]LogConfig: Applying CVar settings from Section [TextureQuality@3] File [Scalability]
[2026.09.01-02.53.02:581][  0]LogConfig: Set CVar [[r.Streaming.MipBias:0]]
[2026.09.01-02.53.02:581][  0]LogConfig: Set CVar [[r.Streaming.AmortizeCPUToGPUCopy:0]]
[2026.09.01-02.53.02:581][  0]LogConfig: Set CVar [[r.Streaming.MaxNumTexturesToStreamPerFrame:0]]
[2026.09.01-02.53.02:581][  0]LogConfig: Set CVar [[r.Streaming.Boost:1.0]]
[2026.09.01-02.53.02:581][  0]LogConfig: Set CVar [[r.MaxAnisotropy:8]]
[2026.09.01-02.53.02:581][  0]LogConfig: Set CVar [[r.VT.MaxAnisotropy:8]]
[2026.09.01-02.53.02:581][  0]LogConfig: Set CVar [[r.Streaming.LimitPoolSizeToVRAM:0]]
[2026.09.01-02.53.02:581][  0]LogConfig: Set CVar [[r.Streaming.PoolSize:1200]]
[2026.09.01-02.53.02:581][  0]LogConfig: Set CVar [[r.Streaming.MaxEffectiveScreenSize:0]]
[2026.09.01-02.53.02:581][  0]LogConfig: Set CVar [[r.VT.PoolSizeScale:1.0]]
[2026.09.01-02.53.02:581][  0]LogConfig: Set CVar [[r.VT.RVT.TileCountBias:0]]
[2026.09.01-02.53.02:581][  0]LogConfig: Set CVar [[r.VT.MaxTilesProducedPerFrame:18]]
[2026.09.01-02.53.02:581][  0]LogConfig: Set CVar [[r.VT.MaxUploadsPerFrame:8]]
[2026.09.01-02.53.02:581][  0]LogConfig: Set CVar [[r.VT.MaxReleasedPerFrame:5]]
[2026.09.01-02.53.02:581][  0]LogConfig: Set CVar [[r.Streaming.PoolSizeForMeshes:400]]
[2026.09.01-02.53.02:581][  0]LogConfig: Set CVar [[1047.UI.WidgetRenderer.ResolutionScale:1.0]]
[2026.09.01-02.53.02:581][  0]LogConfig: Set CVar [[1047.VTScale.Memory.Reference:12]]
[2026.09.01-02.53.02:581][  0]LogConfig: Applying CVar settings from Section [EffectsQuality@3] File [Scalability]
[2026.09.01-02.53.02:581][  0]LogConfig: Set CVar [[r.TranslucencyLightingVolumeDim:64]]
[2026.09.01-02.53.02:581][  0]LogConfig: Set CVar [[r.RefractionQuality:2]]
[2026.09.01-02.53.02:581][  0]LogConfig: Set CVar [[r.SceneColorFormat:3]]
[2026.09.01-02.53.02:581][  0]LogConfig: Set CVar [[r.DetailMode:3 ; Epic quality]]
[2026.09.01-02.53.02:581][  0]LogConfig: Set CVar [[r.TranslucencyVolumeBlur:1]]
[2026.09.01-02.53.02:581][  0]LogConfig: Set CVar [[r.MaterialQualityLevel:3 ; Epic quality]]
[2026.09.01-02.53.02:581][  0]LogConfig: Set CVar [[r.SSS.Scale:1]]
[2026.09.01-02.53.02:581][  0]LogConfig: Set CVar [[r.SSS.SampleSet:1]]
[2026.09.01-02.53.02:581][  0]LogConfig: Set CVar [[r.SSS.Quality:-1]]
[2026.09.01-02.53.02:581][  0]LogConfig: Set CVar [[r.SSS.HalfRes:1]]
[2026.09.01-02.53.02:581][  0]LogConfig: Set CVar [[r.SSGI.Quality:3]]
[2026.09.01-02.53.02:581][  0]LogConfig: Set CVar [[r.EmitterSpawnRateScale:1.0]]
[2026.09.01-02.53.02:581][  0]LogConfig: Set CVar [[r.ParticleLightQuality:2]]
[2026.09.01-02.53.02:581][  0]LogConfig: Set CVar [[r.SkyAtmosphere.AerialPerspectiveLUT.FastApplyOnOpaque:1 ; Always have FastSkyLUT 1 in this case to avoid wrong sky]]
[2026.09.01-02.53.02:581][  0]LogConfig: Set CVar [[r.SkyAtmosphere.AerialPerspectiveLUT.SampleCountMaxPerSlice:4]]
[2026.09.01-02.53.02:582][  0]LogConfig: Set CVar [[r.SkyAtmosphere.AerialPerspectiveLUT.DepthResolution:16]]
[2026.09.01-02.53.02:582][  0]LogConfig: Set CVar [[r.SkyAtmosphere.FastSkyLUT:1]]
[2026.09.01-02.53.02:582][  0]LogConfig: Set CVar [[r.SkyAtmosphere.FastSkyLUT.SampleCountMin:4.0]]
[2026.09.01-02.53.02:582][  0]LogConfig: Set CVar [[r.SkyAtmosphere.FastSkyLUT.SampleCountMax:128.0]]
[2026.09.01-02.53.02:582][  0]LogConfig: Set CVar [[r.SkyAtmosphere.SampleCountMin:4.0]]
[2026.09.01-02.53.02:582][  0]LogConfig: Set CVar [[r.SkyAtmosphere.SampleCountMax:128.0]]
[2026.09.01-02.53.02:582][  0]LogConfig: Set CVar [[r.SkyAtmosphere.TransmittanceLUT.UseSmallFormat:0]]
[2026.09.01-02.53.02:582][  0]LogConfig: Set CVar [[r.SkyAtmosphere.TransmittanceLUT.SampleCount:10.0]]
[2026.09.01-02.53.02:582][  0]LogConfig: Set CVar [[r.SkyAtmosphere.MultiScatteringLUT.SampleCount:15.0]]
[2026.09.01-02.53.02:582][  0]LogConfig: Set CVar [[fx.Niagara.QualityLevel:3]]
[2026.09.01-02.53.02:582][  0]LogConfig: Set CVar [[r.Refraction.OffsetQuality:1]]
[2026.09.01-02.53.02:582][  0]LogConfig: Set CVar [[r.HeterogeneousVolumes.DownsampleFactor:1]]
[2026.09.01-02.53.02:582][  0]LogConfig: Set CVar [[r.HeterogeneousVolumes.MaxStepCount:512]]
[2026.09.01-02.53.02:582][  0]LogConfig: Set CVar [[r.HeterogeneousVolumes.Shadows.Resolution:512]]
[2026.09.01-02.53.02:582][  0]LogConfig: Set CVar [[r.MSAA.CompositingSampleCount:4]]
[2026.09.01-02.53.02:582][  0]LogConfig: Set CVar [[r.LightFunctionAtlas.SlotResolution:128]]
[2026.09.01-02.53.02:582][  0]LogConfig: Set CVar [[r.Forward.MaxCulledReflectionCapturesPerCell:20]]
[2026.09.01-02.53.02:582][  0]LogConfig: Set CVar [[r.Forward.MaxCulledLightsPerCell:20]]
[2026.09.01-02.53.02:582][  0]LogConfig: Set CVar [[r.SkyAtmosphere.FastSkyLUT.Width:192]]
[2026.09.01-02.53.02:582][  0]LogConfig: Set CVar [[r.SkyAtmosphere.FastSkyLUT.Height:104]]
[2026.09.01-02.53.02:582][  0]LogConfig: Set CVar [[portal.features.AO:1]]
[2026.09.01-02.53.02:582][  0]LogConfig: Set CVar [[portal.features.SSR:1]]
[2026.09.01-02.53.02:582][  0]LogConfig: Set CVar [[umg.MaxPostBufferBlurStrength:16]]
[2026.09.01-02.53.02:582][  0]LogConfig: Set CVar [[r.Cache.LightingCacheMovableObjectAllocationSize:5]]
[2026.09.01-02.53.02:582][  0]LogConfig: Set CVar [[r.Cache.StaticObject.MinSize:3]]
[2026.09.01-02.53.02:582][  0]LogConfig: Set CVar [[r.Cache.StaticObject.MaxSize:5]]
[2026.09.01-02.53.02:582][  0]LogConfig: Set CVar [[r.Cache.LightingCacheDimension:96]]
[2026.09.01-02.53.02:582][  0]LogConfig: Applying CVar settings from Section [FoliageQuality@3] File [Scalability]
[2026.09.01-02.53.02:582][  0]LogConfig: Set CVar [[foliage.DensityScale:1.0]]
[2026.09.01-02.53.02:582][  0]LogConfig: Set CVar [[grass.DensityScale:1.0]]
[2026.09.01-02.53.02:582][  0]LogConfig: Set CVar [[foliage.CullDistanceScale:1]]
[2026.09.01-02.53.02:582][  0]LogConfig: Set CVar [[foliage.LODDistanceScale:1]]
[2026.09.01-02.53.02:582][  0]LogConfig: Applying CVar settings from Section [ShadingQuality@3] File [Scalability]
[2026.09.01-02.53.02:582][  0]LogConfig: Set CVar [[r.HairStrands.SkyLighting.IntegrationType:2]]
[2026.09.01-02.53.02:582][  0]LogConfig: Set CVar [[r.HairStrands.SkyAO.SampleCount:4]]
[2026.09.01-02.53.02:582][  0]LogConfig: Set CVar [[r.HairStrands.Visibility.MSAA.SamplePerPixel:4]]
[2026.09.01-02.53.02:582][  0]LogConfig: Set CVar [[r.AnisotropicMaterials:1]]
[2026.09.01-02.53.02:582][  0]LogConfig: Applying CVar settings from Section [LandscapeQuality@3] File [Scalability]
[2026.09.01-02.53.02:582][  0]LogRHI: Using Default RHI: D3D12
[2026.09.01-02.53.02:582][  0]LogRHI: Using Highest Feature Level of D3D12: SM6
[2026.09.01-02.53.02:582][  0]LogRHI: Loading RHI module D3D12RHI
[2026.09.01-02.53.02:582][  0]LogRHI: Checking if RHI D3D12 with Feature Level SM6 is supported by your system.
[2026.09.01-02.53.02:582][  0]LogRHI: RHI D3D12 with Feature Level SM6 is supported and will be used.
[2026.09.01-02.53.02:582][  0]LogInit: Selected Device Profile: [WindowsClient]
[2026.09.01-02.53.02:582][  0]LogHAL: Display: Platform has ~ 16 GB [16405331968 / 17179869184 / 16], which maps to Larger [LargestMinGB=32, LargerMinGB=12, DefaultMinGB=8, SmallerMinGB=6, SmallestMinGB=0)
[2026.09.01-02.53.02:582][  0]LogDeviceProfileManager: Going up to parent DeviceProfile [Windows]
[2026.09.01-02.53.02:582][  0]LogDeviceProfileManager: Going up to parent DeviceProfile []
[2026.09.01-02.53.02:582][  0]LogDeviceProfileManager: Pushing Device Profile CVar: [[UI.SlateSDFText.RasterizationMode:Bitmap -> Msdf]]
[2026.09.01-02.53.02:582][  0]LogDeviceProfileManager: Pushing Device Profile CVar: [[UI.SlateSDFText.ResolutionLevel:2 -> 2]]
[2026.09.01-02.53.02:582][  0]LogDeviceProfileManager: Pushing Device Profile CVar: [[r.PSOPrecaching:1 -> 1]]
[2026.09.01-02.53.02:582][  0]LogDeviceProfileManager: Pushing Device Profile CVar: [[r.PSOPrecache.ProxyCreationWhenPSOReady:1 -> 1]]
[2026.09.01-02.53.02:582][  0]LogDeviceProfileManager: Creating unregistered Device Profile CVar: [[r.PSOPrecache.GlobalComputeShaders:1]]
[2026.09.01-02.53.02:582][  0]LogDeviceProfileManager: Pushing Device Profile CVar: [[r.PSOPrecache.Components:1 -> 1]]
[2026.09.01-02.53.02:582][  0]LogDeviceProfileManager: Pushing Device Profile CVar: [[r.PSOPrecache.Resources:0 -> 1]]
[2026.09.01-02.53.02:582][  0]LogDeviceProfileManager: Pushing Device Profile CVar: [[r.SkipDrawOnPSOPrecaching:0 -> 1]]
[2026.09.01-02.53.02:582][  0]LogDeviceProfileManager: Pushing Device Profile CVar: [[r.ShaderPipelineCache.Enabled:1 -> 1]]
[2026.09.01-02.53.02:582][  0]LogDeviceProfileManager: Pushing Device Profile CVar: [[r.ShaderPipelineCache.ExcludePrecachePSO:0 -> 1]]
[2026.09.01-02.53.02:582][  0]LogDeviceProfileManager: Pushing Device Profile CVar: [[r.pso.PrecompileThreadPoolPercentOfHardwareThreads:75 -> 75]]
[2026.09.01-02.53.02:582][  0]LogDeviceProfileManager: Pushing Device Profile CVar: [[r.pso.PrecompileThreadPoolSizeMin:2 -> 2]]
[2026.09.01-02.53.02:582][  0]LogDeviceProfileManager: Pushing Device Profile CVar: [[r.ShaderPipelineCache.GameFileMaskEnabled:0 -> 1]]
[2026.09.01-02.53.02:582][  0]LogDeviceProfileManager: Pushing Device Profile CVar: [[r.ShaderPipelineCache.UserCacheUnusedElementCheckPeriod:-1 -> 1]]
[2026.09.01-02.53.02:582][  0]LogDeviceProfileManager: Pushing Device Profile CVar: [[r.ShaderPipelineCache.UserCacheUnusedElementRetainDays:30 -> 14]]
[2026.09.01-02.53.02:582][  0]LogDeviceProfileManager: Pushing Device Profile CVar: [[r.PSOPrecache.Validation:0 -> 1]]
[2026.09.01-02.53.02:582][  0]LogDeviceProfileManager: Pushing Device Profile CVar: [[r.DynamicRes.OperationMode:0 -> 1]]
[2026.09.01-02.53.02:582][  0]LogDeviceProfileManager: Pushing Device Profile CVar: [[r.DynamicRes.FrameTimeBudget:33.3 -> 16.66]]
[2026.09.01-02.53.02:582][  0]LogDeviceProfileManager: Pushing Device Profile CVar: [[r.DynamicRes.MinScreenPercentage:50 -> 70.0]]
[2026.09.01-02.53.02:582][  0]LogDeviceProfileManager: Pushing Device Profile CVar: [[r.DynamicRes.MaxScreenPercentage:100 -> 100]]
[2026.09.01-02.53.02:582][  0]LogDeviceProfileManager: Pushing Device Profile CVar: [[r.DynamicRes.TargetedGPUHeadRoomPercentage:10 -> 10]]
[2026.09.01-02.53.02:582][  0]LogDeviceProfileManager: Pushing Device Profile CVar: [[r.TemporalAA.Upsampling:1 -> 1]]
[2026.09.01-02.53.02:582][  0]LogDeviceProfileManager: Pushing Device Profile CVar: [[r.Translucency.ScreenPercentage.Basis:0 -> 1]]
[2026.09.01-02.53.02:582][  0]LogDeviceProfileManager: Pushing Device Profile CVar: [[r.Translucency.DynamicRes.TimeBudget:0 -> 0.5]]
[2026.09.01-02.53.02:582][  0]LogDeviceProfileManager: Pushing Device Profile CVar: [[r.Translucency.DynamicRes.MinScreenPercentage:50 -> 40]]
[2026.09.01-02.53.02:582][  0]LogDeviceProfileManager: Pushing Device Profile CVar: [[r.Translucency.DynamicRes.MaxScreenPercentage:100 -> 100]]
[2026.09.01-02.53.02:582][  0]LogConfig: Applying CVar settings from Section [ViewDistanceQuality@0] File [Scalability]
[2026.09.01-02.53.02:582][  0]LogConfig: Set CVar [[r.SkeletalMeshLODBias:1]]
[2026.09.01-02.53.02:582][  0]LogConfig: Set CVar [[r.ViewDistanceScale:0.4]]
[2026.09.01-02.53.02:582][  0]LogConfig: Set CVar [[r.StaticMeshLODDistanceScale:2.0]]
[2026.09.01-02.53.02:582][  0]LogConfig: Set CVar [[r.Decal.FadeScreenSizeMult:0.5]]
[2026.09.01-02.53.02:582][  0]LogConfig: Set CVar [[r.ExpandAllOcclusionTestedBBoxesAmount:0]]
[2026.09.01-02.53.02:582][  0]LogConfig: Set CVar [[1047.cosmetics.AttachmentDropThirdPersonMaxDistance:0	; No third person attachment dropping]]
[2026.09.01-02.53.02:582][  0]LogConfig: Set CVar [[1047.cosmetics.DisableThirdPersonWeaponAnimations:1		; No third person weapon animations]]
[2026.09.01-02.53.02:582][  0]LogConfig: Set CVar [[1047.cosmetics.DisableThirdPersonFireAnimation:1		; No third person character animations]]
[2026.09.01-02.53.02:582][  0]LogConfig: Set CVar [[1047.cosmetics.ThirdPersonUsePickupMeshes:1				; Use pickup mesh for TPP weapon]]
[2026.09.01-02.53.02:582][  0]LogConfig: Set CVar [[1047.UI.WidgetRenderer.TimeScale:0.6]]
[2026.09.01-02.53.02:582][  0]LogConfig: Set CVar [[significance.budget.Character:1,5,10,44]]
[2026.09.01-02.53.02:582][  0]LogConfig: Set CVar [[1047.worldpartition.SourceMultiplier:0.75]]
[2026.09.01-02.53.02:582][  0]LogConfig: Applying CVar settings from Section [AntiAliasingQuality@0] File [Scalability]
[2026.09.01-02.53.02:582][  0]LogConfig: Set CVar [[r.FXAA.Quality:0]]
[2026.09.01-02.53.02:582][  0]LogConfig: Set CVar [[r.TemporalAA.Quality:0]]
[2026.09.01-02.53.02:582][  0]LogConfig: Set CVar [[r.TSR.History.ScreenPercentage:100]]
[2026.09.01-02.53.02:582][  0]LogConfig: Set CVar [[r.TSR.History.UpdateQuality:0]]
[2026.09.01-02.53.02:582][  0]LogConfig: Set CVar [[r.TSR.ShadingRejection.Flickering:0]]
[2026.09.01-02.53.02:582][  0]LogConfig: Set CVar [[r.TSR.RejectionAntiAliasingQuality:0]]
[2026.09.01-02.53.02:582][  0]LogConfig: Set CVar [[r.TSR.ReprojectionField:0]]
[2026.09.01-02.53.02:582][  0]LogConfig: Set CVar [[r.TSR.Resurrection:0]]
[2026.09.01-02.53.02:582][  0]LogConfig: Applying CVar settings from Section [ShadowQuality@0] File [Scalability]
[2026.09.01-02.53.02:582][  0]LogConfig: Set CVar [[r.LightFunctionQuality:0]]
[2026.09.01-02.53.02:582][  0]LogConfig: Set CVar [[r.ShadowQuality:0]]
[2026.09.01-02.53.02:582][  0]LogConfig: Set CVar [[r.Shadow.CSM.MaxCascades:0]]
[2026.09.01-02.53.02:582][  0]LogConfig: Set CVar [[r.Shadow.MaxResolution:512]]
[2026.09.01-02.53.02:582][  0]LogConfig: Set CVar [[r.Shadow.MaxCSMResolution:512]]
[2026.09.01-02.53.02:582][  0]LogConfig: Set CVar [[r.Shadow.RadiusThreshold:0.06]]
[2026.09.01-02.53.02:582][  0]LogConfig: Set CVar [[r.Shadow.DistanceScale:0.6]]
[2026.09.01-02.53.02:582][  0]LogConfig: Set CVar [[r.Shadow.CSM.TransitionScale:0]]
[2026.09.01-02.53.02:582][  0]LogConfig: Set CVar [[r.Shadow.PreShadowResolutionFactor:0.5]]
[2026.09.01-02.53.02:582][  0]LogConfig: Set CVar [[r.DistanceFieldShadowing:0]]
[2026.09.01-02.53.02:582][  0]LogConfig: Set CVar [[r.LightMaxDrawDistanceScale:.5]]
[2026.09.01-02.53.02:582][  0]LogConfig: Set CVar [[r.CapsuleShadows:0]]
[2026.09.01-02.53.02:582][  0]LogConfig: Set CVar [[r.Shadow.Virtual.MaxPhysicalPages:512]]
[2026.09.01-02.53.02:582][  0]LogConfig: Set CVar [[r.Shadow.Virtual.ResolutionLodBiasDirectional:0.0]]
[2026.09.01-02.53.02:582][  0]LogConfig: Set CVar [[r.Shadow.Virtual.ResolutionLodBiasDirectionalMoving:0.0]]
[2026.09.01-02.53.02:582][  0]LogConfig: Set CVar [[r.Shadow.Virtual.ResolutionLodBiasLocal:1.0]]
[2026.09.01-02.53.02:582][  0]LogConfig: Set CVar [[r.Shadow.Virtual.ResolutionLodBiasLocalMoving:2.0]]
[2026.09.01-02.53.02:582][  0]LogConfig: Set CVar [[r.Shadow.Virtual.SMRT.RayCountDirectional:0]]
[2026.09.01-02.53.02:582][  0]LogConfig: Set CVar [[r.Shadow.Virtual.SMRT.SamplesPerRayDirectional:2]]
[2026.09.01-02.53.02:582][  0]LogConfig: Set CVar [[r.Shadow.Virtual.SMRT.RayCountLocal:0]]
[2026.09.01-02.53.02:582][  0]LogConfig: Set CVar [[r.Shadow.Virtual.SMRT.SamplesPerRayLocal:2]]
[2026.09.01-02.53.02:582][  0]LogConfig: Set CVar [[r.CapsuleMinScreenSize:0.001]]
[2026.09.01-02.53.02:582][  0]LogConfig: Set CVar [[r.ContactShadows:0]]
[2026.09.01-02.53.02:582][  0]LogConfig: Set CVar [[r.Shadow.InsetDownscaleFactor:2]]
[2026.09.01-02.53.02:582][  0]LogConfig: Set CVar [[r.VolumetricFog.GridPixelSize:32]]
[2026.09.01-02.53.02:582][  0]LogConfig: Set CVar [[r.VolumetricFog.GridSizeZ:42]]
[2026.09.01-02.53.02:582][  0]LogConfig: Set CVar [[portal.features.DynamicShadows:0]]
[2026.09.01-02.53.02:582][  0]LogConfig: Set CVar [[r.RuntimeReflectionCaptureResolution:64]]
[2026.09.01-02.53.02:582][  0]LogConfig: Set CVar [[1047.cosmetics.3p.ShadowsMode:0]]
[2026.09.01-02.53.02:582][  0]LogConfig: Applying CVar settings from Section [GlobalIlluminationQuality@0] File [Scalability]
[2026.09.01-02.53.02:582][  0]LogConfig: Set CVar [[r.DistanceFieldAO:0]]
[2026.09.01-02.53.02:582][  0]LogConfig: Set CVar [[r.Lumen.DiffuseIndirect.Allow:0]]
[2026.09.01-02.53.02:582][  0]LogConfig: Set CVar [[r.SkyLight.RealTimeReflectionCapture:0]]
[2026.09.01-02.53.02:582][  0]LogConfig: Applying CVar settings from Section [ReflectionQuality@0] File [Scalability]
[2026.09.01-02.53.02:582][  0]LogConfig: Set CVar [[r.SSR.Quality:0]]
[2026.09.01-02.53.02:582][  0]LogConfig: Set CVar [[r.SSR.HalfResSceneColor:1]]
[2026.09.01-02.53.02:582][  0]LogConfig: Set CVar [[r.Lumen.Reflections.Allow:0]]
[2026.09.01-02.53.02:582][  0]LogConfig: Set CVar [[r.PlanarReflections.ResolutionScale:0.7]]
[2026.09.01-02.53.02:582][  0]LogConfig: Applying CVar settings from Section [PostProcessQuality@0] File [Scalability]
[2026.09.01-02.53.02:582][  0]LogConfig: Set CVar [[r.MotionBlurQuality:2 ; Used only when enabled in Video settings]]
[2026.09.01-02.53.02:582][  0]LogConfig: Set CVar [[r.MotionBlur.HalfResGather:1]]
[2026.09.01-02.53.02:582][  0]LogConfig: Set CVar [[r.AmbientOcclusionMipLevelFactor:1.0]]
[2026.09.01-02.53.02:582][  0]LogConfig: Set CVar [[r.AmbientOcclusionMaxQuality:0]]
[2026.09.01-02.53.02:582][  0]LogConfig: Set CVar [[r.AmbientOcclusionLevels:0]]
[2026.09.01-02.53.02:582][  0]LogConfig: Set CVar [[r.AmbientOcclusionRadiusScale:1.2]]
[2026.09.01-02.53.02:582][  0]LogConfig: Set CVar [[r.DepthOfFieldQuality:0]]
[2026.09.01-02.53.02:582][  0]LogConfig: Set CVar [[r.RenderTargetPoolMin:300]]
[2026.09.01-02.53.02:582][  0]LogConfig: Set CVar [[r.SceneColorFringeQuality:0]]
[2026.09.01-02.53.02:582][  0]LogConfig: Set CVar [[r.BloomQuality:4]]
[2026.09.01-02.53.02:582][  0]LogConfig: Set CVar [[r.Bloom.ScreenPercentage:25.000]]
[2026.09.01-02.53.02:582][  0]LogConfig: Set CVar [[r.FastBlurThreshold:0]]
[2026.09.01-02.53.02:582][  0]LogConfig: Set CVar [[r.Upscale.Quality:1]]
[2026.09.01-02.53.02:582][  0]LogConfig: Set CVar [[r.Filter.SizeScale:0.6]]
[2026.09.01-02.53.02:582][  0]LogConfig: Set CVar [[r.Tonemapper.Quality:0]]
[2026.09.01-02.53.02:582][  0]LogConfig: Applying CVar settings from Section [TextureQuality@0] File [Scalability]
[2026.09.01-02.53.02:582][  0]LogConfig: Set CVar [[r.Streaming.MipBias:16]]
[2026.09.01-02.53.02:582][  0]LogConfig: Set CVar [[r.Streaming.AmortizeCPUToGPUCopy:1]]
[2026.09.01-02.53.02:582][  0]LogConfig: Set CVar [[r.Streaming.MaxNumTexturesToStreamPerFrame:5]]
[2026.09.01-02.53.02:582][  0]LogConfig: Set CVar [[r.Streaming.Boost:0.3]]
[2026.09.01-02.53.02:582][  0]LogConfig: Set CVar [[r.MaxAnisotropy:0]]
[2026.09.01-02.53.02:582][  0]LogConfig: Set CVar [[r.VT.MaxAnisotropy:4]]
[2026.09.01-02.53.02:582][  0]LogConfig: Set CVar [[r.Streaming.LimitPoolSizeToVRAM:1]]
[2026.09.01-02.53.02:582][  0]LogConfig: Set CVar [[r.Streaming.PoolSize:400]]
[2026.09.01-02.53.02:582][  0]LogConfig: Set CVar [[r.VT.PoolSizeScale:0.75]]
[2026.09.01-02.53.02:582][  0]LogConfig: Set CVar [[r.VT.RVT.TileCountBias:-2.5]]
[2026.09.01-02.53.02:582][  0]LogConfig: Set CVar [[r.VT.MaxTilesProducedPerFrame:8]]
[2026.09.01-02.53.02:582][  0]LogConfig: Set CVar [[r.VT.MaxUploadsPerFrame:4]]
[2026.09.01-02.53.02:582][  0]LogConfig: Set CVar [[r.VT.MaxReleasedPerFrame:4]]
[2026.09.01-02.53.02:582][  0]LogConfig: Set CVar [[1047.VTScale.Min:0.8]]
[2026.09.01-02.53.02:582][  0]LogConfig: Set CVar [[r.Streaming.PoolSizeForMeshes:150]]
[2026.09.01-02.53.02:582][  0]LogConfig: Set CVar [[1047.UI.WidgetRenderer.ResolutionScale:0.4]]
[2026.09.01-02.53.02:582][  0]LogConfig: Set CVar [[1047.VTScale.Memory.Reference:3]]
[2026.09.01-02.53.02:582][  0]LogConfig: Applying CVar settings from Section [EffectsQuality@0] File [Scalability]
[2026.09.01-02.53.02:582][  0]LogConfig: Set CVar [[r.TranslucencyLightingVolumeDim:24]]
[2026.09.01-02.53.02:582][  0]LogConfig: Set CVar [[r.RefractionQuality:0]]
[2026.09.01-02.53.02:582][  0]LogConfig: Set CVar [[r.DetailMode:0 ; Low quality]]
[2026.09.01-02.53.02:582][  0]LogConfig: Set CVar [[r.TranslucencyVolumeBlur:0]]
[2026.09.01-02.53.02:582][  0]LogConfig: Set CVar [[r.MaterialQualityLevel:0 ; Low quality]]
[2026.09.01-02.53.02:582][  0]LogConfig: Set CVar [[r.SSS.Scale:0]]
[2026.09.01-02.53.02:582][  0]LogConfig: Set CVar [[r.SSS.SampleSet:0]]
[2026.09.01-02.53.02:582][  0]LogConfig: Set CVar [[r.SSS.Quality:0]]
[2026.09.01-02.53.02:582][  0]LogConfig: Set CVar [[r.SSGI.Quality:0]]
[2026.09.01-02.53.02:582][  0]LogConfig: Set CVar [[r.EmitterSpawnRateScale:0.125]]
[2026.09.01-02.53.02:582][  0]LogConfig: Set CVar [[r.ParticleLightQuality:0]]
[2026.09.01-02.53.02:582][  0]LogConfig: Set CVar [[r.SkyAtmosphere.AerialPerspectiveLUT.SampleCountMaxPerSlice:1]]
[2026.09.01-02.53.02:582][  0]LogConfig: Set CVar [[r.SkyAtmosphere.AerialPerspectiveLUT.DepthResolution:4]]
[2026.09.01-02.53.02:582][  0]LogConfig: Set CVar [[r.SkyAtmosphere.FastSkyLUT.SampleCountMin:2.0]]
[2026.09.01-02.53.02:582][  0]LogConfig: Set CVar [[r.SkyAtmosphere.FastSkyLUT.SampleCountMax:16.0]]
[2026.09.01-02.53.02:582][  0]LogConfig: Set CVar [[r.SkyAtmosphere.SampleCountMin:2.0]]
[2026.09.01-02.53.02:582][  0]LogConfig: Set CVar [[r.SkyAtmosphere.SampleCountMax:16.0]]
[2026.09.01-02.53.02:582][  0]LogConfig: Set CVar [[r.SkyAtmosphere.TransmittanceLUT.UseSmallFormat:1]]
[2026.09.01-02.53.02:582][  0]LogConfig: Set CVar [[fx.Niagara.QualityLevel:0]]
[2026.09.01-02.53.02:582][  0]LogConfig: Set CVar [[r.HeterogeneousVolumes.DownsampleFactor:8]]
[2026.09.01-02.53.02:582][  0]LogConfig: Set CVar [[r.HeterogeneousVolumes.MaxStepCount:128]]
[2026.09.01-02.53.02:582][  0]LogConfig: Set CVar [[r.HeterogeneousVolumes.Shadows.Resolution:128]]
[2026.09.01-02.53.02:582][  0]LogConfig: Set CVar [[r.MSAA.CompositingSampleCount:1]]
[2026.09.01-02.53.02:582][  0]LogConfig: Set CVar [[r.LightFunctionAtlas.SlotResolution:32]]
[2026.09.01-02.53.02:582][  0]LogConfig: Set CVar [[r.SkyAtmosphere.FastSkyLUT.Width:92]]
[2026.09.01-02.53.02:582][  0]LogConfig: Set CVar [[r.SkyAtmosphere.FastSkyLUT.Height:50]]
[2026.09.01-02.53.02:582][  0]LogConfig: Set CVar [[portal.features.AO:0]]
[2026.09.01-02.53.02:582][  0]LogConfig: Set CVar [[portal.features.SSR:0]]
[2026.09.01-02.53.02:582][  0]LogConfig: Set CVar [[umg.MaxPostBufferBlurStrength:0]]
[2026.09.01-02.53.02:582][  0]LogConfig: Set CVar [[r.Cache.LightingCacheMovableObjectAllocationSize:2]]
[2026.09.01-02.53.02:582][  0]LogConfig: Set CVar [[r.Cache.StaticObject.MaxSize:3]]
[2026.09.01-02.53.02:582][  0]LogConfig: Set CVar [[r.Cache.LightingCacheDimension:64]]
[2026.09.01-02.53.02:582][  0]LogConfig: Applying CVar settings from Section [FoliageQuality@0] File [Scalability]
[2026.09.01-02.53.02:582][  0]LogConfig: Set CVar [[foliage.DensityScale:0]]
[2026.09.01-02.53.02:582][  0]LogConfig: Set CVar [[grass.DensityScale:0]]
[2026.09.01-02.53.02:582][  0]LogConfig: Set CVar [[foliage.CullDistanceScale:.4]]
[2026.09.01-02.53.02:582][  0]LogConfig: Set CVar [[foliage.LODDistanceScale:.25]]
[2026.09.01-02.53.02:582][  0]LogConfig: Applying CVar settings from Section [ShadingQuality@1] File [Scalability]
[2026.09.01-02.53.02:582][  0]LogConfig: Set CVar [[r.HairStrands.Visibility.MSAA.SamplePerPixel:1]]
[2026.09.01-02.53.02:582][  0]LogConfig: Set CVar [[r.AnisotropicMaterials:0]]
[2026.09.01-02.53.02:582][  0]LogConfig: Applying CVar settings from Section [ConsoleVariables] File [Engine]
[2026.09.01-02.53.02:582][  0]LogConfig: Set CVar [[memory.MemoryPressureCriticalThresholdMB:512]]
[2026.09.01-02.53.02:582][  0]LogConfig: Set CVar [[CommonLoadingScreen.HoldLoadingScreenAdditionalSecs:0.500000]]
[2026.09.01-02.53.02:582][  0]LogConfig: Set CVar [[net.MaxRPCPerNetUpdate:10]]
[2026.09.01-02.53.02:582][  0]LogConfig: Set CVar [[net.AllowAsyncLoading:1]]
[2026.09.01-02.53.02:582][  0]LogConfig: Set CVar [[net.DelayUnmappedRPCs:1]]
[2026.09.01-02.53.02:582][  0]LogConfig: Set CVar [[a.Budget.Enabled:1]]
[2026.09.01-02.53.02:582][  0]LogConfig: Set CVar [[r.Shaders.RemoveDeadCode:1]]
[2026.09.01-02.53.02:582][  0]LogConfig: Set CVar [[demo.RecordHz:60]]
[2026.09.01-02.53.02:582][  0]LogConfig: Set CVar [[demo.MinRecordHz:60]]
[2026.09.01-02.53.02:582][  0]LogConfig: Set CVar [[demo.RecordUnicastRPCs:1]]
[2026.09.01-02.53.02:582][  0]LogConfig: Set CVar [[demo.UseAdaptiveReplayUpdateFrequency:0]]
[2026.09.01-02.53.02:582][  0]LogConfig: Set CVar [[demo.QueueCheckpointChannels:0]]
[2026.09.01-02.53.02:582][  0]LogConfig: Set CVar [[tick.AllowBatchedTicks:1]]
[2026.09.01-02.53.02:582][  0]LogConfig: Set CVar [[AllowAsyncRenderThreadUpdatesEditorGameWorld:1]]
[2026.09.01-02.53.02:582][  0]LogConfig: Set CVar [[p.RecentlyRenderedRequiresOnScreen:1]]
[2026.09.01-02.53.02:582][  0]LogConfig: Set CVar [[fx.Budget.Enabled:1]]
[2026.09.01-02.53.02:582][  0]LogConfig: Set CVar [[fx.Budget.GameThread:1.0]]
[2026.09.01-02.53.02:582][  0]LogConfig: Set CVar [[fx.Budget.RenderThread:1.0]]
[2026.09.01-02.53.02:582][  0]LogConfig: Set CVar [[fx.Budget.HistoryFrames:240]]
[2026.09.01-02.53.02:582][  0]LogConfig: Set CVar [[fx.Budget.GameThreadConcurrent:3.0]]
[2026.09.01-02.53.02:582][  0]LogConfig: Set CVar [[fx.Budget.AdjustedUsageMax:1.0]]
[2026.09.01-02.53.02:582][  0]LogConfig: Set CVar [[fx.Niagara.WorldManager.FirstHighPriTickGroup:1]]
[2026.09.01-02.53.02:584][  0]LogConfig: Set CVar [[fx.Niagara.TaskPriorities.TickGroupPriority:TG_PrePhysics:2,TG_StartPhysics:2,TG_DuringPhysics:2,TG_LastDemotable:0]]
[2026.09.01-02.53.02:584][  0]LogConfig: Set CVar [[fx.Niagara.SystemSimulation.SkipTickDeltaSeconds:0.00001]]
[2026.09.01-02.53.02:584][  0]LogConfig: Set CVar [[FX.BatchAsync:1]]
[2026.09.01-02.53.02:584][  0]LogConfig: Set CVar [[fx.AllowFastPathFunctionLibrary:1]]
[2026.09.01-02.53.02:584][  0]LogConfig: Set CVar [[fx.Niagara.DataChannels.AllowAsyncLoad:0]]
[2026.09.01-02.53.02:584][  0]LogConfig: Set CVar [[fx.PSCMan.Enable:0]]
[2026.09.01-02.53.02:584][  0]LogConfig: Set CVar [[p.RigidBodyNode.MaxSubSteps:1]]
[2026.09.01-02.53.02:584][  0]LogConfig: Set CVar [[p.RigidBodyNode.DeferredSimulationDefault:1]]
[2026.09.01-02.53.02:584][  0]LogConfig: Set CVar [[p.RigidBodyNode.TaskPriority.Simulation:2]]
[2026.09.01-02.53.02:584][  0]LogConfig: Set CVar [[p.Chaos.TriMeshPerPolySupport:0]]
[2026.09.01-02.53.02:584][  0]LogConfig: Set CVar [[p.Chaos.UseRBANForDefaultPhysicsAssetSolverType:1]]
[2026.09.01-02.53.02:584][  0]LogConfig: Set CVar [[p.Chaos.Convex.SimplifyUnion:1]]
[2026.09.01-02.53.02:584][  0]LogConfig: Set CVar [[p.Chaos.EnableAsyncInitBody:1]]
[2026.09.01-02.53.02:584][  0]LogConfig: Set CVar [[p.Chaos.AsyncPhysicsStateTask.TimeBudgetMS:1.0]]
[2026.09.01-02.53.02:584][  0]LogConfig: Set CVar [[Slate.CopyBackbufferToSlatePostRenderTargets:1]]
[2026.09.01-02.53.02:584][  0]LogConfig: Set CVar [[Slate.EnableRetainedRendering:0]]
[2026.09.01-02.53.02:584][  0]LogConfig: Set CVar [[Slate.Font.AsyncLazyLoad:1]]
[2026.09.01-02.53.02:584][  0]LogConfig: Set CVar [[Slate.MaxFontAtlasPagesBeforeFlush:2]]
[2026.09.01-02.53.02:584][  0]LogConfig: Set CVar [[wp.Runtime.EnableServerStreaming:2]]
[2026.09.01-02.53.02:584][  0]LogConfig: Set CVar [[wp.Runtime.BlockOnSlowStreaming:0]]
[2026.09.01-02.53.02:584][  0]LogConfig: Set CVar [[wp.Runtime.LevelStreamingContinuouslyIncrementalGCWhileLevelsPendingPurgeForWP:16]]
[2026.09.01-02.53.02:584][  0]LogConfig: Set CVar [[wp.Runtime.HLOD.ForceDisableShadows:1]]
[2026.09.01-02.53.02:584][  0]LogConfig: Set CVar [[Sequencer.NetSyncThreshold:100]]
[2026.09.01-02.53.02:584][  0]LogConfig: Set CVar [[Sequencer.SmoothedNetSyncDeviationThreshold:100]]
[2026.09.01-02.53.02:584][  0]LogConfig: Set CVar [[CurveTable.RemoveRedundantKeys:0]]
[2026.09.01-02.53.02:584][  0]LogConfig: Set CVar [[r.InstanceCulling.OcclusionCull:1]]
[2026.09.01-02.53.02:584][  0]LogConfig: Set CVar [[r.IndirectLightingCache:0]]
[2026.09.01-02.53.02:584][  0]LogConfig: Set CVar [[r.Cache.SampleTransitionSpeed:3200]]
[2026.09.01-02.53.02:584][  0]LogConfig: Set CVar [[r.Cache.MaxBlockUpdatesPerFrame:30]]
[2026.09.01-02.53.02:584][  0]LogConfig: Set CVar [[gc.AllowIncrementalReachability:1]]
[2026.09.01-02.53.02:584][  0]LogConfig: Set CVar [[gc.AllowIncrementalGather:1]]
[2026.09.01-02.53.02:584][  0]LogConfig: Set CVar [[gc.IncrementalReachabilityTimeLimit:0.002]]
[2026.09.01-02.53.02:584][  0]LogConfig: Set CVar [[gc.LowMemory.MemoryThresholdMB:300]]
[2026.09.01-02.53.02:584][  0]LogConfig: Set CVar [[gc.LowMemory.TimeBetweenPurgingPendingKillObjects:15]]
[2026.09.01-02.53.02:584][  0]LogConfig: Set CVar [[gc.LowMemory.IncrementalGCTimePerFrame:0.004]]
[2026.09.01-02.53.02:584][  0]LogConfig: Set CVar [[p.DeferCharacterMeshMovement:1]]
[2026.09.01-02.53.02:584][  0]LogConfig: Set CVar [[Controller.IsPushBased:1]]
[2026.09.01-02.53.02:584][  0]LogConfig: Set CVar [[PlayerController.IsPushBased:1]]
[2026.09.01-02.53.02:584][  0]LogConfig: Set CVar [[ControlRig.EnableAnimNodePerformanceOptimizations:1]]
[2026.09.01-02.53.02:584][  0]LogConfig: Set CVar [[1047.engine.AllowMapBuildDataActors:0]]
[2026.09.01-02.53.02:584][  0]LogConfig: Set CVar [[1047.engine.OnDemandComponentTransforms:1]]
[2026.09.01-02.53.02:584][  0]LogConfig: Set CVar [[1047.engine.OnDemandComponentTransformsServer:0]]
[2026.09.01-02.53.02:584][  0]LogConfig: Set CVar [[1047.engine.ParallelEndOfFrameTransformUpdate:1]]
[2026.09.01-02.53.02:584][  0]LogConfig: Set CVar [[1047.engine.OnDemandKinematicBoneUpdates:1]]
[2026.09.01-02.53.02:584][  0]LogConfig: Set CVar [[1047.pool.Enabled:0]]
[2026.09.01-02.53.02:584][  0]LogConfig: Set CVar [[1047.settings.SkipCalibrationForNvidia5000:0]]
[2026.09.01-02.53.02:584][  0]LogConfig: Set CVar [[s.UseUnifiedTimeBudgetForStreaming:1]]
[2026.09.01-02.53.02:584][  0]LogConfig: Set CVar [[LevelStreaming.AsyncRegisterLevelContext.Enabled:1]]
[2026.09.01-02.53.02:584][  0]LogConfig: Set CVar [[LevelStreaming.AllowIncrementalPreRegisterComponents:1]]
[2026.09.01-02.53.02:584][  0]LogConfig: Set CVar [[LevelStreaming.AllowIncrementalPreUnregisterComponents:1]]
[2026.09.01-02.53.02:584][  0]LogConfig: Set CVar [[LevelStreaming.MaximumMakingVisibleLevels:2]]
[2026.09.01-02.53.02:584][  0]LogConfig: Set CVar [[LevelStreaming.MaximumMakingInvisibleLevels:2]]
[2026.09.01-02.53.02:584][  0]LogConfig: Set CVar [[s.LevelStreamingRouteActorEndPlayForRemoveFromWorldGranularity:10]]
[2026.09.01-02.53.02:584][  0]LogConfig: Set CVar [[s.AsyncLoadingTimeLimit:1]]
[2026.09.01-02.53.02:584][  0]LogConfig: Set CVar [[s.LevelStreamingActorsUpdateTimeLimit:1]]
[2026.09.01-02.53.02:584][  0]LogConfig: Set CVar [[r.Streaming.AllowParallelRenderAssetStreamingManagerIncrementalUpdate:1]]
[2026.09.01-02.53.02:584][  0]LogConfig: Set CVar [[r.Streaming.EnableTexturesSamplingStreamingCache:1]]
[2026.09.01-02.53.02:584][  0]LogConfig: Set CVar [[FastGeo.AsyncRenderStateTask.TimeBudgetMS:1]]
[2026.09.01-02.53.02:584][  0]LogConfig: Set CVar [[FastGeo.AsyncRenderStateTask.ParallelWorkerCount:4]]
[2026.09.01-02.53.02:584][  0]LogConfig: Set CVar [[s.StreamableAssets.UseSimpleStreamableAssetManager:1]]
[2026.09.01-02.53.02:584][  0]LogConfig: Set CVar [[1047.net.PortalReplicationViewDistance:10000]]
[2026.09.01-02.53.02:584][  0]LogConfig: Set CVar [[1047.spectator.ViewTransitions:1]]
[2026.09.01-02.53.02:584][  0]LogConfig: Set CVar [[r.StaticMesh.StripMinLodDataDuringCooking:1]]
[2026.09.01-02.53.02:584][  0]LogConfig: Set CVar [[r.SkeletalMesh.StripMinLodDataDuringCooking:1]]
[2026.09.01-02.53.02:584][  0]LogConfig: Set CVar [[r.GPUCsvStatsEnabled:1]]
[2026.09.01-02.53.02:584][  0]LogConfig: Set CVar [[1047.ai.HTNTimeBudget:0.005]]
[2026.09.01-02.53.02:584][  0]LogConfig: Set CVar [[p.FindTeleportSpotPathTestEnabled:1]]
[2026.09.01-02.53.02:584][  0]LogConfig: Set CVar [[r.PSOPrecache.KeepInMemoryUntilUsed:2]]
[2026.09.01-02.53.02:584][  0]LogConfig: Set CVar [[1047.char.EnableWallRun:0]]
[2026.09.01-02.53.02:584][  0]LogConfig: Set CVar [[1047.char.EnableWallJump:0]]
[2026.09.01-02.53.02:584][  0]LogInit: Computer: VICTUS
[2026.09.01-02.53.02:584][  0]LogInit: User: REDACTED_USER
[2026.09.01-02.53.02:584][  0]LogInit: CPU Page size=4096, Cores=8
[2026.09.01-02.53.02:584][  0]LogInit: High frequency timer resolution =10.000000 MHz
[2026.09.01-02.53.03:615][  0]LogMemory: Memory total: Physical=15.3GB (16GB approx) Virtual=30.6GB
[2026.09.01-02.53.03:615][  0]LogMemory: Platform Memory Stats for WindowsClient
[2026.09.01-02.53.03:615][  0]LogMemory: Process Physical Memory: 1074.01 MB used, 1079.02 MB peak
[2026.09.01-02.53.03:615][  0]LogMemory: Process Virtual Memory: 906.49 MB used, 906.49 MB peak
[2026.09.01-02.53.03:615][  0]LogMemory: Physical Memory: 7440.08 MB used,  8205.27 MB free, 15645.34 MB total
[2026.09.01-02.53.03:615][  0]LogMemory: Virtual Memory: 7558.20 MB used,  23732.14 MB free, 31290.34 MB total
[2026.09.01-02.53.03:624][  0]LogWindows: WindowsPlatformFeatures enabled
[2026.09.01-02.53.03:624][  0]LogInit: Physics initialised using underlying interface: Chaos
[2026.09.01-02.53.03:625][  0]LogInit: Using OS detected language (en-GB).
[2026.09.01-02.53.03:625][  0]LogInit: Using OS detected locale (en-GB).
[2026.09.01-02.53.03:627][  0]LogTextLocalizationManager: No specific localization for 'en-GB' exists, so 'en' will be used for the language.
[2026.09.01-02.53.03:702][  0]LogWindowsTextInputMethodSystem: Available input methods:
[2026.09.01-02.53.03:702][  0]LogWindowsTextInputMethodSystem:   - English (United Kingdom) - (Keyboard).
[2026.09.01-02.53.03:702][  0]LogWindowsTextInputMethodSystem:   - English (United Kingdom) - (Keyboard).
[2026.09.01-02.53.03:702][  0]LogWindowsTextInputMethodSystem:   - English (United Kingdom) - (Keyboard).
[2026.09.01-02.53.03:702][  0]LogWindowsTextInputMethodSystem:   - English (United Kingdom) - (Keyboard).
[2026.09.01-02.53.03:702][  0]LogWindowsTextInputMethodSystem:   - English (United Kingdom) - (Keyboard).
[2026.09.01-02.53.03:702][  0]LogWindowsTextInputMethodSystem:   - English (United Kingdom) - (Keyboard).
[2026.09.01-02.53.03:702][  0]LogWindowsTextInputMethodSystem:   - English (United Kingdom) - (Keyboard).
[2026.09.01-02.53.03:702][  0]LogWindowsTextInputMethodSystem:   - English (United Kingdom) - (Keyboard).
[2026.09.01-02.53.03:702][  0]LogWindowsTextInputMethodSystem:   - English (United Kingdom) - (Keyboard).
[2026.09.01-02.53.03:702][  0]LogWindowsTextInputMethodSystem:   - English (United Kingdom) - (Keyboard).
[2026.09.01-02.53.03:702][  0]LogWindowsTextInputMethodSystem:   - English (United Kingdom) - (Keyboard).
[2026.09.01-02.53.03:702][  0]LogWindowsTextInputMethodSystem:   - English (United Kingdom) - (Keyboard).
[2026.09.01-02.53.03:702][  0]LogWindowsTextInputMethodSystem:   - English (United Kingdom) - (Keyboard).
[2026.09.01-02.53.03:702][  0]LogWindowsTextInputMethodSystem:   - English (United Kingdom) - (Keyboard).
[2026.09.01-02.53.03:702][  0]LogWindowsTextInputMethodSystem:   - English (United Kingdom) - (Keyboard).
[2026.09.01-02.53.03:702][  0]LogWindowsTextInputMethodSystem:   - English (United Kingdom) - (Keyboard).
[2026.09.01-02.53.03:702][  0]LogWindowsTextInputMethodSystem:   - English (United Kingdom) - (Keyboard).
[2026.09.01-02.53.03:702][  0]LogWindowsTextInputMethodSystem:   - English (United Kingdom) - (Keyboard).
[2026.09.01-02.53.03:702][  0]LogWindowsTextInputMethodSystem:   - English (United Kingdom) - (Keyboard).
[2026.09.01-02.53.03:702][  0]LogWindowsTextInputMethodSystem:   - English (United Kingdom) - (Keyboard).
[2026.09.01-02.53.03:702][  0]LogWindowsTextInputMethodSystem:   - English (United Kingdom) - (Keyboard).
[2026.09.01-02.53.03:702][  0]LogWindowsTextInputMethodSystem:   - English (United Kingdom) - (Keyboard).
[2026.09.01-02.53.03:702][  0]LogWindowsTextInputMethodSystem:   - English (United Kingdom) - (Keyboard).
[2026.09.01-02.53.03:702][  0]LogWindowsTextInputMethodSystem:   - English (United Kingdom) - (Keyboard).
[2026.09.01-02.53.03:702][  0]LogWindowsTextInputMethodSystem:   - English (United Kingdom) - (Keyboard).
[2026.09.01-02.53.03:702][  0]LogWindowsTextInputMethodSystem:   - English (United Kingdom) - (Keyboard).
[2026.09.01-02.53.03:702][  0]LogWindowsTextInputMethodSystem:   - English (United Kingdom) - (Keyboard).
[2026.09.01-02.53.03:702][  0]LogWindowsTextInputMethodSystem:   - English (United Kingdom) - (Keyboard).
[2026.09.01-02.53.03:702][  0]LogWindowsTextInputMethodSystem:   - English (United Kingdom) - (Keyboard).
[2026.09.01-02.53.03:702][  0]LogWindowsTextInputMethodSystem:   - English (United Kingdom) - (Keyboard).
[2026.09.01-02.53.03:702][  0]LogWindowsTextInputMethodSystem:   - English (United Kingdom) - (Keyboard).
[2026.09.01-02.53.03:702][  0]LogWindowsTextInputMethodSystem:   - English (United Kingdom) - (Keyboard).
[2026.09.01-02.53.03:702][  0]LogWindowsTextInputMethodSystem:   - English (United Kingdom) - (Keyboard).
[2026.09.01-02.53.03:702][  0]LogWindowsTextInputMethodSystem:   - English (United Kingdom) - (Keyboard).
[2026.09.01-02.53.03:702][  0]LogWindowsTextInputMethodSystem:   - English (United Kingdom) - (Keyboard).
[2026.09.01-02.53.03:702][  0]LogWindowsTextInputMethodSystem:   - English (United Kingdom) - (Keyboard).
[2026.09.01-02.53.03:702][  0]LogWindowsTextInputMethodSystem:   - English (United Kingdom) - (Keyboard).
[2026.09.01-02.53.03:702][  0]LogWindowsTextInputMethodSystem:   - English (United Kingdom) - (Keyboard).
[2026.09.01-02.53.03:702][  0]LogWindowsTextInputMethodSystem:   - English (United Kingdom) - (Keyboard).
[2026.09.01-02.53.03:702][  0]LogWindowsTextInputMethodSystem:   - English (United Kingdom) - (Keyboard).
[2026.09.01-02.53.03:702][  0]LogWindowsTextInputMethodSystem:   - English (United Kingdom) - (Keyboard).
[2026.09.01-02.53.03:702][  0]LogWindowsTextInputMethodSystem:   - English (United Kingdom) - (Keyboard).
[2026.09.01-02.53.03:702][  0]LogWindowsTextInputMethodSystem:   - English (United Kingdom) - (Keyboard).
[2026.09.01-02.53.03:702][  0]LogWindowsTextInputMethodSystem:   - English (United Kingdom) - (Keyboard).
[2026.09.01-02.53.03:702][  0]LogWindowsTextInputMethodSystem:   - English (United Kingdom) - (Keyboard).
[2026.09.01-02.53.03:702][  0]LogWindowsTextInputMethodSystem:   - English (United Kingdom) - (Keyboard).
[2026.09.01-02.53.03:702][  0]LogWindowsTextInputMethodSystem:   - English (United Kingdom) - (Keyboard).
[2026.09.01-02.53.03:702][  0]LogWindowsTextInputMethodSystem:   - English (United Kingdom) - (Keyboard).
[2026.09.01-02.53.03:702][  0]LogWindowsTextInputMethodSystem:   - English (United Kingdom) - (Keyboard).
[2026.09.01-02.53.03:702][  0]LogWindowsTextInputMethodSystem:   - English (United Kingdom) - (Keyboard).
[2026.09.01-02.53.03:702][  0]LogWindowsTextInputMethodSystem:   - English (United Kingdom) - (Keyboard).
[2026.09.01-02.53.03:702][  0]LogWindowsTextInputMethodSystem:   - English (United Kingdom) - (Keyboard).
[2026.09.01-02.53.03:702][  0]LogWindowsTextInputMethodSystem:   - English (United Kingdom) - (Keyboard).
[2026.09.01-02.53.03:702][  0]LogWindowsTextInputMethodSystem:   - English (United Kingdom) - (Keyboard).
[2026.09.01-02.53.03:702][  0]LogWindowsTextInputMethodSystem:   - English (United Kingdom) - (Keyboard).
[2026.09.01-02.53.03:702][  0]LogWindowsTextInputMethodSystem:   - English (United Kingdom) - (Keyboard).
[2026.09.01-02.53.03:702][  0]LogWindowsTextInputMethodSystem:   - English (United Kingdom) - (Keyboard).
[2026.09.01-02.53.03:702][  0]LogWindowsTextInputMethodSystem:   - English (United Kingdom) - (Keyboard).
[2026.09.01-02.53.03:702][  0]LogWindowsTextInputMethodSystem:   - English (United Kingdom) - (Keyboard).
[2026.09.01-02.53.03:702][  0]LogWindowsTextInputMethodSystem:   - English (United Kingdom) - (Keyboard).
[2026.09.01-02.53.03:702][  0]LogWindowsTextInputMethodSystem:   - English (United Kingdom) - (Keyboard).
[2026.09.01-02.53.03:702][  0]LogWindowsTextInputMethodSystem:   - English (United Kingdom) - (Keyboard).
[2026.09.01-02.53.03:702][  0]LogWindowsTextInputMethodSystem:   - English (United Kingdom) - (Keyboard).
[2026.09.01-02.53.03:702][  0]LogWindowsTextInputMethodSystem:   - English (United Kingdom) - (Keyboard).
[2026.09.01-02.53.03:702][  0]LogWindowsTextInputMethodSystem:   - English (United Kingdom) - (Keyboard).
[2026.09.01-02.53.03:702][  0]LogWindowsTextInputMethodSystem:   - English (United Kingdom) - (Keyboard).
[2026.09.01-02.53.03:702][  0]LogWindowsTextInputMethodSystem:   - English (United Kingdom) - (Keyboard).
[2026.09.01-02.53.03:702][  0]LogWindowsTextInputMethodSystem:   - English (United Kingdom) - (Keyboard).
[2026.09.01-02.53.03:702][  0]LogWindowsTextInputMethodSystem:   - English (United Kingdom) - (Keyboard).
[2026.09.01-02.53.03:702][  0]LogWindowsTextInputMethodSystem:   - English (United Kingdom) - (Keyboard).
[2026.09.01-02.53.03:702][  0]LogWindowsTextInputMethodSystem:   - English (United Kingdom) - (Keyboard).
[2026.09.01-02.53.03:702][  0]LogWindowsTextInputMethodSystem:   - English (United Kingdom) - (Keyboard).
[2026.09.01-02.53.03:702][  0]LogWindowsTextInputMethodSystem:   - English (United Kingdom) - (Keyboard).
[2026.09.01-02.53.03:702][  0]LogWindowsTextInputMethodSystem:   - English (United Kingdom) - (Keyboard).
[2026.09.01-02.53.03:702][  0]LogWindowsTextInputMethodSystem:   - English (United Kingdom) - (Keyboard).
[2026.09.01-02.53.03:702][  0]LogWindowsTextInputMethodSystem:   - English (United Kingdom) - (Keyboard).
[2026.09.01-02.53.03:702][  0]LogWindowsTextInputMethodSystem:   - English (United Kingdom) - (Keyboard).
[2026.09.01-02.53.03:702][  0]LogWindowsTextInputMethodSystem:   - English (United Kingdom) - (Keyboard).
[2026.09.01-02.53.03:702][  0]LogWindowsTextInputMethodSystem:   - English (United Kingdom) - (Keyboard).
[2026.09.01-02.53.03:702][  0]LogWindowsTextInputMethodSystem:   - English (United Kingdom) - (Keyboard).
[2026.09.01-02.53.03:702][  0]LogWindowsTextInputMethodSystem:   - English (United Kingdom) - (Keyboard).
[2026.09.01-02.53.03:702][  0]LogWindowsTextInputMethodSystem:   - English (United Kingdom) - (Keyboard).
[2026.09.01-02.53.03:702][  0]LogWindowsTextInputMethodSystem:   - English (United Kingdom) - (Keyboard).
[2026.09.01-02.53.03:702][  0]LogWindowsTextInputMethodSystem:   - English (United Kingdom) - (Keyboard).
[2026.09.01-02.53.03:702][  0]LogWindowsTextInputMethodSystem:   - English (United Kingdom) - (Keyboard).
[2026.09.01-02.53.03:702][  0]LogWindowsTextInputMethodSystem:   - English (United Kingdom) - (Keyboard).
[2026.09.01-02.53.03:702][  0]LogWindowsTextInputMethodSystem:   - English (United Kingdom) - (Keyboard).
[2026.09.01-02.53.03:702][  0]LogWindowsTextInputMethodSystem:   - English (United Kingdom) - (Keyboard).
[2026.09.01-02.53.03:702][  0]LogWindowsTextInputMethodSystem:   - English (United Kingdom) - (Keyboard).
[2026.09.01-02.53.03:702][  0]LogWindowsTextInputMethodSystem:   - English (United Kingdom) - (Keyboard).
[2026.09.01-02.53.03:702][  0]LogWindowsTextInputMethodSystem:   - English (United Kingdom) - (Keyboard).
[2026.09.01-02.53.03:702][  0]LogWindowsTextInputMethodSystem:   - English (United Kingdom) - (Keyboard).
[2026.09.01-02.53.03:702][  0]LogWindowsTextInputMethodSystem:   - English (United Kingdom) - (Keyboard).
[2026.09.01-02.53.03:702][  0]LogWindowsTextInputMethodSystem:   - English (United Kingdom) - (Keyboard).
[2026.09.01-02.53.03:702][  0]LogWindowsTextInputMethodSystem:   - English (United Kingdom) - (Keyboard).
[2026.09.01-02.53.03:702][  0]LogWindowsTextInputMethodSystem:   - English (United Kingdom) - (Keyboard).
[2026.09.01-02.53.03:702][  0]LogWindowsTextInputMethodSystem:   - English (United Kingdom) - (Keyboard).
[2026.09.01-02.53.03:702][  0]LogWindowsTextInputMethodSystem:   - English (United Kingdom) - (Keyboard).
[2026.09.01-02.53.03:702][  0]LogWindowsTextInputMethodSystem:   - English (United Kingdom) - (Keyboard).
[2026.09.01-02.53.03:702][  0]LogWindowsTextInputMethodSystem:   - English (United Kingdom) - (Keyboard).
[2026.09.01-02.53.03:702][  0]LogWindowsTextInputMethodSystem:   - English (United Kingdom) - (Keyboard).
[2026.09.01-02.53.03:702][  0]LogWindowsTextInputMethodSystem:   - English (United Kingdom) - (Keyboard).
[2026.09.01-02.53.03:702][  0]LogWindowsTextInputMethodSystem:   - English (United Kingdom) - (Keyboard).
[2026.09.01-02.53.03:702][  0]LogWindowsTextInputMethodSystem:   - English (United Kingdom) - (Keyboard).
[2026.09.01-02.53.03:702][  0]LogWindowsTextInputMethodSystem:   - English (United Kingdom) - (Keyboard).
[2026.09.01-02.53.03:702][  0]LogWindowsTextInputMethodSystem:   - English (United Kingdom) - (Keyboard).
[2026.09.01-02.53.03:702][  0]LogWindowsTextInputMethodSystem:   - English (United Kingdom) - (Keyboard).
[2026.09.01-02.53.03:702][  0]LogWindowsTextInputMethodSystem:   - English (United Kingdom) - (Keyboard).
[2026.09.01-02.53.03:702][  0]LogWindowsTextInputMethodSystem:   - English (United Kingdom) - (Keyboard).
[2026.09.01-02.53.03:702][  0]LogWindowsTextInputMethodSystem:   - English (United Kingdom) - (Keyboard).
[2026.09.01-02.53.03:702][  0]LogWindowsTextInputMethodSystem:   - English (United Kingdom) - (Keyboard).
[2026.09.01-02.53.03:702][  0]LogWindowsTextInputMethodSystem:   - English (United Kingdom) - (Keyboard).
[2026.09.01-02.53.03:702][  0]LogWindowsTextInputMethodSystem:   - English (United Kingdom) - (Keyboard).
[2026.09.01-02.53.03:702][  0]LogWindowsTextInputMethodSystem:   - English (United Kingdom) - (Keyboard).
[2026.09.01-02.53.03:702][  0]LogWindowsTextInputMethodSystem:   - English (United Kingdom) - (Keyboard).
[2026.09.01-02.53.03:702][  0]LogWindowsTextInputMethodSystem: Activated input method: English (United Kingdom) - (Keyboard).
[2026.09.01-02.53.03:709][  0]LogSlate: New Slate User Created. Platform User Id 0, User Index 0, Is Virtual User: 0
[2026.09.01-02.53.03:709][  0]LogSlate: Slate User Registered.  User Index 0, Is Virtual User: 0
[2026.09.01-02.53.03:720][  0]LogRHI: Using Default RHI: D3D12
[2026.09.01-02.53.03:720][  0]LogRHI: Using Highest Feature Level of D3D12: SM6
[2026.09.01-02.53.03:720][  0]LogRHI: Loading RHI module D3D12RHI
[2026.09.01-02.53.03:720][  0]LogRHI: Checking if RHI D3D12 with Feature Level SM6 is supported by your system.
[2026.09.01-02.53.03:720][  0]LogRHI: RHI D3D12 with Feature Level SM6 is supported and will be used.
[2026.09.01-02.53.03:720][  0]LogD3D12RHI: Display: Creating D3D12 RHI with Max Feature Level SM6
[2026.09.01-02.53.03:722][  0]LogWindows: Attached monitors:
[2026.09.01-02.53.03:722][  0]LogWindows:     resolution: 1920x1080, work area: (0, 0) -> (1920, 1025), device: '\\.\DISPLAY1' [PRIMARY]
[2026.09.01-02.53.03:722][  0]LogWindows: Found 1 attached monitors.
[2026.09.01-02.53.03:722][  0]LogWindows: Gathering driver information using Windows Setup API
[2026.09.01-02.53.03:724][  0]LogRHI: RHI Adapter Info:
[2026.09.01-02.53.03:724][  0]LogRHI:             Name: NVIDIA GeForce RTX 3050 Laptop GPU
[2026.09.01-02.53.03:724][  0]LogRHI:   Driver Version: 999.99 (internal:35.0.99.9999, unified:999.99)
[2026.09.01-02.53.03:724][  0]LogRHI:      Driver Date: 9-1-2026
[2026.09.01-02.53.03:725][  0]LogD3D12RHI: Display: Loaded shaders cache version: 6, current version: 6
[2026.09.01-02.53.03:725][  0]LogD3D12RHI:     GPU DeviceId: 0x25a2 (for the marketing name, search the web for "GPU Device Id")
[2026.09.01-02.53.03:725][  0]LogD3D12RHI: InitD3DDevice: -D3DDebug = off -D3D12GPUValidation = off
[2026.09.01-02.53.03:798][  0]LogNvidiaAftermath: Aftermath crash dumping failed to initialize (bad0000c).
[2026.09.01-02.53.04:273][  0]LogNvidiaAftermath: Aftermath is not loaded.
[2026.09.01-02.53.04:273][  0]LogD3D12RHI: ID3D12Device1 is supported.
[2026.09.01-02.53.04:273][  0]LogD3D12RHI: ID3D12Device2 is supported.
[2026.09.01-02.53.04:273][  0]LogD3D12RHI: ID3D12Device3 is supported.
[2026.09.01-02.53.04:273][  0]LogD3D12RHI: ID3D12Device4 is supported.
[2026.09.01-02.53.04:273][  0]LogD3D12RHI: ID3D12Device5 is supported.
[2026.09.01-02.53.04:273][  0]LogD3D12RHI: ID3D12Device6 is supported.
[2026.09.01-02.53.04:273][  0]LogD3D12RHI: ID3D12Device7 is supported.
[2026.09.01-02.53.04:273][  0]LogD3D12RHI: ID3D12Device8 is supported.
[2026.09.01-02.53.04:273][  0]LogD3D12RHI: ID3D12Device9 is supported.
[2026.09.01-02.53.04:273][  0]LogD3D12RHI: ID3D12Device10 is supported.
[2026.09.01-02.53.04:273][  0]LogD3D12RHI: ID3D12Device11 is supported.
[2026.09.01-02.53.04:273][  0]LogD3D12RHI: ID3D12Device12 is supported.
[2026.09.01-02.53.04:273][  0]LogD3D12RHI: Bindless resources are supported
[2026.09.01-02.53.04:273][  0]LogD3D12RHI: Stencil ref from pixel shader is not supported
[2026.09.01-02.53.04:273][  0]LogD3D12RHI: Raster order views are supported
[2026.09.01-02.53.04:273][  0]LogD3D12RHI: Wave Operations are supported (wave size: min=32 max=32).
[2026.09.01-02.53.04:273][  0]LogD3D12RHI: Mesh shader tier 1.0 is supported
[2026.09.01-02.53.04:273][  0]LogD3D12RHI: AtomicInt64OnTypedResource is supported
[2026.09.01-02.53.04:273][  0]LogD3D12RHI: AtomicInt64OnGroupShared is supported
[2026.09.01-02.53.04:273][  0]LogD3D12RHI: AtomicInt64OnDescriptorHeapResource is supported
[2026.09.01-02.53.04:273][  0]LogD3D12RHI: Shader Model 6.6 atomic64 is supported
[2026.09.01-02.53.04:291][  0]LogD3D12RHI: [GPUBreadCrumb] Successfully setup breadcrumb resource for DiagnosticBuffer (Queue: 0x0000000058BCDC80)
[2026.09.01-02.53.04:291][  0]LogD3D12RHI: [GPUBreadCrumb] Successfully setup breadcrumb resource for DiagnosticBuffer (Queue: 0x0000000058BCDF00)
[2026.09.01-02.53.04:291][  0]LogD3D12RHI: [GPUBreadCrumb] Successfully setup breadcrumb resource for DiagnosticBuffer (Queue: 0x0000000058BCE180)
[2026.09.01-02.53.04:291][  0]LogD3D12RHI: Display: Not using pipeline state disk cache per r.D3D12.PSO.DiskCache=0
[2026.09.01-02.53.04:291][  0]LogD3D12RHI: Display: Not using driver-optimized pipeline state disk cache per r.D3D12.PSO.DriverOptimizedDiskCache=0
[2026.09.01-02.53.04:291][  0]LogRHI: Texture pool is 2086 MB (70% of 2981 MB)
[2026.09.01-02.53.04:291][  0]LogD3D12RHI: Async texture creation enabled
[2026.09.01-02.53.04:291][  0]LogD3D12RHI: RHI has support for 64 bit atomics
[2026.09.01-02.53.04:299][  0]LogVRS: Current RHI supports per-draw and screenspace Variable Rate Shading
[2026.09.01-02.53.04:300][  0]LogInit: Initializing FReadOnlyCVARCache
[2026.09.01-02.53.04:305][  0]LogRendererCore: Ray tracing is disabled. Reason: disabled through project setting (r.RayTracing=0).
[2026.09.01-02.53.04:309][  0]LogShaderLibrary: Display: Using IoDispatcher for shader code library Global. Total 4072 unique shaders.
[2026.09.01-02.53.04:309][  0]LogShaderLibrary: Display: Cooked Context: Using Shared Shader Library Global
[2026.09.01-02.53.04:309][  0]LogShaderLibrary: Display: Logical shader library 'Global' has been created as a monolithic library
[2026.09.01-02.53.04:310][  0]LogTemp: Display: Clearing the OS Cache
[2026.09.01-02.53.04:317][  0]LogInit: XR: Instanced Stereo Rendering is Disabled
[2026.09.01-02.53.04:317][  0]LogInit: XR: MultiViewport is Disabled
[2026.09.01-02.53.04:317][  0]LogInit: XR: Mobile Multiview is Disabled
[2026.09.01-02.53.04:323][  0]LogSlate: Using FreeType 2.10.0
[2026.09.01-02.53.04:323][  0]LogSlate: SlateFontServices - WITH_FREETYPE: 1, WITH_HARFBUZZ: 1
[2026.09.01-02.53.04:348][  0]LogStreamlineRHI: FStreamlineRHIModule::StartupModule Enter
[2026.09.01-02.53.04:348][  0]LogStreamlineRHI: Using Streamline production binaries from ../../../Engine/Plugins/Marketplace/NVIDIA/StreamlineCore/Binaries/ThirdParty/Win64/. Can be overridden via -slbinaries={production,development,debug} command line switches for non-shipping builds
[2026.09.01-02.53.04:348][  0]LogStreamlineRHI: loading core Streamline functions from Streamline interposer at ../../../Engine/Plugins/Marketplace/NVIDIA/StreamlineCore/Binaries/ThirdParty/Win64/sl.interposer.dll
[2026.09.01-02.53.04:356][  0]LogStreamlineRHI: File '..\..\..\Engine\Plugins\Marketplace\NVIDIA\StreamlineCore\Binaries\ThirdParty\Win64\sl.interposer.dll' is signed by NVIDIA and the signature was verified.
[2026.09.01-02.53.04:358][  0]LogStreamlineRHI: SLInterPoserLibrary = 00006FFFF8CD0000
[2026.09.01-02.53.04:358][  0]LogStreamlineRHI: slInit = 00006FFFF8CD6A70
[2026.09.01-02.53.04:358][  0]LogStreamlineRHI: slShutdown = 00006FFFF8CD6E30
[2026.09.01-02.53.04:358][  0]LogStreamlineRHI: slIsFeatureSupported = 00006FFFF8CD87A0
[2026.09.01-02.53.04:358][  0]LogStreamlineRHI: slIsFeatureLoaded = 00006FFFF8CD70E0
[2026.09.01-02.53.04:358][  0]LogStreamlineRHI: slSetFeatureLoaded = 00006FFFF8CD7130
[2026.09.01-02.53.04:358][  0]LogStreamlineRHI: slEvaluateFeature = 00006FFFF8CD7900
[2026.09.01-02.53.04:358][  0]LogStreamlineRHI: slAllocateResources = 00006FFFF8CD7680
[2026.09.01-02.53.04:358][  0]LogStreamlineRHI: slFreeResources = 00006FFFF8CD77D0
[2026.09.01-02.53.04:358][  0]LogStreamlineRHI: slSetTag = 00006FFFF8CD7230
[2026.09.01-02.53.04:358][  0]LogStreamlineRHI: slGetFeatureRequirements = 00006FFFF8CD97E0
[2026.09.01-02.53.04:358][  0]LogStreamlineRHI: slGetFeatureVersion = 00006FFFF8CD9260
[2026.09.01-02.53.04:358][  0]LogStreamlineRHI: slUpgradeInterface = 00006FFFF8CD7E50
[2026.09.01-02.53.04:358][  0]LogStreamlineRHI: slSetConstants = 00006FFFF8CD7620
[2026.09.01-02.53.04:358][  0]LogStreamlineRHI: slGetNativeInterface = 00006FFFF8CD7BD0
[2026.09.01-02.53.04:358][  0]LogStreamlineRHI: slGetFeatureFunction = 00006FFFF8CDAEC0
[2026.09.01-02.53.04:358][  0]LogStreamlineRHI: slGetNewFrameToken = 00006FFFF8CDB060
[2026.09.01-02.53.04:358][  0]LogStreamlineRHI: slSetD3DDevice = 00006FFFF8CD7A10
[2026.09.01-02.53.04:358][  0]LogStreamlineRHI: PlatformCreateStreamlineRHI Enter
[2026.09.01-02.53.04:358][  0]LogStreamlineRHI: GDynamicRHIName NVIDIA D3D12
[2026.09.01-02.53.04:358][  0]LogStreamlineD3D12RHI: FStreamlineD3D12RHIModule::StartupModule Enter
[2026.09.01-02.53.04:358][  0]LogStreamlineRHI: DLSS plugin enabled, adding DLSS plugin binary search paths to Streamline init paths
[2026.09.01-02.53.04:358][  0]LogStreamlineRHI: NVIDIA Streamline interposer plugin sl.interposer.dll found in search path S:/steamapps/common/Splitgate 2/Engine/Plugins/Marketplace/NVIDIA/StreamlineCore/Binaries/ThirdParty/Win64
[2026.09.01-02.53.04:358][  0]LogStreamlineRHI: NVIDIA NGX DLSS binary nvngx_dlss.dll not found in search path S:/steamapps/common/Splitgate 2/Engine/Plugins/Marketplace/NVIDIA/StreamlineCore/Binaries/ThirdParty/Win64
[2026.09.01-02.53.04:358][  0]LogStreamlineRHI: NVIDIA Streamline interposer plugin sl.interposer.dll not found in search path S:/steamapps/common/Splitgate 2/PortalWars2/Binaries/ThirdParty/NVIDIA/NGX/Win64
[2026.09.01-02.53.04:358][  0]LogStreamlineRHI: NVIDIA NGX DLSS binary nvngx_dlss.dll not found in search path S:/steamapps/common/Splitgate 2/PortalWars2/Binaries/ThirdParty/NVIDIA/NGX/Win64
[2026.09.01-02.53.04:358][  0]LogStreamlineRHI: NVIDIA Streamline interposer plugin sl.interposer.dll not found in search path S:/steamapps/common/Splitgate 2/PortalWars2/Binaries/Win64/Binaries/ThirdParty/NVIDIA/NGX/Win64
[2026.09.01-02.53.04:358][  0]LogStreamlineRHI: NVIDIA NGX DLSS binary nvngx_dlss.dll not found in search path S:/steamapps/common/Splitgate 2/PortalWars2/Binaries/Win64/Binaries/ThirdParty/NVIDIA/NGX/Win64
[2026.09.01-02.53.04:358][  0]LogStreamlineRHI: NVIDIA Streamline interposer plugin sl.interposer.dll not found in search path S:/steamapps/common/Splitgate 2/Engine/Plugins/Marketplace/NVIDIA/DLSS/Binaries/ThirdParty/Win64
[2026.09.01-02.53.04:358][  0]LogStreamlineRHI: NVIDIA NGX DLSS binary nvngx_dlss.dll found in search path S:/steamapps/common/Splitgate 2/Engine/Plugins/Marketplace/NVIDIA/DLSS/Binaries/ThirdParty/Win64
[2026.09.01-02.53.04:358][  0]LogStreamlineRHI: Loading Streamline Reflex since the corresponding cvar r.Streamline.Load.Reflex is set to true
[2026.09.01-02.53.04:358][  0]LogStreamlineRHI: Skipping loading Streamline Latewarp since the corresponding UE StreamlineLatewarp plugin is not enabled
[2026.09.01-02.53.04:358][  0]LogStreamlineRHI: Loading Streamline DLSS-FG since the corresponding cvar r.Streamline.Load.DLSSG is set to true
[2026.09.01-02.53.04:358][  0]LogStreamlineRHI: Skipping loading Streamline DeepDVC since the corresponding UE StreamlineDeepDVC plugin is not enabled
[2026.09.01-02.53.04:358][  0]LogStreamlineRHI: Initializing Streamline
[2026.09.01-02.53.04:358][  0]LogStreamlineRHI: sl::Preferences::logLevel    = 1. Can be overridden via -slloglevel={0,1,2} command line switches
[2026.09.01-02.53.04:358][  0]LogStreamlineRHI: sl::Preferences::showConsole = 0. Can be overridden via -sllogconsole={0,1} command line switches
[2026.09.01-02.53.04:358][  0]LogStreamlineRHI: sl::Preferences::featuresToLoad = {kFeatureReflex (3), kFeatureDLSS_G (1000)}. Feature loading can be overridden on the command line and console variables:
[2026.09.01-02.53.04:358][  0]LogStreamlineRHI: command line -sl{no}reflex, -sl{no}dlssg -sl{no}debugoverlay (non-shipping)
[2026.09.01-02.53.04:358][  0]LogStreamlineRHI: console/config r.Streamline.Load.Reflex, r.Streamline.Load.DLSSG
[2026.09.01-02.53.04:358][  0]LogStreamlineAPI: [Info]: [03-53-04][streamline][info][tid:480][0s:000ms:827us]pluginManager.cpp:489[setHostSDKVersion] Streamline v2.7.30.afa89bde - built on Mon Mar 31 10:49:36 2025 - host SDK v2.7.30
[2026.09.01-02.53.04:359][  0]LogStreamlineAPI: Warning: [Warn]: [03-53-04][streamline][warn][tid:480][0s:001ms:052us]file.h:96[open] File 'C:\ProgramData/NVIDIA/NGX/models/nvngx_config.txt' does not exist
[2026.09.01-02.53.04:359][  0]LogStreamlineAPI: Warning: [Warn]: [03-53-04][streamline][warn][tid:480][0s:001ms:081us]ota.cpp:255[readServerManifest] Failed to open manifest file at: C:\ProgramData/NVIDIA/NGX/models/nvngx_config.txt
[2026.09.01-02.53.04:360][  0]LogStreamlineAPI: [Info]: [03-53-04][streamline][info][tid:480][0s:002ms:185us]ota.cpp:382[checkForOTA] Requesting optional updates!
[2026.09.01-02.53.04:361][  0]LogStreamlineAPI: [Info]: [03-53-04][streamline][info][tid:480][0s:003ms:329us]pluginManager.cpp:618[findPlugins] Looking for plugins in S:/steamapps/common/Splitgate 2/Engine/Plugins/Marketplace/NVIDIA/StreamlineCore/Binaries/ThirdParty/Win64 ...
[2026.09.01-02.53.04:369][  0]LogStreamlineAPI: [Info]: [03-53-04][streamline][info][tid:480][0s:011ms:311us]pluginManager.cpp:1087[loadPlugins] Searching for OTA'd plugins...
[2026.09.01-02.53.04:369][  0]LogStreamlineAPI: Warning: [Warn]: [03-53-04][streamline][warn][tid:480][0s:011ms:511us]ota.cpp:426[getOTAPluginForFeature] Could not find version matching for plugin: reflex_0
[2026.09.01-02.53.04:369][  0]LogStreamlineAPI: Warning: [Warn]: [03-53-04][streamline][warn][tid:480][0s:011ms:669us]ota.cpp:426[getOTAPluginForFeature] Could not find version matching for plugin: dlss_g_0
[2026.09.01-02.53.04:369][  0]LogStreamlineAPI: Warning: [Warn]: [03-53-04][streamline][warn][tid:480][0s:011ms:784us]ota.cpp:426[getOTAPluginForFeature] Could not find version matching for plugin: common_0
[2026.09.01-02.53.04:370][  0]LogStreamlineAPI: Warning: [Warn]: [03-53-04][streamline][warn][tid:480][0s:011ms:928us]ota.cpp:426[getOTAPluginForFeature] Could not find version matching for plugin: pcl_0
[2026.09.01-02.53.04:373][  0]LogStreamlineAPI: Error: [Error]: [03-53-04][streamline][error][tid:752][0s:015ms:781us]ota.cpp:136[execThreadProc] Failed to create process C:\Windows\System32\nvngx_update.exe -cmsid 0 -feature sl_common_0 -api bootstrap
[2026.09.01-02.53.04:374][  0]LogStreamlineAPI: Error: [Error]: [03-53-04][streamline][error][tid:736][0s:016ms:443us]ota.cpp:136[execThreadProc] Failed to create process C:\Windows\System32\nvngx_update.exe -cmsid 0 -feature sl_reflex_0 -api bootstrap
[2026.09.01-02.53.04:375][  0]LogStreamlineAPI: Error: [Error]: [03-53-04][streamline][error][tid:760][0s:017ms:402us]ota.cpp:136[execThreadProc] Failed to create process C:\Windows\System32\nvngx_update.exe -cmsid 0 -feature sl_pcl_0 -api bootstrap
[2026.09.01-02.53.04:375][  0]LogStreamlineAPI: Error: [Error]: [03-53-04][streamline][error][tid:744][0s:017ms:532us]ota.cpp:136[execThreadProc] Failed to create process C:\Windows\System32\nvngx_update.exe -cmsid 0 -feature sl_dlss_g_0 -api bootstrap
[2026.09.01-02.53.04:379][  0]LogStreamlineAPI: Error: [Error]: [03-53-04][streamline][error][tid:740][0s:021ms:835us]ota.cpp:136[execThreadProc] Failed to create process C:\Windows\System32\nvngx_update.exe -cmsid 0 -feature sl_reflex_0 -api update -type dll -gpuarch 0x170 -optional
[2026.09.01-02.53.04:380][  0]LogStreamlineAPI: Error: [Error]: [03-53-04][streamline][error][tid:748][0s:022ms:697us]ota.cpp:136[execThreadProc] Failed to create process C:\Windows\System32\nvngx_update.exe -cmsid 0 -feature sl_dlss_g_0 -api update -type dll -gpuarch 0x170 -optional
[2026.09.01-02.53.04:381][  0]LogStreamlineAPI: Error: [Error]: [03-53-04][streamline][error][tid:756][0s:023ms:336us]ota.cpp:136[execThreadProc] Failed to create process C:\Windows\System32\nvngx_update.exe -cmsid 0 -feature sl_common_0 -api update -type dll -gpuarch 0x170 -optional
[2026.09.01-02.53.04:382][  0]LogStreamlineAPI: Error: [Error]: [03-53-04][streamline][error][tid:764][0s:024ms:134us]ota.cpp:136[execThreadProc] Failed to create process C:\Windows\System32\nvngx_update.exe -cmsid 0 -feature sl_pcl_0 -api update -type dll -gpuarch 0x170 -optional
[2026.09.01-02.53.04:382][  0]LogStreamlineAPI: [Info]: [03-53-04][streamline][info][tid:480][0s:024ms:514us]commonInterface.cpp:150[getSystemCaps] Enumerating up to 8 adapters but only one of them can be used to create a device - no mGPU support in this SDK
[2026.09.01-02.53.04:383][  0]LogStreamlineAPI: [Info]: [03-53-04][streamline][info][tid:480][0s:025ms:180us]commonInterface.cpp:272[getSystemCaps] >-----------------------------------------
[2026.09.01-02.53.04:383][  0]LogStreamlineAPI: [Info]: [03-53-04][streamline][info][tid:480][0s:025ms:194us]commonInterface.cpp:275[getSystemCaps] NVIDIA driver 610.57
[2026.09.01-02.53.04:383][  0]LogStreamlineAPI: [Info]: [03-53-04][streamline][info][tid:480][0s:025ms:227us]commonInterface.cpp:300[getSystemCaps] Adapter 0 architecture 0x170 implementation 0x2 revision 0xffffffff - bit 0x1 - LUID 0.1010
[2026.09.01-02.53.04:383][  0]LogStreamlineAPI: [Info]: [03-53-04][streamline][info][tid:480][0s:025ms:236us]commonInterface.cpp:306[getSystemCaps] -----------------------------------------<
[2026.09.01-02.53.04:383][  0]LogStreamlineAPI: [Info]: [03-53-04][streamline][info][tid:480][0s:025ms:296us]commonEntry.cpp:2049[getOSVersionAndUpdateTimerResolution] Preferred high resolution timer resolution (5000) is unsupported, trying 10000 [100 ns units] instead.
[2026.09.01-02.53.04:383][  0]LogStreamlineAPI: [Info]: [03-53-04][streamline][info][tid:480][0s:025ms:307us]commonEntry.cpp:2055[getOSVersionAndUpdateTimerResolution] Changed high resolution timer resolution to 10000 [100 ns units].
[2026.09.01-02.53.04:383][  0]LogStreamlineAPI: [Info]: [03-53-04][streamline][info][tid:480][0s:025ms:317us]commonEntry.cpp:2130[updateEmbeddedJSON] Detected Windows OS version 10.0.19045
[2026.09.01-02.53.04:383][  0]LogStreamlineAPI: [Info]: [03-53-04][streamline][info][tid:480][0s:025ms:398us]pluginManager.cpp:1002[mapPlugins] Loaded plugin 'sl.common' - version 2.7.30.afa89bde - id 4294967295 - priority 0 - adapter mask 0x1 - interposer 'no'
[2026.09.01-02.53.04:390][  0]LogStreamlineAPI: Warning: [Warn]: [03-53-04][streamline][warn][tid:480][0s:032ms:541us]pluginManager.cpp:887[mapPlugins] Ignoring plugin 'sl.deepdvc' since it is was not requested by the host
[2026.09.01-02.53.04:507][  0]LogStreamlineAPI: Warning: [Warn]: [03-53-04][streamline][warn][tid:480][0s:149ms:116us]dlss_gEntry.cpp:144[updateEmbeddedJSON] Failed to obtain DLSS-G min spec requirements from NGX, using SL defaults
[2026.09.01-02.53.04:507][  0]LogStreamlineAPI: Warning: [Warn]: [03-53-04][streamline][warn][tid:480][0s:149ms:158us]dlss_gEntry.cpp:327[updateEmbeddedJSON] Disabling DLSS-G since it is not supported on current hardware
[2026.09.01-02.53.04:507][  0]LogStreamlineAPI: [Info]: [03-53-04][streamline][info][tid:480][0s:149ms:239us]pluginManager.cpp:1002[mapPlugins] Loaded plugin 'sl.dlss_g' - version 2.7.30.afa89bde - id 1000 - priority 1000 - adapter mask 0x0 - interposer 'no'
[2026.09.01-02.53.04:512][  0]LogStreamlineAPI: [Info]: [03-53-04][streamline][info][tid:480][0s:154ms:399us]pluginManager.cpp:1002[mapPlugins] Loaded plugin 'sl.pcl' - version 2.7.30.afa89bde - id 4 - priority 2 - adapter mask 0x1 - interposer 'no'
[2026.09.01-02.53.04:517][  0]LogStreamlineAPI: [Info]: [03-53-04][streamline][info][tid:480][0s:159ms:601us]pluginManager.cpp:1002[mapPlugins] Loaded plugin 'sl.reflex' - version 2.7.30.afa89bde - id 3 - priority 100 - adapter mask 0x1 - interposer 'no'
[2026.09.01-02.53.04:517][  0]LogStreamlineAPI: Warning: [Warn]: [03-53-04][streamline][warn][tid:480][0s:159ms:622us]pluginManager.cpp:1141[loadPlugins] Ignoring plugin 'sl.dlss_g' since it is not supported on this platform
[2026.09.01-02.53.04:517][  0]LogStreamlineAPI: [Info]: [03-53-04][streamline][info][tid:480][0s:159ms:662us]pluginManager.cpp:1241[loadPlugins] Plugin execution order based on priority:
[2026.09.01-02.53.04:517][  0]LogStreamlineAPI: [Info]: [03-53-04][streamline][info][tid:480][0s:159ms:671us]pluginManager.cpp:1244[loadPlugins] P0 - sl.common
[2026.09.01-02.53.04:517][  0]LogStreamlineAPI: [Info]: [03-53-04][streamline][info][tid:480][0s:159ms:680us]pluginManager.cpp:1244[loadPlugins] P2 - sl.pcl
[2026.09.01-02.53.04:517][  0]LogStreamlineAPI: [Info]: [03-53-04][streamline][info][tid:480][0s:159ms:690us]pluginManager.cpp:1244[loadPlugins] P100 - sl.reflex
[2026.09.01-02.53.04:517][  0]LogStreamlineAPI: [Info]: [03-53-04][streamline][info][tid:480][0s:159ms:700us]pluginManager.cpp:1436[initializePlugins] Initializing plugins - api 0.0.1 - application ID 100721531
[2026.09.01-02.53.04:518][  0]LogStreamlineAPI: [Info]: [03-53-04][streamline][info][tid:480][0s:160ms:137us]commonEntry.cpp:1603[slOnPluginStartup] At least one plugin requires NGX, trying to initialize ...
[2026.09.01-02.53.04:518][  0]LogStreamlineAPI: [Info]: [03-53-04][streamline][info][tid:480][0s:160ms:238us]commonEntry.cpp:1359[ngxLog]  App logging hooks successfully initialized
[2026.09.01-02.53.04:518][  0]LogStreamlineAPI: [Info]: [03-53-04][streamline][info][tid:480][0s:160ms:499us]commonEntry.cpp:1359[ngxLog]  error: registry query operation failed with hr = 0xD0000002
[2026.09.01-02.53.04:518][  0]LogStreamlineAPI: [Info]: [03-53-04][streamline][info][tid:480][0s:160ms:508us]commonEntry.cpp:1359[ngxLog]  error: too many attempts to query adapter info
[2026.09.01-02.53.04:518][  0]LogStreamlineAPI: [Info]: [03-53-04][streamline][info][tid:480][0s:160ms:517us]commonEntry.cpp:1359[ngxLog]  Path to driverStore found using Environment: /run/host/usr/lib/nvidia/wine
[2026.09.01-02.53.04:518][  0]LogStreamlineAPI: [Info]: [03-53-04][streamline][info][tid:480][0s:160ms:656us]commonEntry.cpp:1359[ngxLog]  DRS PROFILE FOUND : ProfileName "", AppName "S:\steamapps\common\Splitgate 2\PortalWars2\Binaries\Win64\PortalWars2Client-Win64-Shipping.exe"
[2026.09.01-02.53.04:518][  0]LogStreamlineAPI: [Info]: [03-53-04][streamline][info][tid:480][0s:160ms:675us]commonEntry.cpp:1359[ngxLog]  called from module sl.common.dll at S:\steamapps\common\Splitgate 2\Engine\Plugins\Marketplace\NVIDIA\StreamlineCore\Binaries\ThirdParty\Win64
[2026.09.01-02.53.04:518][  0]LogStreamlineAPI: [Info]: [03-53-04][streamline][info][tid:480][0s:160ms:762us]commonEntry.cpp:1359[ngxLog]  NGXLoadFromPath failed: -1160773628
[2026.09.01-02.53.04:518][  0]LogStreamlineAPI: [Info]: [03-53-04][streamline][info][tid:480][0s:160ms:907us]commonEntry.cpp:1359[ngxLog]  Override shared memory open failure
[2026.09.01-02.53.04:519][  0]LogStreamlineAPI: [Info]: [03-53-04][streamline][info][tid:776][0s:161ms:090us]commonEntry.cpp:1359[ngxLog]  using path for models: C:\ProgramData\NVIDIA\NGX\models
[2026.09.01-02.53.04:519][  0]LogStreamlineAPI: [Info]: [03-53-04][streamline][info][tid:776][0s:161ms:301us]commonEntry.cpp:1359[ngxLog]  updated access control list for NGX cache (NGX cache should now be usable by all authenticated users)
[2026.09.01-02.53.04:519][  0]LogStreamlineAPI: [Info]: [03-53-04][streamline][info][tid:776][0s:161ms:321us]commonEntry.cpp:1359[ngxLog]  model folder created: C:\ProgramData\NVIDIA\NGX\models
[2026.09.01-02.53.04:519][  0]LogStreamlineAPI: [Info]: [03-53-04][streamline][info][tid:776][0s:161ms:350us]commonEntry.cpp:1359[ngxLog]  Log begin
[2026.09.01-02.53.04:519][  0]LogStreamlineAPI: [Info]: [03-53-04][streamline][info][tid:776][0s:161ms:368us]commonEntry.cpp:1359[ngxLog]  Full command line:
[2026.09.01-02.53.04:519][  0]LogStreamlineAPI: [Info]: [03-53-04][streamline][info][tid:776][0s:161ms:385us]commonEntry.cpp:1359[ngxLog]    <unused>
[2026.09.01-02.53.04:519][  0]LogStreamlineAPI: [Info]: [03-53-04][streamline][info][tid:776][0s:161ms:402us]commonEntry.cpp:1359[ngxLog]    -api
[2026.09.01-02.53.04:519][  0]LogStreamlineAPI: [Info]: [03-53-04][streamline][info][tid:776][0s:161ms:418us]commonEntry.cpp:1359[ngxLog]    update
[2026.09.01-02.53.04:519][  0]LogStreamlineAPI: [Info]: [03-53-04][streamline][info][tid:776][0s:161ms:434us]commonEntry.cpp:1359[ngxLog]    -gpuarch
[2026.09.01-02.53.04:519][  0]LogStreamlineAPI: [Info]: [03-53-04][streamline][info][tid:776][0s:161ms:450us]commonEntry.cpp:1359[ngxLog]    352
[2026.09.01-02.53.04:519][  0]LogStreamlineAPI: [Info]: [03-53-04][streamline][info][tid:776][0s:161ms:466us]commonEntry.cpp:1359[ngxLog]  NGX Updater Not Allowed to run (disabled in config)!
[2026.09.01-02.53.04:699][  0]LogStreamlineAPI: [Info]: [03-53-04][streamline][info][tid:480][0s:341ms:250us]commonEntry.cpp:1359[ngxLog]  app E658702 feature dlss snippet: S:/steamapps/common/Splitgate 2/Engine/Plugins/Marketplace/NVIDIA/DLSS/Binaries/ThirdParty/Win64/nvngx_dlss.dll version: 310.2.1
[2026.09.01-02.53.04:727][  0]LogStreamlineAPI: [Info]: [03-53-04][streamline][info][tid:480][0s:369ms:436us]commonEntry.cpp:1359[ngxLog]  error: snippet is using newer GPU arch 190 > 170
[2026.09.01-02.53.04:763][  0]LogStreamlineAPI: [Info]: [03-53-04][streamline][info][tid:480][0s:405ms:816us]commonEntry.cpp:1359[ngxLog]  Found dlssg driver fallback snippet at /run/host/usr/lib/nvidia/wine
[2026.09.01-02.53.04:763][  0]LogStreamlineAPI: [Info]: [03-53-04][streamline][info][tid:480][0s:405ms:849us]commonEntry.cpp:1359[ngxLog]  app E658702 feature dlssg snippet: S:/steamapps/common/Splitgate 2/Engine/Plugins/Marketplace/NVIDIA/StreamlineCore/Binaries/ThirdParty/Win64/nvngx_dlssg.dll version: 310.2.1
[2026.09.01-02.53.04:777][  0]LogStreamlineAPI: [Info]: [03-53-04][streamline][info][tid:480][0s:419ms:351us]commonEntry.cpp:1359[ngxLog]  app E658702 feature deepdvc snippet: S:/steamapps/common/Splitgate 2/Engine/Plugins/Marketplace/NVIDIA/StreamlineCore/Binaries/ThirdParty/Win64/nvngx_deepdvc.dll version: 310.2.0
[2026.09.01-02.53.05:049][  0]LogStreamlineAPI: [Info]: [03-53-05][streamline][info][tid:480][0s:691ms:298us]commonEntry.cpp:1359[ngxLog]  app E658702 feature dlssd snippet: S:/steamapps/common/Splitgate 2/Engine/Plugins/Marketplace/NVIDIA/DLSS/Binaries/ThirdParty/Win64/nvngx_dlssd.dll version: 310.2.1
[2026.09.01-02.53.05:050][  0]LogStreamlineAPI: [Info]: [03-53-05][streamline][info][tid:480][0s:692ms:873us]commonEntry.cpp:1359[ngxLog] [NGXInitLog:219] App logging hooks successfully initialized
[2026.09.01-02.53.05:050][  0]LogStreamlineAPI: [Info]: [03-53-05][streamline][info][tid:480][0s:692ms:899us]commonEntry.cpp:1359[ngxLog] [NGXInitLog:226] Built with APP_NAME = default_nda
[2026.09.01-02.53.05:051][  0]LogStreamlineAPI: [Info]: [03-53-05][streamline][info][tid:480][0s:693ms:410us]commonEntry.cpp:1359[ngxLog] [NGXCubinD3D12::Init:116] Enabling texmode_raw
[2026.09.01-02.53.05:051][  0]LogStreamlineAPI: [Info]: [03-53-05][streamline][info][tid:480][0s:693ms:740us]commonEntry.cpp:1359[ngxLog] [NGXCubinD3D12::Init:212] Driver supports Fatbins + PTX
[2026.09.01-02.53.05:051][  0]LogStreamlineAPI: [Info]: [03-53-05][streamline][info][tid:480][0s:693ms:763us]commonEntry.cpp:1359[ngxLog] [NGXCubinKernelMap::InitCubins:45] Loading NGXCubin kernels
[2026.09.01-02.53.05:051][  0]LogStreamlineAPI: [Info]: [03-53-05][streamline][info][tid:480][0s:693ms:780us]commonEntry.cpp:1359[ngxLog] [NGXCubinGeneric::SetGPUArch:394] SetGPUArch:: Gpu count = 1, luid: 0x3f2
[2026.09.01-02.53.05:051][  0]LogStreamlineAPI: [Info]: [03-53-05][streamline][info][tid:480][0s:693ms:798us]commonEntry.cpp:1359[ngxLog] [NGXCubinGeneric::SetGPUArch:449] m_gpuArch = 0x170
[2026.09.01-02.53.05:051][  0]LogStreamlineAPI: [Info]: [03-53-05][streamline][info][tid:480][0s:693ms:815us]commonEntry.cpp:1359[ngxLog] [NGXCubinGeneric::SetGPUArch:460] m_smArch  = 0x2
[2026.09.01-02.53.05:051][  0]LogStreamlineAPI: [Info]: [03-53-05][streamline][info][tid:480][0s:693ms:842us]commonEntry.cpp:1359[ngxLog] [NGXCubinGeneric::genericPostInit:145] Fast UAV clear: supported
[2026.09.01-02.53.05:051][  0]LogStreamlineAPI: [Info]: [03-53-05][streamline][info][tid:480][0s:693ms:865us]commonEntry.cpp:1359[ngxLog] [DLSSCubinKernelMap::InitCubins:311] Setting DLAA Cubins
[2026.09.01-02.53.05:051][  0]LogStreamlineAPI: [Info]: [03-53-05][streamline][info][tid:480][0s:693ms:883us]commonEntry.cpp:1359[ngxLog] [DLSSCubinKernelMap::InitCubins:311] Setting DLSS Debug Cubins
[2026.09.01-02.53.05:051][  0]LogStreamlineAPI: [Info]: [03-53-05][streamline][info][tid:480][0s:693ms:900us]commonEntry.cpp:1359[ngxLog] [DLSSCubinKernelMap::InitCubins:311] Setting DLTSS Engine Cubins
[2026.09.01-02.53.05:051][  0]LogStreamlineAPI: [Info]: [03-53-05][streamline][info][tid:480][0s:693ms:916us]commonEntry.cpp:1359[ngxLog] [DLSSCubinKernelMap::InitCubins:311] Setting DLTSS NW Cubins
[2026.09.01-02.53.05:051][  0]LogStreamlineAPI: [Info]: [03-53-05][streamline][info][tid:480][0s:693ms:933us]commonEntry.cpp:1359[ngxLog] [DLSSCubinKernelMap::InitCubins:311] Setting DLTSS NW E5M3_SKIP Cubins
[2026.09.01-02.53.05:061][  0]LogStreamlineAPI: [Info]: [03-53-05][streamline][info][tid:480][0s:703ms:359us]commonEntry.cpp:1359[ngxLog] [NGXInitLog:226] Built with APP_NAME = app_transformer_dlssd
[2026.09.01-02.53.05:061][  0]LogStreamlineAPI: [Info]: [03-53-05][streamline][info][tid:480][0s:703ms:906us]commonEntry.cpp:1359[ngxLog] [DldnCubinKernelMap::InitCubins:129] Setting DLDN Engine Pre / Post Cubins
[2026.09.01-02.53.05:061][  0]LogStreamlineAPI: [Info]: [03-53-05][streamline][info][tid:480][0s:703ms:925us]commonEntry.cpp:1359[ngxLog] [DldnCubinKernelMap::InitCubins:162] Setting DLDN Engine Pre / Post Cubins
[2026.09.01-02.53.05:062][  0]LogStreamlineAPI: Warning: [Warn]: [03-53-05][streamline][warn][tid:480][0s:704ms:916us]commonEntry.cpp:1733[slOnPluginStartup] Valid application id is required in production builds - allowing for now but please fix this
[2026.09.01-02.53.05:063][  0]LogStreamlineAPI: [Info]: [03-53-05][streamline][info][tid:480][0s:704ms:950us]pluginManager.cpp:1544[mapPluginCallbacks] Callback sl.common:slSetData:0x0
[2026.09.01-02.53.05:063][  0]LogStreamlineAPI: [Info]: [03-53-05][streamline][info][tid:480][0s:704ms:972us]pluginManager.cpp:1545[mapPluginCallbacks] Callback sl.common:slGetData:0x0
[2026.09.01-02.53.05:063][  0]LogStreamlineAPI: [Info]: [03-53-05][streamline][info][tid:480][0s:704ms:991us]pluginManager.cpp:1546[mapPluginCallbacks] Callback sl.common:slAllocateResources:0x0
[2026.09.01-02.53.05:063][  0]LogStreamlineAPI: [Info]: [03-53-05][streamline][info][tid:480][0s:705ms:012us]pluginManager.cpp:1547[mapPluginCallbacks] Callback sl.common:slFreeResources:0x0
[2026.09.01-02.53.05:063][  0]LogStreamlineAPI: [Info]: [03-53-05][streamline][info][tid:480][0s:705ms:028us]pluginManager.cpp:1548[mapPluginCallbacks] Callback sl.common:slEvaluateFeature:0x6ffff8c21b30
[2026.09.01-02.53.05:063][  0]LogStreamlineAPI: [Info]: [03-53-05][streamline][info][tid:480][0s:705ms:045us]pluginManager.cpp:1549[mapPluginCallbacks] Callback sl.common:slSetTag:0x6ffff8c20a50
[2026.09.01-02.53.05:063][  0]LogStreamlineAPI: [Info]: [03-53-05][streamline][info][tid:480][0s:705ms:062us]pluginManager.cpp:1550[mapPluginCallbacks] Callback sl.common:slSetTagForFrame:0x6ffff8c20bb0
[2026.09.01-02.53.05:063][  0]LogStreamlineAPI: [Info]: [03-53-05][streamline][info][tid:480][0s:705ms:078us]pluginManager.cpp:1551[mapPluginCallbacks] Callback sl.common:slSetConsts:0x6ffff8c218e0
[2026.09.01-02.53.05:063][  0]LogStreamlineAPI: [Info]: [03-53-05][streamline][info][tid:480][0s:705ms:095us]pluginManager.cpp:1320[processPluginHooks] Hook sl.common:slHookVkPresent:before - skipped
[2026.09.01-02.53.05:063][  0]LogStreamlineAPI: [Info]: [03-53-05][streamline][info][tid:480][0s:705ms:112us]pluginManager.cpp:1320[processPluginHooks] Hook sl.common:slHookVkAfterPresent:after - skipped
[2026.09.01-02.53.05:063][  0]LogStreamlineAPI: [Info]: [03-53-05][streamline][info][tid:480][0s:705ms:130us]pluginManager.cpp:1320[processPluginHooks] Hook sl.common:slHookVkCmdBindPipeline:after - skipped
[2026.09.01-02.53.05:063][  0]LogStreamlineAPI: [Info]: [03-53-05][streamline][info][tid:480][0s:705ms:155us]pluginManager.cpp:1320[processPluginHooks] Hook sl.common:slHookVkCmdBindDescriptorSets:after - skipped
[2026.09.01-02.53.05:063][  0]LogStreamlineAPI: [Info]: [03-53-05][streamline][info][tid:480][0s:705ms:177us]pluginManager.cpp:1320[processPluginHooks] Hook sl.common:slHookVkBeginCommandBuffer:after - skipped
[2026.09.01-02.53.05:063][  0]LogStreamlineAPI: [Info]: [03-53-05][streamline][info][tid:480][0s:705ms:200us]pluginManager.cpp:1344[processPluginHooks] Hook sl.common:slHookResizeSwapChainPre:before - OK
[2026.09.01-02.53.05:063][  0]LogStreamlineD3D12RHI: FStreamlineD3D12RHIModule::StartupModule Leave
[2026.09.01-02.53.05:063][  0]LogStreamlineRHI: PluginBaseDir ../../../Engine/Plugins/Marketplace/NVIDIA/StreamlineCore
[2026.09.01-02.53.05:063][  0]LogStreamlineAPI: [Info]: [03-53-05][streamline][info][tid:480][0s:705ms:219us]pluginManager.cpp:1344[processPluginHooks] Hook sl.common:slHookPresent:before - OK
[2026.09.01-02.53.05:063][  0]LogStreamlineRHI: SLBinariesDir ../../../Engine/Plugins/Marketplace/NVIDIA/StreamlineCore/Binaries/ThirdParty/Win64/
[2026.09.01-02.53.05:063][  0]LogStreamlineRHI: FStreamlineRHI::FStreamlineRHI Enter
[2026.09.01-02.53.05:063][  0]LogStreamlineRHI: FStreamlineRHI::FStreamlineRHI Leave
[2026.09.01-02.53.05:063][  0]LogStreamlineD3D12RHI: FStreamlineD3D12RHI::FStreamlineD3D12RHI Enter
[2026.09.01-02.53.05:063][  0]LogStreamlineD3D12RHI: Skip registering IDXGISwapchainProvider, due to Swapchain proxy creation is disabled by config
[2026.09.01-02.53.05:063][  0]LogStreamlineD3D12RHI: FStreamlineD3D12RHI::FStreamlineD3D12RHI Leave
[2026.09.01-02.53.05:063][  0]LogStreamlineRHI: Streamline supported by the NVIDIA D3D12 RHI in the StreamlineD3D12RHI module at runtime
[2026.09.01-02.53.05:063][  0]LogStreamlineRHI: FStreamlineRHI::PostPlatformRHICreateInit Enter
[2026.09.01-02.53.05:063][  0]LogStreamlineAPI: [Info]: [03-53-05][streamline][info][tid:480][0s:705ms:237us]pluginManager.cpp:1344[processPluginHooks] Hook sl.common:slHookAfterPresent:after - OK
[2026.09.01-02.53.05:063][  0]LogStreamlineRHI: RequestedFeatures = kFeatureReflex (3), kFeatureDLSS_G (1000))
[2026.09.01-02.53.05:063][  0]LogStreamlineAPI: [Info]: [03-53-05][streamline][info][tid:480][0s:705ms:254us]pluginManager.cpp:1344[processPluginHooks] Hook sl.common:slHookPresent1:before - OK
[2026.09.01-02.53.05:063][  0]LogStreamlineRHI: LoadedFeatures = kFeatureReflex (3))
[2026.09.01-02.53.05:063][  0]LogStreamlineAPI: [Info]: [03-53-05][streamline][info][tid:480][0s:705ms:291us]pluginManager.cpp:1544[mapPluginCallbacks] Callback sl.pcl:slSetData:0x6ffff7e689e0
[2026.09.01-02.53.05:063][  0]LogStreamlineAPI: [Info]: [03-53-05][streamline][info][tid:480][0s:705ms:316us]pluginManager.cpp:1545[mapPluginCallbacks] Callback sl.pcl:slGetData:0x6ffff7e689f0
[2026.09.01-02.53.05:063][  0]LogStreamlineAPI: [Info]: [03-53-05][streamline][info][tid:480][0s:705ms:340us]pluginManager.cpp:1546[mapPluginCallbacks] Callback sl.pcl:slAllocateResources:0x0
[2026.09.01-02.53.05:063][  0]LogStreamlineRHI: SupportedFeatures = kFeatureReflex (3))
[2026.09.01-02.53.05:063][  0]LogStreamlineRHI: FStreamlineRHI::PostPlatformRHICreateInit Leave
[2026.09.01-02.53.05:063][  0]LogStreamlineRHI: PlatformCreateStreamlineRHI Leave
[2026.09.01-02.53.05:063][  0]LogStreamlineRHI: FStreamlineRHIModule::StartupModule Leave
[2026.09.01-02.53.05:063][  0]LogStreamlineAPI: [Info]: [03-53-05][streamline][info][tid:480][0s:705ms:359us]pluginManager.cpp:1547[mapPluginCallbacks] Callback sl.pcl:slFreeResources:0x0
[2026.09.01-02.53.05:063][  0]LogStreamlineAPI: [Info]: [03-53-05][streamline][info][tid:480][0s:705ms:376us]pluginManager.cpp:1548[mapPluginCallbacks] Callback sl.pcl:slEvaluateFeature:0x0
[2026.09.01-02.53.05:063][  0]LogStreamlineAPI: [Info]: [03-53-05][streamline][info][tid:480][0s:705ms:392us]pluginManager.cpp:1549[mapPluginCallbacks] Callback sl.pcl:slSetTag:0x0
[2026.09.01-02.53.05:063][  0]LogStreamlineAPI: [Info]: [03-53-05][streamline][info][tid:480][0s:705ms:409us]pluginManager.cpp:1550[mapPluginCallbacks] Callback sl.pcl:slSetTagForFrame:0x0
[2026.09.01-02.53.05:063][  0]LogStreamlineAPI: [Info]: [03-53-05][streamline][info][tid:480][0s:705ms:425us]pluginManager.cpp:1551[mapPluginCallbacks] Callback sl.pcl:slSetConsts:0x0
[2026.09.01-02.53.05:063][  0]LogStreamlineAPI: [Info]: [03-53-05][streamline][info][tid:480][0s:705ms:441us]pluginManager.cpp:1305[processPluginHooks] Plugin 'sl.pcl' has no registered hooks
[2026.09.01-02.53.05:063][  0]LogStreamlineAPI: [Info]: [03-53-05][streamline][info][tid:480][0s:705ms:458us]pluginManager.cpp:1544[mapPluginCallbacks] Callback sl.reflex:slSetData:0x6ffff7e18d10
[2026.09.01-02.53.05:063][  0]LogStreamlineAPI: [Info]: [03-53-05][streamline][info][tid:480][0s:705ms:474us]pluginManager.cpp:1545[mapPluginCallbacks] Callback sl.reflex:slGetData:0x6ffff7e19600
[2026.09.01-02.53.05:063][  0]LogStreamlineAPI: [Info]: [03-53-05][streamline][info][tid:480][0s:705ms:490us]pluginManager.cpp:1546[mapPluginCallbacks] Callback sl.reflex:slAllocateResources:0x0
[2026.09.01-02.53.05:063][  0]LogStreamlineAPI: [Info]: [03-53-05][streamline][info][tid:480][0s:705ms:506us]pluginManager.cpp:1547[mapPluginCallbacks] Callback sl.reflex:slFreeResources:0x0
[2026.09.01-02.53.05:063][  0]LogStreamlineAPI: [Info]: [03-53-05][streamline][info][tid:480][0s:705ms:522us]pluginManager.cpp:1548[mapPluginCallbacks] Callback sl.reflex:slEvaluateFeature:0x0
[2026.09.01-02.53.05:063][  0]LogStreamlineAPI: [Info]: [03-53-05][streamline][info][tid:480][0s:705ms:538us]pluginManager.cpp:1549[mapPluginCallbacks] Callback sl.reflex:slSetTag:0x0
[2026.09.01-02.53.05:063][  0]LogStreamlineAPI: [Info]: [03-53-05][streamline][info][tid:480][0s:705ms:554us]pluginManager.cpp:1550[mapPluginCallbacks] Callback sl.reflex:slSetTagForFrame:0x0
[2026.09.01-02.53.05:063][  0]LogStreamlineAPI: [Info]: [03-53-05][streamline][info][tid:480][0s:705ms:570us]pluginManager.cpp:1551[mapPluginCallbacks] Callback sl.reflex:slSetConsts:0x0
[2026.09.01-02.53.05:063][  0]LogStreamlineAPI: [Info]: [03-53-05][streamline][info][tid:480][0s:705ms:586us]pluginManager.cpp:1305[processPluginHooks] Plugin 'sl.reflex' has no registered hooks
[2026.09.01-02.53.05:063][  0]LogStreamlineAPI: Error: [Error]: [03-53-05][streamline][error][tid:480][0s:705ms:603us]sl.cpp:190[slValidateFeatureContext] 'kFeatureDLSS_G' is missing.
[2026.09.01-02.53.05:146][  0]LogShaderLibrary: Display: Using IoDispatcher for shader code library PortalWars2_Chunk500. Total 23244 unique shaders.
[2026.09.01-02.53.05:147][  0]LogShaderLibrary: Display: Cooked Context: Using Shared Shader Library PortalWars2_Chunk500
[2026.09.01-02.53.05:152][  0]LogShaderLibrary: Display: Using IoDispatcher for shader code library PortalWars2_Chunk400. Total 32964 unique shaders.
[2026.09.01-02.53.05:152][  0]LogShaderLibrary: Display: Cooked Context: Using Shared Shader Library PortalWars2_Chunk400
[2026.09.01-02.53.05:155][  0]LogShaderLibrary: Display: Using IoDispatcher for shader code library PortalWars2_Chunk300. Total 16144 unique shaders.
[2026.09.01-02.53.05:155][  0]LogShaderLibrary: Display: Cooked Context: Using Shared Shader Library PortalWars2_Chunk300
[2026.09.01-02.53.05:155][  0]LogShaderLibrary: Display: Using IoDispatcher for shader code library PortalWars2_Chunk200. Total 1498 unique shaders.
[2026.09.01-02.53.05:155][  0]LogShaderLibrary: Display: Cooked Context: Using Shared Shader Library PortalWars2_Chunk200
[2026.09.01-02.53.05:161][  0]LogShaderLibrary: Display: Using IoDispatcher for shader code library PortalWars2_Chunk100. Total 26849 unique shaders.
[2026.09.01-02.53.05:161][  0]LogShaderLibrary: Display: Cooked Context: Using Shared Shader Library PortalWars2_Chunk100
[2026.09.01-02.53.05:162][  0]LogShaderLibrary: Display: Using IoDispatcher for shader code library PortalWars2_Chunk0. Total 13899 unique shaders.
[2026.09.01-02.53.05:162][  0]LogShaderLibrary: Display: Cooked Context: Using Shared Shader Library PortalWars2_Chunk0
[2026.09.01-02.53.05:162][  0]LogShaderLibrary: Display: Logical shader library 'PortalWars2' has been created, components 6
[2026.09.01-02.53.05:162][  0]LogRHI: FPipelineCacheFile Header Game Version: 600100
[2026.09.01-02.53.05:162][  0]LogRHI: FPipelineCacheFile Header Engine Data Version: 28
[2026.09.01-02.53.05:162][  0]LogRHI: FPipelineCacheFile Header TOC Offset: 1168263
[2026.09.01-02.53.05:162][  0]LogRHI: FPipelineCacheFile File Size: 1852842 Bytes
[2026.09.01-02.53.05:165][  0]LogRHI: Opened FPipelineCacheFile: ../../../PortalWars2/Content/PipelineCaches/Windows/PortalWars2_PCD3D_SM6.stable.upipelinecache (GUID: 5EED44714FE017800348CB822798BF75) with 5517 entries.
[2026.09.01-02.53.05:166][  0]LogRHI: Display: FPipelineCacheFile[PortalWars2] opened PortalWars2, filename PortalWars2, guid 5EED44714FE017800348CB822798BF75. 
[2026.09.01-02.53.05:166][  0]LogRHI: FShaderPipelineCache::BeginNextPrecompileCacheTask() - PortalWars2 begining compile.
[2026.09.01-02.53.05:168][  0]LogRHI: Display: FShaderPipelineCache starting pipeline cache 'PortalWars2' and enqueued 5517 tasks for precompile. (cache contains 5517, 5517 eligible, 0 had missing shaders. 0 already compiled). BatchSize 50 and BatchTime 16.000000.
[2026.09.01-02.53.05:169][  0]LogRHI: Base name for record PSOs is C:/USERS/REDACTED/AppData/Local/PortalWars2/Saved/CollectedPSOs/++PortalWars2+Release-3.1-CL-600100-PortalWars2_PCD3D_SM6_A859EECD4B237EEBEB9FE8B7B2346D4D.rec.upipelinecache
[2026.09.01-02.53.05:169][  0]LogRHI: FPipelineCacheFile: GarbageCollectUserCache() Begin
[2026.09.01-02.53.05:169][  0]LogRHI: Next GC on user cache is in 0.997 days.
[2026.09.01-02.53.05:169][  0]LogRHI: FPipelineCacheFile: GarbageCollectUserCache() End
[2026.09.01-02.53.05:169][  0]LogRHI: FPipelineCacheFile Header Game Version: 600100
[2026.09.01-02.53.05:169][  0]LogRHI: FPipelineCacheFile Header Engine Data Version: 28
[2026.09.01-02.53.05:169][  0]LogRHI: FPipelineCacheFile Header TOC Offset: 883
[2026.09.01-02.53.05:169][  0]LogRHI: FPipelineCacheFile File Size: 1192 Bytes
[2026.09.01-02.53.05:169][  0]LogRHI: Opened FPipelineCacheFile: C:/USERS/REDACTED/AppData/Local/PortalWars2/Saved/PortalWars2_PCD3D_SM6.upipelinecache (GUID: C5B27EBF458185E99DE735852498D473) with 2 entries.
[2026.09.01-02.53.05:169][  0]LogRHI: Display: FPipelineCacheFile User cache [key:PortalWars2_usr] opened 'PortalWars2'=1, filename PortalWars2, guid C5B27EBF458185E99DE735852498D473. 
[2026.09.01-02.53.05:169][  0]LogRHI: Could not open FPipelineCacheFile: ../../../PortalWars2/Content/PipelineCaches/Windows/PortalWars2_Chunk500_PCD3D_SM6.stable.upipelinecache
[2026.09.01-02.53.05:169][  0]LogRHI: Could not open FPipelineCacheFile: ../../../PortalWars2/Content/PipelineCaches/Windows/PortalWars2_Chunk400_PCD3D_SM6.stable.upipelinecache
[2026.09.01-02.53.05:169][  0]LogRHI: Could not open FPipelineCacheFile: ../../../PortalWars2/Content/PipelineCaches/Windows/PortalWars2_Chunk300_PCD3D_SM6.stable.upipelinecache
[2026.09.01-02.53.05:169][  0]LogRHI: Could not open FPipelineCacheFile: ../../../PortalWars2/Content/PipelineCaches/Windows/PortalWars2_Chunk200_PCD3D_SM6.stable.upipelinecache
[2026.09.01-02.53.05:169][  0]LogRHI: Could not open FPipelineCacheFile: ../../../PortalWars2/Content/PipelineCaches/Windows/PortalWars2_Chunk100_PCD3D_SM6.stable.upipelinecache
[2026.09.01-02.53.05:169][  0]LogRHI: Could not open FPipelineCacheFile: ../../../PortalWars2/Content/PipelineCaches/Windows/PortalWars2_Chunk0_PCD3D_SM6.stable.upipelinecache
[2026.09.01-02.53.05:169][  0]LogShaderLibrary: Display: Tried to open again shader library 'PortalWars2', but could not find new components for it (existing components: 6).
[2026.09.01-02.53.05:169][  0]LogInit: Using OS detected language (en-GB).
[2026.09.01-02.53.05:169][  0]LogInit: Using OS detected locale (en-GB).
[2026.09.01-02.53.05:170][  0]LogTextLocalizationManager: No specific localization for 'en-GB' exists, so 'en' will be used for the language.
[2026.09.01-02.53.05:171][  0]LogAssetRegistry: FAssetRegistry took 0.0001 seconds to start up
[2026.09.01-02.53.05:187][  0]LogPakFile: New pak file ../../../PortalWars2/Content/Paks/pakchunk0-WindowsClient.pak added to pak precacher.
[2026.09.01-02.53.05:297][  0]LogStreaming: Display: FlushAsyncLoading(1): 1 QueuedPackages, 0 AsyncPackages
[2026.09.01-02.53.05:309][  0]LogFilePackageStore: Updated: NewPackages=114520, OldPackages=0, TotalPackages=114520
[2026.09.01-02.53.05:311][  0]LogDeviceProfileManager: Active device profile: [00007FFFDEAACD18][00000000716AC020 66] WindowsClient
[2026.09.01-02.53.05:335][  0]LogD3D12RHI: Error: Failed to create pipeline state with combined hash EF3C72F0572CC515, error 80070057.
[2026.09.01-02.53.05:335][  0]LogD3D12RHI: Error: Failed to create pipeline state with combined hash 8A66C23F82DF84AF, error 80070057.
[2026.09.01-02.53.05:336][  0]LogD3D12RHI: Error: Failed to create pipeline state with combined hash 4BD06CA48C73C162, error 80070057.
[2026.09.01-02.53.05:336][  0]LogD3D12RHI: Error: Failed to create pipeline state with combined hash 06A42491A6A772DC, error 80070057.
[2026.09.01-02.53.05:336][  0]LogD3D12RHI: Error: Failed to create pipeline state with combined hash DA9DC95EA4FDA3EC, error 80070057.
[2026.09.01-02.53.05:336][  0]LogD3D12RHI: Error: Failed to create pipeline state with combined hash 78368FDBAE59C195, error 80070057.
[2026.09.01-02.53.05:337][  0]LogD3D12RHI: Error: Failed to create pipeline state with combined hash 31F761FAE8BC121F, error 80070057.
[2026.09.01-02.53.05:337][  0]LogD3D12RHI: Warning: Failed to create graphics PSO with combined hash 0x4BD06CA48C73C162:
AlphaToCoverageEnable = 0
IndependentBlendEnable = 1
SampleMask = 0xFFFFFFFF
FillMode = 3
CullMode = 1
FrontCounterClockwise = 1
DepthBias = 0
DepthBiasClamp = 0.000000
SlopeScaledDepthBias = 0.000000
DepthClipEnable = 1
MultisampleEnable = 1
AntialiasedLineEnable = 0
ForcedSampleCount = 0
ConservativeRaster = 0
DepthEnable = 1
DepthWriteMask = 1
DepthFunc = 7
StencilEnable = 1
StencilReadMask = 0xFF
StencilWriteMask = 0xFF
FrontFace = { 1, 1, 1, 8 }
BackFace  = { 1, 1, 1, 8 }
InputLayout.NumElements = 9
InputLayout[0] = { "ATTRIBUTE", 0, 0x6, 0, 0, 0x0, 0 }
InputLayout[1] = { "ATTRIBUTE", 1, 0x1F, 1, 0, 0x0, 0 }
InputLayout[2] = { "ATTRIBUTE", 3, 0x2A, 3, 0, 0x0, 0 }
InputLayout[3] = { "ATTRIBUTE", 5, 0xA, 4, 0, 0x0, 0 }
InputLayout[4] = { "ATTRIBUTE", 6, 0xA, 5, 0, 0x0, 0 }
InputLayout[5] = { "ATTRIBUTE", 13, 0x57, 6, 0, 0x0, 0 }
InputLayout[6] = { "ATTRIBUTE", 9, 0x6, 7, 0, 0x0, 0 }
InputLayout[7] = { "ATTRIBUTE", 16, 0x2A, 7, 0, 0x1, 1 }
InputLayout[8] = { "ATTRIBUTE", 10, 0x6, 8, 0, 0x0, 0 }
IBStripCutValue = 0x0
PrimitiveTopologyType = 0x3
NumRenderTargets = 0
DSVFormat = 0x14
SampleDesc = { 1, 0 }
NodeMask = 0x1
Flags = 0x0

[2026.09.01-02.53.05:337][  0]LogRHI: Error: Failed to create graphics pipeline, hashes: Vertex: 80DEB39D4F078416775F3D50C27B381C50EB9A20, Pipeline: 7D97B8AB1344B739B765DA0F092A09800A5D3BFB.
[2026.09.01-02.53.05:337][  0]LogD3D12RHI: Error: Failed to create pipeline state with combined hash FBB3167814420E60, error 80070057.
[2026.09.01-02.53.05:337][  0]LogD3D12RHI: Error: Failed to create pipeline state with combined hash 91A274E1BF942561, error 80070057.
[2026.09.01-02.53.05:337][  0]LogD3D12RHI: Warning: Failed to create graphics PSO with combined hash 0x06A42491A6A772DC:
AlphaToCoverageEnable = 0
IndependentBlendEnable = 1
SampleMask = 0xFFFFFFFF
FillMode = 3
CullMode = 3
FrontCounterClockwise = 1
DepthBias = 0
DepthBiasClamp = 0.000000
SlopeScaledDepthBias = 0.000000
DepthClipEnable = 1
MultisampleEnable = 1
AntialiasedLineEnable = 0
ForcedSampleCount = 0
ConservativeRaster = 0
DepthEnable = 1
DepthWriteMask = 1
DepthFunc = 7
StencilEnable = 1
StencilReadMask = 0xFF
StencilWriteMask = 0xFF
FrontFace = { 1, 1, 1, 8 }
BackFace  = { 1, 1, 1, 8 }
InputLayout.NumElements = 9
InputLayout[0] = { "ATTRIBUTE", 0, 0x6, 0, 0, 0x0, 0 }
InputLayout[1] = { "ATTRIBUTE", 1, 0x1F, 1, 0, 0x0, 0 }
InputLayout[2] = { "ATTRIBUTE", 3, 0x2A, 3, 0, 0x0, 0 }
InputLayout[3] = { "ATTRIBUTE", 5, 0xA, 4, 0, 0x0, 0 }
InputLayout[4] = { "ATTRIBUTE", 6, 0xA, 5, 0, 0x0, 0 }
InputLayout[5] = { "ATTRIBUTE", 13, 0x57, 6, 0, 0x0, 0 }
InputLayout[6] = { "ATTRIBUTE", 9, 0x6, 7, 0, 0x0, 0 }
InputLayout[7] = { "ATTRIBUTE", 16, 0x2A, 7, 0, 0x1, 1 }
InputLayout[8] = { "ATTRIBUTE", 10, 0x6, 8, 0, 0x0, 0 }
IBStripCutValue = 0x0
PrimitiveTopologyType = 0x3
NumRenderTargets = 0
DSVFormat = 0x14
SampleDesc = { 1, 0 }
NodeMask = 0x1
Flags = 0x0

[2026.09.01-02.53.05:337][  0]LogRHI: Error: Failed to create graphics pipeline, hashes: Vertex: 80DEB39D4F078416775F3D50C27B381C50EB9A20, Pipeline: 7D97B8AB1344B739B765DA0F092A09800A5D3BFB.
[2026.09.01-02.53.05:337][  0]LogD3D12RHI: Error: Failed to create pipeline state with combined hash 599F4A44B04E2253, error 80070057.
[2026.09.01-02.53.05:337][  0]LogD3D12RHI: Warning: Failed to create graphics PSO with combined hash 0x599F4A44B04E2253:

[2026.09.01-02.53.05:337][  0]LogRHI: Error: Failed to create graphics pipeline, hashes: Vertex: 80DEB39D4F078416775F3D50C27B381C50EB9A20, Pipeline: 7D97B8AB1344B739B765DA0F092A09800A5D3BFB.
[2026.09.01-02.53.05:338][  0]LogD3D12RHI: Warning: Failed to create graphics PSO with combined hash 0xDA9DC95EA4FDA3EC:
AlphaToCoverageEnable = 0
IndependentBlendEnable = 1
SampleMask = 0xFFFFFFFF
FillMode = 3
CullMode = 2
FrontCounterClockwise = 1
DepthBias = 0
DepthBiasClamp = 0.000000
SlopeScaledDepthBias = 0.000000
DepthClipEnable = 1
MultisampleEnable = 1
AntialiasedLineEnable = 0
ForcedSampleCount = 0
ConservativeRaster = 0
DepthEnable = 1
DepthWriteMask = 1
DepthFunc = 7
StencilEnable = 1
StencilReadMask = 0xFF
StencilWriteMask = 0xFF
FrontFace = { 1, 1, 1, 8 }
BackFace  = { 1, 1, 1, 8 }
InputLayout.NumElements = 9
InputLayout[0] = { "ATTRIBUTE", 0, 0x6, 0, 0, 0x0, 0 }
InputLayout[1] = { "ATTRIBUTE", 1, 0x1F, 1, 0, 0x0, 0 }
InputLayout[2] = { "ATTRIBUTE", 3, 0x2A, 3, 0, 0x0, 0 }
InputLayout[3] = { "ATTRIBUTE", 5, 0xA, 4, 0, 0x0, 0 }
InputLayout[4] = { "ATTRIBUTE", 6, 0xA, 5, 0, 0x0, 0 }
InputLayout[5] = { "ATTRIBUTE", 13, 0x57, 6, 0, 0x0, 0 }
InputLayout[6] = { "ATTRIBUTE", 9, 0x6, 7, 0, 0x0, 0 }
InputLayout[7] = { "ATTRIBUTE", 16, 0x2A, 7, 0, 0x1, 1 }
InputLayout[8] = { "ATTRIBUTE", 10, 0x6, 8, 0, 0x0, 0 }
IBStripCutValue = 0x0
PrimitiveTopologyType = 0x3
NumRenderTargets = 0
DSVFormat = 0x14
SampleDesc = { 1, 0 }
NodeMask = 0x1
Flags = 0x0

[2026.09.01-02.53.05:338][  0]LogRHI: Error: Failed to create graphics pipeline, hashes: Vertex: 80DEB39D4F078416775F3D50C27B381C50EB9A20, Pipeline: 7D97B8AB1344B739B765DA0F092A09800A5D3BFB.
[2026.09.01-02.53.05:338][  0]LogD3D12RHI: Error: Failed to create pipeline state with combined hash 2CB8685CB54BAA46, error 80070057.
[2026.09.01-02.53.05:338][  0]LogD3D12RHI: Warning: Failed to create graphics PSO with combined hash 0x2CB8685CB54BAA46:

[2026.09.01-02.53.05:338][  0]LogRHI: Error: Failed to create graphics pipeline, hashes: Vertex: 80DEB39D4F078416775F3D50C27B381C50EB9A20, Pipeline: 7D97B8AB1344B739B765DA0F092A09800A5D3BFB.
[2026.09.01-02.53.05:338][  0]LogD3D12RHI: Error: Failed to create pipeline state with combined hash B76EC743180AD587, error 80070057.
[2026.09.01-02.53.05:338][  0]LogD3D12RHI: Warning: Failed to create graphics PSO with combined hash 0xB76EC743180AD587:

[2026.09.01-02.53.05:338][  0]LogRHI: Error: Failed to create graphics pipeline, hashes: Vertex: 80DEB39D4F078416775F3D50C27B381C50EB9A20, Pipeline: 7D97B8AB1344B739B765DA0F092A09800A5D3BFB.
[2026.09.01-02.53.05:338][  0]LogD3D12RHI: Error: Failed to create pipeline state with combined hash 2651CD34CDC83007, error 80070057.
[2026.09.01-02.53.05:338][  0]LogD3D12RHI: Warning: Failed to create graphics PSO with combined hash 0x2651CD34CDC83007:

[2026.09.01-02.53.05:338][  0]LogRHI: Error: Failed to create graphics pipeline, hashes: Vertex: 80DEB39D4F078416775F3D50C27B381C50EB9A20, Pipeline: 7D97B8AB1344B739B765DA0F092A09800A5D3BFB.
[2026.09.01-02.53.05:338][  0]LogD3D12RHI: Error: Failed to create pipeline state with combined hash 89D70E4CD62649E0, error 80070057.
[2026.09.01-02.53.05:338][  0]LogD3D12RHI: Warning: Failed to create graphics PSO with combined hash 0x89D70E4CD62649E0:

[2026.09.01-02.53.05:338][  0]LogRHI: Error: Failed to create graphics pipeline, hashes: Vertex: 80DEB39D4F078416775F3D50C27B381C50EB9A20, Pipeline: 7D97B8AB1344B739B765DA0F092A09800A5D3BFB.
[2026.09.01-02.53.05:338][  0]LogD3D12RHI: Error: Failed to create pipeline state with combined hash F9B063B88475F61B, error 80070057.
[2026.09.01-02.53.05:338][  0]LogD3D12RHI: Warning: Failed to create graphics PSO with combined hash 0xF9B063B88475F61B:

[2026.09.01-02.53.05:338][  0]LogRHI: Error: Failed to create graphics pipeline, hashes: Vertex: 80DEB39D4F078416775F3D50C27B381C50EB9A20, Pipeline: 7D97B8AB1344B739B765DA0F092A09800A5D3BFB.
[2026.09.01-02.53.05:338][  0]LogD3D12RHI: Error: Failed to create pipeline state with combined hash F7080FCB90B9194B, error 80070057.
[2026.09.01-02.53.05:338][  0]LogD3D12RHI: Warning: Failed to create graphics PSO with combined hash 0xF7080FCB90B9194B:

[2026.09.01-02.53.05:338][  0]LogRHI: Error: Failed to create graphics pipeline, hashes: Vertex: 80DEB39D4F078416775F3D50C27B381C50EB9A20, Pipeline: 7D97B8AB1344B739B765DA0F092A09800A5D3BFB.
[2026.09.01-02.53.05:338][  0]LogD3D12RHI: Error: Failed to create pipeline state with combined hash FDD22CF8D6C2A839, error 80070057.
[2026.09.01-02.53.05:338][  0]LogD3D12RHI: Warning: Failed to create graphics PSO with combined hash 0xFDD22CF8D6C2A839:

[2026.09.01-02.53.05:338][  0]LogRHI: Error: Failed to create graphics pipeline, hashes: Vertex: 80DEB39D4F078416775F3D50C27B381C50EB9A20, Pipeline: 7D97B8AB1344B739B765DA0F092A09800A5D3BFB.
[2026.09.01-02.53.05:338][  0]LogD3D12RHI: Error: Failed to create pipeline state with combined hash 93261283D92B49EE, error 80070057.
[2026.09.01-02.53.05:338][  0]LogD3D12RHI: Warning: Failed to create graphics PSO with combined hash 0x93261283D92B49EE:

[2026.09.01-02.53.05:338][  0]LogRHI: Error: Failed to create graphics pipeline, hashes: Vertex: 25602C801094E0923833622E6F0633E203305441, Pipeline: D2C4E0DFB6317403C69FF3D3ECDC26EEF2975BB9.
[2026.09.01-02.53.05:338][  0]LogD3D12RHI: Error: Failed to create pipeline state with combined hash 8F1825E02CC33D9D, error 80070057.
[2026.09.01-02.53.05:338][  0]LogD3D12RHI: Warning: Failed to create graphics PSO with combined hash 0x8F1825E02CC33D9D:

[2026.09.01-02.53.05:338][  0]LogRHI: Error: Failed to create graphics pipeline, hashes: Vertex: ACC687F1F41CF8A00D4F84BB92D80386FEEA8427, Pipeline: 31DC4D844805E8A537217D3F853F9D71A5A3C7DB.
[2026.09.01-02.53.05:338][  0]LogD3D12RHI: Error: Failed to create pipeline state with combined hash 47CF317CEB30690E, error 80070057.
[2026.09.01-02.53.05:338][  0]LogD3D12RHI: Warning: Failed to create graphics PSO with combined hash 0x47CF317CEB30690E:

[2026.09.01-02.53.05:338][  0]LogRHI: Error: Failed to create graphics pipeline, hashes: Vertex: 9195B4BD077CEF3479E60C398D0F988AA694CF8D, Pixel: D4B683997F4F2021680C7BA1C161613CDE189BF3, Pipeline: 87E8CA491A76C1EA3D44833A584737DACA0555A9.
[2026.09.01-02.53.05:338][  0]LogD3D12RHI: Error: Failed to create pipeline state with combined hash 9F72F5DF9E10FDB5, error 80070057.
[2026.09.01-02.53.05:338][  0]LogD3D12RHI: Warning: Failed to create graphics PSO with combined hash 0x9F72F5DF9E10FDB5:

[2026.09.01-02.53.05:338][  0]LogRHI: Error: Failed to create graphics pipeline, hashes: Vertex: 25602C801094E0923833622E6F0633E203305441, Pipeline: D2C4E0DFB6317403C69FF3D3ECDC26EEF2975BB9.
[2026.09.01-02.53.05:338][  0]LogD3D12RHI: Warning: Failed to create graphics PSO with combined hash 0x78368FDBAE59C195:
AlphaToCoverageEnable = 0
IndependentBlendEnable = 1
SampleMask = 0xFFFFFFFF
FillMode = 3
CullMode = 1
FrontCounterClockwise = 1
DepthBias = 0
DepthBiasClamp = 0.000000
SlopeScaledDepthBias = 0.000000
DepthClipEnable = 1
MultisampleEnable = 1
AntialiasedLineEnable = 0
ForcedSampleCount = 0
ConservativeRaster = 0
DepthEnable = 1
DepthWriteMask = 1
DepthFunc = 7
StencilEnable = 1
StencilReadMask = 0x40
StencilWriteMask = 0xFF
FrontFace = { 1, 1, 1, 6 }
BackFace  = { 1, 1, 1, 6 }
InputLayout.NumElements = 9
InputLayout[0] = { "ATTRIBUTE", 0, 0x6, 0, 0, 0x0, 0 }
InputLayout[1] = { "ATTRIBUTE", 1, 0x1F, 1, 0, 0x0, 0 }
InputLayout[2] = { "ATTRIBUTE", 3, 0x2A, 3, 0, 0x0, 0 }
InputLayout[3] = { "ATTRIBUTE", 5, 0xA, 4, 0, 0x0, 0 }
InputLayout[4] = { "ATTRIBUTE", 6, 0xA, 5, 0, 0x0, 0 }
InputLayout[5] = { "ATTRIBUTE", 13, 0x57, 6, 0, 0x0, 0 }
InputLayout[6] = { "ATTRIBUTE", 9, 0x6, 7, 0, 0x0, 0 }
InputLayout[7] = { "ATTRIBUTE", 16, 0x2A, 7, 0, 0x1, 1 }
InputLayout[8] = { "ATTRIBUTE", 10, 0x6, 8, 0, 0x0, 0 }
IBStripCutValue = 0x0
PrimitiveTopologyType = 0x3
NumRenderTargets = 0
DSVFormat = 0x14
SampleDesc = { 1, 0 }
NodeMask = 0x1
Flags = 0x0

[2026.09.01-02.53.05:338][  0]LogRHI: Error: Failed to create graphics pipeline, hashes: Vertex: 80DEB39D4F078416775F3D50C27B381C50EB9A20, Pipeline: 7D97B8AB1344B739B765DA0F092A09800A5D3BFB.
[2026.09.01-02.53.05:339][  0]LogD3D12RHI: Error: Failed to create pipeline state with combined hash 460D4CEAF2F09C70, error 80070057.
[2026.09.01-02.53.05:339][  0]LogD3D12RHI: Warning: Failed to create graphics PSO with combined hash 0x460D4CEAF2F09C70:

[2026.09.01-02.53.05:339][  0]LogRHI: Error: Failed to create graphics pipeline, hashes: Vertex: EC4D89357559AA2A3C74C13542E407ACF21D5524, Pixel: 29DB509F123935F266F38FE049927900A2361838, Pipeline: 92FCB85339EF8E583829FE06B2D6E98FEF8D76A3.
[2026.09.01-02.53.05:339][  0]LogD3D12RHI: Error: Failed to create pipeline state with combined hash 6923DDC55757F244, error 80070057.
[2026.09.01-02.53.05:339][  0]LogD3D12RHI: Warning: Failed to create graphics PSO with combined hash 0x6923DDC55757F244:

[2026.09.01-02.53.05:339][  0]LogRHI: Error: Failed to create graphics pipeline, hashes: Vertex: ACC687F1F41CF8A00D4F84BB92D80386FEEA8427, Pipeline: 31DC4D844805E8A537217D3F853F9D71A5A3C7DB.
[2026.09.01-02.53.05:339][  0]LogD3D12RHI: Error: Failed to create pipeline state with combined hash F9AF77DAAD95C858, error 80070057.
[2026.09.01-02.53.05:339][  0]LogD3D12RHI: Warning: Failed to create graphics PSO with combined hash 0xF9AF77DAAD95C858:

[2026.09.01-02.53.05:339][  0]LogD3D12RHI: Error: Failed to create pipeline state with combined hash F97F808B5B2A1E38, error 80070057.
[2026.09.01-02.53.05:339][  0]LogRHI: Error: Failed to create graphics pipeline, hashes: Vertex: 755E1F56EFC9846E9D647167F97E5781D3CF54EC, Pixel: 29DB509F123935F266F38FE049927900A2361838, Pipeline: 407840A7C8AB33B2518F999448CE42E2D2B33AF5.
[2026.09.01-02.53.05:339][  0]LogD3D12RHI: Error: Failed to create pipeline state with combined hash 07B33AEC3DD53931, error 80070057.
[2026.09.01-02.53.05:339][  0]LogD3D12RHI: Warning: Failed to create graphics PSO with combined hash 0x07B33AEC3DD53931:

[2026.09.01-02.53.05:339][  0]LogRHI: Error: Failed to create graphics pipeline, hashes: Vertex: 9195B4BD077CEF3479E60C398D0F988AA694CF8D, Pixel: D4B683997F4F2021680C7BA1C161613CDE189BF3, Pipeline: 87E8CA491A76C1EA3D44833A584737DACA0555A9.
[2026.09.01-02.53.05:339][  0]LogD3D12RHI: Warning: Failed to create graphics PSO with combined hash 0xF97F808B5B2A1E38:

[2026.09.01-02.53.05:339][  0]LogRHI: Error: Failed to create graphics pipeline, hashes: Vertex: 755E1F56EFC9846E9D647167F97E5781D3CF54EC, Pixel: 08F466C936A4901813A4EEC19EB060DBDE110604, Pipeline: 2B09728B87729EB6E66287C3D08C3279797B801E.
[2026.09.01-02.53.05:339][  0]LogD3D12RHI: Error: Failed to create pipeline state with combined hash 36599155241BF6B3, error 80070057.
[2026.09.01-02.53.05:339][  0]LogD3D12RHI: Warning: Failed to create graphics PSO with combined hash 0x36599155241BF6B3:

[2026.09.01-02.53.05:339][  0]LogRHI: Error: Failed to create graphics pipeline, hashes: Vertex: 25602C801094E0923833622E6F0633E203305441, Pipeline: D2C4E0DFB6317403C69FF3D3ECDC26EEF2975BB9.
[2026.09.01-02.53.05:339][  0]LogD3D12RHI: Error: Failed to create pipeline state with combined hash 368E5A9773DAF10F, error 80070057.
[2026.09.01-02.53.05:339][  0]LogD3D12RHI: Warning: Failed to create graphics PSO with combined hash 0x368E5A9773DAF10F:

[2026.09.01-02.53.05:339][  0]LogRHI: Error: Failed to create graphics pipeline, hashes: Vertex: 4E88ADABAFD7F87212A21D019A3AB233521EB5D1, Pipeline: 719EBE14C0457B3EC79BC0661D4DEEA96D0D8A36.
[2026.09.01-02.53.05:339][  0]LogD3D12RHI: Warning: Failed to create graphics PSO with combined hash 0x31F761FAE8BC121F:
AlphaToCoverageEnable = 0
IndependentBlendEnable = 1
RenderTarget[0] = { 0, 0, 0x2, 0x1, 0x1, 0x2, 0x1, 0x1, 0x0, 0x0 }
SampleMask = 0xFFFFFFFF
FillMode = 3
CullMode = 1
FrontCounterClockwise = 1
DepthBias = 0
DepthBiasClamp = 0.000000
SlopeScaledDepthBias = 0.000000
DepthClipEnable = 1
MultisampleEnable = 1
AntialiasedLineEnable = 0
ForcedSampleCount = 0
ConservativeRaster = 0
DepthEnable = 1
DepthWriteMask = 0
DepthFunc = 7
StencilEnable = 1
StencilReadMask = 0x7
StencilWriteMask = 0x7
FrontFace = { 1, 1, 1, 8 }
BackFace  = { 1, 1, 1, 8 }
InputLayout.NumElements = 9
InputLayout[0] = { "ATTRIBUTE", 0, 0x6, 0, 0, 0x0, 0 }
InputLayout[1] = { "ATTRIBUTE", 1, 0x1F, 1, 0, 0x0, 0 }
InputLayout[2] = { "ATTRIBUTE", 3, 0x2A, 3, 0, 0x0, 0 }
InputLayout[3] = { "ATTRIBUTE", 5, 0xA, 4, 0, 0x0, 0 }
InputLayout[4] = { "ATTRIBUTE", 6, 0xA, 5, 0, 0x0, 0 }
InputLayout[5] = { "ATTRIBUTE", 13, 0x57, 6, 0, 0x0, 0 }
InputLayout[6] = { "ATTRIBUTE", 9, 0x6, 7, 0, 0x0, 0 }
InputLayout[7] = { "ATTRIBUTE", 16, 0x2A, 7, 0, 0x1, 1 }
InputLayout[8] = { "ATTRIBUTE", 10, 0x6, 8, 0, 0x0, 0 }
IBStripCutValue = 0x0
PrimitiveTopologyType = 0x3
NumRenderTargets = 1
RTVFormats[0] = 0x57
DSVFormat = 0x14
SampleDesc = { 1, 0 }
NodeMask = 0x1
Flags = 0x0

[2026.09.01-02.53.05:339][  0]LogD3D12RHI: Error: Failed to create pipeline state with combined hash 7A410288022EC956, error 80070057.
[2026.09.01-02.53.05:339][  0]LogD3D12RHI: Warning: Failed to create graphics PSO with combined hash 0x7A410288022EC956:

[2026.09.01-02.53.05:339][  0]LogRHI: Error: Failed to create graphics pipeline, hashes: Vertex: 479BC90643BEE8E0F0752DA31397D01CCF7C0ED6, Pipeline: 21C19B7A5784F1DB1F2645F56206328D47420E45.
[2026.09.01-02.53.05:339][  0]LogD3D12RHI: Error: Failed to create pipeline state with combined hash 71C0857C9E9DFA64, error 80070057.
[2026.09.01-02.53.05:339][  0]LogRHI: Error: Failed to create graphics pipeline, hashes: Vertex: 80DEB39D4F078416775F3D50C27B381C50EB9A20, Pipeline: 7D97B8AB1344B739B765DA0F092A09800A5D3BFB.
[2026.09.01-02.53.05:339][  0]LogD3D12RHI: Warning: Failed to create graphics PSO with combined hash 0x71C0857C9E9DFA64:

[2026.09.01-02.53.05:339][  0]LogRHI: Error: Failed to create graphics pipeline, hashes: Vertex: 479BC90643BEE8E0F0752DA31397D01CCF7C0ED6, Pipeline: 21C19B7A5784F1DB1F2645F56206328D47420E45.
[2026.09.01-02.53.05:339][  0]LogD3D12RHI: Error: Failed to create pipeline state with combined hash 47C598F33FEABDCC, error 80070057.
[2026.09.01-02.53.05:339][  0]LogD3D12RHI: Warning: Failed to create graphics PSO with combined hash 0x47C598F33FEABDCC:

[2026.09.01-02.53.05:339][  0]LogRHI: Error: Failed to create graphics pipeline, hashes: Vertex: EC4D89357559AA2A3C74C13542E407ACF21D5524, Pixel: 08F466C936A4901813A4EEC19EB060DBDE110604, Pipeline: F15D7F52E76B1984CEF1DBA7283F2EAFFB6BC467.
[2026.09.01-02.53.05:339][  0]LogD3D12RHI: Error: Failed to create pipeline state with combined hash ADE4D3F673041F84, error 80070057.
[2026.09.01-02.53.05:339][  0]LogD3D12RHI: Warning: Failed to create graphics PSO with combined hash 0xADE4D3F673041F84:

[2026.09.01-02.53.05:339][  0]LogRHI: Error: Failed to create graphics pipeline, hashes: Vertex: 4E88ADABAFD7F87212A21D019A3AB233521EB5D1, Pipeline: 719EBE14C0457B3EC79BC0661D4DEEA96D0D8A36.
[2026.09.01-02.53.05:339][  0]LogD3D12RHI: Error: Failed to create pipeline state with combined hash 97C7F1269FD1952F, error 80070057.
[2026.09.01-02.53.05:339][  0]LogD3D12RHI: Error: Failed to create pipeline state with combined hash 6B9D3EC6BA24C652, error 80070057.
[2026.09.01-02.53.05:339][  0]LogD3D12RHI: Warning: Failed to create graphics PSO with combined hash 0x6B9D3EC6BA24C652:

[2026.09.01-02.53.05:339][  0]LogRHI: Error: Failed to create graphics pipeline, hashes: Vertex: 479BC90643BEE8E0F0752DA31397D01CCF7C0ED6, Pipeline: 21C19B7A5784F1DB1F2645F56206328D47420E45.
[2026.09.01-02.53.05:339][  0]LogD3D12RHI: Warning: Failed to create graphics PSO with combined hash 0x97C7F1269FD1952F:

[2026.09.01-02.53.05:339][  0]LogRHI: Error: Failed to create graphics pipeline, hashes: Vertex: ACC687F1F41CF8A00D4F84BB92D80386FEEA8427, Pipeline: 31DC4D844805E8A537217D3F853F9D71A5A3C7DB.
[2026.09.01-02.53.05:339][  0]LogD3D12RHI: Error: Failed to create pipeline state with combined hash DA7A40E3155A0081, error 80070057.
[2026.09.01-02.53.05:339][  0]LogD3D12RHI: Warning: Failed to create graphics PSO with combined hash 0xDA7A40E3155A0081:

[2026.09.01-02.53.05:339][  0]LogRHI: Error: Failed to create graphics pipeline, hashes: Vertex: 479BC90643BEE8E0F0752DA31397D01CCF7C0ED6, Pipeline: 21C19B7A5784F1DB1F2645F56206328D47420E45.
[2026.09.01-02.53.05:339][  0]LogD3D12RHI: Error: Failed to create pipeline state with combined hash BB2C239E14F8A0B2, error 80070057.
[2026.09.01-02.53.05:339][  0]LogD3D12RHI: Warning: Failed to create graphics PSO with combined hash 0xBB2C239E14F8A0B2:

[2026.09.01-02.53.05:339][  0]LogRHI: Error: Failed to create graphics pipeline, hashes: Vertex: 4E88ADABAFD7F87212A21D019A3AB233521EB5D1, Pipeline: 719EBE14C0457B3EC79BC0661D4DEEA96D0D8A36.
[2026.09.01-02.53.05:339][  0]LogD3D12RHI: Warning: Failed to create graphics PSO with combined hash 0x91A274E1BF942561:
AlphaToCoverageEnable = 0
IndependentBlendEnable = 1
SampleMask = 0xFFFFFFFF
FillMode = 3
CullMode = 3
FrontCounterClockwise = 1
DepthBias = 0
DepthBiasClamp = 0.000000
SlopeScaledDepthBias = 0.000000
DepthClipEnable = 1
MultisampleEnable = 1
AntialiasedLineEnable = 0
ForcedSampleCount = 0
ConservativeRaster = 0
DepthEnable = 1
DepthWriteMask = 1
DepthFunc = 7
StencilEnable = 1
StencilReadMask = 0x40
StencilWriteMask = 0xFF
FrontFace = { 1, 1, 1, 6 }
BackFace  = { 1, 1, 1, 6 }
InputLayout.NumElements = 9
InputLayout[0] = { "ATTRIBUTE", 0, 0x6, 0, 0, 0x0, 0 }
InputLayout[1] = { "ATTRIBUTE", 1, 0x1F, 1, 0, 0x0, 0 }
InputLayout[2] = { "ATTRIBUTE", 3, 0x2A, 3, 0, 0x0, 0 }
InputLayout[3] = { "ATTRIBUTE", 5, 0xA, 4, 0, 0x0, 0 }
InputLayout[4] = { "ATTRIBUTE", 6, 0xA, 5, 0, 0x0, 0 }
InputLayout[5] = { "ATTRIBUTE", 13, 0x57, 6, 0, 0x0, 0 }
InputLayout[6] = { "ATTRIBUTE", 9, 0x6, 7, 0, 0x0, 0 }
InputLayout[7] = { "ATTRIBUTE", 16, 0x2A, 7, 0, 0x1, 1 }
InputLayout[8] = { "ATTRIBUTE", 10, 0x6, 8, 0, 0x0, 0 }
IBStripCutValue = 0x0
PrimitiveTopologyType = 0x3
NumRenderTargets = 0
DSVFormat = 0x14
SampleDesc = { 1, 0 }
NodeMask = 0x1
Flags = 0x0

[2026.09.01-02.53.05:339][  0]LogRHI: Error: Failed to create graphics pipeline, hashes: Vertex: 80DEB39D4F078416775F3D50C27B381C50EB9A20, Pipeline: 7D97B8AB1344B739B765DA0F092A09800A5D3BFB.
[2026.09.01-02.53.05:339][  0]LogD3D12RHI: Warning: Failed to create graphics PSO with combined hash 0xFBB3167814420E60:
AlphaToCoverageEnable = 0
IndependentBlendEnable = 1
SampleMask = 0xFFFFFFFF
FillMode = 3
CullMode = 1
FrontCounterClockwise = 1
DepthBias = 0
DepthBiasClamp = 0.000000
SlopeScaledDepthBias = 0.000000
DepthClipEnable = 1
MultisampleEnable = 1
AntialiasedLineEnable = 0
ForcedSampleCount = 0
ConservativeRaster = 0
DepthEnable = 1
DepthWriteMask = 1
DepthFunc = 7
StencilEnable = 1
StencilReadMask = 0x41
StencilWriteMask = 0x1
FrontFace = { 1, 1, 1, 3 }
BackFace  = { 1, 1, 1, 3 }
InputLayout.NumElements = 9
InputLayout[0] = { "ATTRIBUTE", 0, 0x6, 0, 0, 0x0, 0 }
InputLayout[1] = { "ATTRIBUTE", 1, 0x1F, 1, 0, 0x0, 0 }
InputLayout[2] = { "ATTRIBUTE", 3, 0x2A, 3, 0, 0x0, 0 }
InputLayout[3] = { "ATTRIBUTE", 5, 0xA, 4, 0, 0x0, 0 }
InputLayout[4] = { "ATTRIBUTE", 6, 0xA, 5, 0, 0x0, 0 }
InputLayout[5] = { "ATTRIBUTE", 13, 0x57, 6, 0, 0x0, 0 }
InputLayout[6] = { "ATTRIBUTE", 9, 0x6, 7, 0, 0x0, 0 }
InputLayout[7] = { "ATTRIBUTE", 16, 0x2A, 7, 0, 0x1, 1 }
InputLayout[8] = { "ATTRIBUTE", 10, 0x6, 8, 0, 0x0, 0 }
IBStripCutValue = 0x0
PrimitiveTopologyType = 0x3
NumRenderTargets = 0
DSVFormat = 0x14
SampleDesc = { 1, 0 }
NodeMask = 0x1
Flags = 0x0

[2026.09.01-02.53.05:339][  0]LogRHI: Error: Failed to create graphics pipeline, hashes: Vertex: 80DEB39D4F078416775F3D50C27B381C50EB9A20, Pipeline: 7D97B8AB1344B739B765DA0F092A09800A5D3BFB.
[2026.09.01-02.53.05:340][  0]LogD3D12RHI: Warning: Failed to create graphics PSO with combined hash 0x8A66C23F82DF84AF:
AlphaToCoverageEnable = 0
IndependentBlendEnable = 1
RenderTarget[0] = { 0, 0, 0x2, 0x1, 0x1, 0x2, 0x1, 0x1, 0x0, 0xF }
RenderTarget[1] = { 0, 0, 0x2, 0x1, 0x1, 0x2, 0x1, 0x1, 0x0, 0xF }
RenderTarget[2] = { 0, 0, 0x2, 0x1, 0x1, 0x2, 0x1, 0x1, 0x0, 0xF }
RenderTarget[3] = { 0, 0, 0x2, 0x1, 0x1, 0x2, 0x1, 0x1, 0x0, 0xF }
RenderTarget[4] = { 0, 0, 0x2, 0x1, 0x1, 0x2, 0x1, 0x1, 0x0, 0xF }
RenderTarget[5] = { 0, 0, 0x2, 0x1, 0x1, 0x2, 0x1, 0x1, 0x0, 0xF }
SampleMask = 0xFFFFFFFF
FillMode = 3
CullMode = 3
FrontCounterClockwise = 1
DepthBias = 0
DepthBiasClamp = 0.000000
SlopeScaledDepthBias = 0.000000
DepthClipEnable = 1
MultisampleEnable = 1
AntialiasedLineEnable = 0
ForcedSampleCount = 0
ConservativeRaster = 0
DepthEnable = 1
DepthWriteMask = 0
DepthFunc = 7
StencilEnable = 1
StencilReadMask = 0x40
StencilWriteMask = 0xBE
FrontFace = { 1, 1, 1, 6 }
BackFace  = { 1, 1, 1, 6 }
InputLayout.NumElements = 9
InputLayout[0] = { "ATTRIBUTE", 0, 0x6, 0, 0, 0x0, 0 }
InputLayout[1] = { "ATTRIBUTE", 1, 0x1F, 1, 0, 0x0, 0 }
InputLayout[2] = { "ATTRIBUTE", 3, 0x2A, 3, 0, 0x0, 0 }
InputLayout[3] = { "ATTRIBUTE", 5, 0xA, 4, 0, 0x0, 0 }
InputLayout[4] = { "ATTRIBUTE", 6, 0xA, 5, 0, 0x0, 0 }
InputLayout[5] = { "ATTRIBUTE", 13, 0x57, 6, 0, 0x0, 0 }
InputLayout[6] = { "ATTRIBUTE", 9, 0x6, 7, 0, 0x0, 0 }
InputLayout[7] = { "ATTRIBUTE", 16, 0x2A, 7, 0, 0x1, 1 }
InputLayout[8] = { "ATTRIBUTE", 10, 0x6, 8, 0, 0x0, 0 }
IBStripCutValue = 0x0
PrimitiveTopologyType = 0x3
NumRenderTargets = 6
RTVFormats[0] = 0x1A
RTVFormats[1] = 0x18
RTVFormats[2] = 0x57
RTVFormats[3] = 0x5B
RTVFormats[4] = 0x57
RTVFormats[5] = 0x57
DSVFormat = 0x14
SampleDesc = { 1, 0 }
NodeMask = 0x1
Flags = 0x0

[2026.09.01-02.53.05:340][  0]LogRHI: Error: Failed to create graphics pipeline, hashes: Vertex: 81B03F83379123BFD8305C8436F1AE2E7219A0D5, Pixel: 08F466C936A4901813A4EEC19EB060DBDE110604, Pipeline: 21EDB39EF5755F19301685E289396E8FE14050DF.
[2026.09.01-02.53.05:340][  0]LogD3D12RHI: Warning: Failed to create graphics PSO with combined hash 0xEF3C72F0572CC515:
AlphaToCoverageEnable = 0
IndependentBlendEnable = 1
RenderTarget[0] = { 0, 0, 0x2, 0x1, 0x1, 0x2, 0x1, 0x1, 0x0, 0xF }
RenderTarget[1] = { 0, 0, 0x2, 0x1, 0x1, 0x2, 0x1, 0x1, 0x0, 0xF }
RenderTarget[2] = { 0, 0, 0x2, 0x1, 0x1, 0x2, 0x1, 0x1, 0x0, 0xF }
RenderTarget[3] = { 0, 0, 0x2, 0x1, 0x1, 0x2, 0x1, 0x1, 0x0, 0xF }
RenderTarget[4] = { 0, 0, 0x2, 0x1, 0x1, 0x2, 0x1, 0x1, 0x0, 0xF }
RenderTarget[5] = { 0, 0, 0x2, 0x1, 0x1, 0x2, 0x1, 0x1, 0x0, 0xF }
SampleMask = 0xFFFFFFFF
FillMode = 3
CullMode = 3
FrontCounterClockwise = 1
DepthBias = 0
DepthBiasClamp = 0.000000
SlopeScaledDepthBias = 0.000000
DepthClipEnable = 1
MultisampleEnable = 1
AntialiasedLineEnable = 0
ForcedSampleCount = 0
ConservativeRaster = 0
DepthEnable = 1
DepthWriteMask = 0
DepthFunc = 7
StencilEnable = 1
StencilReadMask = 0x40
StencilWriteMask = 0xBE
FrontFace = { 1, 1, 1, 6 }
BackFace  = { 1, 1, 1, 6 }
InputLayout.NumElements = 9
InputLayout[0] = { "ATTRIBUTE", 0, 0x6, 0, 0, 0x0, 0 }
InputLayout[1] = { "ATTRIBUTE", 1, 0x1F, 1, 0, 0x0, 0 }
InputLayout[2] = { "ATTRIBUTE", 3, 0x2A, 3, 0, 0x0, 0 }
InputLayout[3] = { "ATTRIBUTE", 5, 0xA, 4, 0, 0x0, 0 }
InputLayout[4] = { "ATTRIBUTE", 6, 0xA, 5, 0, 0x0, 0 }
InputLayout[5] = { "ATTRIBUTE", 13, 0x57, 6, 0, 0x0, 0 }
InputLayout[6] = { "ATTRIBUTE", 9, 0x6, 7, 0, 0x0, 0 }
InputLayout[7] = { "ATTRIBUTE", 16, 0x2A, 7, 0, 0x1, 1 }
InputLayout[8] = { "ATTRIBUTE", 10, 0x6, 8, 0, 0x0, 0 }
IBStripCutValue = 0x0
PrimitiveTopologyType = 0x3
NumRenderTargets = 6
RTVFormats[0] = 0x1A
RTVFormats[1] = 0x18
RTVFormats[2] = 0x57
RTVFormats[3] = 0x5B
RTVFormats[4] = 0x57
RTVFormats[5] = 0x57
DSVFormat = 0x14
SampleDesc = { 1, 0 }
NodeMask = 0x1
Flags = 0x0

[2026.09.01-02.53.05:340][  0]LogD3D12RHI: Error: Failed to create pipeline state with combined hash D74DE3DA359A010C, error 80070057.
[2026.09.01-02.53.05:340][  0]LogRHI: Error: Failed to create graphics pipeline, hashes: Vertex: 81B03F83379123BFD8305C8436F1AE2E7219A0D5, Pixel: 29DB509F123935F266F38FE049927900A2361838, Pipeline: EAB7A4113AFF96F76FACAFFA579B17799712DEE2.
[2026.09.01-02.53.05:340][  0]LogD3D12RHI: Warning: Failed to create graphics PSO with combined hash 0xD74DE3DA359A010C:

[2026.09.01-02.53.05:340][  0]LogRHI: Error: Failed to create graphics pipeline, hashes: Vertex: 479BC90643BEE8E0F0752DA31397D01CCF7C0ED6, Pipeline: 21C19B7A5784F1DB1F2645F56206328D47420E45.
[2026.09.01-02.53.05:340][  0]LogD3D12RHI: Error: Failed to create pipeline state with combined hash 3EF6043EB22734F0, error 80070057.
[2026.09.01-02.53.05:340][  0]LogD3D12RHI: Warning: Failed to create graphics PSO with combined hash 0x3EF6043EB22734F0:

[2026.09.01-02.53.05:340][  0]LogRHI: Error: Failed to create graphics pipeline, hashes: Vertex: 9195B4BD077CEF3479E60C398D0F988AA694CF8D, Pixel: D4B683997F4F2021680C7BA1C161613CDE189BF3, Pipeline: 87E8CA491A76C1EA3D44833A584737DACA0555A9.
[2026.09.01-02.53.05:340][  0]LogD3D12RHI: Error: Failed to create pipeline state with combined hash F91074B8F941CE82, error 80070057.
[2026.09.01-02.53.05:340][  0]LogD3D12RHI: Warning: Failed to create graphics PSO with combined hash 0xF91074B8F941CE82:

[2026.09.01-02.53.05:340][  0]LogRHI: Error: Failed to create graphics pipeline, hashes: Vertex: 4E88ADABAFD7F87212A21D019A3AB233521EB5D1, Pipeline: 719EBE14C0457B3EC79BC0661D4DEEA96D0D8A36.
[2026.09.01-02.53.05:340][  0]LogD3D12RHI: Error: Failed to create pipeline state with combined hash AE545EBA34F1DD3C, error 80070057.
[2026.09.01-02.53.05:340][  0]LogD3D12RHI: Warning: Failed to create graphics PSO with combined hash 0xAE545EBA34F1DD3C:

[2026.09.01-02.53.05:340][  0]LogRHI: Error: Failed to create graphics pipeline, hashes: Vertex: 12444E8BA4F236D3A2A310C51A03855D63CD73EA, Pixel: 29DB509F123935F266F38FE049927900A2361838, Pipeline: 69B043A385A081E4EBE003DBEBC4673A9789DDA3.
[2026.09.01-02.53.05:340][  0]LogD3D12RHI: Error: Failed to create pipeline state with combined hash 954719022E6C092E, error 80070057.
[2026.09.01-02.53.05:340][  0]LogD3D12RHI: Warning: Failed to create graphics PSO with combined hash 0x954719022E6C092E:

[2026.09.01-02.53.05:340][  0]LogRHI: Error: Failed to create graphics pipeline, hashes: Vertex: 479BC90643BEE8E0F0752DA31397D01CCF7C0ED6, Pipeline: 21C19B7A5784F1DB1F2645F56206328D47420E45.
[2026.09.01-02.53.05:340][  0]LogD3D12RHI: Error: Failed to create pipeline state with combined hash 259199E88F26F818, error 80070057.
[2026.09.01-02.53.05:340][  0]LogD3D12RHI: Error: Failed to create pipeline state with combined hash 1DA0CFE23969BF15, error 80070057.
[2026.09.01-02.53.05:340][  0]LogD3D12RHI: Warning: Failed to create graphics PSO with combined hash 0x1DA0CFE23969BF15:

[2026.09.01-02.53.05:340][  0]LogRHI: Error: Failed to create graphics pipeline, hashes: Vertex: 1ED3FECE4469C1A2F429FCB71D09F2A5EF8F1674, Pixel: 746139FF9308FAD707961C196B1A950F11C185AF, Pipeline: 0A35026B6E0757B6963B8399A7689C3A21F26FB5.
[2026.09.01-02.53.05:340][  0]LogD3D12RHI: Warning: Failed to create graphics PSO with combined hash 0x259199E88F26F818:

[2026.09.01-02.53.05:340][  0]LogRHI: Error: Failed to create graphics pipeline, hashes: Vertex: 4E88ADABAFD7F87212A21D019A3AB233521EB5D1, Pipeline: 719EBE14C0457B3EC79BC0661D4DEEA96D0D8A36.
[2026.09.01-02.53.05:340][  0]LogD3D12RHI: Error: Failed to create pipeline state with combined hash B59ABD140F414BEF, error 80070057.
[2026.09.01-02.53.05:340][  0]LogD3D12RHI: Warning: Failed to create graphics PSO with combined hash 0xB59ABD140F414BEF:

[2026.09.01-02.53.05:340][  0]LogRHI: Error: Failed to create graphics pipeline, hashes: Vertex: 4E88ADABAFD7F87212A21D019A3AB233521EB5D1, Pipeline: 719EBE14C0457B3EC79BC0661D4DEEA96D0D8A36.
[2026.09.01-02.53.05:340][  0]LogD3D12RHI: Error: Failed to create pipeline state with combined hash BA40EE02F3A859B2, error 80070057.
[2026.09.01-02.53.05:340][  0]LogD3D12RHI: Warning: Failed to create graphics PSO with combined hash 0xBA40EE02F3A859B2:

[2026.09.01-02.53.05:340][  0]LogRHI: Error: Failed to create graphics pipeline, hashes: Vertex: 4E88ADABAFD7F87212A21D019A3AB233521EB5D1, Pipeline: 719EBE14C0457B3EC79BC0661D4DEEA96D0D8A36.
[2026.09.01-02.53.05:344][  0]LogD3D12RHI: Error: Failed to create pipeline state with combined hash E3C215F0DC0880E5, error 80070057.
[2026.09.01-02.53.05:344][  0]LogD3D12RHI: Error: Failed to create pipeline state with combined hash 3F87F3CBD63F7115, error 80070057.
[2026.09.01-02.53.05:344][  0]LogD3D12RHI: Warning: Failed to create graphics PSO with combined hash 0xE3C215F0DC0880E5:

[2026.09.01-02.53.05:344][  0]LogD3D12RHI: Warning: Failed to create graphics PSO with combined hash 0x3F87F3CBD63F7115:

[2026.09.01-02.53.05:344][  0]LogRHI: Error: Failed to create graphics pipeline, hashes: Vertex: B0C3FFE9664A36CBDD797424CF9A73769A9A7E89, Pipeline: C672E4AC58AD099470043F65A46681128E652CF9.
[2026.09.01-02.53.05:344][  0]LogRHI: Error: Failed to create graphics pipeline, hashes: Vertex: 12444E8BA4F236D3A2A310C51A03855D63CD73EA, Pixel: 08F466C936A4901813A4EEC19EB060DBDE110604, Pipeline: B9B0BB224A7C034C6A8DF85CA78E0E203006137D.
[2026.09.01-02.53.05:344][  0]LogD3D12RHI: Error: Failed to create pipeline state with combined hash F16013AE1CBBDFEF, error 80070057.
[2026.09.01-02.53.05:344][  0]LogD3D12RHI: Error: Failed to create pipeline state with combined hash 4421AA64CF8F215C, error 80070057.
[2026.09.01-02.53.05:344][  0]LogD3D12RHI: Warning: Failed to create graphics PSO with combined hash 0x4421AA64CF8F215C:

[2026.09.01-02.53.05:344][  0]LogRHI: Error: Failed to create graphics pipeline, hashes: Vertex: 4E88ADABAFD7F87212A21D019A3AB233521EB5D1, Pipeline: 719EBE14C0457B3EC79BC0661D4DEEA96D0D8A36.
[2026.09.01-02.53.05:344][  0]LogD3D12RHI: Error: Failed to create pipeline state with combined hash 0CDF38C5A09E6DEF, error 80070057.
[2026.09.01-02.53.05:344][  0]LogD3D12RHI: Warning: Failed to create graphics PSO with combined hash 0xF16013AE1CBBDFEF:

[2026.09.01-02.53.05:344][  0]LogD3D12RHI: Warning: Failed to create graphics PSO with combined hash 0x0CDF38C5A09E6DEF:

[2026.09.01-02.53.05:344][  0]LogRHI: Error: Failed to create graphics pipeline, hashes: Vertex: 4E88ADABAFD7F87212A21D019A3AB233521EB5D1, Pipeline: 719EBE14C0457B3EC79BC0661D4DEEA96D0D8A36.
[2026.09.01-02.53.05:344][  0]LogD3D12RHI: Error: Failed to create pipeline state with combined hash 194336E4D2A93552, error 80070057.
[2026.09.01-02.53.05:344][  0]LogRHI: Error: Failed to create graphics pipeline, hashes: Vertex: 479BC90643BEE8E0F0752DA31397D01CCF7C0ED6, Pipeline: 21C19B7A5784F1DB1F2645F56206328D47420E45.
[2026.09.01-02.53.05:344][  0]LogD3D12RHI: Error: Failed to create pipeline state with combined hash FA0A01010D5D8253, error 80070057.
[2026.09.01-02.53.05:344][  0]LogD3D12RHI: Warning: Failed to create graphics PSO with combined hash 0xFA0A01010D5D8253:

[2026.09.01-02.53.05:344][  0]LogRHI: Error: Failed to create graphics pipeline, hashes: Vertex: 80DEB39D4F078416775F3D50C27B381C50EB9A20, Pipeline: 7D97B8AB1344B739B765DA0F092A09800A5D3BFB.
[2026.09.01-02.53.05:344][  0]LogD3D12RHI: Warning: Failed to create graphics PSO with combined hash 0x194336E4D2A93552:

[2026.09.01-02.53.05:344][  0]LogRHI: Error: Failed to create graphics pipeline, hashes: Vertex: 4E88ADABAFD7F87212A21D019A3AB233521EB5D1, Pipeline: 719EBE14C0457B3EC79BC0661D4DEEA96D0D8A36.
[2026.09.01-02.53.05:344][  0]LogD3D12RHI: Error: Failed to create pipeline state with combined hash 4AEBAB58002CC831, error 80070057.
[2026.09.01-02.53.05:344][  0]LogD3D12RHI: Warning: Failed to create graphics PSO with combined hash 0x4AEBAB58002CC831:

[2026.09.01-02.53.05:344][  0]LogRHI: Error: Failed to create graphics pipeline, hashes: Vertex: 4E88ADABAFD7F87212A21D019A3AB233521EB5D1, Pipeline: 719EBE14C0457B3EC79BC0661D4DEEA96D0D8A36.
[2026.09.01-02.53.05:345][  0]LogD3D12RHI: Error: Failed to create pipeline state with combined hash 0D9C6D7749BBFECB, error 80070057.
[2026.09.01-02.53.05:345][  0]LogD3D12RHI: Warning: Failed to create graphics PSO with combined hash 0x0D9C6D7749BBFECB:

[2026.09.01-02.53.05:345][  0]LogRHI: Error: Failed to create graphics pipeline, hashes: Vertex: 479BC90643BEE8E0F0752DA31397D01CCF7C0ED6, Pipeline: 21C19B7A5784F1DB1F2645F56206328D47420E45.
[2026.09.01-02.53.05:345][  0]LogD3D12RHI: Error: Failed to create pipeline state with combined hash 93C76B1D8EA83D60, error 80070057.
[2026.09.01-02.53.05:345][  0]LogD3D12RHI: Warning: Failed to create graphics PSO with combined hash 0x93C76B1D8EA83D60:

[2026.09.01-02.53.05:345][  0]LogRHI: Error: Failed to create graphics pipeline, hashes: Vertex: B0C3FFE9664A36CBDD797424CF9A73769A9A7E89, Pipeline: C672E4AC58AD099470043F65A46681128E652CF9.
[2026.09.01-02.53.05:345][  0]LogD3D12RHI: Error: Failed to create pipeline state with combined hash 45166A10FFDAA99C, error 80070057.
[2026.09.01-02.53.05:345][  0]LogD3D12RHI: Warning: Failed to create graphics PSO with combined hash 0x45166A10FFDAA99C:

[2026.09.01-02.53.05:345][  0]LogRHI: Error: Failed to create graphics pipeline, hashes: Vertex: 4E88ADABAFD7F87212A21D019A3AB233521EB5D1, Pipeline: 719EBE14C0457B3EC79BC0661D4DEEA96D0D8A36.
[2026.09.01-02.53.05:345][  0]LogD3D12RHI: Error: Failed to create pipeline state with combined hash 13BF293540C142D5, error 80070057.
[2026.09.01-02.53.05:345][  0]LogD3D12RHI: Warning: Failed to create graphics PSO with combined hash 0x13BF293540C142D5:

[2026.09.01-02.53.05:345][  0]LogRHI: Error: Failed to create graphics pipeline, hashes: Vertex: 479BC90643BEE8E0F0752DA31397D01CCF7C0ED6, Pipeline: 21C19B7A5784F1DB1F2645F56206328D47420E45.
[2026.09.01-02.53.05:345][  0]LogD3D12RHI: Error: Failed to create pipeline state with combined hash 821AC389EE70007F, error 80070057.
[2026.09.01-02.53.05:345][  0]LogD3D12RHI: Warning: Failed to create graphics PSO with combined hash 0x821AC389EE70007F:

[2026.09.01-02.53.05:345][  0]LogRHI: Error: Failed to create graphics pipeline, hashes: Vertex: B0C3FFE9664A36CBDD797424CF9A73769A9A7E89, Pipeline: C672E4AC58AD099470043F65A46681128E652CF9.
[2026.09.01-02.53.05:345][  0]LogD3D12RHI: Error: Failed to create pipeline state with combined hash 758FA38D2255EF3D, error 80070057.
[2026.09.01-02.53.05:345][  0]LogD3D12RHI: Warning: Failed to create graphics PSO with combined hash 0x758FA38D2255EF3D:

[2026.09.01-02.53.05:345][  0]LogRHI: Error: Failed to create graphics pipeline, hashes: Vertex: 4E88ADABAFD7F87212A21D019A3AB233521EB5D1, Pipeline: 719EBE14C0457B3EC79BC0661D4DEEA96D0D8A36.
[2026.09.01-02.53.05:345][  0]LogD3D12RHI: Error: Failed to create pipeline state with combined hash E4EC4B92DEC9C6EE, error 80070057.
[2026.09.01-02.53.05:345][  0]LogD3D12RHI: Warning: Failed to create graphics PSO with combined hash 0xE4EC4B92DEC9C6EE:

[2026.09.01-02.53.05:345][  0]LogD3D12RHI: Error: Failed to create pipeline state with combined hash 0E03FA36B3736A33, error 80070057.
[2026.09.01-02.53.05:345][  0]LogD3D12RHI: Warning: Failed to create graphics PSO with combined hash 0x0E03FA36B3736A33:

[2026.09.01-02.53.05:345][  0]LogRHI: Error: Failed to create graphics pipeline, hashes: Vertex: 479BC90643BEE8E0F0752DA31397D01CCF7C0ED6, Pipeline: 21C19B7A5784F1DB1F2645F56206328D47420E45.
[2026.09.01-02.53.05:345][  0]LogRHI: Error: Failed to create graphics pipeline, hashes: Vertex: B0C3FFE9664A36CBDD797424CF9A73769A9A7E89, Pipeline: C672E4AC58AD099470043F65A46681128E652CF9.
[2026.09.01-02.53.05:345][  0]LogD3D12RHI: Error: Failed to create pipeline state with combined hash F9DDCB18807A3A53, error 80070057.
[2026.09.01-02.53.05:345][  0]LogD3D12RHI: Warning: Failed to create graphics PSO with combined hash 0xF9DDCB18807A3A53:

[2026.09.01-02.53.05:345][  0]LogRHI: Error: Failed to create graphics pipeline, hashes: Vertex: B0C3FFE9664A36CBDD797424CF9A73769A9A7E89, Pipeline: C672E4AC58AD099470043F65A46681128E652CF9.
[2026.09.01-02.53.05:345][  0]LogD3D12RHI: Error: Failed to create pipeline state with combined hash C3AF69D55E862E51, error 80070057.
[2026.09.01-02.53.05:345][  0]LogD3D12RHI: Warning: Failed to create graphics PSO with combined hash 0xC3AF69D55E862E51:

[2026.09.01-02.53.05:345][  0]LogRHI: Error: Failed to create graphics pipeline, hashes: Vertex: 4E88ADABAFD7F87212A21D019A3AB233521EB5D1, Pipeline: 719EBE14C0457B3EC79BC0661D4DEEA96D0D8A36.
[2026.09.01-02.53.05:345][  0]LogD3D12RHI: Error: Failed to create pipeline state with combined hash 3B1A05DD4E16DD58, error 80070057.
[2026.09.01-02.53.05:345][  0]LogD3D12RHI: Warning: Failed to create graphics PSO with combined hash 0x3B1A05DD4E16DD58:

[2026.09.01-02.53.05:345][  0]LogRHI: Error: Failed to create graphics pipeline, hashes: Vertex: 479BC90643BEE8E0F0752DA31397D01CCF7C0ED6, Pipeline: 21C19B7A5784F1DB1F2645F56206328D47420E45.
[2026.09.01-02.53.05:345][  0]LogD3D12RHI: Error: Failed to create pipeline state with combined hash 2A38A43BA3918E1D, error 80070057.
[2026.09.01-02.53.05:345][  0]LogD3D12RHI: Warning: Failed to create graphics PSO with combined hash 0x2A38A43BA3918E1D:

[2026.09.01-02.53.05:345][  0]LogRHI: Error: Failed to create graphics pipeline, hashes: Vertex: 479BC90643BEE8E0F0752DA31397D01CCF7C0ED6, Pipeline: 21C19B7A5784F1DB1F2645F56206328D47420E45.
[2026.09.01-02.53.05:345][  0]LogD3D12RHI: Error: Failed to create pipeline state with combined hash 32E6F2B987077B6C, error 80070057.
[2026.09.01-02.53.05:345][  0]LogD3D12RHI: Warning: Failed to create graphics PSO with combined hash 0x32E6F2B987077B6C:

[2026.09.01-02.53.05:345][  0]LogD3D12RHI: Error: Failed to create pipeline state with combined hash 391B0E79DA62FD89, error 80070057.
[2026.09.01-02.53.05:345][  0]LogD3D12RHI: Warning: Failed to create graphics PSO with combined hash 0x391B0E79DA62FD89:

[2026.09.01-02.53.05:345][  0]LogRHI: Error: Failed to create graphics pipeline, hashes: Vertex: 479BC90643BEE8E0F0752DA31397D01CCF7C0ED6, Pipeline: 21C19B7A5784F1DB1F2645F56206328D47420E45.
[2026.09.01-02.53.05:345][  0]LogRHI: Error: Failed to create graphics pipeline, hashes: Vertex: 479BC90643BEE8E0F0752DA31397D01CCF7C0ED6, Pipeline: 21C19B7A5784F1DB1F2645F56206328D47420E45.
[2026.09.01-02.53.05:345][  0]LogD3D12RHI: Error: Failed to create pipeline state with combined hash 2D94B1A7D0A5543B, error 80070057.
[2026.09.01-02.53.05:345][  0]LogD3D12RHI: Warning: Failed to create graphics PSO with combined hash 0x2D94B1A7D0A5543B:

[2026.09.01-02.53.05:345][  0]LogRHI: Error: Failed to create graphics pipeline, hashes: Vertex: 4E88ADABAFD7F87212A21D019A3AB233521EB5D1, Pipeline: 719EBE14C0457B3EC79BC0661D4DEEA96D0D8A36.
[2026.09.01-02.53.05:345][  0]LogD3D12RHI: Error: Failed to create pipeline state with combined hash 849A4BF68D40BDD8, error 80070057.
[2026.09.01-02.53.05:345][  0]LogD3D12RHI: Warning: Failed to create graphics PSO with combined hash 0x849A4BF68D40BDD8:

[2026.09.01-02.53.05:345][  0]LogD3D12RHI: Error: Failed to create pipeline state with combined hash 7415995B34D48FE5, error 80070057.
[2026.09.01-02.53.05:345][  0]LogD3D12RHI: Warning: Failed to create graphics PSO with combined hash 0x7415995B34D48FE5:

[2026.09.01-02.53.05:345][  0]LogRHI: Error: Failed to create graphics pipeline, hashes: Vertex: 34A814AD7D1B3471B7D5193B3589B48209CF9E70, Pipeline: 862E321AB4FD2BECAC811003F8E37DCCAD39B265.
[2026.09.01-02.53.05:345][  0]LogD3D12RHI: Error: Failed to create pipeline state with combined hash 20870A00F804F45F, error 80070057.
[2026.09.01-02.53.05:345][  0]LogD3D12RHI: Warning: Failed to create graphics PSO with combined hash 0x20870A00F804F45F:

[2026.09.01-02.53.05:345][  0]LogRHI: Error: Failed to create graphics pipeline, hashes: Vertex: B0C3FFE9664A36CBDD797424CF9A73769A9A7E89, Pipeline: C672E4AC58AD099470043F65A46681128E652CF9.
[2026.09.01-02.53.05:345][  0]LogD3D12RHI: Error: Failed to create pipeline state with combined hash EEFF3EE201D6BB95, error 80070057.
[2026.09.01-02.53.05:345][  0]LogD3D12RHI: Warning: Failed to create graphics PSO with combined hash 0xEEFF3EE201D6BB95:

[2026.09.01-02.53.05:345][  0]LogRHI: Error: Failed to create graphics pipeline, hashes: Vertex: B0C3FFE9664A36CBDD797424CF9A73769A9A7E89, Pipeline: C672E4AC58AD099470043F65A46681128E652CF9.
[2026.09.01-02.53.05:345][  0]LogRHI: Error: Failed to create graphics pipeline, hashes: Vertex: 479BC90643BEE8E0F0752DA31397D01CCF7C0ED6, Pipeline: 21C19B7A5784F1DB1F2645F56206328D47420E45.
[2026.09.01-02.53.05:345][  0]LogD3D12RHI: Error: Failed to create pipeline state with combined hash 098F03ECD4D4607F, error 80070057.
[2026.09.01-02.53.05:345][  0]LogD3D12RHI: Warning: Failed to create graphics PSO with combined hash 0x098F03ECD4D4607F:

[2026.09.01-02.53.05:345][  0]LogRHI: Error: Failed to create graphics pipeline, hashes: Vertex: D01D829FBCC022EFA5C6B3E4620B3CBEC6928FC0, Pixel: D4B683997F4F2021680C7BA1C161613CDE189BF3, Pipeline: 78E439FD3D3C5956CE2DC048B7053B62AB1B2BA5.
[2026.09.01-02.53.05:345][  0]LogD3D12RHI: Error: Failed to create pipeline state with combined hash B9AAA2FB2CCDF179, error 80070057.
[2026.09.01-02.53.05:345][  0]LogD3D12RHI: Warning: Failed to create graphics PSO with combined hash 0xB9AAA2FB2CCDF179:

[2026.09.01-02.53.05:345][  0]LogRHI: Error: Failed to create graphics pipeline, hashes: Vertex: B294F53DAFF0D53668C0BB1DA09703BF9982B192, Pipeline: 477EF6A051C0EF5BE1BB104C929EF10951DF70F8.
[2026.09.01-02.53.05:345][  0]LogD3D12RHI: Error: Failed to create pipeline state with combined hash 96409C1703F70200, error 80070057.
[2026.09.01-02.53.05:345][  0]LogD3D12RHI: Warning: Failed to create graphics PSO with combined hash 0x96409C1703F70200:

[2026.09.01-02.53.05:345][  0]LogRHI: Error: Failed to create graphics pipeline, hashes: Vertex: B0C3FFE9664A36CBDD797424CF9A73769A9A7E89, Pipeline: C672E4AC58AD099470043F65A46681128E652CF9.
[2026.09.01-02.53.05:345][  0]LogD3D12RHI: Error: Failed to create pipeline state with combined hash BE845798F866E60E, error 80070057.
[2026.09.01-02.53.05:345][  0]LogD3D12RHI: Error: Failed to create pipeline state with combined hash 7E7645020EAECA2B, error 80070057.
[2026.09.01-02.53.05:345][  0]LogD3D12RHI: Warning: Failed to create graphics PSO with combined hash 0xBE845798F866E60E:

[2026.09.01-02.53.05:346][  0]LogD3D12RHI: Warning: Failed to create graphics PSO with combined hash 0x7E7645020EAECA2B:

[2026.09.01-02.53.05:346][  0]LogD3D12RHI: Error: Failed to create pipeline state with combined hash 6332B8665D2FAAAA, error 80070057.
[2026.09.01-02.53.05:346][  0]LogD3D12RHI: Warning: Failed to create graphics PSO with combined hash 0x6332B8665D2FAAAA:

[2026.09.01-02.53.05:346][  0]LogRHI: Error: Failed to create graphics pipeline, hashes: Vertex: 34A814AD7D1B3471B7D5193B3589B48209CF9E70, Pipeline: 862E321AB4FD2BECAC811003F8E37DCCAD39B265.
[2026.09.01-02.53.05:346][  0]LogRHI: Error: Failed to create graphics pipeline, hashes: Vertex: 353047380342EC037ECE383CCA21D8A058FCB425, Pipeline: 3F22356A568F01717FC15457E2F1BCDB5E1450DB.
[2026.09.01-02.53.05:346][  0]LogD3D12RHI: Error: Failed to create pipeline state with combined hash 3898A8C77D151B07, error 80070057.
[2026.09.01-02.53.05:346][  0]LogD3D12RHI: Warning: Failed to create graphics PSO with combined hash 0x3898A8C77D151B07:

[2026.09.01-02.53.05:346][  0]LogRHI: Error: Failed to create graphics pipeline, hashes: Vertex: 353047380342EC037ECE383CCA21D8A058FCB425, Pipeline: 3F22356A568F01717FC15457E2F1BCDB5E1450DB.
[2026.09.01-02.53.05:346][  0]LogD3D12RHI: Error: Failed to create pipeline state with combined hash 5364757487830F26, error 80070057.
[2026.09.01-02.53.05:346][  0]LogD3D12RHI: Warning: Failed to create graphics PSO with combined hash 0x5364757487830F26:

[2026.09.01-02.53.05:346][  0]LogRHI: Error: Failed to create graphics pipeline, hashes: Vertex: B0C3FFE9664A36CBDD797424CF9A73769A9A7E89, Pipeline: C672E4AC58AD099470043F65A46681128E652CF9.
[2026.09.01-02.53.05:346][  0]LogRHI: Error: Failed to create graphics pipeline, hashes: Vertex: AB93028AFDDB761EF82BF0FB4A0FD67854C130CD, Pipeline: 39F58C180ED46715547EB4C1136373DD4B1D3F28.
[2026.09.01-02.53.05:346][  0]LogD3D12RHI: Error: Failed to create pipeline state with combined hash F87CA5CFDE8F6ACC, error 80070057.
[2026.09.01-02.53.05:346][  0]LogD3D12RHI: Warning: Failed to create graphics PSO with combined hash 0xF87CA5CFDE8F6ACC:

[2026.09.01-02.53.05:346][  0]LogRHI: Error: Failed to create graphics pipeline, hashes: Vertex: B0C3FFE9664A36CBDD797424CF9A73769A9A7E89, Pipeline: C672E4AC58AD099470043F65A46681128E652CF9.
[2026.09.01-02.53.05:346][  0]LogD3D12RHI: Error: Failed to create pipeline state with combined hash CF6D2E477F9C7A77, error 80070057.
[2026.09.01-02.53.05:346][  0]LogD3D12RHI: Warning: Failed to create graphics PSO with combined hash 0xCF6D2E477F9C7A77:

[2026.09.01-02.53.05:346][  0]LogRHI: Error: Failed to create graphics pipeline, hashes: Vertex: B0C3FFE9664A36CBDD797424CF9A73769A9A7E89, Pipeline: C672E4AC58AD099470043F65A46681128E652CF9.
[2026.09.01-02.53.05:346][  0]LogD3D12RHI: Error: Failed to create pipeline state with combined hash 6A0FAE1885A49E41, error 80070057.
[2026.09.01-02.53.05:346][  0]LogD3D12RHI: Warning: Failed to create graphics PSO with combined hash 0x6A0FAE1885A49E41:

[2026.09.01-02.53.05:346][  0]LogD3D12RHI: Error: Failed to create pipeline state with combined hash B51441CC38D241F4, error 80070057.
[2026.09.01-02.53.05:346][  0]LogD3D12RHI: Warning: Failed to create graphics PSO with combined hash 0xB51441CC38D241F4:

[2026.09.01-02.53.05:346][  0]LogRHI: Error: Failed to create graphics pipeline, hashes: Vertex: 34A814AD7D1B3471B7D5193B3589B48209CF9E70, Pipeline: 862E321AB4FD2BECAC811003F8E37DCCAD39B265.
[2026.09.01-02.53.05:346][  0]LogRHI: Error: Failed to create graphics pipeline, hashes: Vertex: D01D829FBCC022EFA5C6B3E4620B3CBEC6928FC0, Pixel: D4B683997F4F2021680C7BA1C161613CDE189BF3, Pipeline: 78E439FD3D3C5956CE2DC048B7053B62AB1B2BA5.
[2026.09.01-02.53.05:346][  0]LogD3D12RHI: Error: Failed to create pipeline state with combined hash 8E6D91D35505A5FD, error 80070057.
[2026.09.01-02.53.05:346][  0]LogD3D12RHI: Warning: Failed to create graphics PSO with combined hash 0x8E6D91D35505A5FD:

[2026.09.01-02.53.05:346][  0]LogRHI: Error: Failed to create graphics pipeline, hashes: Vertex: B0C3FFE9664A36CBDD797424CF9A73769A9A7E89, Pipeline: C672E4AC58AD099470043F65A46681128E652CF9.
[2026.09.01-02.53.05:346][  0]LogD3D12RHI: Error: Failed to create pipeline state with combined hash 0809371AFE042236, error 80070057.
[2026.09.01-02.53.05:346][  0]LogD3D12RHI: Warning: Failed to create graphics PSO with combined hash 0x0809371AFE042236:

[2026.09.01-02.53.05:346][  0]LogRHI: Error: Failed to create graphics pipeline, hashes: Vertex: 353047380342EC037ECE383CCA21D8A058FCB425, Pipeline: 3F22356A568F01717FC15457E2F1BCDB5E1450DB.
[2026.09.01-02.53.05:346][  0]LogD3D12RHI: Error: Failed to create pipeline state with combined hash 5058D7D0CA8E3716, error 80070057.
[2026.09.01-02.53.05:346][  0]LogD3D12RHI: Warning: Failed to create graphics PSO with combined hash 0x5058D7D0CA8E3716:

[2026.09.01-02.53.05:346][  0]LogRHI: Error: Failed to create graphics pipeline, hashes: Vertex: D01D829FBCC022EFA5C6B3E4620B3CBEC6928FC0, Pixel: D4B683997F4F2021680C7BA1C161613CDE189BF3, Pipeline: 78E439FD3D3C5956CE2DC048B7053B62AB1B2BA5.
[2026.09.01-02.53.05:346][  0]LogD3D12RHI: Error: Failed to create pipeline state with combined hash 44E0687043C893ED, error 80070057.
[2026.09.01-02.53.05:346][  0]LogD3D12RHI: Error: Failed to create pipeline state with combined hash 8BF57759B2A8CA83, error 80070057.
[2026.09.01-02.53.05:346][  0]LogD3D12RHI: Warning: Failed to create graphics PSO with combined hash 0x8BF57759B2A8CA83:

[2026.09.01-02.53.05:346][  0]LogD3D12RHI: Warning: Failed to create graphics PSO with combined hash 0x44E0687043C893ED:

[2026.09.01-02.53.05:346][  0]LogRHI: Error: Failed to create graphics pipeline, hashes: Vertex: B6BAECCAF5B08B2E9F72A9CA26D403BCFEF7AD37, Pixel: 746139FF9308FAD707961C196B1A950F11C185AF, Pipeline: BD93EDE49B622745E9EC1E1A107BEAB1F86D953A.
[2026.09.01-02.53.05:346][  0]LogRHI: Error: Failed to create graphics pipeline, hashes: Vertex: B0C3FFE9664A36CBDD797424CF9A73769A9A7E89, Pipeline: C672E4AC58AD099470043F65A46681128E652CF9.
[2026.09.01-02.53.05:346][  0]LogD3D12RHI: Error: Failed to create pipeline state with combined hash 9DF894E12D4C437F, error 80070057.
[2026.09.01-02.53.05:346][  0]LogD3D12RHI: Warning: Failed to create graphics PSO with combined hash 0x9DF894E12D4C437F:

[2026.09.01-02.53.05:346][  0]LogRHI: Error: Failed to create graphics pipeline, hashes: Vertex: 4E88ADABAFD7F87212A21D019A3AB233521EB5D1, Pipeline: 719EBE14C0457B3EC79BC0661D4DEEA96D0D8A36.
[2026.09.01-02.53.05:346][  0]LogD3D12RHI: Error: Failed to create pipeline state with combined hash 93F0F960478FEA65, error 80070057.
[2026.09.01-02.53.05:346][  0]LogD3D12RHI: Warning: Failed to create graphics PSO with combined hash 0x93F0F960478FEA65:

[2026.09.01-02.53.05:346][  0]LogD3D12RHI: Error: Failed to create pipeline state with combined hash 922A709AB5C9BE48, error 80070057.
[2026.09.01-02.53.05:346][  0]LogD3D12RHI: Warning: Failed to create graphics PSO with combined hash 0x922A709AB5C9BE48:

[2026.09.01-02.53.05:346][  0]LogRHI: Error: Failed to create graphics pipeline, hashes: Vertex: B0C3FFE9664A36CBDD797424CF9A73769A9A7E89, Pipeline: C672E4AC58AD099470043F65A46681128E652CF9.
[2026.09.01-02.53.05:346][  0]LogRHI: Error: Failed to create graphics pipeline, hashes: Vertex: B0C3FFE9664A36CBDD797424CF9A73769A9A7E89, Pipeline: C672E4AC58AD099470043F65A46681128E652CF9.
[2026.09.01-02.53.05:347][  0]LogD3D12RHI: Error: Failed to create pipeline state with combined hash 9D3C2327A2872FF5, error 80070057.
[2026.09.01-02.53.05:347][  0]LogD3D12RHI: Warning: Failed to create graphics PSO with combined hash 0x9D3C2327A2872FF5:

[2026.09.01-02.53.05:347][  0]LogRHI: Error: Failed to create graphics pipeline, hashes: Vertex: 1708BED0D613201B22EE331BAE1BC64087D8B7F9, Pixel: D4B683997F4F2021680C7BA1C161613CDE189BF3, Pipeline: 16C34028DC2CA4437FFEFC20B5B7EC47D780D164.
[2026.09.01-02.53.05:347][  0]LogD3D12RHI: Error: Failed to create pipeline state with combined hash 7BE92A2C5FC4BB54, error 80070057.
[2026.09.01-02.53.05:347][  0]LogD3D12RHI: Warning: Failed to create graphics PSO with combined hash 0x7BE92A2C5FC4BB54:

[2026.09.01-02.53.05:347][  0]LogRHI: Error: Failed to create graphics pipeline, hashes: Vertex: B2210A53D502E68DF6EB330DDC3A77AF023F0748, Pipeline: 418BE34480DB1AC15D31B5FD4BAC4339DF7200C5.
[2026.09.01-02.53.05:347][  0]LogD3D12RHI: Error: Failed to create pipeline state with combined hash 3303EBE14CE861FE, error 80070057.
[2026.09.01-02.53.05:347][  0]LogD3D12RHI: Warning: Failed to create graphics PSO with combined hash 0x3303EBE14CE861FE:

[2026.09.01-02.53.05:347][  0]LogRHI: Error: Failed to create graphics pipeline, hashes: Vertex: FAE7DCCB05A84768D6B46D071A70B1765DC05A3D, Pipeline: 869736595625C2475696E32F96DBCD1B409DDE19.
[2026.09.01-02.53.05:348][  0]LogD3D12RHI: Error: Failed to create pipeline state with combined hash 6B8B18BD30A2673B, error 80070057.
[2026.09.01-02.53.05:348][  0]LogD3D12RHI: Warning: Failed to create graphics PSO with combined hash 0x6B8B18BD30A2673B:

[2026.09.01-02.53.05:348][  0]LogRHI: Error: Failed to create graphics pipeline, hashes: Vertex: 4307B0B7A4755A0FEB4578285A59DA5CF5B393FA, Pixel: D4B683997F4F2021680C7BA1C161613CDE189BF3, Pipeline: 622C15B4E93953D4B4B1E7A178DF1159B2368BB9.
[2026.09.01-02.53.05:348][  0]LogD3D12RHI: Error: Failed to create pipeline state with combined hash 65BBBC3F24B7BB7C, error 80070057.
[2026.09.01-02.53.05:348][  0]LogD3D12RHI: Warning: Failed to create graphics PSO with combined hash 0x65BBBC3F24B7BB7C:

[2026.09.01-02.53.05:348][  0]LogRHI: Error: Failed to create graphics pipeline, hashes: Vertex: B294F53DAFF0D53668C0BB1DA09703BF9982B192, Pipeline: 477EF6A051C0EF5BE1BB104C929EF10951DF70F8.
[2026.09.01-02.53.05:348][  0]LogD3D12RHI: Error: Failed to create pipeline state with combined hash 402C042FCF56686B, error 80070057.
[2026.09.01-02.53.05:348][  0]LogD3D12RHI: Warning: Failed to create graphics PSO with combined hash 0x402C042FCF56686B:

[2026.09.01-02.53.05:348][  0]LogRHI: Error: Failed to create graphics pipeline, hashes: Vertex: B2210A53D502E68DF6EB330DDC3A77AF023F0748, Pipeline: 418BE34480DB1AC15D31B5FD4BAC4339DF7200C5.
[2026.09.01-02.53.05:348][  0]LogD3D12RHI: Error: Failed to create pipeline state with combined hash 0166D1210AF66B49, error 80070057.
[2026.09.01-02.53.05:348][  0]LogD3D12RHI: Warning: Failed to create graphics PSO with combined hash 0x0166D1210AF66B49:

[2026.09.01-02.53.05:348][  0]LogRHI: Error: Failed to create graphics pipeline, hashes: Vertex: AB93028AFDDB761EF82BF0FB4A0FD67854C130CD, Pipeline: 39F58C180ED46715547EB4C1136373DD4B1D3F28.
[2026.09.01-02.53.05:348][  0]LogD3D12RHI: Error: Failed to create pipeline state with combined hash 11C5B7D257413851, error 80070057.
[2026.09.01-02.53.05:348][  0]LogD3D12RHI: Warning: Failed to create graphics PSO with combined hash 0x11C5B7D257413851:

[2026.09.01-02.53.05:348][  0]LogRHI: Error: Failed to create graphics pipeline, hashes: Vertex: FAE7DCCB05A84768D6B46D071A70B1765DC05A3D, Pipeline: 869736595625C2475696E32F96DBCD1B409DDE19.
[2026.09.01-02.53.05:349][  0]LogD3D12RHI: Error: Failed to create pipeline state with combined hash 7EF98FBF5578C462, error 80070057.
[2026.09.01-02.53.05:349][  0]LogD3D12RHI: Warning: Failed to create graphics PSO with combined hash 0x7EF98FBF5578C462:

[2026.09.01-02.53.05:349][  0]LogD3D12RHI: Error: Failed to create pipeline state with combined hash 585BBAF1B29558F4, error 80070057.
[2026.09.01-02.53.05:349][  0]LogRHI: Error: Failed to create graphics pipeline, hashes: Vertex: B2210A53D502E68DF6EB330DDC3A77AF023F0748, Pipeline: 418BE34480DB1AC15D31B5FD4BAC4339DF7200C5.
[2026.09.01-02.53.05:349][  0]LogD3D12RHI: Warning: Failed to create graphics PSO with combined hash 0x585BBAF1B29558F4:

[2026.09.01-02.53.05:349][  0]LogRHI: Error: Failed to create graphics pipeline, hashes: Vertex: 4307B0B7A4755A0FEB4578285A59DA5CF5B393FA, Pixel: D4B683997F4F2021680C7BA1C161613CDE189BF3, Pipeline: 622C15B4E93953D4B4B1E7A178DF1159B2368BB9.
[2026.09.01-02.53.05:349][  0]LogD3D12RHI: Error: Failed to create pipeline state with combined hash DDCBF25706EB1F11, error 80070057.
[2026.09.01-02.53.05:349][  0]LogD3D12RHI: Warning: Failed to create graphics PSO with combined hash 0xDDCBF25706EB1F11:

[2026.09.01-02.53.05:349][  0]LogRHI: Error: Failed to create graphics pipeline, hashes: Vertex: 1708BED0D613201B22EE331BAE1BC64087D8B7F9, Pixel: D4B683997F4F2021680C7BA1C161613CDE189BF3, Pipeline: 16C34028DC2CA4437FFEFC20B5B7EC47D780D164.
[2026.09.01-02.53.05:349][  0]LogD3D12RHI: Error: Failed to create pipeline state with combined hash CF39C502F92F3BF8, error 80070057.
[2026.09.01-02.53.05:349][  0]LogD3D12RHI: Warning: Failed to create graphics PSO with combined hash 0xCF39C502F92F3BF8:

[2026.09.01-02.53.05:349][  0]LogRHI: Error: Failed to create graphics pipeline, hashes: Vertex: B294F53DAFF0D53668C0BB1DA09703BF9982B192, Pipeline: 477EF6A051C0EF5BE1BB104C929EF10951DF70F8.
[2026.09.01-02.53.05:350][  0]LogD3D12RHI: Error: Failed to create pipeline state with combined hash 567794785E6EDF85, error 80070057.
[2026.09.01-02.53.05:350][  0]LogD3D12RHI: Warning: Failed to create graphics PSO with combined hash 0x567794785E6EDF85:

[2026.09.01-02.53.05:350][  0]LogRHI: Error: Failed to create graphics pipeline, hashes: Vertex: AB93028AFDDB761EF82BF0FB4A0FD67854C130CD, Pipeline: 39F58C180ED46715547EB4C1136373DD4B1D3F28.
[2026.09.01-02.53.05:350][  0]LogD3D12RHI: Error: Failed to create pipeline state with combined hash 3BB0DE7B27DF1E78, error 80070057.
[2026.09.01-02.53.05:350][  0]LogD3D12RHI: Warning: Failed to create graphics PSO with combined hash 0x3BB0DE7B27DF1E78:

[2026.09.01-02.53.05:350][  0]LogRHI: Error: Failed to create graphics pipeline, hashes: Vertex: 1708BED0D613201B22EE331BAE1BC64087D8B7F9, Pixel: D4B683997F4F2021680C7BA1C161613CDE189BF3, Pipeline: 16C34028DC2CA4437FFEFC20B5B7EC47D780D164.
[2026.09.01-02.53.05:350][  0]LogD3D12RHI: Error: Failed to create pipeline state with combined hash D9772F28534CC08E, error 80070057.
[2026.09.01-02.53.05:350][  0]LogD3D12RHI: Warning: Failed to create graphics PSO with combined hash 0xD9772F28534CC08E:

[2026.09.01-02.53.05:350][  0]LogRHI: Error: Failed to create graphics pipeline, hashes: Vertex: 479BC90643BEE8E0F0752DA31397D01CCF7C0ED6, Pipeline: 21C19B7A5784F1DB1F2645F56206328D47420E45.
[2026.09.01-02.53.05:350][  0]LogD3D12RHI: Error: Failed to create pipeline state with combined hash F6D28F14BB97504E, error 80070057.
[2026.09.01-02.53.05:350][  0]LogD3D12RHI: Warning: Failed to create graphics PSO with combined hash 0xF6D28F14BB97504E:

[2026.09.01-02.53.05:350][  0]LogRHI: Error: Failed to create graphics pipeline, hashes: Vertex: FAE7DCCB05A84768D6B46D071A70B1765DC05A3D, Pipeline: 869736595625C2475696E32F96DBCD1B409DDE19.
[2026.09.01-02.53.05:350][  0]LogD3D12RHI: Error: Failed to create pipeline state with combined hash 02CA15250AF9E5F6, error 80070057.
[2026.09.01-02.53.05:350][  0]LogD3D12RHI: Warning: Failed to create graphics PSO with combined hash 0x02CA15250AF9E5F6:

[2026.09.01-02.53.05:350][  0]LogD3D12RHI: Error: Failed to create pipeline state with combined hash D672BF5EDE766D01, error 80070057.
[2026.09.01-02.53.05:350][  0]LogRHI: Error: Failed to create graphics pipeline, hashes: Vertex: C0463E627251FC84C2A1438A9F535FB76D35E856, Pixel: 746139FF9308FAD707961C196B1A950F11C185AF, Pipeline: D211CE97B1CE346E9CE3A1ECB3F9DB11C6C36190.
[2026.09.01-02.53.05:350][  0]LogD3D12RHI: Warning: Failed to create graphics PSO with combined hash 0xD672BF5EDE766D01:

[2026.09.01-02.53.05:350][  0]LogRHI: Error: Failed to create graphics pipeline, hashes: Vertex: 4307B0B7A4755A0FEB4578285A59DA5CF5B393FA, Pixel: D4B683997F4F2021680C7BA1C161613CDE189BF3, Pipeline: 622C15B4E93953D4B4B1E7A178DF1159B2368BB9.
[2026.09.01-02.53.05:350][  0]LogD3D12RHI: Error: Failed to create pipeline state with combined hash DFDAAEF184A25535, error 80070057.
[2026.09.01-02.53.05:350][  0]LogD3D12RHI: Warning: Failed to create graphics PSO with combined hash 0xDFDAAEF184A25535:

[2026.09.01-02.53.05:350][  0]LogRHI: Error: Failed to create graphics pipeline, hashes: Vertex: 0DCB8C2D2434EF041366F3B57A5C28526F94FF21, Pixel: 746139FF9308FAD707961C196B1A950F11C185AF, Pipeline: BC84181476EAA62512D0D353343A0BB757AB6D77.
[2026.09.01-02.53.05:352][  0]LogD3D12RHI: Error: Failed to create pipeline state with combined hash DB1FB17879DCD6C3, error 80070057.
[2026.09.01-02.53.05:352][  0]LogD3D12RHI: Warning: Failed to create graphics PSO with combined hash 0xDB1FB17879DCD6C3:

[2026.09.01-02.53.05:352][  0]LogRHI: Error: Failed to create graphics pipeline, hashes: Vertex: B0C3FFE9664A36CBDD797424CF9A73769A9A7E89, Pipeline: C672E4AC58AD099470043F65A46681128E652CF9.
[2026.09.01-02.53.05:354][  0]LogD3D12RHI: Error: Failed to create pipeline state with combined hash 4CEF2C086267F284, error 80070057.
[2026.09.01-02.53.05:354][  0]LogD3D12RHI: Warning: Failed to create graphics PSO with combined hash 0x4CEF2C086267F284:

[2026.09.01-02.53.05:354][  0]LogRHI: Error: Failed to create graphics pipeline, hashes: Vertex: 88330D96BE01F0A92B52CB297B7CDC9D55A34909, Pixel: 9986C9BBA9916DB2AE9DAAEBC6FC4A4AF3EF41B4, Pipeline: 639183A9683C590A72C3FD68D8669389BC0DEAA6.
[2026.09.01-02.53.05:355][  0]LogD3D12RHI: Error: Failed to create pipeline state with combined hash C712265347AFAFAE, error 80070057.
[2026.09.01-02.53.05:355][  0]LogD3D12RHI: Warning: Failed to create graphics PSO with combined hash 0xC712265347AFAFAE:

[2026.09.01-02.53.05:355][  0]LogRHI: Error: Failed to create graphics pipeline, hashes: Vertex: 065A6E225A1329F2F1432DFA752C8DED0CD4E39D, Pixel: 9986C9BBA9916DB2AE9DAAEBC6FC4A4AF3EF41B4, Pipeline: 0F7FAB63707255446473AABEE758F8C7A5896F6D.
[2026.09.01-02.53.05:356][  0]LogD3D12RHI: Error: Failed to create pipeline state with combined hash 3DA4DE9EB5F51A15, error 80070057.
[2026.09.01-02.53.05:356][  0]LogD3D12RHI: Warning: Failed to create graphics PSO with combined hash 0x3DA4DE9EB5F51A15:

[2026.09.01-02.53.05:356][  0]LogRHI: Error: Failed to create graphics pipeline, hashes: Vertex: 84DFB8060A712867812F4441805E968B7C8FC1B9, Pixel: 9986C9BBA9916DB2AE9DAAEBC6FC4A4AF3EF41B4, Pipeline: 35D94842EA683DD44AF0BE36A16C43C90A52291D.
[2026.09.01-02.53.05:356][  0]LogD3D12RHI: Error: Failed to create pipeline state with combined hash 6F8CFAD0085804CF, error 80070057.
[2026.09.01-02.53.05:356][  0]LogD3D12RHI: Warning: Failed to create graphics PSO with combined hash 0x6F8CFAD0085804CF:

[2026.09.01-02.53.05:356][  0]LogRHI: Error: Failed to create graphics pipeline, hashes: Vertex: EEA71DB9242DDAD95708BB76DEBE569081796F1F, Pixel: 9986C9BBA9916DB2AE9DAAEBC6FC4A4AF3EF41B4, Pipeline: C58699B5205BA6EC96CCB2E94BE3D96D966F5748.
[2026.09.01-02.53.05:363][  0]LogConfig: Branch 'EditorPerProjectUserSettings' had been unloaded. Reloading on-demand took 0.21ms
[2026.09.01-02.53.05:382][  0]LogPackageLocalizationCache: Processed 106 localized package path(s) for 2 prioritized culture(s) in 0.000305 seconds
[2026.09.01-02.53.05:385][  0]LogConfig: Branch 'GameplayTagsList' had been unloaded. Reloading on-demand took 0.13ms
[2026.09.01-02.53.05:388][  0]LogConfig: Branch 'Mass' had been unloaded. Reloading on-demand took 0.13ms
[2026.09.01-02.53.05:418][  0]LogConfig: Branch 'Debug' had been unloaded. Reloading on-demand took 0.12ms
[2026.09.01-02.53.05:425][  0]LogStats: UGameplayTagsManager::InitializeManager -  0.007 s
[2026.09.01-02.53.05:439][  0]LogConfig: Branch 'AnimBudgeter' had been unloaded. Reloading on-demand took 0.13ms
[2026.09.01-02.53.05:441][  0]LogConfig: Branch 'FastGeoStreaming' had been unloaded. Reloading on-demand took 0.15ms
[2026.09.01-02.53.05:482][  0]LogAudioCaptureCore: Display: No Audio Capture implementations found. Audio input will be silent.
[2026.09.01-02.53.05:482][  0]LogAudioCaptureCore: Display: No Audio Capture implementations found. Audio input will be silent.
[2026.09.01-02.53.05:486][  0]LogConfig: Branch 'BlockoutTools' had been unloaded. Reloading on-demand took 0.15ms
[2026.09.01-02.53.05:487][  0]LogMetaSound: Display: MetaSound Page Target Initialized to 'Default'
[2026.09.01-02.53.05:504][  0]LogWwise: WwiseModule: Loading AkAudio
[2026.09.01-02.53.05:504][  0]LogLoad: Loading WwiseSoundEngine module: WwiseSoundEngine
[2026.09.01-02.53.05:504][  0]LogWwiseSoundEngine: Display: Loading Wwise SoundEngine 2023.1.8 (Integration 2023.1)
[2026.09.01-02.53.05:504][  0]LogAkAudio: FAkAudioModule::UpdateWwiseResourceLoaderSettings : Updating Resource Loader settings.
[2026.09.01-02.53.05:504][  0]LogLoad: Loading WwiseResourceLoader module: WwiseResourceLoader
[2026.09.01-02.53.05:504][  0]LogWwiseResourceLoader: Display: Initializing default Resource Loader.
[2026.09.01-02.53.05:504][  0]LogAkAudio: Wwise(R) SDK Version 2023.1.8 Build 8601 [Release(StaticCRT)]. (C) 2006-2024. Audiokinetic Inc. All rights reserved.
[2026.09.01-02.53.05:504][  0]LogLoad: Loading WwiseFileHandler module: WwiseFileHandler
[2026.09.01-02.53.05:504][  0]LogLoad: Loading WwiseProcessing module: WwiseProcessing
[2026.09.01-02.53.05:504][  0]LogWwiseProcessing: Display: Initializing default Processing.
[2026.09.01-02.53.05:505][  0]LogAkAudio: Wwise plug-in DLL path: S:/steamapps/common/Splitgate 2/Engine/Plugins/Audio/Wwise/ThirdParty/x64_vc170/Release/bin/
[2026.09.01-02.53.05:507][  0]LogAkAudio: Wwise SoundEngine successfully initialized.
[2026.09.01-02.53.05:507][  0]LogAkAudio: Initialization complete.
[2026.09.01-02.53.05:507][  0]LogAkAudio: Audiokinetic Audio Device initialized.
[2026.09.01-02.53.05:507][  0]LogLoad: Loading WwiseConcurrency module: WwiseConcurrency
[2026.09.01-02.53.05:507][  0]LogWwiseConcurrency: Display: Initializing default Concurrency.
[2026.09.01-02.53.05:538][  0]LogAkAudio: FAkAudioDevice::LoadDelayedObjects: Loading 7 delayed Wwise Objects after initialization.
[2026.09.01-02.53.05:675][  0]LogMoviePlayer: Initializing movie player
[2026.09.01-02.53.05:716][  0]LogWwiseNiagara: Display: Initializing default Niagara.
[2026.09.01-02.53.05:716][  0]LogGauntlet: Display: Gauntlet Initialized
[2026.09.01-02.53.05:726][  0]LogAudio: Display: Registering Engine Module Parameter Interfaces...
[2026.09.01-02.53.05:727][  0]LogMetaSound: MetaSound Engine Initialized
[2026.09.01-02.53.05:727][  0]LogSteamShared: Display: Loading Steam SDK 1.57
[2026.09.01-02.53.05:729][  0]LogSteamShared: Steam SDK Loaded!
[2026.09.01-02.53.05:731][  0]AudioGameplayLog: FAudioGameplayModule::StartupModule
[2026.09.01-02.53.05:731][  0]LogToxMod: Display: ToxMod Core SDK Version: 1.8.3
[2026.09.01-02.53.05:755][  0]LogUObjectArray: 46936 objects as part of root set at end of initial load.
[2026.09.01-02.53.05:755][  0]LogUObjectArray: 833 objects are not in the root set, but can never be destroyed because they are in the DisregardForGC set.
[2026.09.01-02.53.05:755][  0]LogUObjectArray: CloseDisregardForGC: 46936/46936 objects in disregard for GC pool
[2026.09.01-02.53.05:769][  0]LogStreaming: Display: AsyncLoading2 - NotifyRegistrationComplete: Registered 44818 public script object entries (1185.80 KB)
[2026.09.01-02.53.05:770][  0]LogStreaming: Display: AsyncLoading2 - Thread Started: true, IsInitialLoad: false
[2026.09.01-02.53.05:861][  0]LogEngine: Initializing Engine...
[2026.09.01-02.53.05:861][  0]LogGameFeatures: Initializing game features subsystem
[2026.09.01-02.53.05:861][  0]LogSentrySdk: Sentry plugin auto initialization: false
[2026.09.01-02.53.05:864][  0]LogCore1047Crash: Initializing sentry crash backend
[2026.09.01-02.53.05:861][  0]LogSentrySdk: using database path "C:\USERS\REDACTED\AppData\Local\PortalWars2\.sentry-native"
[2026.09.01-02.53.05:999][  0]LogSentrySdk: started crashpad client handler
[2026.09.01-02.53.06:006][  0]LogSentrySdk: Sentry initialization completed with result 0 (0 on success).
[2026.09.01-02.53.06:006][  0]LogWindows: Attached monitors:
[2026.09.01-02.53.06:006][  0]LogWindows:     resolution: 1920x1080, work area: (0, 0) -> (1920, 1025), device: '\\.\DISPLAY1' [PRIMARY]
[2026.09.01-02.53.06:006][  0]LogWindows: Found 1 attached monitors.
[2026.09.01-02.53.06:006][  0]LogWindows: Gathering driver information using Windows Setup API
[2026.09.01-02.53.06:011][  0]LogCore1047Crash: Crash context user id is 91a7059f47289311e99f21be5091a4dc
[2026.09.01-02.53.06:012][  0]LogWindows: Attached monitors:
[2026.09.01-02.53.06:012][  0]LogWindows:     resolution: 1920x1080, work area: (0, 0) -> (1920, 1025), device: '\\.\DISPLAY1' [PRIMARY]
[2026.09.01-02.53.06:012][  0]LogWindows: Found 1 attached monitors.
[2026.09.01-02.53.06:012][  0]LogWindows: Gathering driver information using Windows Setup API
[2026.09.01-02.53.06:018][  0]LogGF1047GameFeatureActivation: Not updating feature states, new features match current state
[2026.09.01-02.53.06:031][  0]LogAssetManager: Display: Ignoring PrimaryAssetType LoadoutItem - Conflicts with DependentLoadoutItem - Asset: ID_Unarmed
[2026.09.01-02.53.06:033][  0]LogAssetManager: Display: Ignoring PrimaryAssetType DependentLoadoutItem - Conflicts with LoadoutItem - Asset: CharmID_Empty
[2026.09.01-02.53.06:046][  0]LogGameFeatures: Scanning for built-in game feature plugins
[2026.09.01-02.53.06:047][  0]LogGameFeatures: Loading 681 builtins
[2026.09.01-02.53.06:050][  0]LogShaderLibrary: Display: Opening a chunked shader library for plugin 'SOC_S3' is ignored. Chunked libraries for plugins are not supported.
[2026.09.01-02.53.06:054][  0]LogPluginManager: Mounting plugin localization for 'SOC_S3'...
[2026.09.01-02.53.06:055][  0]LogGameFeatures: Display: Game feature 'SOC_S3' transitioned successfully. Ending state: Active [Active, Active]
[2026.09.01-02.53.06:055][  0]LogShaderLibrary: Display: Opening a chunked shader library for plugin 'SOC_S2' is ignored. Chunked libraries for plugins are not supported.
[2026.09.01-02.53.06:058][  0]LogPluginManager: Mounting plugin localization for 'SOC_S2'...
[2026.09.01-02.53.06:059][  0]LogGameFeatures: Display: Game feature 'SOC_S2' transitioned successfully. Ending state: Active [Active, Active]
[2026.09.01-02.53.06:059][  0]LogShaderLibrary: Display: Opening a chunked shader library for plugin 'SOC_S1' is ignored. Chunked libraries for plugins are not supported.
[2026.09.01-02.53.06:062][  0]LogPluginManager: Mounting plugin localization for 'SOC_S1'...
[2026.09.01-02.53.06:064][  0]LogGameFeatures: Display: Game feature 'SOC_S1' transitioned successfully. Ending state: Active [Active, Active]
[2026.09.01-02.53.06:065][  0]LogShaderLibrary: Display: Opening a chunked shader library for plugin 'POW_SpeedBoost' is ignored. Chunked libraries for plugins are not supported.
[2026.09.01-02.53.06:066][  0]LogPluginManager: Mounting plugin localization for 'POW_SpeedBoost'...
[2026.09.01-02.53.06:067][  0]LogGameFeatures: Display: Game feature 'POW_SpeedBoost' transitioned successfully. Ending state: Active [Active, Active]
[2026.09.01-02.53.06:067][  0]LogShaderLibrary: Display: Opening a chunked shader library for plugin 'POW_Overshield' is ignored. Chunked libraries for plugins are not supported.
[2026.09.01-02.53.06:068][  0]LogPluginManager: Mounting plugin localization for 'POW_Overshield'...
[2026.09.01-02.53.06:069][  0]LogGameFeatures: Display: Game feature 'POW_Overshield' transitioned successfully. Ending state: Active [Active, Active]
[2026.09.01-02.53.06:069][  0]LogShaderLibrary: Display: Opening a chunked shader library for plugin 'PSK_WarpFracture' is ignored. Chunked libraries for plugins are not supported.
[2026.09.01-02.53.06:071][  0]LogPluginManager: Mounting plugin localization for 'PSK_WarpFracture'...
[2026.09.01-02.53.06:071][  0]LogGameFeatures: Display: Game feature 'PSK_WarpFracture' transitioned successfully. Ending state: Active [Active, Active]
[2026.09.01-02.53.06:073][  0]LogShaderLibrary: Display: Opening a chunked shader library for plugin 'PSK_Template' is ignored. Chunked libraries for plugins are not supported.
[2026.09.01-02.53.06:075][  0]LogPluginManager: Mounting plugin localization for 'PSK_Template'...
[2026.09.01-02.53.06:075][  0]LogGameFeatures: Display: Game feature 'PSK_Template' transitioned successfully. Ending state: Active [Active, Active]
[2026.09.01-02.53.06:076][  0]LogShaderLibrary: Display: Opening a chunked shader library for plugin 'PSK_Space' is ignored. Chunked libraries for plugins are not supported.
[2026.09.01-02.53.06:078][  0]LogPluginManager: Mounting plugin localization for 'PSK_Space'...
[2026.09.01-02.53.06:078][  0]LogGameFeatures: Display: Game feature 'PSK_Space' transitioned successfully. Ending state: Active [Active, Active]
[2026.09.01-02.53.06:078][  0]LogShaderLibrary: Display: Opening a chunked shader library for plugin 'PSK_Shield' is ignored. Chunked libraries for plugins are not supported.
[2026.09.01-02.53.06:079][  0]LogPluginManager: Mounting plugin localization for 'PSK_Shield'...
[2026.09.01-02.53.06:080][  0]LogGameFeatures: Display: Game feature 'PSK_Shield' transitioned successfully. Ending state: Active [Active, Active]
[2026.09.01-02.53.06:080][  0]LogShaderLibrary: Display: Opening a chunked shader library for plugin 'PSK_SeventySeven' is ignored. Chunked libraries for plugins are not supported.
[2026.09.01-02.53.06:082][  0]LogPluginManager: Mounting plugin localization for 'PSK_SeventySeven'...
[2026.09.01-02.53.06:082][  0]LogGameFeatures: Display: Game feature 'PSK_SeventySeven' transitioned successfully. Ending state: Active [Active, Active]
[2026.09.01-02.53.06:082][  0]LogShaderLibrary: Display: Opening a chunked shader library for plugin 'PSK_SeasonFinale' is ignored. Chunked libraries for plugins are not supported.
[2026.09.01-02.53.06:084][  0]LogPluginManager: Mounting plugin localization for 'PSK_SeasonFinale'...
[2026.09.01-02.53.06:084][  0]LogGameFeatures: Display: Game feature 'PSK_SeasonFinale' transitioned successfully. Ending state: Active [Active, Active]
[2026.09.01-02.53.06:085][  0]LogShaderLibrary: Display: Opening a chunked shader library for plugin 'PSK_NanoNurse' is ignored. Chunked libraries for plugins are not supported.
[2026.09.01-02.53.06:087][  0]LogPluginManager: Mounting plugin localization for 'PSK_NanoNurse'...
[2026.09.01-02.53.06:087][  0]LogGameFeatures: Display: Game feature 'PSK_NanoNurse' transitioned successfully. Ending state: Active [Active, Active]
[2026.09.01-02.53.06:087][  0]LogShaderLibrary: Display: Opening a chunked shader library for plugin 'PSK_MetalGrinder' is ignored. Chunked libraries for plugins are not supported.
[2026.09.01-02.53.06:089][  0]LogPluginManager: Mounting plugin localization for 'PSK_MetalGrinder'...
[2026.09.01-02.53.06:089][  0]LogGameFeatures: Display: Game feature 'PSK_MetalGrinder' transitioned successfully. Ending state: Active [Active, Active]
[2026.09.01-02.53.06:089][  0]LogShaderLibrary: Display: Opening a chunked shader library for plugin 'PSK_Glitch' is ignored. Chunked libraries for plugins are not supported.
[2026.09.01-02.53.06:091][  0]LogPluginManager: Mounting plugin localization for 'PSK_Glitch'...
[2026.09.01-02.53.06:091][  0]LogGameFeatures: Display: Game feature 'PSK_Glitch' transitioned successfully. Ending state: Active [Active, Active]
[2026.09.01-02.53.06:092][  0]LogShaderLibrary: Display: Opening a chunked shader library for plugin 'PSK_GamerGirl' is ignored. Chunked libraries for plugins are not supported.
[2026.09.01-02.53.06:093][  0]LogPluginManager: Mounting plugin localization for 'PSK_GamerGirl'...
[2026.09.01-02.53.06:093][  0]LogGameFeatures: Display: Game feature 'PSK_GamerGirl' transitioned successfully. Ending state: Active [Active, Active]
[2026.09.01-02.53.06:093][  0]LogShaderLibrary: Display: Opening a chunked shader library for plugin 'PSK_Executive' is ignored. Chunked libraries for plugins are not supported.
[2026.09.01-02.53.06:094][  0]LogCoreRedirects: AddRedirect(C:/USERS/REDACTED/AppData/Local/PortalWars2/Saved/Config/WindowsClient/PSK_Executive.ini) has wildcard redirect /PSK-Executive/, these are very slow and should be resolved as soon as possible! Please refer to the documentation in Engine/Config/BaseEngine.ini.
[2026.09.01-02.53.06:096][  0]LogPluginManager: Mounting plugin localization for 'PSK_Executive'...
[2026.09.01-02.53.06:096][  0]LogGameFeatures: Display: Game feature 'PSK_Executive' transitioned successfully. Ending state: Active [Active, Active]
[2026.09.01-02.53.06:096][  0]LogShaderLibrary: Display: Opening a chunked shader library for plugin 'PSK_Equalizer' is ignored. Chunked libraries for plugins are not supported.
[2026.09.01-02.53.06:097][  0]LogPluginManager: Mounting plugin localization for 'PSK_Equalizer'...
[2026.09.01-02.53.06:098][  0]LogGameFeatures: Display: Game feature 'PSK_Equalizer' transitioned successfully. Ending state: Active [Active, Active]
[2026.09.01-02.53.06:098][  0]LogShaderLibrary: Display: Opening a chunked shader library for plugin 'PSK_Cowgirl' is ignored. Chunked libraries for plugins are not supported.
[2026.09.01-02.53.06:099][  0]LogPluginManager: Mounting plugin localization for 'PSK_Cowgirl'...
[2026.09.01-02.53.06:100][  0]LogGameFeatures: Display: Game feature 'PSK_Cowgirl' transitioned successfully. Ending state: Active [Active, Active]
[2026.09.01-02.53.06:100][  0]LogShaderLibrary: Display: Opening a chunked shader library for plugin 'PSK_COCO' is ignored. Chunked libraries for plugins are not supported.
[2026.09.01-02.53.06:101][  0]LogPluginManager: Mounting plugin localization for 'PSK_COCO'...
[2026.09.01-02.53.06:101][  0]LogGameFeatures: Display: Game feature 'PSK_COCO' transitioned successfully. Ending state: Active [Active, Active]
[2026.09.01-02.53.06:102][  0]LogShaderLibrary: Display: Opening a chunked shader library for plugin 'PSK_Bug' is ignored. Chunked libraries for plugins are not supported.
[2026.09.01-02.53.06:103][  0]LogPluginManager: Mounting plugin localization for 'PSK_Bug'...
[2026.09.01-02.53.06:103][  0]LogGameFeatures: Display: Game feature 'PSK_Bug' transitioned successfully. Ending state: Active [Active, Active]
[2026.09.01-02.53.06:104][  0]LogShaderLibrary: Display: Opening a chunked shader library for plugin 'PSK_BadLuck' is ignored. Chunked libraries for plugins are not supported.
[2026.09.01-02.53.06:106][  0]LogPluginManager: Mounting plugin localization for 'PSK_BadLuck'...
[2026.09.01-02.53.06:106][  0]LogGameFeatures: Display: Game feature 'PSK_BadLuck' transitioned successfully. Ending state: Active [Active, Active]
[2026.09.01-02.53.06:106][  0]LogShaderLibrary: Display: Opening a chunked shader library for plugin 'PSK_Astra' is ignored. Chunked libraries for plugins are not supported.
[2026.09.01-02.53.06:108][  0]LogPluginManager: Mounting plugin localization for 'PSK_Astra'...
[2026.09.01-02.53.06:109][  0]LogGameFeatures: Display: Game feature 'PSK_Astra' transitioned successfully. Ending state: Active [Active, Active]
[2026.09.01-02.53.06:109][  0]LogShaderLibrary: Display: Opening a chunked shader library for plugin 'PSK_1047' is ignored. Chunked libraries for plugins are not supported.
[2026.09.01-02.53.06:112][  0]LogPluginManager: Mounting plugin localization for 'PSK_1047'...
[2026.09.01-02.53.06:112][  0]LogGameFeatures: Display: Game feature 'PSK_1047' transitioned successfully. Ending state: Active [Active, Active]
[2026.09.01-02.53.06:112][  0]LogShaderLibrary: Display: Opening a chunked shader library for plugin 'PRK_Wayfinder' is ignored. Chunked libraries for plugins are not supported.
[2026.09.01-02.53.06:113][  0]LogPluginManager: Mounting plugin localization for 'PRK_Wayfinder'...
[2026.09.01-02.53.06:114][  0]LogGameFeatures: Display: Game feature 'PRK_Wayfinder' transitioned successfully. Ending state: Active [Active, Active]
[2026.09.01-02.53.06:114][  0]LogShaderLibrary: Display: Opening a chunked shader library for plugin 'PRK_SpeedySlayer' is ignored. Chunked libraries for plugins are not supported.
[2026.09.01-02.53.06:115][  0]LogPluginManager: Mounting plugin localization for 'PRK_SpeedySlayer'...
[2026.09.01-02.53.06:115][  0]LogGameFeatures: Display: Game feature 'PRK_SpeedySlayer' transitioned successfully. Ending state: Active [Active, Active]
[2026.09.01-02.53.06:116][  0]LogShaderLibrary: Display: Opening a chunked shader library for plugin 'PRK_Slide' is ignored. Chunked libraries for plugins are not supported.
[2026.09.01-02.53.06:117][  0]LogPluginManager: Mounting plugin localization for 'PRK_Slide'...
[2026.09.01-02.53.06:118][  0]LogGameFeatures: Display: Game feature 'PRK_Slide' transitioned successfully. Ending state: Active [Active, Active]
[2026.09.01-02.53.06:118][  0]LogShaderLibrary: Display: Opening a chunked shader library for plugin 'PRK_QuickDraw' is ignored. Chunked libraries for plugins are not supported.
[2026.09.01-02.53.06:119][  0]LogPluginManager: Mounting plugin localization for 'PRK_QuickDraw'...
[2026.09.01-02.53.06:120][  0]LogGameFeatures: Display: Game feature 'PRK_QuickDraw' transitioned successfully. Ending state: Active [Active, Active]
[2026.09.01-02.53.06:120][  0]LogShaderLibrary: Display: Opening a chunked shader library for plugin 'PRK_Packin' is ignored. Chunked libraries for plugins are not supported.
[2026.09.01-02.53.06:121][  0]LogPluginManager: Mounting plugin localization for 'PRK_Packin'...
[2026.09.01-02.53.06:122][  0]LogGameFeatures: Display: Game feature 'PRK_Packin' transitioned successfully. Ending state: Active [Active, Active]
[2026.09.01-02.53.06:122][  0]LogShaderLibrary: Display: Opening a chunked shader library for plugin 'PRK_Overclocked' is ignored. Chunked libraries for plugins are not supported.
[2026.09.01-02.53.06:123][  0]LogPluginManager: Mounting plugin localization for 'PRK_Overclocked'...
[2026.09.01-02.53.06:124][  0]LogGameFeatures: Display: Game feature 'PRK_Overclocked' transitioned successfully. Ending state: Active [Active, Active]
[2026.09.01-02.53.06:124][  0]LogShaderLibrary: Display: Opening a chunked shader library for plugin 'PRK_MeleeMend' is ignored. Chunked libraries for plugins are not supported.
[2026.09.01-02.53.06:125][  0]LogPluginManager: Mounting plugin localization for 'PRK_MeleeMend'...
[2026.09.01-02.53.06:126][  0]LogGameFeatures: Display: Game feature 'PRK_MeleeMend' transitioned successfully. Ending state: Active [Active, Active]
[2026.09.01-02.53.06:126][  0]LogShaderLibrary: Display: Opening a chunked shader library for plugin 'PRK_KillerEquipment' is ignored. Chunked libraries for plugins are not supported.
[2026.09.01-02.53.06:127][  0]LogPluginManager: Mounting plugin localization for 'PRK_KillerEquipment'...
[2026.09.01-02.53.06:128][  0]LogGameFeatures: Display: Game feature 'PRK_KillerEquipment' transitioned successfully. Ending state: Active [Active, Active]
[2026.09.01-02.53.06:128][  0]LogShaderLibrary: Display: Opening a chunked shader library for plugin 'PRK_Hustle' is ignored. Chunked libraries for plugins are not supported.
[2026.09.01-02.53.06:130][  0]LogPluginManager: Mounting plugin localization for 'PRK_Hustle'...
[2026.09.01-02.53.06:130][  0]LogGameFeatures: Display: Game feature 'PRK_Hustle' transitioned successfully. Ending state: Active [Active, Active]
[2026.09.01-02.53.06:130][  0]LogShaderLibrary: Display: Opening a chunked shader library for plugin 'PRK_HeavyPunch' is ignored. Chunked libraries for plugins are not supported.
[2026.09.01-02.53.06:131][  0]LogPluginManager: Mounting plugin localization for 'PRK_HeavyPunch'...
[2026.09.01-02.53.06:131][  0]LogGameFeatures: Display: Game feature 'PRK_HeavyPunch' transitioned successfully. Ending state: Active [Active, Active]
[2026.09.01-02.53.06:131][  0]LogShaderLibrary: Display: Opening a chunked shader library for plugin 'PRK_Firewall' is ignored. Chunked libraries for plugins are not supported.
[2026.09.01-02.53.06:133][  0]LogPluginManager: Mounting plugin localization for 'PRK_Firewall'...
[2026.09.01-02.53.06:133][  0]LogGameFeatures: Display: Game feature 'PRK_Firewall' transitioned successfully. Ending state: Active [Active, Active]
[2026.09.01-02.53.06:133][  0]LogShaderLibrary: Display: Opening a chunked shader library for plugin 'PRK_FastHands' is ignored. Chunked libraries for plugins are not supported.
[2026.09.01-02.53.06:135][  0]LogPluginManager: Mounting plugin localization for 'PRK_FastHands'...
[2026.09.01-02.53.06:135][  0]LogGameFeatures: Display: Game feature 'PRK_FastHands' transitioned successfully. Ending state: Active [Active, Active]
[2026.09.01-02.53.06:135][  0]LogShaderLibrary: Display: Opening a chunked shader library for plugin 'PRK_EyeForEquipment' is ignored. Chunked libraries for plugins are not supported.
[2026.09.01-02.53.06:137][  0]LogPluginManager: Mounting plugin localization for 'PRK_EyeForEquipment'...
[2026.09.01-02.53.06:137][  0]LogGameFeatures: Display: Game feature 'PRK_EyeForEquipment' transitioned successfully. Ending state: Active [Active, Active]
[2026.09.01-02.53.06:137][  0]LogShaderLibrary: Display: Opening a chunked shader library for plugin 'PRK_AmmoRecycle' is ignored. Chunked libraries for plugins are not supported.
[2026.09.01-02.53.06:139][  0]LogPluginManager: Mounting plugin localization for 'PRK_AmmoRecycle'...
[2026.09.01-02.53.06:139][  0]LogGameFeatures: Display: Game feature 'PRK_AmmoRecycle' transitioned successfully. Ending state: Active [Active, Active]
[2026.09.01-02.53.06:139][  0]LogShaderLibrary: Display: Opening a chunked shader library for plugin 'MAP_TriHard' is ignored. Chunked libraries for plugins are not supported.
[2026.09.01-02.53.06:141][  0]LogPluginManager: Mounting plugin localization for 'MAP_TriHard'...
[2026.09.01-02.53.06:142][  0]LogGameFeatures: Display: Game feature 'MAP_TriHard' transitioned successfully. Ending state: Active [Active, Active]
[2026.09.01-02.53.06:142][  0]LogShaderLibrary: Display: Opening a chunked shader library for plugin 'MAP_Terra13' is ignored. Chunked libraries for plugins are not supported.
[2026.09.01-02.53.06:144][  0]LogPluginManager: Mounting plugin localization for 'MAP_Terra13'...
[2026.09.01-02.53.06:145][  0]LogGameFeatures: Display: Game feature 'MAP_Terra13' transitioned successfully. Ending state: Active [Active, Active]
[2026.09.01-02.53.06:145][  0]LogShaderLibrary: Display: Opening a chunked shader library for plugin 'MAP_Stadium' is ignored. Chunked libraries for plugins are not supported.
[2026.09.01-02.53.06:147][  0]LogPluginManager: Mounting plugin localization for 'MAP_Stadium'...
[2026.09.01-02.53.06:147][  0]LogGameFeatures: Display: Game feature 'MAP_Stadium' transitioned successfully. Ending state: Active [Active, Active]
[2026.09.01-02.53.06:148][  0]LogShaderLibrary: Display: Opening a chunked shader library for plugin 'MAP_Simulation' is ignored. Chunked libraries for plugins are not supported.
[2026.09.01-02.53.06:151][  0]LogPluginManager: Mounting plugin localization for 'MAP_Simulation'...
[2026.09.01-02.53.06:151][  0]LogGameFeatures: Display: Game feature 'MAP_Simulation' transitioned successfully. Ending state: Active [Active, Active]
[2026.09.01-02.53.06:151][  0]LogShaderLibrary: Display: Opening a chunked shader library for plugin 'MAP_Ozone' is ignored. Chunked libraries for plugins are not supported.
[2026.09.01-02.53.06:153][  0]LogPluginManager: Mounting plugin localization for 'MAP_Ozone'...
[2026.09.01-02.53.06:153][  0]LogGameFeatures: Display: Game feature 'MAP_Ozone' transitioned successfully. Ending state: Active [Active, Active]
[2026.09.01-02.53.06:153][  0]LogShaderLibrary: Display: Opening a chunked shader library for plugin 'MAP_Oasis' is ignored. Chunked libraries for plugins are not supported.
[2026.09.01-02.53.06:155][  0]LogPluginManager: Mounting plugin localization for 'MAP_Oasis'...
[2026.09.01-02.53.06:155][  0]LogGameFeatures: Display: Game feature 'MAP_Oasis' transitioned successfully. Ending state: Active [Active, Active]
[2026.09.01-02.53.06:155][  0]LogShaderLibrary: Display: Opening a chunked shader library for plugin 'MAP_Karman_Station' is ignored. Chunked libraries for plugins are not supported.
[2026.09.01-02.53.06:157][  0]LogPluginManager: Mounting plugin localization for 'MAP_Karman_Station'...
[2026.09.01-02.53.06:158][  0]LogGameFeatures: Display: Game feature 'MAP_Karman_Station' transitioned successfully. Ending state: Active [Active, Active]
[2026.09.01-02.53.06:158][  0]LogShaderLibrary: Display: Opening a chunked shader library for plugin 'MAP_Inferno' is ignored. Chunked libraries for plugins are not supported.
[2026.09.01-02.53.06:160][  0]LogPluginManager: Mounting plugin localization for 'MAP_Inferno'...
[2026.09.01-02.53.06:161][  0]LogGameFeatures: Display: Game feature 'MAP_Inferno' transitioned successfully. Ending state: Active [Active, Active]
[2026.09.01-02.53.06:161][  0]LogShaderLibrary: Display: Opening a chunked shader library for plugin 'MAP_Hammerhead' is ignored. Chunked libraries for plugins are not supported.
[2026.09.01-02.53.06:162][  0]LogPluginManager: Mounting plugin localization for 'MAP_Hammerhead'...
[2026.09.01-02.53.06:162][  0]LogGameFeatures: Display: Game feature 'MAP_Hammerhead' transitioned successfully. Ending state: Active [Active, Active]
[2026.09.01-02.53.06:162][  0]LogShaderLibrary: Display: Opening a chunked shader library for plugin 'MAP_Grit' is ignored. Chunked libraries for plugins are not supported.
[2026.09.01-02.53.06:167][  0]LogPluginManager: Mounting plugin localization for 'MAP_Grit'...
[2026.09.01-02.53.06:168][  0]LogGameFeatures: Display: Game feature 'MAP_Grit' transitioned successfully. Ending state: Active [Active, Active]
[2026.09.01-02.53.06:169][  0]LogShaderLibrary: Display: Opening a chunked shader library for plugin 'MAP_Glacier' is ignored. Chunked libraries for plugins are not supported.
[2026.09.01-02.53.06:172][  0]LogPluginManager: Mounting plugin localization for 'MAP_Glacier'...
[2026.09.01-02.53.06:172][  0]LogGameFeatures: Display: Game feature 'MAP_Glacier' transitioned successfully. Ending state: Active [Active, Active]
[2026.09.01-02.53.06:172][  0]LogShaderLibrary: Display: Opening a chunked shader library for plugin 'MAP_Frontier' is ignored. Chunked libraries for plugins are not supported.
[2026.09.01-02.53.06:174][  0]LogPluginManager: Mounting plugin localization for 'MAP_Frontier'...
[2026.09.01-02.53.06:175][  0]LogGameFeatures: Display: Game feature 'MAP_Frontier' transitioned successfully. Ending state: Active [Active, Active]
[2026.09.01-02.53.06:175][  0]LogShaderLibrary: Display: Opening a chunked shader library for plugin 'MAP_Fracture' is ignored. Chunked libraries for plugins are not supported.
[2026.09.01-02.53.06:177][  0]LogPluginManager: Mounting plugin localization for 'MAP_Fracture'...
[2026.09.01-02.53.06:177][  0]LogGameFeatures: Display: Game feature 'MAP_Fracture' transitioned successfully. Ending state: Active [Active, Active]
[2026.09.01-02.53.06:179][  0]LogShaderLibrary: Display: Opening a chunked shader library for plugin 'MAP_Foregone_Destruction' is ignored. Chunked libraries for plugins are not supported.
[2026.09.01-02.53.06:181][  0]LogPluginManager: Mounting plugin localization for 'MAP_Foregone_Destruction'...
[2026.09.01-02.53.06:182][  0]LogGameFeatures: Display: Game feature 'MAP_Foregone_Destruction' transitioned successfully. Ending state: Active [Active, Active]
[2026.09.01-02.53.06:182][  0]LogShaderLibrary: Display: Opening a chunked shader library for plugin 'MAP_Erosion' is ignored. Chunked libraries for plugins are not supported.
[2026.09.01-02.53.06:185][  0]LogPluginManager: Mounting plugin localization for 'MAP_Erosion'...
[2026.09.01-02.53.06:185][  0]LogGameFeatures: Display: Game feature 'MAP_Erosion' transitioned successfully. Ending state: Active [Active, Active]
[2026.09.01-02.53.06:185][  0]LogShaderLibrary: Display: Opening a chunked shader library for plugin 'MAP_Eden' is ignored. Chunked libraries for plugins are not supported.
[2026.09.01-02.53.06:187][  0]LogPluginManager: Mounting plugin localization for 'MAP_Eden'...
[2026.09.01-02.53.06:187][  0]LogGameFeatures: Display: Game feature 'MAP_Eden' transitioned successfully. Ending state: Active [Active, Active]
[2026.09.01-02.53.06:187][  0]LogShaderLibrary: Display: Opening a chunked shader library for plugin 'MAP_Creative_WetOcean' is ignored. Chunked libraries for plugins are not supported.
[2026.09.01-02.53.06:189][  0]LogPluginManager: Mounting plugin localization for 'MAP_Creative_WetOcean'...
[2026.09.01-02.53.06:189][  0]LogGameFeatures: Display: Game feature 'MAP_Creative_WetOcean' transitioned successfully. Ending state: Active [Active, Active]
[2026.09.01-02.53.06:189][  0]LogShaderLibrary: Display: Opening a chunked shader library for plugin 'MAP_Creative_Simulation' is ignored. Chunked libraries for plugins are not supported.
[2026.09.01-02.53.06:191][  0]LogPluginManager: Mounting plugin localization for 'MAP_Creative_Simulation'...
[2026.09.01-02.53.06:191][  0]LogGameFeatures: Display: Game feature 'MAP_Creative_Simulation' transitioned successfully. Ending state: Active [Active, Active]
[2026.09.01-02.53.06:191][  0]LogShaderLibrary: Display: Opening a chunked shader library for plugin 'MAP_Creative_FlatEarth' is ignored. Chunked libraries for plugins are not supported.
[2026.09.01-02.53.06:192][  0]LogPluginManager: Mounting plugin localization for 'MAP_Creative_FlatEarth'...
[2026.09.01-02.53.06:193][  0]LogGameFeatures: Display: Game feature 'MAP_Creative_FlatEarth' transitioned successfully. Ending state: Active [Active, Active]
[2026.09.01-02.53.06:193][  0]LogShaderLibrary: Display: Opening a chunked shader library for plugin 'MAP_Creative_EmptySpace' is ignored. Chunked libraries for plugins are not supported.
[2026.09.01-02.53.06:194][  0]LogPluginManager: Mounting plugin localization for 'MAP_Creative_EmptySpace'...
[2026.09.01-02.53.06:194][  0]LogGameFeatures: Display: Game feature 'MAP_Creative_EmptySpace' transitioned successfully. Ending state: Active [Active, Active]
[2026.09.01-02.53.06:194][  0]LogShaderLibrary: Display: Opening a chunked shader library for plugin 'MAP_Core' is ignored. Chunked libraries for plugins are not supported.
[2026.09.01-02.53.06:196][  0]LogPluginManager: Mounting plugin localization for 'MAP_Core'...
[2026.09.01-02.53.06:197][  0]LogGameFeatures: Display: Game feature 'MAP_Core' transitioned successfully. Ending state: Active [Active, Active]
[2026.09.01-02.53.06:198][  0]LogShaderLibrary: Display: Opening a chunked shader library for plugin 'MAP_Containment' is ignored. Chunked libraries for plugins are not supported.
[2026.09.01-02.53.06:200][  0]LogPluginManager: Mounting plugin localization for 'MAP_Containment'...
[2026.09.01-02.53.06:200][  0]LogGameFeatures: Display: Game feature 'MAP_Containment' transitioned successfully. Ending state: Active [Active, Active]
[2026.09.01-02.53.06:200][  0]LogShaderLibrary: Display: Opening a chunked shader library for plugin 'MAP_Bypass' is ignored. Chunked libraries for plugins are not supported.
[2026.09.01-02.53.06:203][  0]LogPluginManager: Mounting plugin localization for 'MAP_Bypass'...
[2026.09.01-02.53.06:203][  0]LogGameFeatures: Display: Game feature 'MAP_Bypass' transitioned successfully. Ending state: Active [Active, Active]
[2026.09.01-02.53.06:203][  0]LogShaderLibrary: Display: Opening a chunked shader library for plugin 'MAP_Biome6' is ignored. Chunked libraries for plugins are not supported.
[2026.09.01-02.53.06:206][  0]LogPluginManager: Mounting plugin localization for 'MAP_Biome6'...
[2026.09.01-02.53.06:206][  0]LogGameFeatures: Display: Game feature 'MAP_Biome6' transitioned successfully. Ending state: Active [Active, Active]
[2026.09.01-02.53.06:206][  0]LogShaderLibrary: Display: Opening a chunked shader library for plugin 'MAP_Academy' is ignored. Chunked libraries for plugins are not supported.
[2026.09.01-02.53.06:208][  0]LogPluginManager: Mounting plugin localization for 'MAP_Academy'...
[2026.09.01-02.53.06:208][  0]LogGameFeatures: Display: Game feature 'MAP_Academy' transitioned successfully. Ending state: Active [Active, Active]
[2026.09.01-02.53.06:209][  0]LogShaderLibrary: Display: Opening a chunked shader library for plugin 'MAP_Abyss' is ignored. Chunked libraries for plugins are not supported.
[2026.09.01-02.53.06:211][  0]LogPluginManager: Mounting plugin localization for 'MAP_Abyss'...
[2026.09.01-02.53.06:211][  0]LogGameFeatures: Display: Game feature 'MAP_Abyss' transitioned successfully. Ending state: Active [Active, Active]
[2026.09.01-02.53.06:211][  0]LogShaderLibrary: Display: Opening a chunked shader library for plugin 'FCT_Generic' is ignored. Chunked libraries for plugins are not supported.
[2026.09.01-02.53.06:213][  0]LogPluginManager: Mounting plugin localization for 'FCT_Generic'...
[2026.09.01-02.53.06:214][  0]LogGameFeatures: Display: Game feature 'FCT_Generic' transitioned successfully. Ending state: Active [Active, Active]
[2026.09.01-02.53.06:214][  0]LogShaderLibrary: Display: Opening a chunked shader library for plugin 'FCT_Aeros' is ignored. Chunked libraries for plugins are not supported.
[2026.09.01-02.53.06:216][  0]LogPluginManager: Mounting plugin localization for 'FCT_Aeros'...
[2026.09.01-02.53.06:216][  0]LogGameFeatures: Display: Game feature 'FCT_Aeros' transitioned successfully. Ending state: Active [Active, Active]
[2026.09.01-02.53.06:217][  0]LogShaderLibrary: Display: Opening a chunked shader library for plugin 'EDT_Splitgate' is ignored. Chunked libraries for plugins are not supported.
[2026.09.01-02.53.06:220][  0]LogPluginManager: Mounting plugin localization for 'EDT_Splitgate'...
[2026.09.01-02.53.06:227][  0]LogGameFeatures: Display: Game feature 'EDT_Splitgate' transitioned successfully. Ending state: Active [Active, Active]
[2026.09.01-02.53.06:227][  0]LogShaderLibrary: Display: Opening a chunked shader library for plugin 'CRC_Core' is ignored. Chunked libraries for plugins are not supported.
[2026.09.01-02.53.06:228][  0]LogPluginManager: Mounting plugin localization for 'CRC_Core'...
[2026.09.01-02.53.06:229][  0]LogGameFeatures: Display: Game feature 'CRC_Core' transitioned successfully. Ending state: Active [Active, Active]
[2026.09.01-02.53.06:229][  0]LogShaderLibrary: Display: Opening a chunked shader library for plugin 'CHR_T200' is ignored. Chunked libraries for plugins are not supported.
[2026.09.01-02.53.06:231][  0]LogPluginManager: Mounting plugin localization for 'CHR_T200'...
[2026.09.01-02.53.06:232][  0]LogGameFeatures: Display: Game feature 'CHR_T200' transitioned successfully. Ending state: Active [Active, Active]
[2026.09.01-02.53.06:233][  0]LogShaderLibrary: Display: Opening a chunked shader library for plugin 'CHR_AER_OrionFemale' is ignored. Chunked libraries for plugins are not supported.
[2026.09.01-02.53.06:236][  0]LogPluginManager: Mounting plugin localization for 'CHR_AER_OrionFemale'...
[2026.09.01-02.53.06:237][  0]LogSlate: InvalidateAllWidgets triggered.  All widgets were invalidated
[2026.09.01-02.53.06:237][  0]LogGameFeatures: Display: Game feature 'CHR_AER_OrionFemale' transitioned successfully. Ending state: Active [Active, Active]
[2026.09.01-02.53.06:237][  0]LogShaderLibrary: Display: Opening a chunked shader library for plugin 'MAP_Ozone_Graffiti' is ignored. Chunked libraries for plugins are not supported.
[2026.09.01-02.53.06:239][  0]LogPluginManager: Mounting plugin localization for 'MAP_Ozone_Graffiti'...
[2026.09.01-02.53.06:239][  0]LogGameFeatures: Display: Game feature 'MAP_Ozone_Graffiti' transitioned successfully. Ending state: Active [Active, Active]
[2026.09.01-02.53.06:239][  0]LogShaderLibrary: Display: Opening a chunked shader library for plugin 'MAP_Sanctum' is ignored. Chunked libraries for plugins are not supported.
[2026.09.01-02.53.06:242][  0]LogPluginManager: Mounting plugin localization for 'MAP_Sanctum'...
[2026.09.01-02.53.06:242][  0]LogGameFeatures: Display: Game feature 'MAP_Sanctum' transitioned successfully. Ending state: Active [Active, Active]
[2026.09.01-02.53.06:242][  0]LogShaderLibrary: Display: Opening a chunked shader library for plugin 'FCT_Generic_Definitions' is ignored. Chunked libraries for plugins are not supported.
[2026.09.01-02.53.06:244][  0]LogPluginManager: Mounting plugin localization for 'FCT_Generic_Definitions'...
[2026.09.01-02.53.06:244][  0]LogGameFeatures: Display: Game feature 'FCT_Generic_Definitions' transitioned successfully. Ending state: Active [Active, Active]
[2026.09.01-02.53.06:245][  0]LogShaderLibrary: Display: Opening a chunked shader library for plugin 'WEP_AER_Shotgun' is ignored. Chunked libraries for plugins are not supported.
[2026.09.01-02.53.06:246][  0]LogPluginManager: Mounting plugin localization for 'WEP_AER_Shotgun'...
[2026.09.01-02.53.06:247][  0]LogGameFeatures: Display: Game feature 'WEP_AER_Shotgun' transitioned successfully. Ending state: Active [Active, Active]
[2026.09.01-02.53.06:247][  0]LogShaderLibrary: Display: Opening a chunked shader library for plugin 'WEP_AER_SemiPistol' is ignored. Chunked libraries for plugins are not supported.
[2026.09.01-02.53.06:249][  0]LogPluginManager: Mounting plugin localization for 'WEP_AER_SemiPistol'...
[2026.09.01-02.53.06:251][  0]LogGameFeatures: Display: Game feature 'WEP_AER_SemiPistol' transitioned successfully. Ending state: Active [Active, Active]
[2026.09.01-02.53.06:251][  0]LogShaderLibrary: Display: Opening a chunked shader library for plugin 'WEP_AER_SMG' is ignored. Chunked libraries for plugins are not supported.
[2026.09.01-02.53.06:253][  0]LogPluginManager: Mounting plugin localization for 'WEP_AER_SMG'...
[2026.09.01-02.53.06:253][  0]LogGameFeatures: Display: Game feature 'WEP_AER_SMG' transitioned successfully. Ending state: Active [Active, Active]
[2026.09.01-02.53.06:254][  0]LogShaderLibrary: Display: Opening a chunked shader library for plugin 'WEP_AER_LMG' is ignored. Chunked libraries for plugins are not supported.
[2026.09.01-02.53.06:255][  0]LogPluginManager: Mounting plugin localization for 'WEP_AER_LMG'...
[2026.09.01-02.53.06:256][  0]LogGameFeatures: Display: Game feature 'WEP_AER_LMG' transitioned successfully. Ending state: Active [Active, Active]
[2026.09.01-02.53.06:256][  0]LogShaderLibrary: Display: Opening a chunked shader library for plugin 'WEP_AER_HeavyPistol' is ignored. Chunked libraries for plugins are not supported.
[2026.09.01-02.53.06:258][  0]LogPluginManager: Mounting plugin localization for 'WEP_AER_HeavyPistol'...
[2026.09.01-02.53.06:258][  0]LogGameFeatures: Display: Game feature 'WEP_AER_HeavyPistol' transitioned successfully. Ending state: Active [Active, Active]
[2026.09.01-02.53.06:259][  0]LogShaderLibrary: Display: Opening a chunked shader library for plugin 'WEP_AER_Carbine' is ignored. Chunked libraries for plugins are not supported.
[2026.09.01-02.53.06:261][  0]LogPluginManager: Mounting plugin localization for 'WEP_AER_Carbine'...
[2026.09.01-02.53.06:261][  0]LogGameFeatures: Display: Game feature 'WEP_AER_Carbine' transitioned successfully. Ending state: Active [Active, Active]
[2026.09.01-02.53.06:261][  0]LogShaderLibrary: Display: Opening a chunked shader library for plugin 'WEP_AER_BurstRifle' is ignored. Chunked libraries for plugins are not supported.
[2026.09.01-02.53.06:263][  0]LogPluginManager: Mounting plugin localization for 'WEP_AER_BurstRifle'...
[2026.09.01-02.53.06:264][  0]LogGameFeatures: Display: Game feature 'WEP_AER_BurstRifle' transitioned successfully. Ending state: Active [Active, Active]
[2026.09.01-02.53.06:264][  0]LogShaderLibrary: Display: Opening a chunked shader library for plugin 'WEP_AER_BurstPistol' is ignored. Chunked libraries for plugins are not supported.
[2026.09.01-02.53.06:266][  0]LogPluginManager: Mounting plugin localization for 'WEP_AER_BurstPistol'...
[2026.09.01-02.53.06:266][  0]LogGameFeatures: Display: Game feature 'WEP_AER_BurstPistol' transitioned successfully. Ending state: Active [Active, Active]
[2026.09.01-02.53.06:266][  0]LogShaderLibrary: Display: Opening a chunked shader library for plugin 'WEP_AER_AssaultRifle' is ignored. Chunked libraries for plugins are not supported.
[2026.09.01-02.53.06:269][  0]LogPluginManager: Mounting plugin localization for 'WEP_AER_AssaultRifle'...
[2026.09.01-02.53.06:270][  0]LogGameFeatures: Display: Game feature 'WEP_AER_AssaultRifle' transitioned successfully. Ending state: Active [Active, Active]
[2026.09.01-02.53.06:270][  0]LogShaderLibrary: Display: Opening a chunked shader library for plugin 'EQP_AER_PortaPortal' is ignored. Chunked libraries for plugins are not supported.
[2026.09.01-02.53.06:271][  0]LogPluginManager: Mounting plugin localization for 'EQP_AER_PortaPortal'...
[2026.09.01-02.53.06:271][  0]LogGameFeatures: Display: Game feature 'EQP_AER_PortaPortal' transitioned successfully. Ending state: Active [Active, Active]
[2026.09.01-02.53.06:271][  0]LogShaderLibrary: Display: Opening a chunked shader library for plugin 'CHR_AER_OrionMale' is ignored. Chunked libraries for plugins are not supported.
[2026.09.01-02.53.06:273][  0]LogPluginManager: Mounting plugin localization for 'CHR_AER_OrionMale'...
[2026.09.01-02.53.06:273][  0]LogGameFeatures: Display: Game feature 'CHR_AER_OrionMale' transitioned successfully. Ending state: Active [Active, Active]
[2026.09.01-02.53.06:274][  0]LogShaderLibrary: Display: Opening a chunked shader library for plugin 'CHR_AER_OrionMaleUltra' is ignored. Chunked libraries for plugins are not supported.
[2026.09.01-02.53.06:277][  0]LogPluginManager: Mounting plugin localization for 'CHR_AER_OrionMaleUltra'...
[2026.09.01-02.53.06:277][  0]LogGameFeatures: Display: Game feature 'CHR_AER_OrionMaleUltra' transitioned successfully. Ending state: Active [Active, Active]
[2026.09.01-02.53.06:277][  0]LogShaderLibrary: Display: Opening a chunked shader library for plugin 'CHR_AER_Bolt' is ignored. Chunked libraries for plugins are not supported.
[2026.09.01-02.53.06:279][  0]LogPluginManager: Mounting plugin localization for 'CHR_AER_Bolt'...
[2026.09.01-02.53.06:280][  0]LogGameFeatures: Display: Game feature 'CHR_AER_Bolt' transitioned successfully. Ending state: Active [Active, Active]
[2026.09.01-02.53.06:281][  0]LogShaderLibrary: Display: Opening a chunked shader library for plugin 'CHR_SBK_OrionFemale' is ignored. Chunked libraries for plugins are not supported.
[2026.09.01-02.53.06:283][  0]LogPluginManager: Mounting plugin localization for 'CHR_SBK_OrionFemale'...
[2026.09.01-02.53.06:283][  0]LogGameFeatures: Display: Game feature 'CHR_SBK_OrionFemale' transitioned successfully. Ending state: Active [Active, Active]
[2026.09.01-02.53.06:285][  0]LogShaderLibrary: Display: Opening a chunked shader library for plugin 'CHR_MER_OrionFemale' is ignored. Chunked libraries for plugins are not supported.
[2026.09.01-02.53.06:287][  0]LogPluginManager: Mounting plugin localization for 'CHR_MER_OrionFemale'...
[2026.09.01-02.53.06:287][  0]LogGameFeatures: Display: Game feature 'CHR_MER_OrionFemale' transitioned successfully. Ending state: Active [Active, Active]
[2026.09.01-02.53.06:287][  0]LogShaderLibrary: Display: Opening a chunked shader library for plugin 'MAP_Ozone_Night' is ignored. Chunked libraries for plugins are not supported.
[2026.09.01-02.53.06:289][  0]LogPluginManager: Mounting plugin localization for 'MAP_Ozone_Night'...
[2026.09.01-02.53.06:289][  0]LogGameFeatures: Display: Game feature 'MAP_Ozone_Night' transitioned successfully. Ending state: Active [Active, Active]
[2026.09.01-02.53.06:290][  0]LogShaderLibrary: Display: Opening a chunked shader library for plugin 'MAP_HangmanR3' is ignored. Chunked libraries for plugins are not supported.
[2026.09.01-02.53.06:293][  0]LogPluginManager: Mounting plugin localization for 'MAP_HangmanR3'...
[2026.09.01-02.53.06:293][  0]LogGameFeatures: Display: Game feature 'MAP_HangmanR3' transitioned successfully. Ending state: Active [Active, Active]
[2026.09.01-02.53.06:294][  0]LogShaderLibrary: Display: Opening a chunked shader library for plugin 'MAP_Biome6_Sanctum' is ignored. Chunked libraries for plugins are not supported.
[2026.09.01-02.53.06:297][  0]LogPluginManager: Mounting plugin localization for 'MAP_Biome6_Sanctum'...
[2026.09.01-02.53.06:297][  0]LogGameFeatures: Display: Game feature 'MAP_Biome6_Sanctum' transitioned successfully. Ending state: Active [Active, Active]
[2026.09.01-02.53.06:297][  0]LogShaderLibrary: Display: Opening a chunked shader library for plugin 'WSK_AER_Shotgun_Vice' is ignored. Chunked libraries for plugins are not supported.
[2026.09.01-02.53.06:299][  0]LogPluginManager: Mounting plugin localization for 'WSK_AER_Shotgun_Vice'...
[2026.09.01-02.53.06:299][  0]LogGameFeatures: Display: Game feature 'WSK_AER_Shotgun_Vice' transitioned successfully. Ending state: Active [Active, Active]
[2026.09.01-02.53.06:300][  0]LogShaderLibrary: Display: Opening a chunked shader library for plugin 'WSK_AER_Shotgun_Streamer' is ignored. Chunked libraries for plugins are not supported.
[2026.09.01-02.53.06:302][  0]LogPluginManager: Mounting plugin localization for 'WSK_AER_Shotgun_Streamer'...
[2026.09.01-02.53.06:302][  0]LogGameFeatures: Display: Game feature 'WSK_AER_Shotgun_Streamer' transitioned successfully. Ending state: Active [Active, Active]
[2026.09.01-02.53.06:303][  0]LogShaderLibrary: Display: Opening a chunked shader library for plugin 'WSK_AER_Shotgun_ProPack' is ignored. Chunked libraries for plugins are not supported.
[2026.09.01-02.53.06:305][  0]LogPluginManager: Mounting plugin localization for 'WSK_AER_Shotgun_ProPack'...
[2026.09.01-02.53.06:305][  0]LogGameFeatures: Display: Game feature 'WSK_AER_Shotgun_ProPack' transitioned successfully. Ending state: Active [Active, Active]
[2026.09.01-02.53.06:305][  0]LogShaderLibrary: Display: Opening a chunked shader library for plugin 'WSK_AER_Shotgun_OhaiCoffee' is ignored. Chunked libraries for plugins are not supported.
[2026.09.01-02.53.06:307][  0]LogPluginManager: Mounting plugin localization for 'WSK_AER_Shotgun_OhaiCoffee'...
[2026.09.01-02.53.06:307][  0]LogGameFeatures: Display: Game feature 'WSK_AER_Shotgun_OhaiCoffee' transitioned successfully. Ending state: Active [Active, Active]
[2026.09.01-02.53.06:308][  0]LogShaderLibrary: Display: Opening a chunked shader library for plugin 'WSK_AER_Shotgun_Marble' is ignored. Chunked libraries for plugins are not supported.
[2026.09.01-02.53.06:310][  0]LogPluginManager: Mounting plugin localization for 'WSK_AER_Shotgun_Marble'...
[2026.09.01-02.53.06:311][  0]LogGameFeatures: Display: Game feature 'WSK_AER_Shotgun_Marble' transitioned successfully. Ending state: Active [Active, Active]
[2026.09.01-02.53.06:311][  0]LogShaderLibrary: Display: Opening a chunked shader library for plugin 'WSK_AER_Shotgun_Manga' is ignored. Chunked libraries for plugins are not supported.
[2026.09.01-02.53.06:313][  0]LogPluginManager: Mounting plugin localization for 'WSK_AER_Shotgun_Manga'...
[2026.09.01-02.53.06:313][  0]LogGameFeatures: Display: Game feature 'WSK_AER_Shotgun_Manga' transitioned successfully. Ending state: Active [Active, Active]
[2026.09.01-02.53.06:313][  0]LogShaderLibrary: Display: Opening a chunked shader library for plugin 'WSK_AER_Shotgun_Kelps' is ignored. Chunked libraries for plugins are not supported.
[2026.09.01-02.53.06:314][  0]LogPluginManager: Mounting plugin localization for 'WSK_AER_Shotgun_Kelps'...
[2026.09.01-02.53.06:315][  0]LogGameFeatures: Display: Game feature 'WSK_AER_Shotgun_Kelps' transitioned successfully. Ending state: Active [Active, Active]
[2026.09.01-02.53.06:315][  0]LogShaderLibrary: Display: Opening a chunked shader library for plugin 'WSK_AER_Shotgun_Illustration' is ignored. Chunked libraries for plugins are not supported.
[2026.09.01-02.53.06:317][  0]LogPluginManager: Mounting plugin localization for 'WSK_AER_Shotgun_Illustration'...
[2026.09.01-02.53.06:318][  0]LogGameFeatures: Display: Game feature 'WSK_AER_Shotgun_Illustration' transitioned successfully. Ending state: Active [Active, Active]
[2026.09.01-02.53.06:318][  0]LogShaderLibrary: Display: Opening a chunked shader library for plugin 'WSK_AER_Shotgun_GutFeeling' is ignored. Chunked libraries for plugins are not supported.
[2026.09.01-02.53.06:319][  0]LogPluginManager: Mounting plugin localization for 'WSK_AER_Shotgun_GutFeeling'...
[2026.09.01-02.53.06:319][  0]LogGameFeatures: Display: Game feature 'WSK_AER_Shotgun_GutFeeling' transitioned successfully. Ending state: Active [Active, Active]
[2026.09.01-02.53.06:320][  0]LogShaderLibrary: Display: Opening a chunked shader library for plugin 'WSK_AER_Shotgun_Bauhaus' is ignored. Chunked libraries for plugins are not supported.
[2026.09.01-02.53.06:322][  0]LogPluginManager: Mounting plugin localization for 'WSK_AER_Shotgun_Bauhaus'...
[2026.09.01-02.53.06:323][  0]LogGameFeatures: Display: Game feature 'WSK_AER_Shotgun_Bauhaus' transitioned successfully. Ending state: Active [Active, Active]
[2026.09.01-02.53.06:323][  0]LogShaderLibrary: Display: Opening a chunked shader library for plugin 'WSK_AER_Shotgun_80sSki' is ignored. Chunked libraries for plugins are not supported.
[2026.09.01-02.53.06:324][  0]LogPluginManager: Mounting plugin localization for 'WSK_AER_Shotgun_80sSki'...
[2026.09.01-02.53.06:325][  0]LogGameFeatures: Display: Game feature 'WSK_AER_Shotgun_80sSki' transitioned successfully. Ending state: Active [Active, Active]
[2026.09.01-02.53.06:325][  0]LogShaderLibrary: Display: Opening a chunked shader library for plugin 'WSK_AER_SemiPistol_Tagger' is ignored. Chunked libraries for plugins are not supported.
[2026.09.01-02.53.06:326][  0]LogPluginManager: Mounting plugin localization for 'WSK_AER_SemiPistol_Tagger'...
[2026.09.01-02.53.06:326][  0]LogGameFeatures: Display: Game feature 'WSK_AER_SemiPistol_Tagger' transitioned successfully. Ending state: Active [Active, Active]
[2026.09.01-02.53.06:327][  0]LogShaderLibrary: Display: Opening a chunked shader library for plugin 'WSK_AER_SemiPistol_StealthCarbon' is ignored. Chunked libraries for plugins are not supported.
[2026.09.01-02.53.06:328][  0]LogPluginManager: Mounting plugin localization for 'WSK_AER_SemiPistol_StealthCarbon'...
[2026.09.01-02.53.06:328][  0]LogGameFeatures: Display: Game feature 'WSK_AER_SemiPistol_StealthCarbon' transitioned successfully. Ending state: Active [Active, Active]
[2026.09.01-02.53.06:329][  0]LogShaderLibrary: Display: Opening a chunked shader library for plugin 'WSK_AER_SemiPistol_Reclaimer' is ignored. Chunked libraries for plugins are not supported.
[2026.09.01-02.53.06:330][  0]LogPluginManager: Mounting plugin localization for 'WSK_AER_SemiPistol_Reclaimer'...
[2026.09.01-02.53.06:331][  0]LogGameFeatures: Display: Game feature 'WSK_AER_SemiPistol_Reclaimer' transitioned successfully. Ending state: Active [Active, Active]
[2026.09.01-02.53.06:331][  0]LogShaderLibrary: Display: Opening a chunked shader library for plugin 'WSK_AER_SemiPistol_Marble' is ignored. Chunked libraries for plugins are not supported.
[2026.09.01-02.53.06:334][  0]LogPluginManager: Mounting plugin localization for 'WSK_AER_SemiPistol_Marble'...
[2026.09.01-02.53.06:334][  0]LogGameFeatures: Display: Game feature 'WSK_AER_SemiPistol_Marble' transitioned successfully. Ending state: Active [Active, Active]
[2026.09.01-02.53.06:335][  0]LogShaderLibrary: Display: Opening a chunked shader library for plugin 'WSK_AER_SemiPistol_CreatorClash' is ignored. Chunked libraries for plugins are not supported.
[2026.09.01-02.53.06:337][  0]LogPluginManager: Mounting plugin localization for 'WSK_AER_SemiPistol_CreatorClash'...
[2026.09.01-02.53.06:337][  0]LogGameFeatures: Display: Game feature 'WSK_AER_SemiPistol_CreatorClash' transitioned successfully. Ending state: Active [Active, Active]
[2026.09.01-02.53.06:337][  0]LogShaderLibrary: Display: Opening a chunked shader library for plugin 'WSK_AER_SMG_Tacops' is ignored. Chunked libraries for plugins are not supported.
[2026.09.01-02.53.06:340][  0]LogPluginManager: Mounting plugin localization for 'WSK_AER_SMG_Tacops'...
[2026.09.01-02.53.06:340][  0]LogGameFeatures: Display: Game feature 'WSK_AER_SMG_Tacops' transitioned successfully. Ending state: Active [Active, Active]
[2026.09.01-02.53.06:340][  0]LogShaderLibrary: Display: Opening a chunked shader library for plugin 'WSK_AER_SMG_SeasonFinale' is ignored. Chunked libraries for plugins are not supported.
[2026.09.01-02.53.06:342][  0]LogPluginManager: Mounting plugin localization for 'WSK_AER_SMG_SeasonFinale'...
[2026.09.01-02.53.06:342][  0]LogGameFeatures: Display: Game feature 'WSK_AER_SMG_SeasonFinale' transitioned successfully. Ending state: Active [Active, Active]
[2026.09.01-02.53.06:343][  0]LogShaderLibrary: Display: Opening a chunked shader library for plugin 'WSK_AER_SMG_Ramen' is ignored. Chunked libraries for plugins are not supported.
[2026.09.01-02.53.06:345][  0]LogPluginManager: Mounting plugin localization for 'WSK_AER_SMG_Ramen'...
[2026.09.01-02.53.06:346][  0]LogGameFeatures: Display: Game feature 'WSK_AER_SMG_Ramen' transitioned successfully. Ending state: Active [Active, Active]
[2026.09.01-02.53.06:346][  0]LogShaderLibrary: Display: Opening a chunked shader library for plugin 'WSK_AER_SMG_Oni' is ignored. Chunked libraries for plugins are not supported.
[2026.09.01-02.53.06:348][  0]LogPluginManager: Mounting plugin localization for 'WSK_AER_SMG_Oni'...
[2026.09.01-02.53.06:348][  0]LogGameFeatures: Display: Game feature 'WSK_AER_SMG_Oni' transitioned successfully. Ending state: Active [Active, Active]
[2026.09.01-02.53.06:348][  0]LogShaderLibrary: Display: Opening a chunked shader library for plugin 'WSK_AER_SMG_MusicPlayer' is ignored. Chunked libraries for plugins are not supported.
[2026.09.01-02.53.06:350][  0]LogPluginManager: Mounting plugin localization for 'WSK_AER_SMG_MusicPlayer'...
[2026.09.01-02.53.06:351][  0]LogGameFeatures: Display: Game feature 'WSK_AER_SMG_MusicPlayer' transitioned successfully. Ending state: Active [Active, Active]
[2026.09.01-02.53.06:351][  0]LogShaderLibrary: Display: Opening a chunked shader library for plugin 'WSK_AER_SMG_Jellyfish' is ignored. Chunked libraries for plugins are not supported.
[2026.09.01-02.53.06:353][  0]LogPluginManager: Mounting plugin localization for 'WSK_AER_SMG_Jellyfish'...
[2026.09.01-02.53.06:353][  0]LogGameFeatures: Display: Game feature 'WSK_AER_SMG_Jellyfish' transitioned successfully. Ending state: Active [Active, Active]
[2026.09.01-02.53.06:354][  0]LogShaderLibrary: Display: Opening a chunked shader library for plugin 'WSK_AER_SMG_Gift' is ignored. Chunked libraries for plugins are not supported.
[2026.09.01-02.53.06:356][  0]LogPluginManager: Mounting plugin localization for 'WSK_AER_SMG_Gift'...
[2026.09.01-02.53.06:356][  0]LogGameFeatures: Display: Game feature 'WSK_AER_SMG_Gift' transitioned successfully. Ending state: Active [Active, Active]
[2026.09.01-02.53.06:356][  0]LogShaderLibrary: Display: Opening a chunked shader library for plugin 'WSK_AER_SMG_Gamer' is ignored. Chunked libraries for plugins are not supported.
[2026.09.01-02.53.06:358][  0]LogPluginManager: Mounting plugin localization for 'WSK_AER_SMG_Gamer'...
[2026.09.01-02.53.06:359][  0]LogGameFeatures: Display: Game feature 'WSK_AER_SMG_Gamer' transitioned successfully. Ending state: Active [Active, Active]
[2026.09.01-02.53.06:359][  0]LogShaderLibrary: Display: Opening a chunked shader library for plugin 'WSK_AER_SMG_CreatorClash' is ignored. Chunked libraries for plugins are not supported.
[2026.09.01-02.53.06:361][  0]LogPluginManager: Mounting plugin localization for 'WSK_AER_SMG_CreatorClash'...
[2026.09.01-02.53.06:361][  0]LogGameFeatures: Display: Game feature 'WSK_AER_SMG_CreatorClash' transitioned successfully. Ending state: Active [Active, Active]
[2026.09.01-02.53.06:361][  0]LogShaderLibrary: Display: Opening a chunked shader library for plugin 'WSK_AER_SMG_CompetitionBow' is ignored. Chunked libraries for plugins are not supported.
[2026.09.01-02.53.06:364][  0]LogPluginManager: Mounting plugin localization for 'WSK_AER_SMG_CompetitionBow'...
[2026.09.01-02.53.06:365][  0]LogSlate: InvalidateAllWidgets triggered.  All widgets were invalidated
[2026.09.01-02.53.06:365][  0]LogGameFeatures: Display: Game feature 'WSK_AER_SMG_CompetitionBow' transitioned successfully. Ending state: Active [Active, Active]
[2026.09.01-02.53.06:365][  0]LogShaderLibrary: Display: Opening a chunked shader library for plugin 'WSK_AER_SMG_CHAMELEON' is ignored. Chunked libraries for plugins are not supported.
[2026.09.01-02.53.06:367][  0]LogPluginManager: Mounting plugin localization for 'WSK_AER_SMG_CHAMELEON'...
[2026.09.01-02.53.06:367][  0]LogGameFeatures: Display: Game feature 'WSK_AER_SMG_CHAMELEON' transitioned successfully. Ending state: Active [Active, Active]
[2026.09.01-02.53.06:368][  0]LogShaderLibrary: Display: Opening a chunked shader library for plugin 'WSK_AER_SMG_Arcade' is ignored. Chunked libraries for plugins are not supported.
[2026.09.01-02.53.06:370][  0]LogPluginManager: Mounting plugin localization for 'WSK_AER_SMG_Arcade'...
[2026.09.01-02.53.06:370][  0]LogGameFeatures: Display: Game feature 'WSK_AER_SMG_Arcade' transitioned successfully. Ending state: Active [Active, Active]
[2026.09.01-02.53.06:370][  0]LogShaderLibrary: Display: Opening a chunked shader library for plugin 'WSK_AER_LMG_Marble' is ignored. Chunked libraries for plugins are not supported.
[2026.09.01-02.53.06:372][  0]LogGameFeatures: Display: Game feature 'WSK_AER_LMG_Marble' transitioned successfully. Ending state: Active [Active, Active]
[2026.09.01-02.53.06:372][  0]LogShaderLibrary: Display: Opening a chunked shader library for plugin 'WSK_AER_LMG_Gamer' is ignored. Chunked libraries for plugins are not supported.
[2026.09.01-02.53.06:375][  0]LogPluginManager: Mounting plugin localization for 'WSK_AER_LMG_Gamer'...
[2026.09.01-02.53.06:375][  0]LogGameFeatures: Display: Game feature 'WSK_AER_LMG_Gamer' transitioned successfully. Ending state: Active [Active, Active]
[2026.09.01-02.53.06:375][  0]LogShaderLibrary: Display: Opening a chunked shader library for plugin 'WSK_AER_LMG_CompetitionBow' is ignored. Chunked libraries for plugins are not supported.
[2026.09.01-02.53.06:377][  0]LogPluginManager: Mounting plugin localization for 'WSK_AER_LMG_CompetitionBow'...
[2026.09.01-02.53.06:377][  0]LogGameFeatures: Display: Game feature 'WSK_AER_LMG_CompetitionBow' transitioned successfully. Ending state: Active [Active, Active]
[2026.09.01-02.53.06:377][  0]LogShaderLibrary: Display: Opening a chunked shader library for plugin 'WSK_AER_HeavyPistol_Oni' is ignored. Chunked libraries for plugins are not supported.
[2026.09.01-02.53.06:379][  0]LogPluginManager: Mounting plugin localization for 'WSK_AER_HeavyPistol_Oni'...
[2026.09.01-02.53.06:379][  0]LogGameFeatures: Display: Game feature 'WSK_AER_HeavyPistol_Oni' transitioned successfully. Ending state: Active [Active, Active]
[2026.09.01-02.53.06:379][  0]LogShaderLibrary: Display: Opening a chunked shader library for plugin 'WSK_AER_HeavyPistol_Kraken' is ignored. Chunked libraries for plugins are not supported.
[2026.09.01-02.53.06:381][  0]LogPluginManager: Mounting plugin localization for 'WSK_AER_HeavyPistol_Kraken'...
[2026.09.01-02.53.06:381][  0]LogGameFeatures: Display: Game feature 'WSK_AER_HeavyPistol_Kraken' transitioned successfully. Ending state: Active [Active, Active]
[2026.09.01-02.53.06:381][  0]LogShaderLibrary: Display: Opening a chunked shader library for plugin 'WSK_AER_HeavyPistol_Graffiti' is ignored. Chunked libraries for plugins are not supported.
[2026.09.01-02.53.06:383][  0]LogPluginManager: Mounting plugin localization for 'WSK_AER_HeavyPistol_Graffiti'...
[2026.09.01-02.53.06:383][  0]LogGameFeatures: Display: Game feature 'WSK_AER_HeavyPistol_Graffiti' transitioned successfully. Ending state: Active [Active, Active]
[2026.09.01-02.53.06:383][  0]LogShaderLibrary: Display: Opening a chunked shader library for plugin 'WSK_AER_Carbine_TarotCard' is ignored. Chunked libraries for plugins are not supported.
[2026.09.01-02.53.06:385][  0]LogPluginManager: Mounting plugin localization for 'WSK_AER_Carbine_TarotCard'...
[2026.09.01-02.53.06:385][  0]LogGameFeatures: Display: Game feature 'WSK_AER_Carbine_TarotCard' transitioned successfully. Ending state: Active [Active, Active]
[2026.09.01-02.53.06:386][  0]LogShaderLibrary: Display: Opening a chunked shader library for plugin 'WSK_AER_Carbine_Marble' is ignored. Chunked libraries for plugins are not supported.
[2026.09.01-02.53.06:388][  0]LogPluginManager: Mounting plugin localization for 'WSK_AER_Carbine_Marble'...
[2026.09.01-02.53.06:388][  0]LogGameFeatures: Display: Game feature 'WSK_AER_Carbine_Marble' transitioned successfully. Ending state: Active [Active, Active]
[2026.09.01-02.53.06:389][  0]LogShaderLibrary: Display: Opening a chunked shader library for plugin 'WSK_AER_Carbine_Jungle' is ignored. Chunked libraries for plugins are not supported.
[2026.09.01-02.53.06:390][  0]LogPluginManager: Mounting plugin localization for 'WSK_AER_Carbine_Jungle'...
[2026.09.01-02.53.06:391][  0]LogGameFeatures: Display: Game feature 'WSK_AER_Carbine_Jungle' transitioned successfully. Ending state: Active [Active, Active]
[2026.09.01-02.53.06:391][  0]LogShaderLibrary: Display: Opening a chunked shader library for plugin 'WSK_AER_Carbine_Gamer' is ignored. Chunked libraries for plugins are not supported.
[2026.09.01-02.53.06:393][  0]LogPluginManager: Mounting plugin localization for 'WSK_AER_Carbine_Gamer'...
[2026.09.01-02.53.06:394][  0]LogGameFeatures: Display: Game feature 'WSK_AER_Carbine_Gamer' transitioned successfully. Ending state: Active [Active, Active]
[2026.09.01-02.53.06:394][  0]LogShaderLibrary: Display: Opening a chunked shader library for plugin 'WSK_AER_Carbine_Devil' is ignored. Chunked libraries for plugins are not supported.
[2026.09.01-02.53.06:396][  0]LogPluginManager: Mounting plugin localization for 'WSK_AER_Carbine_Devil'...
[2026.09.01-02.53.06:397][  0]LogGameFeatures: Display: Game feature 'WSK_AER_Carbine_Devil' transitioned successfully. Ending state: Active [Active, Active]
[2026.09.01-02.53.06:397][  0]LogShaderLibrary: Display: Opening a chunked shader library for plugin 'WSK_AER_Carbine_Cybershell' is ignored. Chunked libraries for plugins are not supported.
[2026.09.01-02.53.06:399][  0]LogPluginManager: Mounting plugin localization for 'WSK_AER_Carbine_Cybershell'...
[2026.09.01-02.53.06:399][  0]LogGameFeatures: Display: Game feature 'WSK_AER_Carbine_Cybershell' transitioned successfully. Ending state: Active [Active, Active]
[2026.09.01-02.53.06:399][  0]LogShaderLibrary: Display: Opening a chunked shader library for plugin 'WSK_AER_Carbine_BengalTiger' is ignored. Chunked libraries for plugins are not supported.
[2026.09.01-02.53.06:401][  0]LogPluginManager: Mounting plugin localization for 'WSK_AER_Carbine_BengalTiger'...
[2026.09.01-02.53.06:401][  0]LogGameFeatures: Display: Game feature 'WSK_AER_Carbine_BengalTiger' transitioned successfully. Ending state: Active [Active, Active]
[2026.09.01-02.53.06:401][  0]LogShaderLibrary: Display: Opening a chunked shader library for plugin 'WSK_AER_BurstRifle_TarotCard' is ignored. Chunked libraries for plugins are not supported.
[2026.09.01-02.53.06:404][  0]LogPluginManager: Mounting plugin localization for 'WSK_AER_BurstRifle_TarotCard'...
[2026.09.01-02.53.06:404][  0]LogGameFeatures: Display: Game feature 'WSK_AER_BurstRifle_TarotCard' transitioned successfully. Ending state: Active [Active, Active]
[2026.09.01-02.53.06:404][  0]LogShaderLibrary: Display: Opening a chunked shader library for plugin 'WSK_AER_BurstRifle_Smuggler' is ignored. Chunked libraries for plugins are not supported.
[2026.09.01-02.53.06:406][  0]LogPluginManager: Mounting plugin localization for 'WSK_AER_BurstRifle_Smuggler'...
[2026.09.01-02.53.06:407][  0]LogGameFeatures: Display: Game feature 'WSK_AER_BurstRifle_Smuggler' transitioned successfully. Ending state: Active [Active, Active]
[2026.09.01-02.53.06:407][  0]LogShaderLibrary: Display: Opening a chunked shader library for plugin 'WSK_AER_BurstRifle_Oni' is ignored. Chunked libraries for plugins are not supported.
[2026.09.01-02.53.06:409][  0]LogPluginManager: Mounting plugin localization for 'WSK_AER_BurstRifle_Oni'...
[2026.09.01-02.53.06:409][  0]LogGameFeatures: Display: Game feature 'WSK_AER_BurstRifle_Oni' transitioned successfully. Ending state: Active [Active, Active]
[2026.09.01-02.53.06:410][  0]LogShaderLibrary: Display: Opening a chunked shader library for plugin 'WSK_AER_BurstRifle_LowRider' is ignored. Chunked libraries for plugins are not supported.
[2026.09.01-02.53.06:412][  0]LogPluginManager: Mounting plugin localization for 'WSK_AER_BurstRifle_LowRider'...
[2026.09.01-02.53.06:412][  0]LogGameFeatures: Display: Game feature 'WSK_AER_BurstRifle_LowRider' transitioned successfully. Ending state: Active [Active, Active]
[2026.09.01-02.53.06:413][  0]LogShaderLibrary: Display: Opening a chunked shader library for plugin 'WSK_AER_BurstRifle_Equalizer' is ignored. Chunked libraries for plugins are not supported.
[2026.09.01-02.53.06:415][  0]LogPluginManager: Mounting plugin localization for 'WSK_AER_BurstRifle_Equalizer'...
[2026.09.01-02.53.06:415][  0]LogGameFeatures: Display: Game feature 'WSK_AER_BurstRifle_Equalizer' transitioned successfully. Ending state: Active [Active, Active]
[2026.09.01-02.53.06:415][  0]LogShaderLibrary: Display: Opening a chunked shader library for plugin 'WSK_AER_BurstRifle_Disco' is ignored. Chunked libraries for plugins are not supported.
[2026.09.01-02.53.06:416][  0]LogPluginManager: Mounting plugin localization for 'WSK_AER_BurstRifle_Disco'...
[2026.09.01-02.53.06:417][  0]LogGameFeatures: Display: Game feature 'WSK_AER_BurstRifle_Disco' transitioned successfully. Ending state: Active [Active, Active]
[2026.09.01-02.53.06:417][  0]LogShaderLibrary: Display: Opening a chunked shader library for plugin 'WSK_AER_BurstRifle_CherryBlossom' is ignored. Chunked libraries for plugins are not supported.
[2026.09.01-02.53.06:418][  0]LogPluginManager: Mounting plugin localization for 'WSK_AER_BurstRifle_CherryBlossom'...
[2026.09.01-02.53.06:419][  0]LogGameFeatures: Display: Game feature 'WSK_AER_BurstRifle_CherryBlossom' transitioned successfully. Ending state: Active [Active, Active]
[2026.09.01-02.53.06:419][  0]LogShaderLibrary: Display: Opening a chunked shader library for plugin 'WSK_AER_BurstRifle_Calibrator' is ignored. Chunked libraries for plugins are not supported.
[2026.09.01-02.53.06:420][  0]LogPluginManager: Mounting plugin localization for 'WSK_AER_BurstRifle_Calibrator'...
[2026.09.01-02.53.06:421][  0]LogGameFeatures: Display: Game feature 'WSK_AER_BurstRifle_Calibrator' transitioned successfully. Ending state: Active [Active, Active]
[2026.09.01-02.53.06:421][  0]LogShaderLibrary: Display: Opening a chunked shader library for plugin 'WSK_AER_BurstPistol_Koi' is ignored. Chunked libraries for plugins are not supported.
[2026.09.01-02.53.06:422][  0]LogPluginManager: Mounting plugin localization for 'WSK_AER_BurstPistol_Koi'...
[2026.09.01-02.53.06:422][  0]LogGameFeatures: Display: Game feature 'WSK_AER_BurstPistol_Koi' transitioned successfully. Ending state: Active [Active, Active]
[2026.09.01-02.53.06:423][  0]LogShaderLibrary: Display: Opening a chunked shader library for plugin 'WSK_AER_BurstPistol_KineticFlame' is ignored. Chunked libraries for plugins are not supported.
[2026.09.01-02.53.06:424][  0]LogPluginManager: Mounting plugin localization for 'WSK_AER_BurstPistol_KineticFlame'...
[2026.09.01-02.53.06:425][  0]LogGameFeatures: Display: Game feature 'WSK_AER_BurstPistol_KineticFlame' transitioned successfully. Ending state: Active [Active, Active]
[2026.09.01-02.53.06:425][  0]LogShaderLibrary: Display: Opening a chunked shader library for plugin 'WSK_AER_BurstPistol_Gamer' is ignored. Chunked libraries for plugins are not supported.
[2026.09.01-02.53.06:426][  0]LogPluginManager: Mounting plugin localization for 'WSK_AER_BurstPistol_Gamer'...
[2026.09.01-02.53.06:427][  0]LogGameFeatures: Display: Game feature 'WSK_AER_BurstPistol_Gamer' transitioned successfully. Ending state: Active [Active, Active]
[2026.09.01-02.53.06:427][  0]LogShaderLibrary: Display: Opening a chunked shader library for plugin 'WSK_AER_BurstPistol_CMYKILL' is ignored. Chunked libraries for plugins are not supported.
[2026.09.01-02.53.06:429][  0]LogPluginManager: Mounting plugin localization for 'WSK_AER_BurstPistol_CMYKILL'...
[2026.09.01-02.53.06:429][  0]LogGameFeatures: Display: Game feature 'WSK_AER_BurstPistol_CMYKILL' transitioned successfully. Ending state: Active [Active, Active]
[2026.09.01-02.53.06:429][  0]LogShaderLibrary: Display: Opening a chunked shader library for plugin 'WSK_AER_AssaultRifle_WesternEvent' is ignored. Chunked libraries for plugins are not supported.
[2026.09.01-02.53.06:431][  0]LogPluginManager: Mounting plugin localization for 'WSK_AER_AssaultRifle_WesternEvent'...
[2026.09.01-02.53.06:431][  0]LogGameFeatures: Display: Game feature 'WSK_AER_AssaultRifle_WesternEvent' transitioned successfully. Ending state: Active [Active, Active]
[2026.09.01-02.53.06:431][  0]LogShaderLibrary: Display: Opening a chunked shader library for plugin 'WSK_AER_AssaultRifle_Wasp' is ignored. Chunked libraries for plugins are not supported.
[2026.09.01-02.53.06:433][  0]LogPluginManager: Mounting plugin localization for 'WSK_AER_AssaultRifle_Wasp'...
[2026.09.01-02.53.06:433][  0]LogGameFeatures: Display: Game feature 'WSK_AER_AssaultRifle_Wasp' transitioned successfully. Ending state: Active [Active, Active]
[2026.09.01-02.53.06:433][  0]LogShaderLibrary: Display: Opening a chunked shader library for plugin 'WSK_AER_AssaultRifle_Pearl' is ignored. Chunked libraries for plugins are not supported.
[2026.09.01-02.53.06:435][  0]LogPluginManager: Mounting plugin localization for 'WSK_AER_AssaultRifle_Pearl'...
[2026.09.01-02.53.06:435][  0]LogGameFeatures: Display: Game feature 'WSK_AER_AssaultRifle_Pearl' transitioned successfully. Ending state: Active [Active, Active]
[2026.09.01-02.53.06:435][  0]LogShaderLibrary: Display: Opening a chunked shader library for plugin 'WSK_AER_AssaultRifle_PartyTempo' is ignored. Chunked libraries for plugins are not supported.
[2026.09.01-02.53.06:438][  0]LogPluginManager: Mounting plugin localization for 'WSK_AER_AssaultRifle_PartyTempo'...
[2026.09.01-02.53.06:438][  0]LogGameFeatures: Display: Game feature 'WSK_AER_AssaultRifle_PartyTempo' transitioned successfully. Ending state: Active [Active, Active]
[2026.09.01-02.53.06:439][  0]LogShaderLibrary: Display: Opening a chunked shader library for plugin 'WSK_AER_AssaultRifle_Oni' is ignored. Chunked libraries for plugins are not supported.
[2026.09.01-02.53.06:440][  0]LogPluginManager: Mounting plugin localization for 'WSK_AER_AssaultRifle_Oni'...
[2026.09.01-02.53.06:441][  0]LogGameFeatures: Display: Game feature 'WSK_AER_AssaultRifle_Oni' transitioned successfully. Ending state: Active [Active, Active]
[2026.09.01-02.53.06:441][  0]LogShaderLibrary: Display: Opening a chunked shader library for plugin 'WSK_AER_AssaultRifle_Ignition' is ignored. Chunked libraries for plugins are not supported.
[2026.09.01-02.53.06:443][  0]LogPluginManager: Mounting plugin localization for 'WSK_AER_AssaultRifle_Ignition'...
[2026.09.01-02.53.06:443][  0]LogGameFeatures: Display: Game feature 'WSK_AER_AssaultRifle_Ignition' transitioned successfully. Ending state: Active [Active, Active]
[2026.09.01-02.53.06:443][  0]LogShaderLibrary: Display: Opening a chunked shader library for plugin 'WSK_AER_AssaultRifle_Cardboard' is ignored. Chunked libraries for plugins are not supported.
[2026.09.01-02.53.06:445][  0]LogPluginManager: Mounting plugin localization for 'WSK_AER_AssaultRifle_Cardboard'...
[2026.09.01-02.53.06:446][  0]LogGameFeatures: Display: Game feature 'WSK_AER_AssaultRifle_Cardboard' transitioned successfully. Ending state: Active [Active, Active]
[2026.09.01-02.53.06:446][  0]LogShaderLibrary: Display: Opening a chunked shader library for plugin 'WSK_AER_AssaultRifle_Birdy' is ignored. Chunked libraries for plugins are not supported.
[2026.09.01-02.53.06:447][  0]LogPluginManager: Mounting plugin localization for 'WSK_AER_AssaultRifle_Birdy'...
[2026.09.01-02.53.06:448][  0]LogGameFeatures: Display: Game feature 'WSK_AER_AssaultRifle_Birdy' transitioned successfully. Ending state: Active [Active, Active]
[2026.09.01-02.53.06:448][  0]LogShaderLibrary: Display: Opening a chunked shader library for plugin 'WSK_AER_AssaultRifle_Bamboo' is ignored. Chunked libraries for plugins are not supported.
[2026.09.01-02.53.06:450][  0]LogPluginManager: Mounting plugin localization for 'WSK_AER_AssaultRifle_Bamboo'...
[2026.09.01-02.53.06:450][  0]LogGameFeatures: Display: Game feature 'WSK_AER_AssaultRifle_Bamboo' transitioned successfully. Ending state: Active [Active, Active]
[2026.09.01-02.53.06:451][  0]LogShaderLibrary: Display: Opening a chunked shader library for plugin 'CHR_SBK_OrionMale' is ignored. Chunked libraries for plugins are not supported.
[2026.09.01-02.53.06:454][  0]LogPluginManager: Mounting plugin localization for 'CHR_SBK_OrionMale'...
[2026.09.01-02.53.06:455][  0]LogGameFeatures: Display: Game feature 'CHR_SBK_OrionMale' transitioned successfully. Ending state: Active [Active, Active]
[2026.09.01-02.53.06:455][  0]LogShaderLibrary: Display: Opening a chunked shader library for plugin 'CHR_MER_OrionMale' is ignored. Chunked libraries for plugins are not supported.
[2026.09.01-02.53.06:456][  0]LogPluginManager: Mounting plugin localization for 'CHR_MER_OrionMale'...
[2026.09.01-02.53.06:457][  0]LogGameFeatures: Display: Game feature 'CHR_MER_OrionMale' transitioned successfully. Ending state: Active [Active, Active]
[2026.09.01-02.53.06:457][  0]LogShaderLibrary: Display: Opening a chunked shader library for plugin 'CHR_AER_Tsuki' is ignored. Chunked libraries for plugins are not supported.
[2026.09.01-02.53.06:459][  0]LogPluginManager: Mounting plugin localization for 'CHR_AER_Tsuki'...
[2026.09.01-02.53.06:459][  0]LogGameFeatures: Display: Game feature 'CHR_AER_Tsuki' transitioned successfully. Ending state: Active [Active, Active]
[2026.09.01-02.53.06:460][  0]LogShaderLibrary: Display: Opening a chunked shader library for plugin 'CHR_AER_Ludo' is ignored. Chunked libraries for plugins are not supported.
[2026.09.01-02.53.06:462][  0]LogPluginManager: Mounting plugin localization for 'CHR_AER_Ludo'...
[2026.09.01-02.53.06:462][  0]LogGameFeatures: Display: Game feature 'CHR_AER_Ludo' transitioned successfully. Ending state: Active [Active, Active]
[2026.09.01-02.53.06:462][  0]LogShaderLibrary: Display: Opening a chunked shader library for plugin 'CHR_AER_Kleptomeleon' is ignored. Chunked libraries for plugins are not supported.
[2026.09.01-02.53.06:464][  0]LogPluginManager: Mounting plugin localization for 'CHR_AER_Kleptomeleon'...
[2026.09.01-02.53.06:464][  0]LogGameFeatures: Display: Game feature 'CHR_AER_Kleptomeleon' transitioned successfully. Ending state: Active [Active, Active]
[2026.09.01-02.53.06:464][  0]LogShaderLibrary: Display: Opening a chunked shader library for plugin 'CHR_AER_Javelin' is ignored. Chunked libraries for plugins are not supported.
[2026.09.01-02.53.06:466][  0]LogPluginManager: Mounting plugin localization for 'CHR_AER_Javelin'...
[2026.09.01-02.53.06:467][  0]LogGameFeatures: Display: Game feature 'CHR_AER_Javelin' transitioned successfully. Ending state: Active [Active, Active]
[2026.09.01-02.53.06:467][  0]LogShaderLibrary: Display: Opening a chunked shader library for plugin 'CHR_AER_Gecko' is ignored. Chunked libraries for plugins are not supported.
[2026.09.01-02.53.06:469][  0]LogPluginManager: Mounting plugin localization for 'CHR_AER_Gecko'...
[2026.09.01-02.53.06:469][  0]LogGameFeatures: Display: Game feature 'CHR_AER_Gecko' transitioned successfully. Ending state: Active [Active, Active]
[2026.09.01-02.53.06:469][  0]LogShaderLibrary: Display: Opening a chunked shader library for plugin 'CHR_AER_Enzo' is ignored. Chunked libraries for plugins are not supported.
[2026.09.01-02.53.06:471][  0]LogPluginManager: Mounting plugin localization for 'CHR_AER_Enzo'...
[2026.09.01-02.53.06:472][  0]LogGameFeatures: Display: Game feature 'CHR_AER_Enzo' transitioned successfully. Ending state: Active [Active, Active]
[2026.09.01-02.53.06:472][  0]LogShaderLibrary: Display: Opening a chunked shader library for plugin 'CHR_AER_Dart' is ignored. Chunked libraries for plugins are not supported.
[2026.09.01-02.53.06:474][  0]LogPluginManager: Mounting plugin localization for 'CHR_AER_Dart'...
[2026.09.01-02.53.06:474][  0]LogGameFeatures: Display: Game feature 'CHR_AER_Dart' transitioned successfully. Ending state: Active [Active, Active]
[2026.09.01-02.53.06:476][  0]LogShaderLibrary: Display: Opening a chunked shader library for plugin 'CHR_AER_Aki' is ignored. Chunked libraries for plugins are not supported.
[2026.09.01-02.53.06:479][  0]LogPluginManager: Mounting plugin localization for 'CHR_AER_Aki'...
[2026.09.01-02.53.06:479][  0]LogGameFeatures: Display: Game feature 'CHR_AER_Aki' transitioned successfully. Ending state: Active [Active, Active]
[2026.09.01-02.53.06:479][  0]LogShaderLibrary: Display: Opening a chunked shader library for plugin 'CHR_AER_Adoro' is ignored. Chunked libraries for plugins are not supported.
[2026.09.01-02.53.06:481][  0]LogPluginManager: Mounting plugin localization for 'CHR_AER_Adoro'...
[2026.09.01-02.53.06:481][  0]LogGameFeatures: Display: Game feature 'CHR_AER_Adoro' transitioned successfully. Ending state: Active [Active, Active]
[2026.09.01-02.53.06:481][  0]LogShaderLibrary: Display: Opening a chunked shader library for plugin 'CHR_AER_BoltCC' is ignored. Chunked libraries for plugins are not supported.
[2026.09.01-02.53.06:483][  0]LogPluginManager: Mounting plugin localization for 'CHR_AER_BoltCC'...
[2026.09.01-02.53.06:484][  0]LogGameFeatures: Display: Game feature 'CHR_AER_BoltCC' transitioned successfully. Ending state: Active [Active, Active]
[2026.09.01-02.53.06:484][  0]LogShaderLibrary: Display: Opening a chunked shader library for plugin 'CHR_AER_Unika' is ignored. Chunked libraries for plugins are not supported.
[2026.09.01-02.53.06:485][  0]LogPluginManager: Mounting plugin localization for 'CHR_AER_Unika'...
[2026.09.01-02.53.06:486][  0]LogGameFeatures: Display: Game feature 'CHR_AER_Unika' transitioned successfully. Ending state: Active [Active, Active]
[2026.09.01-02.53.06:486][  0]LogShaderLibrary: Display: Opening a chunked shader library for plugin 'CHR_AER_Thorn' is ignored. Chunked libraries for plugins are not supported.
[2026.09.01-02.53.06:487][  0]LogPluginManager: Mounting plugin localization for 'CHR_AER_Thorn'...
[2026.09.01-02.53.06:487][  0]LogGameFeatures: Display: Game feature 'CHR_AER_Thorn' transitioned successfully. Ending state: Active [Active, Active]
[2026.09.01-02.53.06:488][  0]LogShaderLibrary: Display: Opening a chunked shader library for plugin 'CHR_AER_Referee' is ignored. Chunked libraries for plugins are not supported.
[2026.09.01-02.53.06:489][  0]LogPluginManager: Mounting plugin localization for 'CHR_AER_Referee'...
[2026.09.01-02.53.06:490][  0]LogGameFeatures: Display: Game feature 'CHR_AER_Referee' transitioned successfully. Ending state: Active [Active, Active]
[2026.09.01-02.53.06:490][  0]LogShaderLibrary: Display: Opening a chunked shader library for plugin 'CHR_AER_Oni' is ignored. Chunked libraries for plugins are not supported.
[2026.09.01-02.53.06:492][  0]LogPluginManager: Mounting plugin localization for 'CHR_AER_Oni'...
[2026.09.01-02.53.06:492][  0]LogGameFeatures: Display: Game feature 'CHR_AER_Oni' transitioned successfully. Ending state: Active [Active, Active]
[2026.09.01-02.53.06:492][  0]LogShaderLibrary: Display: Opening a chunked shader library for plugin 'CHR_AER_Krystal' is ignored. Chunked libraries for plugins are not supported.
[2026.09.01-02.53.06:494][  0]LogPluginManager: Mounting plugin localization for 'CHR_AER_Krystal'...
[2026.09.01-02.53.06:494][  0]LogGameFeatures: Display: Game feature 'CHR_AER_Krystal' transitioned successfully. Ending state: Active [Active, Active]
[2026.09.01-02.53.06:494][  0]LogShaderLibrary: Display: Opening a chunked shader library for plugin 'CHR_AER_Javi' is ignored. Chunked libraries for plugins are not supported.
[2026.09.01-02.53.06:496][  0]LogPluginManager: Mounting plugin localization for 'CHR_AER_Javi'...
[2026.09.01-02.53.06:497][  0]LogGameFeatures: Display: Game feature 'CHR_AER_Javi' transitioned successfully. Ending state: Active [Active, Active]
[2026.09.01-02.53.06:497][  0]LogShaderLibrary: Display: Opening a chunked shader library for plugin 'CHR_AER_Iris' is ignored. Chunked libraries for plugins are not supported.
[2026.09.01-02.53.06:499][  0]LogPluginManager: Mounting plugin localization for 'CHR_AER_Iris'...
[2026.09.01-02.53.06:500][  0]LogGameFeatures: Display: Game feature 'CHR_AER_Iris' transitioned successfully. Ending state: Active [Active, Active]
[2026.09.01-02.53.06:500][  0]LogShaderLibrary: Display: Opening a chunked shader library for plugin 'CHR_AER_Fencer' is ignored. Chunked libraries for plugins are not supported.
[2026.09.01-02.53.06:502][  0]LogPluginManager: Mounting plugin localization for 'CHR_AER_Fencer'...
[2026.09.01-02.53.06:502][  0]LogGameFeatures: Display: Game feature 'CHR_AER_Fencer' transitioned successfully. Ending state: Active [Active, Active]
[2026.09.01-02.53.06:502][  0]LogShaderLibrary: Display: Opening a chunked shader library for plugin 'CHR_AER_Ember' is ignored. Chunked libraries for plugins are not supported.
[2026.09.01-02.53.06:504][  0]LogPluginManager: Mounting plugin localization for 'CHR_AER_Ember'...
[2026.09.01-02.53.06:505][  0]LogGameFeatures: Display: Game feature 'CHR_AER_Ember' transitioned successfully. Ending state: Active [Active, Active]
[2026.09.01-02.53.06:505][  0]LogShaderLibrary: Display: Opening a chunked shader library for plugin 'CHR_AER_CocoChaos' is ignored. Chunked libraries for plugins are not supported.
[2026.09.01-02.53.06:507][  0]LogPluginManager: Mounting plugin localization for 'CHR_AER_CocoChaos'...
[2026.09.01-02.53.06:507][  0]LogGameFeatures: Display: Game feature 'CHR_AER_CocoChaos' transitioned successfully. Ending state: Active [Active, Active]
[2026.09.01-02.53.06:507][  0]LogShaderLibrary: Display: Opening a chunked shader library for plugin 'CHR_AER_Carr' is ignored. Chunked libraries for plugins are not supported.
[2026.09.01-02.53.06:509][  0]LogPluginManager: Mounting plugin localization for 'CHR_AER_Carr'...
[2026.09.01-02.53.06:509][  0]LogGameFeatures: Display: Game feature 'CHR_AER_Carr' transitioned successfully. Ending state: Active [Active, Active]
[2026.09.01-02.53.06:509][  0]LogShaderLibrary: Display: Opening a chunked shader library for plugin 'CHR_AER_Diamond' is ignored. Chunked libraries for plugins are not supported.
[2026.09.01-02.53.06:511][  0]LogPluginManager: Mounting plugin localization for 'CHR_AER_Diamond'...
[2026.09.01-02.53.06:512][  0]LogGameFeatures: Display: Game feature 'CHR_AER_Diamond' transitioned successfully. Ending state: Active [Active, Active]
[2026.09.01-02.53.06:512][  0]LogShaderLibrary: Display: Opening a chunked shader library for plugin 'PSK_Oni' is ignored. Chunked libraries for plugins are not supported.
[2026.09.01-02.53.06:513][  0]LogPluginManager: Mounting plugin localization for 'PSK_Oni'...
[2026.09.01-02.53.06:514][  0]LogGameFeatures: Display: Game feature 'PSK_Oni' transitioned successfully. Ending state: Active [Active, Active]
[2026.09.01-02.53.06:514][  0]LogShaderLibrary: Display: Opening a chunked shader library for plugin 'CHR_AER_OniX' is ignored. Chunked libraries for plugins are not supported.
[2026.09.01-02.53.06:515][  0]LogPluginManager: Mounting plugin localization for 'CHR_AER_OniX'...
[2026.09.01-02.53.06:515][  0]LogGameFeatures: Display: Game feature 'CHR_AER_OniX' transitioned successfully. Ending state: Active [Active, Active]
[2026.09.01-02.53.06:516][  0]LogShaderLibrary: Display: Opening a chunked shader library for plugin 'CHR_AER_NebulaX' is ignored. Chunked libraries for plugins are not supported.
[2026.09.01-02.53.06:518][  0]LogPluginManager: Mounting plugin localization for 'CHR_AER_NebulaX'...
[2026.09.01-02.53.06:518][  0]LogGameFeatures: Display: Game feature 'CHR_AER_NebulaX' transitioned successfully. Ending state: Active [Active, Active]
[2026.09.01-02.53.06:518][  0]LogShaderLibrary: Display: Opening a chunked shader library for plugin 'CHR_AER_Anita' is ignored. Chunked libraries for plugins are not supported.
[2026.09.01-02.53.06:519][  0]LogPluginManager: Mounting plugin localization for 'CHR_AER_Anita'...
[2026.09.01-02.53.06:520][  0]LogGameFeatures: Display: Game feature 'CHR_AER_Anita' transitioned successfully. Ending state: Active [Active, Active]
[2026.09.01-02.53.06:522][  0]LogShaderLibrary: Display: Opening a chunked shader library for plugin 'CHR_AER_Zeb' is ignored. Chunked libraries for plugins are not supported.
[2026.09.01-02.53.06:524][  0]LogPluginManager: Mounting plugin localization for 'CHR_AER_Zeb'...
[2026.09.01-02.53.06:524][  0]LogGameFeatures: Display: Game feature 'CHR_AER_Zeb' transitioned successfully. Ending state: Active [Active, Active]
[2026.09.01-02.53.06:524][  0]LogShaderLibrary: Display: Opening a chunked shader library for plugin 'CHR_AER_Hawkster' is ignored. Chunked libraries for plugins are not supported.
[2026.09.01-02.53.06:527][  0]LogPluginManager: Mounting plugin localization for 'CHR_AER_Hawkster'...
[2026.09.01-02.53.06:528][  0]LogGameFeatures: Display: Game feature 'CHR_AER_Hawkster' transitioned successfully. Ending state: Active [Active, Active]
[2026.09.01-02.53.06:528][  0]LogShaderLibrary: Display: Opening a chunked shader library for plugin 'CHR_AER_MickMidnight' is ignored. Chunked libraries for plugins are not supported.
[2026.09.01-02.53.06:530][  0]LogPluginManager: Mounting plugin localization for 'CHR_AER_MickMidnight'...
[2026.09.01-02.53.06:530][  0]LogGameFeatures: Display: Game feature 'CHR_AER_MickMidnight' transitioned successfully. Ending state: Active [Active, Active]
[2026.09.01-02.53.06:530][  0]LogShaderLibrary: Display: Opening a chunked shader library for plugin 'CHR_AER_Oriana' is ignored. Chunked libraries for plugins are not supported.
[2026.09.01-02.53.06:532][  0]LogPluginManager: Mounting plugin localization for 'CHR_AER_Oriana'...
[2026.09.01-02.53.06:533][  0]LogGameFeatures: Display: Game feature 'CHR_AER_Oriana' transitioned successfully. Ending state: Active [Active, Active]
[2026.09.01-02.53.06:533][  0]LogShaderLibrary: Display: Opening a chunked shader library for plugin 'MAP_Runway' is ignored. Chunked libraries for plugins are not supported.
[2026.09.01-02.53.06:534][  0]LogPluginManager: Mounting plugin localization for 'MAP_Runway'...
[2026.09.01-02.53.06:535][  0]LogGameFeatures: Display: Game feature 'MAP_Runway' transitioned successfully. Ending state: Active [Active, Active]
[2026.09.01-02.53.06:535][  0]LogShaderLibrary: Display: Opening a chunked shader library for plugin 'CHR_AER_Eve' is ignored. Chunked libraries for plugins are not supported.
[2026.09.01-02.53.06:537][  0]LogPluginManager: Mounting plugin localization for 'CHR_AER_Eve'...
[2026.09.01-02.53.06:537][  0]LogGameFeatures: Display: Game feature 'CHR_AER_Eve' transitioned successfully. Ending state: Active [Active, Active]
[2026.09.01-02.53.06:538][  0]LogShaderLibrary: Display: Opening a chunked shader library for plugin 'CHR_AER_CocoChaosUltra' is ignored. Chunked libraries for plugins are not supported.
[2026.09.01-02.53.06:540][  0]LogPluginManager: Mounting plugin localization for 'CHR_AER_CocoChaosUltra'...
[2026.09.01-02.53.06:540][  0]LogGameFeatures: Display: Game feature 'CHR_AER_CocoChaosUltra' transitioned successfully. Ending state: Active [Active, Active]
[2026.09.01-02.53.06:540][  0]LogShaderLibrary: Display: Opening a chunked shader library for plugin 'CHR_AER_Kelps' is ignored. Chunked libraries for plugins are not supported.
[2026.09.01-02.53.06:542][  0]LogPluginManager: Mounting plugin localization for 'CHR_AER_Kelps'...
[2026.09.01-02.53.06:542][  0]LogGameFeatures: Display: Game feature 'CHR_AER_Kelps' transitioned successfully. Ending state: Active [Active, Active]
[2026.09.01-02.53.06:543][  0]LogShaderLibrary: Display: Opening a chunked shader library for plugin 'CHR_AER_Encore' is ignored. Chunked libraries for plugins are not supported.
[2026.09.01-02.53.06:545][  0]LogPluginManager: Mounting plugin localization for 'CHR_AER_Encore'...
[2026.09.01-02.53.06:545][  0]LogGameFeatures: Display: Game feature 'CHR_AER_Encore' transitioned successfully. Ending state: Active [Active, Active]
[2026.09.01-02.53.06:545][  0]LogShaderLibrary: Display: Opening a chunked shader library for plugin 'CHR_AER_HawksterUltra' is ignored. Chunked libraries for plugins are not supported.
[2026.09.01-02.53.06:547][  0]LogPluginManager: Mounting plugin localization for 'CHR_AER_HawksterUltra'...
[2026.09.01-02.53.06:548][  0]LogGameFeatures: Display: Game feature 'CHR_AER_HawksterUltra' transitioned successfully. Ending state: Active [Active, Active]
[2026.09.01-02.53.06:548][  0]LogShaderLibrary: Display: Opening a chunked shader library for plugin 'CHR_AER_OrianaUltra' is ignored. Chunked libraries for plugins are not supported.
[2026.09.01-02.53.06:550][  0]LogPluginManager: Mounting plugin localization for 'CHR_AER_OrianaUltra'...
[2026.09.01-02.53.06:550][  0]LogGameFeatures: Display: Game feature 'CHR_AER_OrianaUltra' transitioned successfully. Ending state: Active [Active, Active]
[2026.09.01-02.53.06:551][  0]LogShaderLibrary: Display: Opening a chunked shader library for plugin 'WEP_AER_Railgun' is ignored. Chunked libraries for plugins are not supported.
[2026.09.01-02.53.06:552][  0]LogPluginManager: Mounting plugin localization for 'WEP_AER_Railgun'...
[2026.09.01-02.53.06:553][  0]LogGameFeatures: Display: Game feature 'WEP_AER_Railgun' transitioned successfully. Ending state: Active [Active, Active]
[2026.09.01-02.53.06:553][  0]LogShaderLibrary: Display: Opening a chunked shader library for plugin 'WEP_AER_DualSMG' is ignored. Chunked libraries for plugins are not supported.
[2026.09.01-02.53.06:555][  0]LogAssetManager: Display: Ignoring PrimaryAssetType LoadoutItem - Conflicts with FiringMode - Asset: ID_DualSMG_Aeros_FiringMode_Primary
[2026.09.01-02.53.06:555][  0]LogAssetManager: Display: Ignoring PrimaryAssetType DependentLoadoutItem - Conflicts with FiringMode - Asset: ID_DualSMG_Aeros_FiringMode_Primary
[2026.09.01-02.53.06:555][  0]LogPluginManager: Mounting plugin localization for 'WEP_AER_DualSMG'...
[2026.09.01-02.53.06:555][  0]LogGameFeatures: Display: Game feature 'WEP_AER_DualSMG' transitioned successfully. Ending state: Active [Active, Active]
[2026.09.01-02.53.06:555][  0]LogShaderLibrary: Display: Opening a chunked shader library for plugin 'WEP_AER_BFB' is ignored. Chunked libraries for plugins are not supported.
[2026.09.01-02.53.06:558][  0]LogPluginManager: Mounting plugin localization for 'WEP_AER_BFB'...
[2026.09.01-02.53.06:558][  0]LogGameFeatures: Display: Game feature 'WEP_AER_BFB' transitioned successfully. Ending state: Active [Active, Active]
[2026.09.01-02.53.06:558][  0]LogShaderLibrary: Display: Opening a chunked shader library for plugin 'POW_WallHack' is ignored. Chunked libraries for plugins are not supported.
[2026.09.01-02.53.06:560][  0]LogPluginManager: Mounting plugin localization for 'POW_WallHack'...
[2026.09.01-02.53.06:561][  0]LogGameFeatures: Display: Game feature 'POW_WallHack' transitioned successfully. Ending state: Active [Active, Active]
[2026.09.01-02.53.06:561][  0]LogShaderLibrary: Display: Opening a chunked shader library for plugin 'PRK_Tracker' is ignored. Chunked libraries for plugins are not supported.
[2026.09.01-02.53.06:562][  0]LogPluginManager: Mounting plugin localization for 'PRK_Tracker'...
[2026.09.01-02.53.06:563][  0]LogGameFeatures: Display: Game feature 'PRK_Tracker' transitioned successfully. Ending state: Active [Active, Active]
[2026.09.01-02.53.06:563][  0]LogShaderLibrary: Display: Opening a chunked shader library for plugin 'FCT_Meridian' is ignored. Chunked libraries for plugins are not supported.
[2026.09.01-02.53.06:573][  0]LogPluginManager: Mounting plugin localization for 'FCT_Meridian'...
[2026.09.01-02.53.06:575][  0]LogGameFeatures: Display: Game feature 'FCT_Meridian' transitioned successfully. Ending state: Active [Active, Active]
[2026.09.01-02.53.06:576][  0]LogShaderLibrary: Display: Opening a chunked shader library for plugin 'EQP_EMPGrenade' is ignored. Chunked libraries for plugins are not supported.
[2026.09.01-02.53.06:578][  0]LogPluginManager: Mounting plugin localization for 'EQP_EMPGrenade'...
[2026.09.01-02.53.06:579][  0]LogGameFeatures: Display: Game feature 'EQP_EMPGrenade' transitioned successfully. Ending state: Active [Active, Active]
[2026.09.01-02.53.06:581][  0]LogShaderLibrary: Display: Opening a chunked shader library for plugin 'FCT_Sabrask' is ignored. Chunked libraries for plugins are not supported.
[2026.09.01-02.53.06:583][  0]LogPluginManager: Mounting plugin localization for 'FCT_Sabrask'...
[2026.09.01-02.53.06:583][  0]LogGameFeatures: Display: Game feature 'FCT_Sabrask' transitioned successfully. Ending state: Active [Active, Active]
[2026.09.01-02.53.06:583][  0]LogShaderLibrary: Display: Opening a chunked shader library for plugin 'EQP_AER_StimShot' is ignored. Chunked libraries for plugins are not supported.
[2026.09.01-02.53.06:585][  0]LogPluginManager: Mounting plugin localization for 'EQP_AER_StimShot'...
[2026.09.01-02.53.06:585][  0]LogGameFeatures: Display: Game feature 'EQP_AER_StimShot' transitioned successfully. Ending state: Active [Active, Active]
[2026.09.01-02.53.06:585][  0]LogShaderLibrary: Display: Opening a chunked shader library for plugin 'EQP_AER_ShockGrenade' is ignored. Chunked libraries for plugins are not supported.
[2026.09.01-02.53.06:587][  0]LogPluginManager: Mounting plugin localization for 'EQP_AER_ShockGrenade'...
[2026.09.01-02.53.06:587][  0]LogGameFeatures: Display: Game feature 'EQP_AER_ShockGrenade' transitioned successfully. Ending state: Active [Active, Active]
[2026.09.01-02.53.06:587][  0]LogShaderLibrary: Display: Opening a chunked shader library for plugin 'WEP_MER_Shotgun' is ignored. Chunked libraries for plugins are not supported.
[2026.09.01-02.53.06:589][  0]LogPluginManager: Mounting plugin localization for 'WEP_MER_Shotgun'...
[2026.09.01-02.53.06:590][  0]LogGameFeatures: Display: Game feature 'WEP_MER_Shotgun' transitioned successfully. Ending state: Active [Active, Active]
[2026.09.01-02.53.06:590][  0]LogShaderLibrary: Display: Opening a chunked shader library for plugin 'WEP_MER_SemiPistol' is ignored. Chunked libraries for plugins are not supported.
[2026.09.01-02.53.06:592][  0]LogPluginManager: Mounting plugin localization for 'WEP_MER_SemiPistol'...
[2026.09.01-02.53.06:592][  0]LogGameFeatures: Display: Game feature 'WEP_MER_SemiPistol' transitioned successfully. Ending state: Active [Active, Active]
[2026.09.01-02.53.06:593][  0]LogShaderLibrary: Display: Opening a chunked shader library for plugin 'WEP_MER_SMG' is ignored. Chunked libraries for plugins are not supported.
[2026.09.01-02.53.06:594][  0]LogPluginManager: Mounting plugin localization for 'WEP_MER_SMG'...
[2026.09.01-02.53.06:595][  0]LogGameFeatures: Display: Game feature 'WEP_MER_SMG' transitioned successfully. Ending state: Active [Active, Active]
[2026.09.01-02.53.06:597][  0]LogShaderLibrary: Display: Opening a chunked shader library for plugin 'WEP_MER_PlasmaRifle' is ignored. Chunked libraries for plugins are not supported.
[2026.09.01-02.53.06:601][  0]LogPluginManager: Mounting plugin localization for 'WEP_MER_PlasmaRifle'...
[2026.09.01-02.53.06:602][  0]LogGameFeatures: Display: Game feature 'WEP_MER_PlasmaRifle' transitioned successfully. Ending state: Active [Active, Active]
[2026.09.01-02.53.06:602][  0]LogShaderLibrary: Display: Opening a chunked shader library for plugin 'WEP_MER_PPShotgun' is ignored. Chunked libraries for plugins are not supported.
[2026.09.01-02.53.06:605][  0]LogPluginManager: Mounting plugin localization for 'WEP_MER_PPShotgun'...
[2026.09.01-02.53.06:606][  0]LogGameFeatures: Display: Game feature 'WEP_MER_PPShotgun' transitioned successfully. Ending state: Active [Active, Active]
[2026.09.01-02.53.06:606][  0]LogShaderLibrary: Display: Opening a chunked shader library for plugin 'WEP_MER_LMG' is ignored. Chunked libraries for plugins are not supported.
[2026.09.01-02.53.06:608][  0]LogPluginManager: Mounting plugin localization for 'WEP_MER_LMG'...
[2026.09.01-02.53.06:609][  0]LogGameFeatures: Display: Game feature 'WEP_MER_LMG' transitioned successfully. Ending state: Active [Active, Active]
[2026.09.01-02.53.06:609][  0]LogShaderLibrary: Display: Opening a chunked shader library for plugin 'WEP_MER_ChargePistol' is ignored. Chunked libraries for plugins are not supported.
[2026.09.01-02.53.06:609][  0]LogCoreRedirects: AddRedirect(C:/USERS/REDACTED/AppData/Local/PortalWars2/Saved/Config/WindowsClient/WEP_MER_ChargePistol.ini) has wildcard redirect /WEP_MER_HeavyPistol/, these are very slow and should be resolved as soon as possible! Please refer to the documentation in Engine/Config/BaseEngine.ini.
[2026.09.01-02.53.06:612][  0]LogPluginManager: Mounting plugin localization for 'WEP_MER_ChargePistol'...
[2026.09.01-02.53.06:613][  0]LogGameFeatures: Display: Game feature 'WEP_MER_ChargePistol' transitioned successfully. Ending state: Active [Active, Active]
[2026.09.01-02.53.06:613][  0]LogShaderLibrary: Display: Opening a chunked shader library for plugin 'WEP_MER_ChargeCarbine' is ignored. Chunked libraries for plugins are not supported.
[2026.09.01-02.53.06:615][  0]LogPluginManager: Mounting plugin localization for 'WEP_MER_ChargeCarbine'...
[2026.09.01-02.53.06:615][  0]LogGameFeatures: Display: Game feature 'WEP_MER_ChargeCarbine' transitioned successfully. Ending state: Active [Active, Active]
[2026.09.01-02.53.06:615][  0]LogShaderLibrary: Display: Opening a chunked shader library for plugin 'WEP_MER_Carbine' is ignored. Chunked libraries for plugins are not supported.
[2026.09.01-02.53.06:618][  0]LogPluginManager: Mounting plugin localization for 'WEP_MER_Carbine'...
[2026.09.01-02.53.06:618][  0]LogGameFeatures: Display: Game feature 'WEP_MER_Carbine' transitioned successfully. Ending state: Active [Active, Active]
[2026.09.01-02.53.06:619][  0]LogShaderLibrary: Display: Opening a chunked shader library for plugin 'WEP_MER_BurstRifle' is ignored. Chunked libraries for plugins are not supported.
[2026.09.01-02.53.06:621][  0]LogPluginManager: Mounting plugin localization for 'WEP_MER_BurstRifle'...
[2026.09.01-02.53.06:621][  0]LogGameFeatures: Display: Game feature 'WEP_MER_BurstRifle' transitioned successfully. Ending state: Active [Active, Active]
[2026.09.01-02.53.06:622][  0]LogShaderLibrary: Display: Opening a chunked shader library for plugin 'WEP_MER_BurstPistol' is ignored. Chunked libraries for plugins are not supported.
[2026.09.01-02.53.06:624][  0]LogPluginManager: Mounting plugin localization for 'WEP_MER_BurstPistol'...
[2026.09.01-02.53.06:625][  0]LogGameFeatures: Display: Game feature 'WEP_MER_BurstPistol' transitioned successfully. Ending state: Active [Active, Active]
[2026.09.01-02.53.06:625][  0]LogShaderLibrary: Display: Opening a chunked shader library for plugin 'WEP_MER_AssaultRifle' is ignored. Chunked libraries for plugins are not supported.
[2026.09.01-02.53.06:628][  0]LogPluginManager: Mounting plugin localization for 'WEP_MER_AssaultRifle'...
[2026.09.01-02.53.06:629][  0]LogGameFeatures: Display: Game feature 'WEP_MER_AssaultRifle' transitioned successfully. Ending state: Active [Active, Active]
[2026.09.01-02.53.06:629][  0]LogShaderLibrary: Display: Opening a chunked shader library for plugin 'CHR_MER_OrionMaleUltra' is ignored. Chunked libraries for plugins are not supported.
[2026.09.01-02.53.06:632][  0]LogPluginManager: Mounting plugin localization for 'CHR_MER_OrionMaleUltra'...
[2026.09.01-02.53.06:632][  0]LogGameFeatures: Display: Game feature 'CHR_MER_OrionMaleUltra' transitioned successfully. Ending state: Active [Active, Active]
[2026.09.01-02.53.06:633][  0]LogShaderLibrary: Display: Opening a chunked shader library for plugin 'CHR_MER_OrionFemaleUltra' is ignored. Chunked libraries for plugins are not supported.
[2026.09.01-02.53.06:636][  0]LogPluginManager: Mounting plugin localization for 'CHR_MER_OrionFemaleUltra'...
[2026.09.01-02.53.06:636][  0]LogGameFeatures: Display: Game feature 'CHR_MER_OrionFemaleUltra' transitioned successfully. Ending state: Active [Active, Active]
[2026.09.01-02.53.06:636][  0]LogShaderLibrary: Display: Opening a chunked shader library for plugin 'CHR_MER_Mira' is ignored. Chunked libraries for plugins are not supported.
[2026.09.01-02.53.06:638][  0]LogPluginManager: Mounting plugin localization for 'CHR_MER_Mira'...
[2026.09.01-02.53.06:639][  0]LogGameFeatures: Display: Game feature 'CHR_MER_Mira' transitioned successfully. Ending state: Active [Active, Active]
[2026.09.01-02.53.06:639][  0]LogShaderLibrary: Display: Opening a chunked shader library for plugin 'WEP_SBK_Shotgun' is ignored. Chunked libraries for plugins are not supported.
[2026.09.01-02.53.06:641][  0]LogPluginManager: Mounting plugin localization for 'WEP_SBK_Shotgun'...
[2026.09.01-02.53.06:641][  0]LogGameFeatures: Display: Game feature 'WEP_SBK_Shotgun' transitioned successfully. Ending state: Active [Active, Active]
[2026.09.01-02.53.06:642][  0]LogShaderLibrary: Display: Opening a chunked shader library for plugin 'WEP_SBK_SemiPistol' is ignored. Chunked libraries for plugins are not supported.
[2026.09.01-02.53.06:644][  0]LogPluginManager: Mounting plugin localization for 'WEP_SBK_SemiPistol'...
[2026.09.01-02.53.06:645][  0]LogGameFeatures: Display: Game feature 'WEP_SBK_SemiPistol' transitioned successfully. Ending state: Active [Active, Active]
[2026.09.01-02.53.06:645][  0]LogShaderLibrary: Display: Opening a chunked shader library for plugin 'WEP_SBK_SMG' is ignored. Chunked libraries for plugins are not supported.
[2026.09.01-02.53.06:647][  0]LogPluginManager: Mounting plugin localization for 'WEP_SBK_SMG'...
[2026.09.01-02.53.06:648][  0]LogGameFeatures: Display: Game feature 'WEP_SBK_SMG' transitioned successfully. Ending state: Active [Active, Active]
[2026.09.01-02.53.06:649][  0]LogShaderLibrary: Display: Opening a chunked shader library for plugin 'WEP_SBK_RocketLauncher' is ignored. Chunked libraries for plugins are not supported.
[2026.09.01-02.53.06:650][  0]LogPluginManager: Mounting plugin localization for 'WEP_SBK_RocketLauncher'...
[2026.09.01-02.53.06:650][  0]LogGameFeatures: Display: Game feature 'WEP_SBK_RocketLauncher' transitioned successfully. Ending state: Active [Active, Active]
[2026.09.01-02.53.06:650][  0]LogShaderLibrary: Display: Opening a chunked shader library for plugin 'WEP_SBK_LMG' is ignored. Chunked libraries for plugins are not supported.
[2026.09.01-02.53.06:653][  0]LogPluginManager: Mounting plugin localization for 'WEP_SBK_LMG'...
[2026.09.01-02.53.06:654][  0]LogGameFeatures: Display: Game feature 'WEP_SBK_LMG' transitioned successfully. Ending state: Active [Active, Active]
[2026.09.01-02.53.06:655][  0]LogShaderLibrary: Display: Opening a chunked shader library for plugin 'WEP_SBK_HeavyPistol' is ignored. Chunked libraries for plugins are not supported.
[2026.09.01-02.53.06:657][  0]LogPluginManager: Mounting plugin localization for 'WEP_SBK_HeavyPistol'...
[2026.09.01-02.53.06:658][  0]LogGameFeatures: Display: Game feature 'WEP_SBK_HeavyPistol' transitioned successfully. Ending state: Active [Active, Active]
[2026.09.01-02.53.06:658][  0]LogShaderLibrary: Display: Opening a chunked shader library for plugin 'WEP_SBK_Carbine' is ignored. Chunked libraries for plugins are not supported.
[2026.09.01-02.53.06:660][  0]LogPluginManager: Mounting plugin localization for 'WEP_SBK_Carbine'...
[2026.09.01-02.53.06:661][  0]LogGameFeatures: Display: Game feature 'WEP_SBK_Carbine' transitioned successfully. Ending state: Active [Active, Active]
[2026.09.01-02.53.06:661][  0]LogShaderLibrary: Display: Opening a chunked shader library for plugin 'WEP_SBK_BurstRifle' is ignored. Chunked libraries for plugins are not supported.
[2026.09.01-02.53.06:664][  0]LogPluginManager: Mounting plugin localization for 'WEP_SBK_BurstRifle'...
[2026.09.01-02.53.06:665][  0]LogGameFeatures: Display: Game feature 'WEP_SBK_BurstRifle' transitioned successfully. Ending state: Active [Active, Active]
[2026.09.01-02.53.06:665][  0]LogShaderLibrary: Display: Opening a chunked shader library for plugin 'WEP_SBK_BurstPistol' is ignored. Chunked libraries for plugins are not supported.
[2026.09.01-02.53.06:668][  0]LogPluginManager: Mounting plugin localization for 'WEP_SBK_BurstPistol'...
[2026.09.01-02.53.06:669][  0]LogGameFeatures: Display: Game feature 'WEP_SBK_BurstPistol' transitioned successfully. Ending state: Active [Active, Active]
[2026.09.01-02.53.06:669][  0]LogShaderLibrary: Display: Opening a chunked shader library for plugin 'WEP_SBK_BoltSniper' is ignored. Chunked libraries for plugins are not supported.
[2026.09.01-02.53.06:671][  0]LogPluginManager: Mounting plugin localization for 'WEP_SBK_BoltSniper'...
[2026.09.01-02.53.06:672][  0]LogGameFeatures: Display: Game feature 'WEP_SBK_BoltSniper' transitioned successfully. Ending state: Active [Active, Active]
[2026.09.01-02.53.06:672][  0]LogShaderLibrary: Display: Opening a chunked shader library for plugin 'WEP_SBK_AssaultRifle' is ignored. Chunked libraries for plugins are not supported.
[2026.09.01-02.53.06:674][  0]LogPluginManager: Mounting plugin localization for 'WEP_SBK_AssaultRifle'...
[2026.09.01-02.53.06:676][  0]LogGameFeatures: Display: Game feature 'WEP_SBK_AssaultRifle' transitioned successfully. Ending state: Active [Active, Active]
[2026.09.01-02.53.06:677][  0]LogShaderLibrary: Display: Opening a chunked shader library for plugin 'WEP_PWR_CannonGun' is ignored. Chunked libraries for plugins are not supported.
[2026.09.01-02.53.06:680][  0]LogPluginManager: Mounting plugin localization for 'WEP_PWR_CannonGun'...
[2026.09.01-02.53.06:680][  0]LogGameFeatures: Display: Game feature 'WEP_PWR_CannonGun' transitioned successfully. Ending state: Active [Active, Active]
[2026.09.01-02.53.06:680][  0]LogShaderLibrary: Display: Opening a chunked shader library for plugin 'EQP_SBK_StickyGrenade' is ignored. Chunked libraries for plugins are not supported.
[2026.09.01-02.53.06:682][  0]LogPluginManager: Mounting plugin localization for 'EQP_SBK_StickyGrenade'...
[2026.09.01-02.53.06:682][  0]LogGameFeatures: Display: Game feature 'EQP_SBK_StickyGrenade' transitioned successfully. Ending state: Active [Active, Active]
[2026.09.01-02.53.06:682][  0]LogShaderLibrary: Display: Opening a chunked shader library for plugin 'CHR_SBK_Rhinok' is ignored. Chunked libraries for plugins are not supported.
[2026.09.01-02.53.06:685][  0]LogPluginManager: Mounting plugin localization for 'CHR_SBK_Rhinok'...
[2026.09.01-02.53.06:686][  0]LogGameFeatures: Display: Game feature 'CHR_SBK_Rhinok' transitioned successfully. Ending state: Active [Active, Active]
[2026.09.01-02.53.06:686][  0]LogShaderLibrary: Display: Opening a chunked shader library for plugin 'CHR_SBK_OrionFemaleUltra' is ignored. Chunked libraries for plugins are not supported.
[2026.09.01-02.53.06:689][  0]LogPluginManager: Mounting plugin localization for 'CHR_SBK_OrionFemaleUltra'...
[2026.09.01-02.53.06:689][  0]LogGameFeatures: Display: Game feature 'CHR_SBK_OrionFemaleUltra' transitioned successfully. Ending state: Active [Active, Active]
[2026.09.01-02.53.06:689][  0]LogShaderLibrary: Display: Opening a chunked shader library for plugin 'WSK_MER_Shotgun_Overclock' is ignored. Chunked libraries for plugins are not supported.
[2026.09.01-02.53.06:692][  0]LogPluginManager: Mounting plugin localization for 'WSK_MER_Shotgun_Overclock'...
[2026.09.01-02.53.06:692][  0]LogGameFeatures: Display: Game feature 'WSK_MER_Shotgun_Overclock' transitioned successfully. Ending state: Active [Active, Active]
[2026.09.01-02.53.06:692][  0]LogShaderLibrary: Display: Opening a chunked shader library for plugin 'WSK_MER_Shotgun_CreatorClash' is ignored. Chunked libraries for plugins are not supported.
[2026.09.01-02.53.06:694][  0]LogPluginManager: Mounting plugin localization for 'WSK_MER_Shotgun_CreatorClash'...
[2026.09.01-02.53.06:694][  0]LogGameFeatures: Display: Game feature 'WSK_MER_Shotgun_CreatorClash' transitioned successfully. Ending state: Active [Active, Active]
[2026.09.01-02.53.06:694][  0]LogShaderLibrary: Display: Opening a chunked shader library for plugin 'WSK_MER_Shotgun_Concentrator' is ignored. Chunked libraries for plugins are not supported.
[2026.09.01-02.53.06:695][  0]LogPluginManager: Mounting plugin localization for 'WSK_MER_Shotgun_Concentrator'...
[2026.09.01-02.53.06:696][  0]LogGameFeatures: Display: Game feature 'WSK_MER_Shotgun_Concentrator' transitioned successfully. Ending state: Active [Active, Active]
[2026.09.01-02.53.06:696][  0]LogShaderLibrary: Display: Opening a chunked shader library for plugin 'WSK_MER_Shotgun_Blackhole' is ignored. Chunked libraries for plugins are not supported.
[2026.09.01-02.53.06:697][  0]LogPluginManager: Mounting plugin localization for 'WSK_MER_Shotgun_Blackhole'...
[2026.09.01-02.53.06:698][  0]LogGameFeatures: Display: Game feature 'WSK_MER_Shotgun_Blackhole' transitioned successfully. Ending state: Active [Active, Active]
[2026.09.01-02.53.06:698][  0]LogShaderLibrary: Display: Opening a chunked shader library for plugin 'WSK_MER_Shotgun_BattleShip' is ignored. Chunked libraries for plugins are not supported.
[2026.09.01-02.53.06:699][  0]LogPluginManager: Mounting plugin localization for 'WSK_MER_Shotgun_BattleShip'...
[2026.09.01-02.53.06:700][  0]LogSlate: InvalidateAllWidgets triggered.  All widgets were invalidated
[2026.09.01-02.53.06:700][  0]LogGameFeatures: Display: Game feature 'WSK_MER_Shotgun_BattleShip' transitioned successfully. Ending state: Active [Active, Active]
[2026.09.01-02.53.06:700][  0]LogShaderLibrary: Display: Opening a chunked shader library for plugin 'WSK_MER_Shotgun_Antiquity' is ignored. Chunked libraries for plugins are not supported.
[2026.09.01-02.53.06:702][  0]LogPluginManager: Mounting plugin localization for 'WSK_MER_Shotgun_Antiquity'...
[2026.09.01-02.53.06:702][  0]LogGameFeatures: Display: Game feature 'WSK_MER_Shotgun_Antiquity' transitioned successfully. Ending state: Active [Active, Active]
[2026.09.01-02.53.06:702][  0]LogShaderLibrary: Display: Opening a chunked shader library for plugin 'WSK_MER_SemiPistol_Swarm' is ignored. Chunked libraries for plugins are not supported.
[2026.09.01-02.53.06:704][  0]LogPluginManager: Mounting plugin localization for 'WSK_MER_SemiPistol_Swarm'...
[2026.09.01-02.53.06:704][  0]LogGameFeatures: Display: Game feature 'WSK_MER_SemiPistol_Swarm' transitioned successfully. Ending state: Active [Active, Active]
[2026.09.01-02.53.06:705][  0]LogShaderLibrary: Display: Opening a chunked shader library for plugin 'WSK_MER_SemiPistol_Pesticide' is ignored. Chunked libraries for plugins are not supported.
[2026.09.01-02.53.06:707][  0]LogPluginManager: Mounting plugin localization for 'WSK_MER_SemiPistol_Pesticide'...
[2026.09.01-02.53.06:708][  0]LogGameFeatures: Display: Game feature 'WSK_MER_SemiPistol_Pesticide' transitioned successfully. Ending state: Active [Active, Active]
[2026.09.01-02.53.06:708][  0]LogShaderLibrary: Display: Opening a chunked shader library for plugin 'WSK_MER_SemiPistol_Nocturne' is ignored. Chunked libraries for plugins are not supported.
[2026.09.01-02.53.06:710][  0]LogPluginManager: Mounting plugin localization for 'WSK_MER_SemiPistol_Nocturne'...
[2026.09.01-02.53.06:710][  0]LogGameFeatures: Display: Game feature 'WSK_MER_SemiPistol_Nocturne' transitioned successfully. Ending state: Active [Active, Active]
[2026.09.01-02.53.06:710][  0]LogShaderLibrary: Display: Opening a chunked shader library for plugin 'WSK_MER_SemiPistol_Mirage' is ignored. Chunked libraries for plugins are not supported.
[2026.09.01-02.53.06:713][  0]LogPluginManager: Mounting plugin localization for 'WSK_MER_SemiPistol_Mirage'...
[2026.09.01-02.53.06:713][  0]LogGameFeatures: Display: Game feature 'WSK_MER_SemiPistol_Mirage' transitioned successfully. Ending state: Active [Active, Active]
[2026.09.01-02.53.06:714][  0]LogShaderLibrary: Display: Opening a chunked shader library for plugin 'WSK_MER_SemiPistol_LunarNewYear' is ignored. Chunked libraries for plugins are not supported.
[2026.09.01-02.53.06:716][  0]LogPluginManager: Mounting plugin localization for 'WSK_MER_SemiPistol_LunarNewYear'...
[2026.09.01-02.53.06:716][  0]LogGameFeatures: Display: Game feature 'WSK_MER_SemiPistol_LunarNewYear' transitioned successfully. Ending state: Active [Active, Active]
[2026.09.01-02.53.06:716][  0]LogShaderLibrary: Display: Opening a chunked shader library for plugin 'WSK_MER_SemiPistol_Dissipator' is ignored. Chunked libraries for plugins are not supported.
[2026.09.01-02.53.06:718][  0]LogPluginManager: Mounting plugin localization for 'WSK_MER_SemiPistol_Dissipator'...
[2026.09.01-02.53.06:718][  0]LogGameFeatures: Display: Game feature 'WSK_MER_SemiPistol_Dissipator' transitioned successfully. Ending state: Active [Active, Active]
[2026.09.01-02.53.06:719][  0]LogShaderLibrary: Display: Opening a chunked shader library for plugin 'WSK_MER_SemiPistol_CreatorClash' is ignored. Chunked libraries for plugins are not supported.
[2026.09.01-02.53.06:721][  0]LogPluginManager: Mounting plugin localization for 'WSK_MER_SemiPistol_CreatorClash'...
[2026.09.01-02.53.06:721][  0]LogGameFeatures: Display: Game feature 'WSK_MER_SemiPistol_CreatorClash' transitioned successfully. Ending state: Active [Active, Active]
[2026.09.01-02.53.06:721][  0]LogShaderLibrary: Display: Opening a chunked shader library for plugin 'WSK_MER_SMG_SeventySeven' is ignored. Chunked libraries for plugins are not supported.
[2026.09.01-02.53.06:724][  0]LogPluginManager: Mounting plugin localization for 'WSK_MER_SMG_SeventySeven'...
[2026.09.01-02.53.06:724][  0]LogGameFeatures: Display: Game feature 'WSK_MER_SMG_SeventySeven' transitioned successfully. Ending state: Active [Active, Active]
[2026.09.01-02.53.06:724][  0]LogShaderLibrary: Display: Opening a chunked shader library for plugin 'WSK_MER_SMG_Prototype' is ignored. Chunked libraries for plugins are not supported.
[2026.09.01-02.53.06:726][  0]LogPluginManager: Mounting plugin localization for 'WSK_MER_SMG_Prototype'...
[2026.09.01-02.53.06:727][  0]LogGameFeatures: Display: Game feature 'WSK_MER_SMG_Prototype' transitioned successfully. Ending state: Active [Active, Active]
[2026.09.01-02.53.06:727][  0]LogShaderLibrary: Display: Opening a chunked shader library for plugin 'WSK_MER_SMG_ProPack' is ignored. Chunked libraries for plugins are not supported.
[2026.09.01-02.53.06:729][  0]LogPluginManager: Mounting plugin localization for 'WSK_MER_SMG_ProPack'...
[2026.09.01-02.53.06:729][  0]LogGameFeatures: Display: Game feature 'WSK_MER_SMG_ProPack' transitioned successfully. Ending state: Active [Active, Active]
[2026.09.01-02.53.06:729][  0]LogShaderLibrary: Display: Opening a chunked shader library for plugin 'WSK_MER_SMG_Origami' is ignored. Chunked libraries for plugins are not supported.
[2026.09.01-02.53.06:731][  0]LogPluginManager: Mounting plugin localization for 'WSK_MER_SMG_Origami'...
[2026.09.01-02.53.06:731][  0]LogGameFeatures: Display: Game feature 'WSK_MER_SMG_Origami' transitioned successfully. Ending state: Active [Active, Active]
[2026.09.01-02.53.06:731][  0]LogShaderLibrary: Display: Opening a chunked shader library for plugin 'WSK_MER_SMG_Medusa' is ignored. Chunked libraries for plugins are not supported.
[2026.09.01-02.53.06:733][  0]LogPluginManager: Mounting plugin localization for 'WSK_MER_SMG_Medusa'...
[2026.09.01-02.53.06:733][  0]LogGameFeatures: Display: Game feature 'WSK_MER_SMG_Medusa' transitioned successfully. Ending state: Active [Active, Active]
[2026.09.01-02.53.06:734][  0]LogShaderLibrary: Display: Opening a chunked shader library for plugin 'WSK_MER_SMG_BadLuck' is ignored. Chunked libraries for plugins are not supported.
[2026.09.01-02.53.06:737][  0]LogPluginManager: Mounting plugin localization for 'WSK_MER_SMG_BadLuck'...
[2026.09.01-02.53.06:737][  0]LogGameFeatures: Display: Game feature 'WSK_MER_SMG_BadLuck' transitioned successfully. Ending state: Active [Active, Active]
[2026.09.01-02.53.06:737][  0]LogShaderLibrary: Display: Opening a chunked shader library for plugin 'WSK_MER_SMG_AprilFools' is ignored. Chunked libraries for plugins are not supported.
[2026.09.01-02.53.06:739][  0]LogPluginManager: Mounting plugin localization for 'WSK_MER_SMG_AprilFools'...
[2026.09.01-02.53.06:739][  0]LogGameFeatures: Display: Game feature 'WSK_MER_SMG_AprilFools' transitioned successfully. Ending state: Active [Active, Active]
[2026.09.01-02.53.06:740][  0]LogShaderLibrary: Display: Opening a chunked shader library for plugin 'WSK_MER_LMG_IronStreamline' is ignored. Chunked libraries for plugins are not supported.
[2026.09.01-02.53.06:741][  0]LogPluginManager: Mounting plugin localization for 'WSK_MER_LMG_IronStreamline'...
[2026.09.01-02.53.06:741][  0]LogGameFeatures: Display: Game feature 'WSK_MER_LMG_IronStreamline' transitioned successfully. Ending state: Active [Active, Active]
[2026.09.01-02.53.06:742][  0]LogShaderLibrary: Display: Opening a chunked shader library for plugin 'WSK_MER_LMG_FierceStrata' is ignored. Chunked libraries for plugins are not supported.
[2026.09.01-02.53.06:743][  0]LogPluginManager: Mounting plugin localization for 'WSK_MER_LMG_FierceStrata'...
[2026.09.01-02.53.06:743][  0]LogGameFeatures: Display: Game feature 'WSK_MER_LMG_FierceStrata' transitioned successfully. Ending state: Active [Active, Active]
[2026.09.01-02.53.06:744][  0]LogShaderLibrary: Display: Opening a chunked shader library for plugin 'WSK_MER_LMG_Blackhole' is ignored. Chunked libraries for plugins are not supported.
[2026.09.01-02.53.06:746][  0]LogPluginManager: Mounting plugin localization for 'WSK_MER_LMG_Blackhole'...
[2026.09.01-02.53.06:746][  0]LogGameFeatures: Display: Game feature 'WSK_MER_LMG_Blackhole' transitioned successfully. Ending state: Active [Active, Active]
[2026.09.01-02.53.06:746][  0]LogShaderLibrary: Display: Opening a chunked shader library for plugin 'WSK_MER_HeavyPistol_Widow' is ignored. Chunked libraries for plugins are not supported.
[2026.09.01-02.53.06:749][  0]LogPluginManager: Mounting plugin localization for 'WSK_MER_HeavyPistol_Widow'...
[2026.09.01-02.53.06:750][  0]LogGameFeatures: Display: Game feature 'WSK_MER_HeavyPistol_Widow' transitioned successfully. Ending state: Active [Active, Active]
[2026.09.01-02.53.06:750][  0]LogShaderLibrary: Display: Opening a chunked shader library for plugin 'WSK_MER_HeavyPistol_Artisan' is ignored. Chunked libraries for plugins are not supported.
[2026.09.01-02.53.06:752][  0]LogPluginManager: Mounting plugin localization for 'WSK_MER_HeavyPistol_Artisan'...
[2026.09.01-02.53.06:752][  0]LogGameFeatures: Display: Game feature 'WSK_MER_HeavyPistol_Artisan' transitioned successfully. Ending state: Active [Active, Active]
[2026.09.01-02.53.06:752][  0]LogShaderLibrary: Display: Opening a chunked shader library for plugin 'WSK_MER_ChargePistol_Prismal' is ignored. Chunked libraries for plugins are not supported.
[2026.09.01-02.53.06:754][  0]LogPluginManager: Mounting plugin localization for 'WSK_MER_ChargePistol_Prismal'...
[2026.09.01-02.53.06:755][  0]LogGameFeatures: Display: Game feature 'WSK_MER_ChargePistol_Prismal' transitioned successfully. Ending state: Active [Active, Active]
[2026.09.01-02.53.06:755][  0]LogShaderLibrary: Display: Opening a chunked shader library for plugin 'WSK_MER_ChargePistol_Blackhole' is ignored. Chunked libraries for plugins are not supported.
[2026.09.01-02.53.06:758][  0]LogPluginManager: Mounting plugin localization for 'WSK_MER_ChargePistol_Blackhole'...
[2026.09.01-02.53.06:758][  0]LogGameFeatures: Display: Game feature 'WSK_MER_ChargePistol_Blackhole' transitioned successfully. Ending state: Active [Active, Active]
[2026.09.01-02.53.06:759][  0]LogShaderLibrary: Display: Opening a chunked shader library for plugin 'WSK_MER_Carbine_Redline' is ignored. Chunked libraries for plugins are not supported.
[2026.09.01-02.53.06:761][  0]LogPluginManager: Mounting plugin localization for 'WSK_MER_Carbine_Redline'...
[2026.09.01-02.53.06:761][  0]LogGameFeatures: Display: Game feature 'WSK_MER_Carbine_Redline' transitioned successfully. Ending state: Active [Active, Active]
[2026.09.01-02.53.06:761][  0]LogShaderLibrary: Display: Opening a chunked shader library for plugin 'WSK_MER_Carbine_Nanoswarm' is ignored. Chunked libraries for plugins are not supported.
[2026.09.01-02.53.06:763][  0]LogPluginManager: Mounting plugin localization for 'WSK_MER_Carbine_Nanoswarm'...
[2026.09.01-02.53.06:763][  0]LogGameFeatures: Display: Game feature 'WSK_MER_Carbine_Nanoswarm' transitioned successfully. Ending state: Active [Active, Active]
[2026.09.01-02.53.06:764][  0]LogShaderLibrary: Display: Opening a chunked shader library for plugin 'WSK_MER_Carbine_EuropeanOfficer' is ignored. Chunked libraries for plugins are not supported.
[2026.09.01-02.53.06:765][  0]LogPluginManager: Mounting plugin localization for 'WSK_MER_Carbine_EuropeanOfficer'...
[2026.09.01-02.53.06:765][  0]LogGameFeatures: Display: Game feature 'WSK_MER_Carbine_EuropeanOfficer' transitioned successfully. Ending state: Active [Active, Active]
[2026.09.01-02.53.06:766][  0]LogShaderLibrary: Display: Opening a chunked shader library for plugin 'WSK_MER_Carbine_Chronos' is ignored. Chunked libraries for plugins are not supported.
[2026.09.01-02.53.06:768][  0]LogPluginManager: Mounting plugin localization for 'WSK_MER_Carbine_Chronos'...
[2026.09.01-02.53.06:769][  0]LogGameFeatures: Display: Game feature 'WSK_MER_Carbine_Chronos' transitioned successfully. Ending state: Active [Active, Active]
[2026.09.01-02.53.06:769][  0]LogShaderLibrary: Display: Opening a chunked shader library for plugin 'WSK_MER_Carbine_Ceramic' is ignored. Chunked libraries for plugins are not supported.
[2026.09.01-02.53.06:771][  0]LogPluginManager: Mounting plugin localization for 'WSK_MER_Carbine_Ceramic'...
[2026.09.01-02.53.06:771][  0]LogGameFeatures: Display: Game feature 'WSK_MER_Carbine_Ceramic' transitioned successfully. Ending state: Active [Active, Active]
[2026.09.01-02.53.06:771][  0]LogShaderLibrary: Display: Opening a chunked shader library for plugin 'WSK_MER_Carbine_Bronze' is ignored. Chunked libraries for plugins are not supported.
[2026.09.01-02.53.06:773][  0]LogPluginManager: Mounting plugin localization for 'WSK_MER_Carbine_Bronze'...
[2026.09.01-02.53.06:774][  0]LogGameFeatures: Display: Game feature 'WSK_MER_Carbine_Bronze' transitioned successfully. Ending state: Active [Active, Active]
[2026.09.01-02.53.06:774][  0]LogShaderLibrary: Display: Opening a chunked shader library for plugin 'WSK_MER_BurstRifle_Vampiric' is ignored. Chunked libraries for plugins are not supported.
[2026.09.01-02.53.06:779][  0]LogPluginManager: Mounting plugin localization for 'WSK_MER_BurstRifle_Vampiric'...
[2026.09.01-02.53.06:779][  0]LogGameFeatures: Display: Game feature 'WSK_MER_BurstRifle_Vampiric' transitioned successfully. Ending state: Active [Active, Active]
[2026.09.01-02.53.06:779][  0]LogShaderLibrary: Display: Opening a chunked shader library for plugin 'WSK_MER_BurstRifle_Ulrich' is ignored. Chunked libraries for plugins are not supported.
[2026.09.01-02.53.06:781][  0]LogPluginManager: Mounting plugin localization for 'WSK_MER_BurstRifle_Ulrich'...
[2026.09.01-02.53.06:781][  0]LogGameFeatures: Display: Game feature 'WSK_MER_BurstRifle_Ulrich' transitioned successfully. Ending state: Active [Active, Active]
[2026.09.01-02.53.06:781][  0]LogShaderLibrary: Display: Opening a chunked shader library for plugin 'WSK_MER_BurstRifle_RemoteControl' is ignored. Chunked libraries for plugins are not supported.
[2026.09.01-02.53.06:783][  0]LogPluginManager: Mounting plugin localization for 'WSK_MER_BurstRifle_RemoteControl'...
[2026.09.01-02.53.06:783][  0]LogGameFeatures: Display: Game feature 'WSK_MER_BurstRifle_RemoteControl' transitioned successfully. Ending state: Active [Active, Active]
[2026.09.01-02.53.06:784][  0]LogShaderLibrary: Display: Opening a chunked shader library for plugin 'WSK_MER_BurstRifle_Nanoswarm' is ignored. Chunked libraries for plugins are not supported.
[2026.09.01-02.53.06:785][  0]LogPluginManager: Mounting plugin localization for 'WSK_MER_BurstRifle_Nanoswarm'...
[2026.09.01-02.53.06:785][  0]LogGameFeatures: Display: Game feature 'WSK_MER_BurstRifle_Nanoswarm' transitioned successfully. Ending state: Active [Active, Active]
[2026.09.01-02.53.06:786][  0]LogShaderLibrary: Display: Opening a chunked shader library for plugin 'WSK_MER_BurstRifle_Medic' is ignored. Chunked libraries for plugins are not supported.
[2026.09.01-02.53.06:788][  0]LogPluginManager: Mounting plugin localization for 'WSK_MER_BurstRifle_Medic'...
[2026.09.01-02.53.06:788][  0]LogGameFeatures: Display: Game feature 'WSK_MER_BurstRifle_Medic' transitioned successfully. Ending state: Active [Active, Active]
[2026.09.01-02.53.06:788][  0]LogShaderLibrary: Display: Opening a chunked shader library for plugin 'WSK_MER_BurstRifle_Egyptian' is ignored. Chunked libraries for plugins are not supported.
[2026.09.01-02.53.06:790][  0]LogPluginManager: Mounting plugin localization for 'WSK_MER_BurstRifle_Egyptian'...
[2026.09.01-02.53.06:790][  0]LogGameFeatures: Display: Game feature 'WSK_MER_BurstRifle_Egyptian' transitioned successfully. Ending state: Active [Active, Active]
[2026.09.01-02.53.06:790][  0]LogShaderLibrary: Display: Opening a chunked shader library for plugin 'WSK_MER_BurstRifle_Calligraph' is ignored. Chunked libraries for plugins are not supported.
[2026.09.01-02.53.06:792][  0]LogPluginManager: Mounting plugin localization for 'WSK_MER_BurstRifle_Calligraph'...
[2026.09.01-02.53.06:792][  0]LogGameFeatures: Display: Game feature 'WSK_MER_BurstRifle_Calligraph' transitioned successfully. Ending state: Active [Active, Active]
[2026.09.01-02.53.06:793][  0]LogShaderLibrary: Display: Opening a chunked shader library for plugin 'WSK_MER_BurstRifle_BlackHole' is ignored. Chunked libraries for plugins are not supported.
[2026.09.01-02.53.06:795][  0]LogPluginManager: Mounting plugin localization for 'WSK_MER_BurstRifle_BlackHole'...
[2026.09.01-02.53.06:795][  0]LogGameFeatures: Display: Game feature 'WSK_MER_BurstRifle_BlackHole' transitioned successfully. Ending state: Active [Active, Active]
[2026.09.01-02.53.06:795][  0]LogShaderLibrary: Display: Opening a chunked shader library for plugin 'WSK_MER_BurstRifle_BadLuck' is ignored. Chunked libraries for plugins are not supported.
[2026.09.01-02.53.06:798][  0]LogPluginManager: Mounting plugin localization for 'WSK_MER_BurstRifle_BadLuck'...
[2026.09.01-02.53.06:798][  0]LogGameFeatures: Display: Game feature 'WSK_MER_BurstRifle_BadLuck' transitioned successfully. Ending state: Active [Active, Active]
[2026.09.01-02.53.06:798][  0]LogShaderLibrary: Display: Opening a chunked shader library for plugin 'WSK_MER_BurstPistol_Redline' is ignored. Chunked libraries for plugins are not supported.
[2026.09.01-02.53.06:799][  0]LogPluginManager: Mounting plugin localization for 'WSK_MER_BurstPistol_Redline'...
[2026.09.01-02.53.06:800][  0]LogGameFeatures: Display: Game feature 'WSK_MER_BurstPistol_Redline' transitioned successfully. Ending state: Active [Active, Active]
[2026.09.01-02.53.06:800][  0]LogShaderLibrary: Display: Opening a chunked shader library for plugin 'WSK_MER_BurstPistol_Cella' is ignored. Chunked libraries for plugins are not supported.
[2026.09.01-02.53.06:801][  0]LogPluginManager: Mounting plugin localization for 'WSK_MER_BurstPistol_Cella'...
[2026.09.01-02.53.06:801][  0]LogGameFeatures: Display: Game feature 'WSK_MER_BurstPistol_Cella' transitioned successfully. Ending state: Active [Active, Active]
[2026.09.01-02.53.06:801][  0]LogShaderLibrary: Display: Opening a chunked shader library for plugin 'WSK_MER_BurstPistol_BadLuck' is ignored. Chunked libraries for plugins are not supported.
[2026.09.01-02.53.06:804][  0]LogPluginManager: Mounting plugin localization for 'WSK_MER_BurstPistol_BadLuck'...
[2026.09.01-02.53.06:804][  0]LogGameFeatures: Display: Game feature 'WSK_MER_BurstPistol_BadLuck' transitioned successfully. Ending state: Active [Active, Active]
[2026.09.01-02.53.06:804][  0]LogShaderLibrary: Display: Opening a chunked shader library for plugin 'WSK_MER_BurstPistol_AethersFragment' is ignored. Chunked libraries for plugins are not supported.
[2026.09.01-02.53.06:806][  0]LogPluginManager: Mounting plugin localization for 'WSK_MER_BurstPistol_AethersFragment'...
[2026.09.01-02.53.06:807][  0]LogGameFeatures: Display: Game feature 'WSK_MER_BurstPistol_AethersFragment' transitioned successfully. Ending state: Active [Active, Active]
[2026.09.01-02.53.06:807][  0]LogShaderLibrary: Display: Opening a chunked shader library for plugin 'WSK_MER_AssaultRifle_Trojan' is ignored. Chunked libraries for plugins are not supported.
[2026.09.01-02.53.06:809][  0]LogPluginManager: Mounting plugin localization for 'WSK_MER_AssaultRifle_Trojan'...
[2026.09.01-02.53.06:809][  0]LogGameFeatures: Display: Game feature 'WSK_MER_AssaultRifle_Trojan' transitioned successfully. Ending state: Active [Active, Active]
[2026.09.01-02.53.06:809][  0]LogShaderLibrary: Display: Opening a chunked shader library for plugin 'WSK_MER_AssaultRifle_Swarm' is ignored. Chunked libraries for plugins are not supported.
[2026.09.01-02.53.06:811][  0]LogPluginManager: Mounting plugin localization for 'WSK_MER_AssaultRifle_Swarm'...
[2026.09.01-02.53.06:811][  0]LogGameFeatures: Display: Game feature 'WSK_MER_AssaultRifle_Swarm' transitioned successfully. Ending state: Active [Active, Active]
[2026.09.01-02.53.06:812][  0]LogShaderLibrary: Display: Opening a chunked shader library for plugin 'WSK_MER_AssaultRifle_Revolt' is ignored. Chunked libraries for plugins are not supported.
[2026.09.01-02.53.06:813][  0]LogPluginManager: Mounting plugin localization for 'WSK_MER_AssaultRifle_Revolt'...
[2026.09.01-02.53.06:813][  0]LogGameFeatures: Display: Game feature 'WSK_MER_AssaultRifle_Revolt' transitioned successfully. Ending state: Active [Active, Active]
[2026.09.01-02.53.06:813][  0]LogShaderLibrary: Display: Opening a chunked shader library for plugin 'WSK_MER_AssaultRifle_Receptor' is ignored. Chunked libraries for plugins are not supported.
[2026.09.01-02.53.06:815][  0]LogPluginManager: Mounting plugin localization for 'WSK_MER_AssaultRifle_Receptor'...
[2026.09.01-02.53.06:815][  0]LogGameFeatures: Display: Game feature 'WSK_MER_AssaultRifle_Receptor' transitioned successfully. Ending state: Active [Active, Active]
[2026.09.01-02.53.06:815][  0]LogShaderLibrary: Display: Opening a chunked shader library for plugin 'WSK_MER_AssaultRifle_PirateQueen' is ignored. Chunked libraries for plugins are not supported.
[2026.09.01-02.53.06:818][  0]LogPluginManager: Mounting plugin localization for 'WSK_MER_AssaultRifle_PirateQueen'...
[2026.09.01-02.53.06:818][  0]LogGameFeatures: Display: Game feature 'WSK_MER_AssaultRifle_PirateQueen' transitioned successfully. Ending state: Active [Active, Active]
[2026.09.01-02.53.06:818][  0]LogShaderLibrary: Display: Opening a chunked shader library for plugin 'WSK_MER_AssaultRifle_PekingOpera' is ignored. Chunked libraries for plugins are not supported.
[2026.09.01-02.53.06:820][  0]LogPluginManager: Mounting plugin localization for 'WSK_MER_AssaultRifle_PekingOpera'...
[2026.09.01-02.53.06:821][  0]LogGameFeatures: Display: Game feature 'WSK_MER_AssaultRifle_PekingOpera' transitioned successfully. Ending state: Active [Active, Active]
[2026.09.01-02.53.06:821][  0]LogShaderLibrary: Display: Opening a chunked shader library for plugin 'WSK_MER_AssaultRifle_Pearl' is ignored. Chunked libraries for plugins are not supported.
[2026.09.01-02.53.06:822][  0]LogPluginManager: Mounting plugin localization for 'WSK_MER_AssaultRifle_Pearl'...
[2026.09.01-02.53.06:822][  0]LogGameFeatures: Display: Game feature 'WSK_MER_AssaultRifle_Pearl' transitioned successfully. Ending state: Active [Active, Active]
[2026.09.01-02.53.06:822][  0]LogShaderLibrary: Display: Opening a chunked shader library for plugin 'WSK_MER_AssaultRifle_Magician' is ignored. Chunked libraries for plugins are not supported.
[2026.09.01-02.53.06:824][  0]LogPluginManager: Mounting plugin localization for 'WSK_MER_AssaultRifle_Magician'...
[2026.09.01-02.53.06:824][  0]LogGameFeatures: Display: Game feature 'WSK_MER_AssaultRifle_Magician' transitioned successfully. Ending state: Active [Active, Active]
[2026.09.01-02.53.06:824][  0]LogShaderLibrary: Display: Opening a chunked shader library for plugin 'WSK_MER_AssaultRifle_LunarNewYear' is ignored. Chunked libraries for plugins are not supported.
[2026.09.01-02.53.06:826][  0]LogPluginManager: Mounting plugin localization for 'WSK_MER_AssaultRifle_LunarNewYear'...
[2026.09.01-02.53.06:826][  0]LogGameFeatures: Display: Game feature 'WSK_MER_AssaultRifle_LunarNewYear' transitioned successfully. Ending state: Active [Active, Active]
[2026.09.01-02.53.06:826][  0]LogShaderLibrary: Display: Opening a chunked shader library for plugin 'WSK_MER_AssaultRifle_ElfNoveau' is ignored. Chunked libraries for plugins are not supported.
[2026.09.01-02.53.06:828][  0]LogPluginManager: Mounting plugin localization for 'WSK_MER_AssaultRifle_ElfNoveau'...
[2026.09.01-02.53.06:829][  0]LogGameFeatures: Display: Game feature 'WSK_MER_AssaultRifle_ElfNoveau' transitioned successfully. Ending state: Active [Active, Active]
[2026.09.01-02.53.06:829][  0]LogShaderLibrary: Display: Opening a chunked shader library for plugin 'WSK_MER_AssaultRifle_Casino' is ignored. Chunked libraries for plugins are not supported.
[2026.09.01-02.53.06:831][  0]LogPluginManager: Mounting plugin localization for 'WSK_MER_AssaultRifle_Casino'...
[2026.09.01-02.53.06:831][  0]LogGameFeatures: Display: Game feature 'WSK_MER_AssaultRifle_Casino' transitioned successfully. Ending state: Active [Active, Active]
[2026.09.01-02.53.06:832][  0]LogShaderLibrary: Display: Opening a chunked shader library for plugin 'WSK_MER_AssaultRifle_Cardboard' is ignored. Chunked libraries for plugins are not supported.
[2026.09.01-02.53.06:833][  0]LogPluginManager: Mounting plugin localization for 'WSK_MER_AssaultRifle_Cardboard'...
[2026.09.01-02.53.06:834][  0]LogGameFeatures: Display: Game feature 'WSK_MER_AssaultRifle_Cardboard' transitioned successfully. Ending state: Active [Active, Active]
[2026.09.01-02.53.06:834][  0]LogShaderLibrary: Display: Opening a chunked shader library for plugin 'WSK_MER_AssaultRifle_BadLuck' is ignored. Chunked libraries for plugins are not supported.
[2026.09.01-02.53.06:837][  0]LogPluginManager: Mounting plugin localization for 'WSK_MER_AssaultRifle_BadLuck'...
[2026.09.01-02.53.06:837][  0]LogGameFeatures: Display: Game feature 'WSK_MER_AssaultRifle_BadLuck' transitioned successfully. Ending state: Active [Active, Active]
[2026.09.01-02.53.06:837][  0]LogShaderLibrary: Display: Opening a chunked shader library for plugin 'WSK_MER_AssaultRifle_AethersFragment' is ignored. Chunked libraries for plugins are not supported.
[2026.09.01-02.53.06:838][  0]LogPluginManager: Mounting plugin localization for 'WSK_MER_AssaultRifle_AethersFragment'...
[2026.09.01-02.53.06:839][  0]LogGameFeatures: Display: Game feature 'WSK_MER_AssaultRifle_AethersFragment' transitioned successfully. Ending state: Active [Active, Active]
[2026.09.01-02.53.06:839][  0]LogShaderLibrary: Display: Opening a chunked shader library for plugin 'MAP_Zenith' is ignored. Chunked libraries for plugins are not supported.
[2026.09.01-02.53.06:841][  0]LogPluginManager: Mounting plugin localization for 'MAP_Zenith'...
[2026.09.01-02.53.06:841][  0]LogGameFeatures: Display: Game feature 'MAP_Zenith' transitioned successfully. Ending state: Active [Active, Active]
[2026.09.01-02.53.06:841][  0]LogShaderLibrary: Display: Opening a chunked shader library for plugin 'CHR_MER_Sakura' is ignored. Chunked libraries for plugins are not supported.
[2026.09.01-02.53.06:843][  0]LogPluginManager: Mounting plugin localization for 'CHR_MER_Sakura'...
[2026.09.01-02.53.06:844][  0]LogGameFeatures: Display: Game feature 'CHR_MER_Sakura' transitioned successfully. Ending state: Active [Active, Active]
[2026.09.01-02.53.06:844][  0]LogShaderLibrary: Display: Opening a chunked shader library for plugin 'CHR_MER_Phaze' is ignored. Chunked libraries for plugins are not supported.
[2026.09.01-02.53.06:847][  0]LogPluginManager: Mounting plugin localization for 'CHR_MER_Phaze'...
[2026.09.01-02.53.06:847][  0]LogGameFeatures: Display: Game feature 'CHR_MER_Phaze' transitioned successfully. Ending state: Active [Active, Active]
[2026.09.01-02.53.06:848][  0]LogShaderLibrary: Display: Opening a chunked shader library for plugin 'CHR_MER_Nurse' is ignored. Chunked libraries for plugins are not supported.
[2026.09.01-02.53.06:850][  0]LogPluginManager: Mounting plugin localization for 'CHR_MER_Nurse'...
[2026.09.01-02.53.06:850][  0]LogGameFeatures: Display: Game feature 'CHR_MER_Nurse' transitioned successfully. Ending state: Active [Active, Active]
[2026.09.01-02.53.06:850][  0]LogShaderLibrary: Display: Opening a chunked shader library for plugin 'CHR_MER_MiraCC' is ignored. Chunked libraries for plugins are not supported.
[2026.09.01-02.53.06:853][  0]LogPluginManager: Mounting plugin localization for 'CHR_MER_MiraCC'...
[2026.09.01-02.53.06:853][  0]LogGameFeatures: Display: Game feature 'CHR_MER_MiraCC' transitioned successfully. Ending state: Active [Active, Active]
[2026.09.01-02.53.06:854][  0]LogShaderLibrary: Display: Opening a chunked shader library for plugin 'CHR_MER_Medic' is ignored. Chunked libraries for plugins are not supported.
[2026.09.01-02.53.06:856][  0]LogPluginManager: Mounting plugin localization for 'CHR_MER_Medic'...
[2026.09.01-02.53.06:856][  0]LogGameFeatures: Display: Game feature 'CHR_MER_Medic' transitioned successfully. Ending state: Active [Active, Active]
[2026.09.01-02.53.06:856][  0]LogShaderLibrary: Display: Opening a chunked shader library for plugin 'CHR_MER_Lorde' is ignored. Chunked libraries for plugins are not supported.
[2026.09.01-02.53.06:857][  0]LogPluginManager: Mounting plugin localization for 'CHR_MER_Lorde'...
[2026.09.01-02.53.06:858][  0]LogGameFeatures: Display: Game feature 'CHR_MER_Lorde' transitioned successfully. Ending state: Active [Active, Active]
[2026.09.01-02.53.06:858][  0]LogShaderLibrary: Display: Opening a chunked shader library for plugin 'CHR_MER_Illima' is ignored. Chunked libraries for plugins are not supported.
[2026.09.01-02.53.06:860][  0]LogPluginManager: Mounting plugin localization for 'CHR_MER_Illima'...
[2026.09.01-02.53.06:860][  0]LogGameFeatures: Display: Game feature 'CHR_MER_Illima' transitioned successfully. Ending state: Active [Active, Active]
[2026.09.01-02.53.06:860][  0]LogShaderLibrary: Display: Opening a chunked shader library for plugin 'CHR_MER_Crane' is ignored. Chunked libraries for plugins are not supported.
[2026.09.01-02.53.06:862][  0]LogPluginManager: Mounting plugin localization for 'CHR_MER_Crane'...
[2026.09.01-02.53.06:863][  0]LogGameFeatures: Display: Game feature 'CHR_MER_Crane' transitioned successfully. Ending state: Active [Active, Active]
[2026.09.01-02.53.06:863][  0]LogShaderLibrary: Display: Opening a chunked shader library for plugin 'CHR_MER_Cella' is ignored. Chunked libraries for plugins are not supported.
[2026.09.01-02.53.06:865][  0]LogPluginManager: Mounting plugin localization for 'CHR_MER_Cella'...
[2026.09.01-02.53.06:865][  0]LogGameFeatures: Display: Game feature 'CHR_MER_Cella' transitioned successfully. Ending state: Active [Active, Active]
[2026.09.01-02.53.06:866][  0]LogShaderLibrary: Display: Opening a chunked shader library for plugin 'CHR_MER_Ada' is ignored. Chunked libraries for plugins are not supported.
[2026.09.01-02.53.06:868][  0]LogPluginManager: Mounting plugin localization for 'CHR_MER_Ada'...
[2026.09.01-02.53.06:868][  0]LogGameFeatures: Display: Game feature 'CHR_MER_Ada' transitioned successfully. Ending state: Active [Active, Active]
[2026.09.01-02.53.06:868][  0]LogShaderLibrary: Display: Opening a chunked shader library for plugin 'WSK_SBK_Shotgun_SprayAndSlay' is ignored. Chunked libraries for plugins are not supported.
[2026.09.01-02.53.06:870][  0]LogPluginManager: Mounting plugin localization for 'WSK_SBK_Shotgun_SprayAndSlay'...
[2026.09.01-02.53.06:870][  0]LogGameFeatures: Display: Game feature 'WSK_SBK_Shotgun_SprayAndSlay' transitioned successfully. Ending state: Active [Active, Active]
[2026.09.01-02.53.06:871][  0]LogShaderLibrary: Display: Opening a chunked shader library for plugin 'WSK_SBK_Shotgun_SpacePirate' is ignored. Chunked libraries for plugins are not supported.
[2026.09.01-02.53.06:873][  0]LogPluginManager: Mounting plugin localization for 'WSK_SBK_Shotgun_SpacePirate'...
[2026.09.01-02.53.06:873][  0]LogGameFeatures: Display: Game feature 'WSK_SBK_Shotgun_SpacePirate' transitioned successfully. Ending state: Active [Active, Active]
[2026.09.01-02.53.06:873][  0]LogShaderLibrary: Display: Opening a chunked shader library for plugin 'WSK_SBK_Shotgun_Scrapshot' is ignored. Chunked libraries for plugins are not supported.
[2026.09.01-02.53.06:876][  0]LogPluginManager: Mounting plugin localization for 'WSK_SBK_Shotgun_Scrapshot'...
[2026.09.01-02.53.06:876][  0]LogGameFeatures: Display: Game feature 'WSK_SBK_Shotgun_Scrapshot' transitioned successfully. Ending state: Active [Active, Active]
[2026.09.01-02.53.06:876][  0]LogShaderLibrary: Display: Opening a chunked shader library for plugin 'WSK_SBK_Shotgun_Scorpion' is ignored. Chunked libraries for plugins are not supported.
[2026.09.01-02.53.06:878][  0]LogPluginManager: Mounting plugin localization for 'WSK_SBK_Shotgun_Scorpion'...
[2026.09.01-02.53.06:879][  0]LogGameFeatures: Display: Game feature 'WSK_SBK_Shotgun_Scorpion' transitioned successfully. Ending state: Active [Active, Active]
[2026.09.01-02.53.06:879][  0]LogShaderLibrary: Display: Opening a chunked shader library for plugin 'WSK_SBK_Shotgun_Punk' is ignored. Chunked libraries for plugins are not supported.
[2026.09.01-02.53.06:880][  0]LogPluginManager: Mounting plugin localization for 'WSK_SBK_Shotgun_Punk'...
[2026.09.01-02.53.06:881][  0]LogGameFeatures: Display: Game feature 'WSK_SBK_Shotgun_Punk' transitioned successfully. Ending state: Active [Active, Active]
[2026.09.01-02.53.06:881][  0]LogShaderLibrary: Display: Opening a chunked shader library for plugin 'WSK_SBK_Shotgun_Nutcracker' is ignored. Chunked libraries for plugins are not supported.
[2026.09.01-02.53.06:883][  0]LogPluginManager: Mounting plugin localization for 'WSK_SBK_Shotgun_Nutcracker'...
[2026.09.01-02.53.06:883][  0]LogGameFeatures: Display: Game feature 'WSK_SBK_Shotgun_Nutcracker' transitioned successfully. Ending state: Active [Active, Active]
[2026.09.01-02.53.06:883][  0]LogShaderLibrary: Display: Opening a chunked shader library for plugin 'WSK_SBK_Shotgun_GoldenWings' is ignored. Chunked libraries for plugins are not supported.
[2026.09.01-02.53.06:886][  0]LogPluginManager: Mounting plugin localization for 'WSK_SBK_Shotgun_GoldenWings'...
[2026.09.01-02.53.06:886][  0]LogGameFeatures: Display: Game feature 'WSK_SBK_Shotgun_GoldenWings' transitioned successfully. Ending state: Active [Active, Active]
[2026.09.01-02.53.06:886][  0]LogShaderLibrary: Display: Opening a chunked shader library for plugin 'WSK_SBK_Shotgun_FishingBoat' is ignored. Chunked libraries for plugins are not supported.
[2026.09.01-02.53.06:887][  0]LogPluginManager: Mounting plugin localization for 'WSK_SBK_Shotgun_FishingBoat'...
[2026.09.01-02.53.06:888][  0]LogGameFeatures: Display: Game feature 'WSK_SBK_Shotgun_FishingBoat' transitioned successfully. Ending state: Active [Active, Active]
[2026.09.01-02.53.06:888][  0]LogShaderLibrary: Display: Opening a chunked shader library for plugin 'WSK_SBK_Shotgun_Astra' is ignored. Chunked libraries for plugins are not supported.
[2026.09.01-02.53.06:890][  0]LogPluginManager: Mounting plugin localization for 'WSK_SBK_Shotgun_Astra'...
[2026.09.01-02.53.06:890][  0]LogGameFeatures: Display: Game feature 'WSK_SBK_Shotgun_Astra' transitioned successfully. Ending state: Active [Active, Active]
[2026.09.01-02.53.06:890][  0]LogShaderLibrary: Display: Opening a chunked shader library for plugin 'WSK_SBK_Shotgun_ArtDeco' is ignored. Chunked libraries for plugins are not supported.
[2026.09.01-02.53.06:892][  0]LogPluginManager: Mounting plugin localization for 'WSK_SBK_Shotgun_ArtDeco'...
[2026.09.01-02.53.06:893][  0]LogGameFeatures: Display: Game feature 'WSK_SBK_Shotgun_ArtDeco' transitioned successfully. Ending state: Active [Active, Active]
[2026.09.01-02.53.06:893][  0]LogShaderLibrary: Display: Opening a chunked shader library for plugin 'WSK_SBK_SemiPistol_WingsOfFreedom' is ignored. Chunked libraries for plugins are not supported.
[2026.09.01-02.53.06:895][  0]LogPluginManager: Mounting plugin localization for 'WSK_SBK_SemiPistol_WingsOfFreedom'...
[2026.09.01-02.53.06:895][  0]LogGameFeatures: Display: Game feature 'WSK_SBK_SemiPistol_WingsOfFreedom' transitioned successfully. Ending state: Active [Active, Active]
[2026.09.01-02.53.06:895][  0]LogShaderLibrary: Display: Opening a chunked shader library for plugin 'WSK_SBK_SemiPistol_CreatorClash' is ignored. Chunked libraries for plugins are not supported.
[2026.09.01-02.53.06:898][  0]LogPluginManager: Mounting plugin localization for 'WSK_SBK_SemiPistol_CreatorClash'...
[2026.09.01-02.53.06:898][  0]LogGameFeatures: Display: Game feature 'WSK_SBK_SemiPistol_CreatorClash' transitioned successfully. Ending state: Active [Active, Active]
[2026.09.01-02.53.06:899][  0]LogShaderLibrary: Display: Opening a chunked shader library for plugin 'WSK_SBK_SemiPistol_Astra' is ignored. Chunked libraries for plugins are not supported.
[2026.09.01-02.53.06:900][  0]LogPluginManager: Mounting plugin localization for 'WSK_SBK_SemiPistol_Astra'...
[2026.09.01-02.53.06:901][  0]LogGameFeatures: Display: Game feature 'WSK_SBK_SemiPistol_Astra' transitioned successfully. Ending state: Active [Active, Active]
[2026.09.01-02.53.06:901][  0]LogShaderLibrary: Display: Opening a chunked shader library for plugin 'WSK_SBK_SMG_Tribe' is ignored. Chunked libraries for plugins are not supported.
[2026.09.01-02.53.06:903][  0]LogPluginManager: Mounting plugin localization for 'WSK_SBK_SMG_Tribe'...
[2026.09.01-02.53.06:903][  0]LogGameFeatures: Display: Game feature 'WSK_SBK_SMG_Tribe' transitioned successfully. Ending state: Active [Active, Active]
[2026.09.01-02.53.06:904][  0]LogShaderLibrary: Display: Opening a chunked shader library for plugin 'WSK_SBK_SMG_Tank' is ignored. Chunked libraries for plugins are not supported.
[2026.09.01-02.53.06:906][  0]LogPluginManager: Mounting plugin localization for 'WSK_SBK_SMG_Tank'...
[2026.09.01-02.53.06:906][  0]LogGameFeatures: Display: Game feature 'WSK_SBK_SMG_Tank' transitioned successfully. Ending state: Active [Active, Active]
[2026.09.01-02.53.06:906][  0]LogShaderLibrary: Display: Opening a chunked shader library for plugin 'WSK_SBK_SMG_SteamTrain' is ignored. Chunked libraries for plugins are not supported.
[2026.09.01-02.53.06:907][  0]LogPluginManager: Mounting plugin localization for 'WSK_SBK_SMG_SteamTrain'...
[2026.09.01-02.53.06:908][  0]LogGameFeatures: Display: Game feature 'WSK_SBK_SMG_SteamTrain' transitioned successfully. Ending state: Active [Active, Active]
[2026.09.01-02.53.06:908][  0]LogShaderLibrary: Display: Opening a chunked shader library for plugin 'WSK_SBK_SMG_Shredder' is ignored. Chunked libraries for plugins are not supported.
[2026.09.01-02.53.06:909][  0]LogPluginManager: Mounting plugin localization for 'WSK_SBK_SMG_Shredder'...
[2026.09.01-02.53.06:909][  0]LogGameFeatures: Display: Game feature 'WSK_SBK_SMG_Shredder' transitioned successfully. Ending state: Active [Active, Active]
[2026.09.01-02.53.06:910][  0]LogShaderLibrary: Display: Opening a chunked shader library for plugin 'WSK_SBK_SMG_Radioactive' is ignored. Chunked libraries for plugins are not supported.
[2026.09.01-02.53.06:913][  0]LogPluginManager: Mounting plugin localization for 'WSK_SBK_SMG_Radioactive'...
[2026.09.01-02.53.06:913][  0]LogGameFeatures: Display: Game feature 'WSK_SBK_SMG_Radioactive' transitioned successfully. Ending state: Active [Active, Active]
[2026.09.01-02.53.06:913][  0]LogShaderLibrary: Display: Opening a chunked shader library for plugin 'WSK_SBK_SMG_HeatDissipator' is ignored. Chunked libraries for plugins are not supported.
[2026.09.01-02.53.06:915][  0]LogPluginManager: Mounting plugin localization for 'WSK_SBK_SMG_HeatDissipator'...
[2026.09.01-02.53.06:915][  0]LogGameFeatures: Display: Game feature 'WSK_SBK_SMG_HeatDissipator' transitioned successfully. Ending state: Active [Active, Active]
[2026.09.01-02.53.06:915][  0]LogShaderLibrary: Display: Opening a chunked shader library for plugin 'WSK_SBK_SMG_Grid' is ignored. Chunked libraries for plugins are not supported.
[2026.09.01-02.53.06:917][  0]LogPluginManager: Mounting plugin localization for 'WSK_SBK_SMG_Grid'...
[2026.09.01-02.53.06:917][  0]LogGameFeatures: Display: Game feature 'WSK_SBK_SMG_Grid' transitioned successfully. Ending state: Active [Active, Active]
[2026.09.01-02.53.06:917][  0]LogShaderLibrary: Display: Opening a chunked shader library for plugin 'WSK_SBK_SMG_BulletFactory' is ignored. Chunked libraries for plugins are not supported.
[2026.09.01-02.53.06:919][  0]LogPluginManager: Mounting plugin localization for 'WSK_SBK_SMG_BulletFactory'...
[2026.09.01-02.53.06:920][  0]LogGameFeatures: Display: Game feature 'WSK_SBK_SMG_BulletFactory' transitioned successfully. Ending state: Active [Active, Active]
[2026.09.01-02.53.06:920][  0]LogShaderLibrary: Display: Opening a chunked shader library for plugin 'WSK_SBK_SMG_Astra' is ignored. Chunked libraries for plugins are not supported.
[2026.09.01-02.53.06:921][  0]LogPluginManager: Mounting plugin localization for 'WSK_SBK_SMG_Astra'...
[2026.09.01-02.53.06:921][  0]LogGameFeatures: Display: Game feature 'WSK_SBK_SMG_Astra' transitioned successfully. Ending state: Active [Active, Active]
[2026.09.01-02.53.06:922][  0]LogShaderLibrary: Display: Opening a chunked shader library for plugin 'WSK_SBK_LMG_Nutcracker' is ignored. Chunked libraries for plugins are not supported.
[2026.09.01-02.53.06:923][  0]LogPluginManager: Mounting plugin localization for 'WSK_SBK_LMG_Nutcracker'...
[2026.09.01-02.53.06:924][  0]LogGameFeatures: Display: Game feature 'WSK_SBK_LMG_Nutcracker' transitioned successfully. Ending state: Active [Active, Active]
[2026.09.01-02.53.06:924][  0]LogShaderLibrary: Display: Opening a chunked shader library for plugin 'WSK_SBK_LMG_MetalGrinder' is ignored. Chunked libraries for plugins are not supported.
[2026.09.01-02.53.06:926][  0]LogPluginManager: Mounting plugin localization for 'WSK_SBK_LMG_MetalGrinder'...
[2026.09.01-02.53.06:926][  0]LogGameFeatures: Display: Game feature 'WSK_SBK_LMG_MetalGrinder' transitioned successfully. Ending state: Active [Active, Active]
[2026.09.01-02.53.06:927][  0]LogShaderLibrary: Display: Opening a chunked shader library for plugin 'WSK_SBK_LMG_Lawbringer' is ignored. Chunked libraries for plugins are not supported.
[2026.09.01-02.53.06:929][  0]LogPluginManager: Mounting plugin localization for 'WSK_SBK_LMG_Lawbringer'...
[2026.09.01-02.53.06:929][  0]LogGameFeatures: Display: Game feature 'WSK_SBK_LMG_Lawbringer' transitioned successfully. Ending state: Active [Active, Active]
[2026.09.01-02.53.06:929][  0]LogShaderLibrary: Display: Opening a chunked shader library for plugin 'WSK_SBK_LMG_Fossil' is ignored. Chunked libraries for plugins are not supported.
[2026.09.01-02.53.06:931][  0]LogPluginManager: Mounting plugin localization for 'WSK_SBK_LMG_Fossil'...
[2026.09.01-02.53.06:931][  0]LogGameFeatures: Display: Game feature 'WSK_SBK_LMG_Fossil' transitioned successfully. Ending state: Active [Active, Active]
[2026.09.01-02.53.06:931][  0]LogShaderLibrary: Display: Opening a chunked shader library for plugin 'WSK_SBK_LMG_FishingBoat' is ignored. Chunked libraries for plugins are not supported.
[2026.09.01-02.53.06:934][  0]LogPluginManager: Mounting plugin localization for 'WSK_SBK_LMG_FishingBoat'...
[2026.09.01-02.53.06:934][  0]LogGameFeatures: Display: Game feature 'WSK_SBK_LMG_FishingBoat' transitioned successfully. Ending state: Active [Active, Active]
[2026.09.01-02.53.06:934][  0]LogShaderLibrary: Display: Opening a chunked shader library for plugin 'WSK_SBK_LMG_ChaosThrasher' is ignored. Chunked libraries for plugins are not supported.
[2026.09.01-02.53.06:936][  0]LogPluginManager: Mounting plugin localization for 'WSK_SBK_LMG_ChaosThrasher'...
[2026.09.01-02.53.06:936][  0]LogGameFeatures: Display: Game feature 'WSK_SBK_LMG_ChaosThrasher' transitioned successfully. Ending state: Active [Active, Active]
[2026.09.01-02.53.06:936][  0]LogShaderLibrary: Display: Opening a chunked shader library for plugin 'WSK_SBK_HeavyPistol_Rattler' is ignored. Chunked libraries for plugins are not supported.
[2026.09.01-02.53.06:938][  0]LogPluginManager: Mounting plugin localization for 'WSK_SBK_HeavyPistol_Rattler'...
[2026.09.01-02.53.06:938][  0]LogGameFeatures: Display: Game feature 'WSK_SBK_HeavyPistol_Rattler' transitioned successfully. Ending state: Active [Active, Active]
[2026.09.01-02.53.06:938][  0]LogShaderLibrary: Display: Opening a chunked shader library for plugin 'WSK_SBK_HeavyPistol_Lawbringer' is ignored. Chunked libraries for plugins are not supported.
[2026.09.01-02.53.06:939][  0]LogPluginManager: Mounting plugin localization for 'WSK_SBK_HeavyPistol_Lawbringer'...
[2026.09.01-02.53.06:939][  0]LogGameFeatures: Display: Game feature 'WSK_SBK_HeavyPistol_Lawbringer' transitioned successfully. Ending state: Active [Active, Active]
[2026.09.01-02.53.06:939][  0]LogShaderLibrary: Display: Opening a chunked shader library for plugin 'WSK_SBK_HeavyPistol_Burn' is ignored. Chunked libraries for plugins are not supported.
[2026.09.01-02.53.06:941][  0]LogPluginManager: Mounting plugin localization for 'WSK_SBK_HeavyPistol_Burn'...
[2026.09.01-02.53.06:941][  0]LogGameFeatures: Display: Game feature 'WSK_SBK_HeavyPistol_Burn' transitioned successfully. Ending state: Active [Active, Active]
[2026.09.01-02.53.06:941][  0]LogShaderLibrary: Display: Opening a chunked shader library for plugin 'WSK_SBK_Carbine_RaceCar' is ignored. Chunked libraries for plugins are not supported.
[2026.09.01-02.53.06:943][  0]LogPluginManager: Mounting plugin localization for 'WSK_SBK_Carbine_RaceCar'...
[2026.09.01-02.53.06:943][  0]LogGameFeatures: Display: Game feature 'WSK_SBK_Carbine_RaceCar' transitioned successfully. Ending state: Active [Active, Active]
[2026.09.01-02.53.06:944][  0]LogShaderLibrary: Display: Opening a chunked shader library for plugin 'WSK_SBK_Carbine_MarsFace' is ignored. Chunked libraries for plugins are not supported.
[2026.09.01-02.53.06:945][  0]LogPluginManager: Mounting plugin localization for 'WSK_SBK_Carbine_MarsFace'...
[2026.09.01-02.53.06:946][  0]LogGameFeatures: Display: Game feature 'WSK_SBK_Carbine_MarsFace' transitioned successfully. Ending state: Active [Active, Active]
[2026.09.01-02.53.06:946][  0]LogShaderLibrary: Display: Opening a chunked shader library for plugin 'WSK_SBK_Carbine_MajorKill' is ignored. Chunked libraries for plugins are not supported.
[2026.09.01-02.53.06:947][  0]LogPluginManager: Mounting plugin localization for 'WSK_SBK_Carbine_MajorKill'...
[2026.09.01-02.53.06:948][  0]LogGameFeatures: Display: Game feature 'WSK_SBK_Carbine_MajorKill' transitioned successfully. Ending state: Active [Active, Active]
[2026.09.01-02.53.06:948][  0]LogShaderLibrary: Display: Opening a chunked shader library for plugin 'WSK_SBK_Carbine_Lawbringer' is ignored. Chunked libraries for plugins are not supported.
[2026.09.01-02.53.06:950][  0]LogPluginManager: Mounting plugin localization for 'WSK_SBK_Carbine_Lawbringer'...
[2026.09.01-02.53.06:950][  0]LogGameFeatures: Display: Game feature 'WSK_SBK_Carbine_Lawbringer' transitioned successfully. Ending state: Active [Active, Active]
[2026.09.01-02.53.06:950][  0]LogShaderLibrary: Display: Opening a chunked shader library for plugin 'WSK_SBK_Carbine_Ghillie' is ignored. Chunked libraries for plugins are not supported.
[2026.09.01-02.53.06:953][  0]LogPluginManager: Mounting plugin localization for 'WSK_SBK_Carbine_Ghillie'...
[2026.09.01-02.53.06:953][  0]LogGameFeatures: Display: Game feature 'WSK_SBK_Carbine_Ghillie' transitioned successfully. Ending state: Active [Active, Active]
[2026.09.01-02.53.06:953][  0]LogShaderLibrary: Display: Opening a chunked shader library for plugin 'WSK_SBK_Carbine_CreatorClash' is ignored. Chunked libraries for plugins are not supported.
[2026.09.01-02.53.06:955][  0]LogPluginManager: Mounting plugin localization for 'WSK_SBK_Carbine_CreatorClash'...
[2026.09.01-02.53.06:956][  0]LogGameFeatures: Display: Game feature 'WSK_SBK_Carbine_CreatorClash' transitioned successfully. Ending state: Active [Active, Active]
[2026.09.01-02.53.06:956][  0]LogShaderLibrary: Display: Opening a chunked shader library for plugin 'WSK_SBK_Carbine_BulletFactory' is ignored. Chunked libraries for plugins are not supported.
[2026.09.01-02.53.06:961][  0]LogPluginManager: Mounting plugin localization for 'WSK_SBK_Carbine_BulletFactory'...
[2026.09.01-02.53.06:962][  0]LogGameFeatures: Display: Game feature 'WSK_SBK_Carbine_BulletFactory' transitioned successfully. Ending state: Active [Active, Active]
[2026.09.01-02.53.06:962][  0]LogShaderLibrary: Display: Opening a chunked shader library for plugin 'WSK_SBK_BurstRifle_RustyDingo' is ignored. Chunked libraries for plugins are not supported.
[2026.09.01-02.53.06:964][  0]LogPluginManager: Mounting plugin localization for 'WSK_SBK_BurstRifle_RustyDingo'...
[2026.09.01-02.53.06:965][  0]LogGameFeatures: Display: Game feature 'WSK_SBK_BurstRifle_RustyDingo' transitioned successfully. Ending state: Active [Active, Active]
[2026.09.01-02.53.06:965][  0]LogShaderLibrary: Display: Opening a chunked shader library for plugin 'WSK_SBK_BurstRifle_Lawnmower' is ignored. Chunked libraries for plugins are not supported.
[2026.09.01-02.53.06:966][  0]LogPluginManager: Mounting plugin localization for 'WSK_SBK_BurstRifle_Lawnmower'...
[2026.09.01-02.53.06:967][  0]LogGameFeatures: Display: Game feature 'WSK_SBK_BurstRifle_Lawnmower' transitioned successfully. Ending state: Active [Active, Active]
[2026.09.01-02.53.06:967][  0]LogShaderLibrary: Display: Opening a chunked shader library for plugin 'WSK_SBK_BurstRifle_Lawbringer' is ignored. Chunked libraries for plugins are not supported.
[2026.09.01-02.53.06:968][  0]LogPluginManager: Mounting plugin localization for 'WSK_SBK_BurstRifle_Lawbringer'...
[2026.09.01-02.53.06:969][  0]LogGameFeatures: Display: Game feature 'WSK_SBK_BurstRifle_Lawbringer' transitioned successfully. Ending state: Active [Active, Active]
[2026.09.01-02.53.06:969][  0]LogShaderLibrary: Display: Opening a chunked shader library for plugin 'WSK_SBK_BurstRifle_JungleWarrior' is ignored. Chunked libraries for plugins are not supported.
[2026.09.01-02.53.06:970][  0]LogPluginManager: Mounting plugin localization for 'WSK_SBK_BurstRifle_JungleWarrior'...
[2026.09.01-02.53.06:970][  0]LogGameFeatures: Display: Game feature 'WSK_SBK_BurstRifle_JungleWarrior' transitioned successfully. Ending state: Active [Active, Active]
[2026.09.01-02.53.06:970][  0]LogShaderLibrary: Display: Opening a chunked shader library for plugin 'WSK_SBK_BurstRifle_HeavyIndustry' is ignored. Chunked libraries for plugins are not supported.
[2026.09.01-02.53.06:972][  0]LogPluginManager: Mounting plugin localization for 'WSK_SBK_BurstRifle_HeavyIndustry'...
[2026.09.01-02.53.06:972][  0]LogGameFeatures: Display: Game feature 'WSK_SBK_BurstRifle_HeavyIndustry' transitioned successfully. Ending state: Active [Active, Active]
[2026.09.01-02.53.06:972][  0]LogShaderLibrary: Display: Opening a chunked shader library for plugin 'WSK_SBK_BurstRifle_Firefighter' is ignored. Chunked libraries for plugins are not supported.
[2026.09.01-02.53.06:973][  0]LogPluginManager: Mounting plugin localization for 'WSK_SBK_BurstRifle_Firefighter'...
[2026.09.01-02.53.06:974][  0]LogGameFeatures: Display: Game feature 'WSK_SBK_BurstRifle_Firefighter' transitioned successfully. Ending state: Active [Active, Active]
[2026.09.01-02.53.06:974][  0]LogShaderLibrary: Display: Opening a chunked shader library for plugin 'WSK_SBK_BurstRifle_BulletFactory' is ignored. Chunked libraries for plugins are not supported.
[2026.09.01-02.53.06:975][  0]LogPluginManager: Mounting plugin localization for 'WSK_SBK_BurstRifle_BulletFactory'...
[2026.09.01-02.53.06:975][  0]LogGameFeatures: Display: Game feature 'WSK_SBK_BurstRifle_BulletFactory' transitioned successfully. Ending state: Active [Active, Active]
[2026.09.01-02.53.06:975][  0]LogShaderLibrary: Display: Opening a chunked shader library for plugin 'WSK_SBK_BurstPistol_Nutcracker' is ignored. Chunked libraries for plugins are not supported.
[2026.09.01-02.53.06:977][  0]LogPluginManager: Mounting plugin localization for 'WSK_SBK_BurstPistol_Nutcracker'...
[2026.09.01-02.53.06:977][  0]LogGameFeatures: Display: Game feature 'WSK_SBK_BurstPistol_Nutcracker' transitioned successfully. Ending state: Active [Active, Active]
[2026.09.01-02.53.06:977][  0]LogShaderLibrary: Display: Opening a chunked shader library for plugin 'WSK_SBK_BurstPistol_DangerZone' is ignored. Chunked libraries for plugins are not supported.
[2026.09.01-02.53.06:978][  0]LogPluginManager: Mounting plugin localization for 'WSK_SBK_BurstPistol_DangerZone'...
[2026.09.01-02.53.06:979][  0]LogGameFeatures: Display: Game feature 'WSK_SBK_BurstPistol_DangerZone' transitioned successfully. Ending state: Active [Active, Active]
[2026.09.01-02.53.06:979][  0]LogShaderLibrary: Display: Opening a chunked shader library for plugin 'WSK_SBK_BurstPistol_Armadillo' is ignored. Chunked libraries for plugins are not supported.
[2026.09.01-02.53.06:981][  0]LogPluginManager: Mounting plugin localization for 'WSK_SBK_BurstPistol_Armadillo'...
[2026.09.01-02.53.06:981][  0]LogGameFeatures: Display: Game feature 'WSK_SBK_BurstPistol_Armadillo' transitioned successfully. Ending state: Active [Active, Active]
[2026.09.01-02.53.06:981][  0]LogShaderLibrary: Display: Opening a chunked shader library for plugin 'WSK_SBK_AssaultRifle_Viking' is ignored. Chunked libraries for plugins are not supported.
[2026.09.01-02.53.06:984][  0]LogPluginManager: Mounting plugin localization for 'WSK_SBK_AssaultRifle_Viking'...
[2026.09.01-02.53.06:984][  0]LogGameFeatures: Display: Game feature 'WSK_SBK_AssaultRifle_Viking' transitioned successfully. Ending state: Active [Active, Active]
[2026.09.01-02.53.06:984][  0]LogShaderLibrary: Display: Opening a chunked shader library for plugin 'WSK_SBK_AssaultRifle_Nutcracker' is ignored. Chunked libraries for plugins are not supported.
[2026.09.01-02.53.06:987][  0]LogPluginManager: Mounting plugin localization for 'WSK_SBK_AssaultRifle_Nutcracker'...
[2026.09.01-02.53.06:987][  0]LogGameFeatures: Display: Game feature 'WSK_SBK_AssaultRifle_Nutcracker' transitioned successfully. Ending state: Active [Active, Active]
[2026.09.01-02.53.06:987][  0]LogShaderLibrary: Display: Opening a chunked shader library for plugin 'WSK_SBK_AssaultRifle_Jet' is ignored. Chunked libraries for plugins are not supported.
[2026.09.01-02.53.06:989][  0]LogPluginManager: Mounting plugin localization for 'WSK_SBK_AssaultRifle_Jet'...
[2026.09.01-02.53.06:990][  0]LogGameFeatures: Display: Game feature 'WSK_SBK_AssaultRifle_Jet' transitioned successfully. Ending state: Active [Active, Active]
[2026.09.01-02.53.06:990][  0]LogShaderLibrary: Display: Opening a chunked shader library for plugin 'WSK_SBK_AssaultRifle_Classic' is ignored. Chunked libraries for plugins are not supported.
[2026.09.01-02.53.06:991][  0]LogPluginManager: Mounting plugin localization for 'WSK_SBK_AssaultRifle_Classic'...
[2026.09.01-02.53.06:991][  0]LogGameFeatures: Display: Game feature 'WSK_SBK_AssaultRifle_Classic' transitioned successfully. Ending state: Active [Active, Active]
[2026.09.01-02.53.06:991][  0]LogShaderLibrary: Display: Opening a chunked shader library for plugin 'WSK_SBK_AssaultRifle_Cardboard' is ignored. Chunked libraries for plugins are not supported.
[2026.09.01-02.53.06:993][  0]LogPluginManager: Mounting plugin localization for 'WSK_SBK_AssaultRifle_Cardboard'...
[2026.09.01-02.53.06:993][  0]LogGameFeatures: Display: Game feature 'WSK_SBK_AssaultRifle_Cardboard' transitioned successfully. Ending state: Active [Active, Active]
[2026.09.01-02.53.06:993][  0]LogShaderLibrary: Display: Opening a chunked shader library for plugin 'WSK_SBK_AssaultRifle_Astra' is ignored. Chunked libraries for plugins are not supported.
[2026.09.01-02.53.06:994][  0]LogPluginManager: Mounting plugin localization for 'WSK_SBK_AssaultRifle_Astra'...
[2026.09.01-02.53.06:995][  0]LogGameFeatures: Display: Game feature 'WSK_SBK_AssaultRifle_Astra' transitioned successfully. Ending state: Active [Active, Active]
[2026.09.01-02.53.06:995][  0]LogShaderLibrary: Display: Opening a chunked shader library for plugin 'CHR_SBK_Yuri' is ignored. Chunked libraries for plugins are not supported.
[2026.09.01-02.53.06:996][  0]LogPluginManager: Mounting plugin localization for 'CHR_SBK_Yuri'...
[2026.09.01-02.53.06:996][  0]LogGameFeatures: Display: Game feature 'CHR_SBK_Yuri' transitioned successfully. Ending state: Active [Active, Active]
[2026.09.01-02.53.06:996][  0]LogShaderLibrary: Display: Opening a chunked shader library for plugin 'CHR_SBK_Sonny' is ignored. Chunked libraries for plugins are not supported.
[2026.09.01-02.53.06:998][  0]LogPluginManager: Mounting plugin localization for 'CHR_SBK_Sonny'...
[2026.09.01-02.53.06:998][  0]LogGameFeatures: Display: Game feature 'CHR_SBK_Sonny' transitioned successfully. Ending state: Active [Active, Active]
[2026.09.01-02.53.06:998][  0]LogShaderLibrary: Display: Opening a chunked shader library for plugin 'CHR_SBK_RustyDingo' is ignored. Chunked libraries for plugins are not supported.
[2026.09.01-02.53.06:999][  0]LogPluginManager: Mounting plugin localization for 'CHR_SBK_RustyDingo'...
[2026.09.01-02.53.06:999][  0]LogGameFeatures: Display: Game feature 'CHR_SBK_RustyDingo' transitioned successfully. Ending state: Active [Active, Active]
[2026.09.01-02.53.07:000][  0]LogShaderLibrary: Display: Opening a chunked shader library for plugin 'CHR_SBK_RhinokCC' is ignored. Chunked libraries for plugins are not supported.
[2026.09.01-02.53.07:001][  0]LogPluginManager: Mounting plugin localization for 'CHR_SBK_RhinokCC'...
[2026.09.01-02.53.07:002][  0]LogGameFeatures: Display: Game feature 'CHR_SBK_RhinokCC' transitioned successfully. Ending state: Active [Active, Active]
[2026.09.01-02.53.07:002][  0]LogShaderLibrary: Display: Opening a chunked shader library for plugin 'CHR_SBK_Rally' is ignored. Chunked libraries for plugins are not supported.
[2026.09.01-02.53.07:003][  0]LogPluginManager: Mounting plugin localization for 'CHR_SBK_Rally'...
[2026.09.01-02.53.07:004][  0]LogGameFeatures: Display: Game feature 'CHR_SBK_Rally' transitioned successfully. Ending state: Active [Active, Active]
[2026.09.01-02.53.07:004][  0]LogShaderLibrary: Display: Opening a chunked shader library for plugin 'CHR_SBK_Murika' is ignored. Chunked libraries for plugins are not supported.
[2026.09.01-02.53.07:005][  0]LogPluginManager: Mounting plugin localization for 'CHR_SBK_Murika'...
[2026.09.01-02.53.07:005][  0]LogGameFeatures: Display: Game feature 'CHR_SBK_Murika' transitioned successfully. Ending state: Active [Active, Active]
[2026.09.01-02.53.07:005][  0]LogShaderLibrary: Display: Opening a chunked shader library for plugin 'CHR_SBK_MajorKill' is ignored. Chunked libraries for plugins are not supported.
[2026.09.01-02.53.07:006][  0]LogPluginManager: Mounting plugin localization for 'CHR_SBK_MajorKill'...
[2026.09.01-02.53.07:007][  0]LogGameFeatures: Display: Game feature 'CHR_SBK_MajorKill' transitioned successfully. Ending state: Active [Active, Active]
[2026.09.01-02.53.07:007][  0]LogShaderLibrary: Display: Opening a chunked shader library for plugin 'CHR_SBK_Fray' is ignored. Chunked libraries for plugins are not supported.
[2026.09.01-02.53.07:008][  0]LogPluginManager: Mounting plugin localization for 'CHR_SBK_Fray'...
[2026.09.01-02.53.07:009][  0]LogGameFeatures: Display: Game feature 'CHR_SBK_Fray' transitioned successfully. Ending state: Active [Active, Active]
[2026.09.01-02.53.07:009][  0]LogShaderLibrary: Display: Opening a chunked shader library for plugin 'CHR_SBK_Fossman' is ignored. Chunked libraries for plugins are not supported.
[2026.09.01-02.53.07:010][  0]LogPluginManager: Mounting plugin localization for 'CHR_SBK_Fossman'...
[2026.09.01-02.53.07:010][  0]LogGameFeatures: Display: Game feature 'CHR_SBK_Fossman' transitioned successfully. Ending state: Active [Active, Active]
[2026.09.01-02.53.07:010][  0]LogShaderLibrary: Display: Opening a chunked shader library for plugin 'CHR_SBK_CptBMach' is ignored. Chunked libraries for plugins are not supported.
[2026.09.01-02.53.07:011][  0]LogPluginManager: Mounting plugin localization for 'CHR_SBK_CptBMach'...
[2026.09.01-02.53.07:011][  0]LogGameFeatures: Display: Game feature 'CHR_SBK_CptBMach' transitioned successfully. Ending state: Active [Active, Active]
[2026.09.01-02.53.07:012][  0]LogShaderLibrary: Display: Opening a chunked shader library for plugin 'MOD_Tutorial' is ignored. Chunked libraries for plugins are not supported.
[2026.09.01-02.53.07:013][  0]LogPluginManager: Mounting plugin localization for 'MOD_Tutorial'...
[2026.09.01-02.53.07:014][  0]LogGameFeatures: Display: Game feature 'MOD_Tutorial' transitioned successfully. Ending state: Active [Active, Active]
[2026.09.01-02.53.07:014][  0]LogShaderLibrary: Display: Opening a chunked shader library for plugin 'MOD_TeabagConfirmed' is ignored. Chunked libraries for plugins are not supported.
[2026.09.01-02.53.07:015][  0]LogPluginManager: Mounting plugin localization for 'MOD_TeabagConfirmed'...
[2026.09.01-02.53.07:015][  0]LogGameFeatures: Display: Game feature 'MOD_TeabagConfirmed' transitioned successfully. Ending state: Active [Active, Active]
[2026.09.01-02.53.07:016][  0]LogShaderLibrary: Display: Opening a chunked shader library for plugin 'MOD_Splitball' is ignored. Chunked libraries for plugins are not supported.
[2026.09.01-02.53.07:018][  0]LogPluginManager: Mounting plugin localization for 'MOD_Splitball'...
[2026.09.01-02.53.07:019][  0]LogGameFeatures: Display: Game feature 'MOD_Splitball' transitioned successfully. Ending state: Active [Active, Active]
[2026.09.01-02.53.07:019][  0]LogShaderLibrary: Display: Opening a chunked shader library for plugin 'MOD_Race' is ignored. Chunked libraries for plugins are not supported.
[2026.09.01-02.53.07:027][  0]LogMaterial: Error: Loading a material resource None with an invalid ShaderMap!
[2026.09.01-02.53.07:027][  0]LogMaterial: Error: Loading a material resource None with an invalid ShaderMap!
[2026.09.01-02.53.07:027][  0]LogMaterial: Error: Loading a material resource None with an invalid ShaderMap!
[2026.09.01-02.53.07:027][  0]LogMaterial: Error: Loading a material resource None with an invalid ShaderMap!
[2026.09.01-02.53.07:034][  0]LogPackageLocalizationCache: Processed 370 localized package path(s) for 2 prioritized culture(s) in 0.001227 seconds
[2026.09.01-02.53.07:053][  0]LogMaterial: Error: Loading a material resource None with an invalid ShaderMap!
[2026.09.01-02.53.07:053][  0]LogMaterial: Error: Loading a material resource None with an invalid ShaderMap!
[2026.09.01-02.53.07:067][  0]LogMaterial: Error: Tried to access an uncooked shader map ID in a cooked application
[2026.09.01-02.53.07:067][  0]LogMaterial: Warning: Invalid shader map ID caching shaders for 'M_UI_SimpleBox', will use default material.
[2026.09.01-02.53.07:067][  0]LogMaterial: Can't compile M_UI_SimpleBox with cooked content, will use default material instead
[2026.09.01-02.53.07:070][  0]LogMaterial: Warning: [AssetLog] S:\steamapps\common\Splitgate 2\PortalWars2\Content\UI\Common\Materials\Backgrounds\Buttons\M_UI_Button_BLUR: Failed to compile Material Instance with Base M_UI_SimpleBox for platform PCD3D_SM6, Default Material will be used in game.

[2026.09.01-02.53.07:068][  0]LogMaterial: Error: Tried to access an uncooked shader map ID in a cooked application
[2026.09.01-02.53.07:068][  0]LogMaterial: Warning: Invalid shader map ID caching shaders for 'M_UI_SimpleBox', will use default material.
[2026.09.01-02.53.07:068][  0]LogMaterial: Can't compile M_UI_SimpleBox with cooked content, will use default material instead
[2026.09.01-02.53.07:073][  0]LogMaterial: Warning: [AssetLog] S:\steamapps\common\Splitgate 2\PortalWars2\Content\UI\Common\Materials\Backgrounds\CommonTile\M_UI_Tile_BLUR: Failed to compile Material Instance with Base M_UI_SimpleBox for platform PCD3D_SM6, Default Material will be used in game.

[2026.09.01-02.53.07:068][  0]LogMaterial: Error: Tried to access an uncooked shader map ID in a cooked application
[2026.09.01-02.53.07:068][  0]LogMaterial: Warning: Invalid shader map ID caching shaders for 'M_UI_SimpleBox', will use default material.
[2026.09.01-02.53.07:068][  0]LogMaterial: Can't compile M_UI_SimpleBox with cooked content, will use default material instead
[2026.09.01-02.53.07:076][  0]LogMaterial: Warning: [AssetLog] S:\steamapps\common\Splitgate 2\PortalWars2\Content\UI\Common\Materials\Backgrounds\Section\MI_UI_Section_BLUR: Failed to compile Material Instance with Base M_UI_SimpleBox for platform PCD3D_SM6, Default Material will be used in game.

[2026.09.01-02.53.07:071][  0]LogPluginManager: Mounting plugin localization for 'MOD_Race'...
[2026.09.01-02.53.07:075][  0]LogGameFeatures: Display: Game feature 'MOD_Race' transitioned successfully. Ending state: Active [Active, Active]
[2026.09.01-02.53.07:076][  0]LogShaderLibrary: Display: Opening a chunked shader library for plugin 'MOD_GunGame' is ignored. Chunked libraries for plugins are not supported.
[2026.09.01-02.53.07:078][  0]LogPluginManager: Mounting plugin localization for 'MOD_GunGame'...
[2026.09.01-02.53.07:078][  0]LogGameFeatures: Display: Game feature 'MOD_GunGame' transitioned successfully. Ending state: Active [Active, Active]
[2026.09.01-02.53.07:079][  0]LogShaderLibrary: Display: Opening a chunked shader library for plugin 'MOD_Graffiti' is ignored. Chunked libraries for plugins are not supported.
[2026.09.01-02.53.07:080][  0]LogPluginManager: Mounting plugin localization for 'MOD_Graffiti'...
[2026.09.01-02.53.07:080][  0]LogGameFeatures: Display: Game feature 'MOD_Graffiti' transitioned successfully. Ending state: Active [Active, Active]
[2026.09.01-02.53.07:081][  0]LogShaderLibrary: Display: Opening a chunked shader library for plugin 'MOD_Firecracker' is ignored. Chunked libraries for plugins are not supported.
[2026.09.01-02.53.07:084][  0]LogPluginManager: Mounting plugin localization for 'MOD_Firecracker'...
[2026.09.01-02.53.07:085][  0]LogGameFeatures: Display: Game feature 'MOD_Firecracker' transitioned successfully. Ending state: Active [Active, Active]
[2026.09.01-02.53.07:085][  0]LogShaderLibrary: Display: Opening a chunked shader library for plugin 'MOD_Deathmatch' is ignored. Chunked libraries for plugins are not supported.
[2026.09.01-02.53.07:086][  0]LogPluginManager: Mounting plugin localization for 'MOD_Deathmatch'...
[2026.09.01-02.53.07:087][  0]LogGameFeatures: Display: Game feature 'MOD_Deathmatch' transitioned successfully. Ending state: Active [Active, Active]
[2026.09.01-02.53.07:087][  0]LogShaderLibrary: Display: Opening a chunked shader library for plugin 'MOD_Creative' is ignored. Chunked libraries for plugins are not supported.
[2026.09.01-02.53.07:087][  0]LogCoreRedirects: AddRedirect(C:/USERS/REDACTED/AppData/Local/PortalWars2/Saved/Config/WindowsClient/MOD_Creative.ini) has wildcard redirect /PortalWarsCreative/, these are very slow and should be resolved as soon as possible! Please refer to the documentation in Engine/Config/BaseEngine.ini.
[2026.09.01-02.53.07:089][  0]LogPluginManager: Mounting plugin localization for 'MOD_Creative'...
[2026.09.01-02.53.07:090][  0]LogGameFeatures: Display: Game feature 'MOD_Creative' transitioned successfully. Ending state: Active [Active, Active]
[2026.09.01-02.53.07:091][  0]LogAssetManager: Warning: Tried to add primary asset , but it is not a TopLevelAsset and so cannot be a primary asset
[2026.09.01-02.53.07:091][  0]LogPluginManager: Mounting plugin localization for 'MOD_CapturePoints_Base'...
[2026.09.01-02.53.07:091][  0]LogAssetManager: Warning: Invalid Primary Asset Id GameFeatureData:MOD_CapturePoints_Base: ChangeBundleStateForPrimaryAssets failed to find NameData
[2026.09.01-02.53.07:091][  0]LogGameFeatures: Display: Game feature 'MOD_CapturePoints_Base' transitioned successfully. Ending state: Active [Active, Active]
[2026.09.01-02.53.07:091][  0]LogShaderLibrary: Display: Opening a chunked shader library for plugin 'CHR_MER_Wave' is ignored. Chunked libraries for plugins are not supported.
[2026.09.01-02.53.07:093][  0]LogPluginManager: Mounting plugin localization for 'CHR_MER_Wave'...
[2026.09.01-02.53.07:093][  0]LogGameFeatures: Display: Game feature 'CHR_MER_Wave' transitioned successfully. Ending state: Active [Active, Active]
[2026.09.01-02.53.07:093][  0]LogShaderLibrary: Display: Opening a chunked shader library for plugin 'CHR_MER_SakuraUltra' is ignored. Chunked libraries for plugins are not supported.
[2026.09.01-02.53.07:095][  0]LogPluginManager: Mounting plugin localization for 'CHR_MER_SakuraUltra'...
[2026.09.01-02.53.07:095][  0]LogGameFeatures: Display: Game feature 'CHR_MER_SakuraUltra' transitioned successfully. Ending state: Active [Active, Active]
[2026.09.01-02.53.07:095][  0]LogShaderLibrary: Display: Opening a chunked shader library for plugin 'CHR_MER_Shinji' is ignored. Chunked libraries for plugins are not supported.
[2026.09.01-02.53.07:096][  0]LogPluginManager: Mounting plugin localization for 'CHR_MER_Shinji'...
[2026.09.01-02.53.07:096][  0]LogGameFeatures: Display: Game feature 'CHR_MER_Shinji' transitioned successfully. Ending state: Active [Active, Active]
[2026.09.01-02.53.07:096][  0]LogShaderLibrary: Display: Opening a chunked shader library for plugin 'CHR_MER_Scaws' is ignored. Chunked libraries for plugins are not supported.
[2026.09.01-02.53.07:098][  0]LogPluginManager: Mounting plugin localization for 'CHR_MER_Scaws'...
[2026.09.01-02.53.07:098][  0]LogGameFeatures: Display: Game feature 'CHR_MER_Scaws' transitioned successfully. Ending state: Active [Active, Active]
[2026.09.01-02.53.07:098][  0]LogShaderLibrary: Display: Opening a chunked shader library for plugin 'CHR_MER_RyokoSha' is ignored. Chunked libraries for plugins are not supported.
[2026.09.01-02.53.07:100][  0]LogPluginManager: Mounting plugin localization for 'CHR_MER_RyokoSha'...
[2026.09.01-02.53.07:100][  0]LogGameFeatures: Display: Game feature 'CHR_MER_RyokoSha' transitioned successfully. Ending state: Active [Active, Active]
[2026.09.01-02.53.07:100][  0]LogShaderLibrary: Display: Opening a chunked shader library for plugin 'CHR_MER_Podvo' is ignored. Chunked libraries for plugins are not supported.
[2026.09.01-02.53.07:101][  0]LogPluginManager: Mounting plugin localization for 'CHR_MER_Podvo'...
[2026.09.01-02.53.07:102][  0]LogGameFeatures: Display: Game feature 'CHR_MER_Podvo' transitioned successfully. Ending state: Active [Active, Active]
[2026.09.01-02.53.07:102][  0]LogShaderLibrary: Display: Opening a chunked shader library for plugin 'CHR_MER_PhazeDegens' is ignored. Chunked libraries for plugins are not supported.
[2026.09.01-02.53.07:103][  0]LogPluginManager: Mounting plugin localization for 'CHR_MER_PhazeDegens'...
[2026.09.01-02.53.07:103][  0]LogGameFeatures: Display: Game feature 'CHR_MER_PhazeDegens' transitioned successfully. Ending state: Active [Active, Active]
[2026.09.01-02.53.07:103][  0]LogShaderLibrary: Display: Opening a chunked shader library for plugin 'CHR_MER_Obex' is ignored. Chunked libraries for plugins are not supported.
[2026.09.01-02.53.07:104][  0]LogPluginManager: Mounting plugin localization for 'CHR_MER_Obex'...
[2026.09.01-02.53.07:105][  0]LogGameFeatures: Display: Game feature 'CHR_MER_Obex' transitioned successfully. Ending state: Active [Active, Active]
[2026.09.01-02.53.07:105][  0]LogShaderLibrary: Display: Opening a chunked shader library for plugin 'CHR_MER_Lucius' is ignored. Chunked libraries for plugins are not supported.
[2026.09.01-02.53.07:106][  0]LogPluginManager: Mounting plugin localization for 'CHR_MER_Lucius'...
[2026.09.01-02.53.07:106][  0]LogGameFeatures: Display: Game feature 'CHR_MER_Lucius' transitioned successfully. Ending state: Active [Active, Active]
[2026.09.01-02.53.07:106][  0]LogShaderLibrary: Display: Opening a chunked shader library for plugin 'CHR_MER_Kage' is ignored. Chunked libraries for plugins are not supported.
[2026.09.01-02.53.07:107][  0]LogPluginManager: Mounting plugin localization for 'CHR_MER_Kage'...
[2026.09.01-02.53.07:107][  0]LogGameFeatures: Display: Game feature 'CHR_MER_Kage' transitioned successfully. Ending state: Active [Active, Active]
[2026.09.01-02.53.07:108][  0]LogShaderLibrary: Display: Opening a chunked shader library for plugin 'CHR_MER_Kadmon' is ignored. Chunked libraries for plugins are not supported.
[2026.09.01-02.53.07:109][  0]LogPluginManager: Mounting plugin localization for 'CHR_MER_Kadmon'...
[2026.09.01-02.53.07:109][  0]LogGameFeatures: Display: Game feature 'CHR_MER_Kadmon' transitioned successfully. Ending state: Active [Active, Active]
[2026.09.01-02.53.07:110][  0]LogShaderLibrary: Display: Opening a chunked shader library for plugin 'CHR_MER_Abadon' is ignored. Chunked libraries for plugins are not supported.
[2026.09.01-02.53.07:111][  0]LogPluginManager: Mounting plugin localization for 'CHR_MER_Abadon'...
[2026.09.01-02.53.07:111][  0]LogGameFeatures: Display: Game feature 'CHR_MER_Abadon' transitioned successfully. Ending state: Active [Active, Active]
[2026.09.01-02.53.07:111][  0]LogShaderLibrary: Display: Opening a chunked shader library for plugin 'CHR_MER_NurseX' is ignored. Chunked libraries for plugins are not supported.
[2026.09.01-02.53.07:113][  0]LogPluginManager: Mounting plugin localization for 'CHR_MER_NurseX'...
[2026.09.01-02.53.07:113][  0]LogGameFeatures: Display: Game feature 'CHR_MER_NurseX' transitioned successfully. Ending state: Active [Active, Active]
[2026.09.01-02.53.07:113][  0]LogShaderLibrary: Display: Opening a chunked shader library for plugin 'CHR_MER_MassimX' is ignored. Chunked libraries for plugins are not supported.
[2026.09.01-02.53.07:115][  0]LogPluginManager: Mounting plugin localization for 'CHR_MER_MassimX'...
[2026.09.01-02.53.07:115][  0]LogGameFeatures: Display: Game feature 'CHR_MER_MassimX' transitioned successfully. Ending state: Active [Active, Active]
[2026.09.01-02.53.07:115][  0]LogShaderLibrary: Display: Opening a chunked shader library for plugin 'CHR_MER_Badluck' is ignored. Chunked libraries for plugins are not supported.
[2026.09.01-02.53.07:118][  0]LogPluginManager: Mounting plugin localization for 'CHR_MER_Badluck'...
[2026.09.01-02.53.07:118][  0]LogGameFeatures: Display: Game feature 'CHR_MER_Badluck' transitioned successfully. Ending state: Active [Active, Active]
[2026.09.01-02.53.07:118][  0]LogShaderLibrary: Display: Opening a chunked shader library for plugin 'CHR_MER_Azael' is ignored. Chunked libraries for plugins are not supported.
[2026.09.01-02.53.07:119][  0]LogPluginManager: Mounting plugin localization for 'CHR_MER_Azael'...
[2026.09.01-02.53.07:120][  0]LogGameFeatures: Display: Game feature 'CHR_MER_Azael' transitioned successfully. Ending state: Active [Active, Active]
[2026.09.01-02.53.07:120][  0]LogShaderLibrary: Display: Opening a chunked shader library for plugin 'CHR_MER_Skullboy' is ignored. Chunked libraries for plugins are not supported.
[2026.09.01-02.53.07:121][  0]LogPluginManager: Mounting plugin localization for 'CHR_MER_Skullboy'...
[2026.09.01-02.53.07:122][  0]LogGameFeatures: Display: Game feature 'CHR_MER_Skullboy' transitioned successfully. Ending state: Active [Active, Active]
[2026.09.01-02.53.07:122][  0]LogShaderLibrary: Display: Opening a chunked shader library for plugin 'CHR_MER_MetalCrusher' is ignored. Chunked libraries for plugins are not supported.
[2026.09.01-02.53.07:123][  0]LogPluginManager: Mounting plugin localization for 'CHR_MER_MetalCrusher'...
[2026.09.01-02.53.07:123][  0]LogGameFeatures: Display: Game feature 'CHR_MER_MetalCrusher' transitioned successfully. Ending state: Active [Active, Active]
[2026.09.01-02.53.07:123][  0]LogShaderLibrary: Display: Opening a chunked shader library for plugin 'CHR_MER_IronCrush' is ignored. Chunked libraries for plugins are not supported.
[2026.09.01-02.53.07:124][  0]LogPluginManager: Mounting plugin localization for 'CHR_MER_IronCrush'...
[2026.09.01-02.53.07:124][  0]LogGameFeatures: Display: Game feature 'CHR_MER_IronCrush' transitioned successfully. Ending state: Active [Active, Active]
[2026.09.01-02.53.07:125][  0]LogShaderLibrary: Display: Opening a chunked shader library for plugin 'WSK_SBK_AssaultRifle_Yeti' is ignored. Chunked libraries for plugins are not supported.
[2026.09.01-02.53.07:126][  0]LogPluginManager: Mounting plugin localization for 'WSK_SBK_AssaultRifle_Yeti'...
[2026.09.01-02.53.07:126][  0]LogGameFeatures: Display: Game feature 'WSK_SBK_AssaultRifle_Yeti' transitioned successfully. Ending state: Active [Active, Active]
[2026.09.01-02.53.07:126][  0]LogShaderLibrary: Display: Opening a chunked shader library for plugin 'WSK_SBK_AssaultRifle_ProPack' is ignored. Chunked libraries for plugins are not supported.
[2026.09.01-02.53.07:127][  0]LogPluginManager: Mounting plugin localization for 'WSK_SBK_AssaultRifle_ProPack'...
[2026.09.01-02.53.07:127][  0]LogGameFeatures: Display: Game feature 'WSK_SBK_AssaultRifle_ProPack' transitioned successfully. Ending state: Active [Active, Active]
[2026.09.01-02.53.07:127][  0]LogShaderLibrary: Display: Opening a chunked shader library for plugin 'WSK_SBK_AssaultRifle_Ironclad' is ignored. Chunked libraries for plugins are not supported.
[2026.09.01-02.53.07:128][  0]LogPluginManager: Mounting plugin localization for 'WSK_SBK_AssaultRifle_Ironclad'...
[2026.09.01-02.53.07:128][  0]LogGameFeatures: Display: Game feature 'WSK_SBK_AssaultRifle_Ironclad' transitioned successfully. Ending state: Active [Active, Active]
[2026.09.01-02.53.07:128][  0]LogShaderLibrary: Display: Opening a chunked shader library for plugin 'WSK_SBK_AssaultRifle_Frankenstein' is ignored. Chunked libraries for plugins are not supported.
[2026.09.01-02.53.07:129][  0]LogPluginManager: Mounting plugin localization for 'WSK_SBK_AssaultRifle_Frankenstein'...
[2026.09.01-02.53.07:129][  0]LogGameFeatures: Display: Game feature 'WSK_SBK_AssaultRifle_Frankenstein' transitioned successfully. Ending state: Active [Active, Active]
[2026.09.01-02.53.07:130][  0]LogShaderLibrary: Display: Opening a chunked shader library for plugin 'WSK_SBK_AssaultRifle_Enduro' is ignored. Chunked libraries for plugins are not supported.
[2026.09.01-02.53.07:130][  0]LogPluginManager: Mounting plugin localization for 'WSK_SBK_AssaultRifle_Enduro'...
[2026.09.01-02.53.07:131][  0]LogGameFeatures: Display: Game feature 'WSK_SBK_AssaultRifle_Enduro' transitioned successfully. Ending state: Active [Active, Active]
[2026.09.01-02.53.07:131][  0]LogShaderLibrary: Display: Opening a chunked shader library for plugin 'WSK_SBK_AssaultRifle_CamelCaravan' is ignored. Chunked libraries for plugins are not supported.
[2026.09.01-02.53.07:132][  0]LogPluginManager: Mounting plugin localization for 'WSK_SBK_AssaultRifle_CamelCaravan'...
[2026.09.01-02.53.07:132][  0]LogGameFeatures: Display: Game feature 'WSK_SBK_AssaultRifle_CamelCaravan' transitioned successfully. Ending state: Active [Active, Active]
[2026.09.01-02.53.07:132][  0]LogShaderLibrary: Display: Opening a chunked shader library for plugin 'WSK_SBK_AssaultRifle_4thOfJuly' is ignored. Chunked libraries for plugins are not supported.
[2026.09.01-02.53.07:133][  0]LogPluginManager: Mounting plugin localization for 'WSK_SBK_AssaultRifle_4thOfJuly'...
[2026.09.01-02.53.07:133][  0]LogGameFeatures: Display: Game feature 'WSK_SBK_AssaultRifle_4thOfJuly' transitioned successfully. Ending state: Active [Active, Active]
[2026.09.01-02.53.07:133][  0]LogShaderLibrary: Display: Opening a chunked shader library for plugin 'CHR_SBK_YuriX' is ignored. Chunked libraries for plugins are not supported.
[2026.09.01-02.53.07:134][  0]LogPluginManager: Mounting plugin localization for 'CHR_SBK_YuriX'...
[2026.09.01-02.53.07:134][  0]LogGameFeatures: Display: Game feature 'CHR_SBK_YuriX' transitioned successfully. Ending state: Active [Active, Active]
[2026.09.01-02.53.07:134][  0]LogShaderLibrary: Display: Opening a chunked shader library for plugin 'CHR_SBK_Bjorn' is ignored. Chunked libraries for plugins are not supported.
[2026.09.01-02.53.07:137][  0]LogPluginManager: Mounting plugin localization for 'CHR_SBK_Bjorn'...
[2026.09.01-02.53.07:137][  0]LogGameFeatures: Display: Game feature 'CHR_SBK_Bjorn' transitioned successfully. Ending state: Active [Active, Active]
[2026.09.01-02.53.07:137][  0]LogShaderLibrary: Display: Opening a chunked shader library for plugin 'CHR_SBK_Nando' is ignored. Chunked libraries for plugins are not supported.
[2026.09.01-02.53.07:138][  0]LogPluginManager: Mounting plugin localization for 'CHR_SBK_Nando'...
[2026.09.01-02.53.07:139][  0]LogGameFeatures: Display: Game feature 'CHR_SBK_Nando' transitioned successfully. Ending state: Active [Active, Active]
[2026.09.01-02.53.07:139][  0]LogShaderLibrary: Display: Opening a chunked shader library for plugin 'CHR_SBK_Furnace' is ignored. Chunked libraries for plugins are not supported.
[2026.09.01-02.53.07:140][  0]LogPluginManager: Mounting plugin localization for 'CHR_SBK_Furnace'...
[2026.09.01-02.53.07:140][  0]LogGameFeatures: Display: Game feature 'CHR_SBK_Furnace' transitioned successfully. Ending state: Active [Active, Active]
[2026.09.01-02.53.07:140][  0]LogShaderLibrary: Display: Opening a chunked shader library for plugin 'CHR_SBK_T200' is ignored. Chunked libraries for plugins are not supported.
[2026.09.01-02.53.07:142][  0]LogPluginManager: Mounting plugin localization for 'CHR_SBK_T200'...
[2026.09.01-02.53.07:142][  0]LogGameFeatures: Display: Game feature 'CHR_SBK_T200' transitioned successfully. Ending state: Active [Active, Active]
[2026.09.01-02.53.07:142][  0]LogShaderLibrary: Display: Opening a chunked shader library for plugin 'CHR_SBK_CaptainBlud' is ignored. Chunked libraries for plugins are not supported.
[2026.09.01-02.53.07:144][  0]LogPluginManager: Mounting plugin localization for 'CHR_SBK_CaptainBlud'...
[2026.09.01-02.53.07:144][  0]LogGameFeatures: Display: Game feature 'CHR_SBK_CaptainBlud' transitioned successfully. Ending state: Active [Active, Active]
[2026.09.01-02.53.07:144][  0]LogShaderLibrary: Display: Opening a chunked shader library for plugin 'CHR_SBK_Sima' is ignored. Chunked libraries for plugins are not supported.
[2026.09.01-02.53.07:146][  0]LogPluginManager: Mounting plugin localization for 'CHR_SBK_Sima'...
[2026.09.01-02.53.07:146][  0]LogGameFeatures: Display: Game feature 'CHR_SBK_Sima' transitioned successfully. Ending state: Active [Active, Active]
[2026.09.01-02.53.07:147][  0]LogShaderLibrary: Display: Opening a chunked shader library for plugin 'CHR_SBK_Riko' is ignored. Chunked libraries for plugins are not supported.
[2026.09.01-02.53.07:151][  0]LogPluginManager: Mounting plugin localization for 'CHR_SBK_Riko'...
[2026.09.01-02.53.07:151][  0]LogGameFeatures: Display: Game feature 'CHR_SBK_Riko' transitioned successfully. Ending state: Active [Active, Active]
[2026.09.01-02.53.07:151][  0]LogShaderLibrary: Display: Opening a chunked shader library for plugin 'CHR_SBK_Mechanic' is ignored. Chunked libraries for plugins are not supported.
[2026.09.01-02.53.07:154][  0]LogPluginManager: Mounting plugin localization for 'CHR_SBK_Mechanic'...
[2026.09.01-02.53.07:154][  0]LogGameFeatures: Display: Game feature 'CHR_SBK_Mechanic' transitioned successfully. Ending state: Active [Active, Active]
[2026.09.01-02.53.07:154][  0]LogShaderLibrary: Display: Opening a chunked shader library for plugin 'CHR_SBK_MartianCowgirl' is ignored. Chunked libraries for plugins are not supported.
[2026.09.01-02.53.07:155][  0]LogPluginManager: Mounting plugin localization for 'CHR_SBK_MartianCowgirl'...
[2026.09.01-02.53.07:155][  0]LogGameFeatures: Display: Game feature 'CHR_SBK_MartianCowgirl' transitioned successfully. Ending state: Active [Active, Active]
[2026.09.01-02.53.07:156][  0]LogShaderLibrary: Display: Opening a chunked shader library for plugin 'CHR_SBK_Heisler' is ignored. Chunked libraries for plugins are not supported.
[2026.09.01-02.53.07:157][  0]LogPluginManager: Mounting plugin localization for 'CHR_SBK_Heisler'...
[2026.09.01-02.53.07:158][  0]LogGameFeatures: Display: Game feature 'CHR_SBK_Heisler' transitioned successfully. Ending state: Active [Active, Active]
[2026.09.01-02.53.07:158][  0]LogShaderLibrary: Display: Opening a chunked shader library for plugin 'CHR_SBK_Greta' is ignored. Chunked libraries for plugins are not supported.
[2026.09.01-02.53.07:159][  0]LogPluginManager: Mounting plugin localization for 'CHR_SBK_Greta'...
[2026.09.01-02.53.07:160][  0]LogGameFeatures: Display: Game feature 'CHR_SBK_Greta' transitioned successfully. Ending state: Active [Active, Active]
[2026.09.01-02.53.07:160][  0]LogShaderLibrary: Display: Opening a chunked shader library for plugin 'CHR_SBK_Ekki' is ignored. Chunked libraries for plugins are not supported.
[2026.09.01-02.53.07:161][  0]LogPluginManager: Mounting plugin localization for 'CHR_SBK_Ekki'...
[2026.09.01-02.53.07:161][  0]LogGameFeatures: Display: Game feature 'CHR_SBK_Ekki' transitioned successfully. Ending state: Active [Active, Active]
[2026.09.01-02.53.07:161][  0]LogShaderLibrary: Display: Opening a chunked shader library for plugin 'CHR_SBK_Aegis' is ignored. Chunked libraries for plugins are not supported.
[2026.09.01-02.53.07:163][  0]LogPluginManager: Mounting plugin localization for 'CHR_SBK_Aegis'...
[2026.09.01-02.53.07:163][  0]LogGameFeatures: Display: Game feature 'CHR_SBK_Aegis' transitioned successfully. Ending state: Active [Active, Active]
[2026.09.01-02.53.07:164][  0]LogShaderLibrary: Display: Opening a chunked shader library for plugin 'MOD_PracticeRange' is ignored. Chunked libraries for plugins are not supported.
[2026.09.01-02.53.07:165][  0]LogPluginManager: Mounting plugin localization for 'MOD_PracticeRange'...
[2026.09.01-02.53.07:165][  0]LogGameFeatures: Display: Game feature 'MOD_PracticeRange' transitioned successfully. Ending state: Active [Active, Active]
[2026.09.01-02.53.07:166][  0]LogShaderLibrary: Display: Opening a chunked shader library for plugin 'MOD_CapturePoints' is ignored. Chunked libraries for plugins are not supported.
[2026.09.01-02.53.07:167][  0]LogPluginManager: Mounting plugin localization for 'MOD_CapturePoints'...
[2026.09.01-02.53.07:169][  0]LogGameFeatures: Display: Game feature 'MOD_CapturePoints' transitioned successfully. Ending state: Active [Active, Active]
[2026.09.01-02.53.07:169][  0]LogShaderLibrary: Display: Opening a chunked shader library for plugin 'CHR_MER_Torch' is ignored. Chunked libraries for plugins are not supported.
[2026.09.01-02.53.07:171][  0]LogPluginManager: Mounting plugin localization for 'CHR_MER_Torch'...
[2026.09.01-02.53.07:171][  0]LogGameFeatures: Display: Game feature 'CHR_MER_Torch' transitioned successfully. Ending state: Active [Active, Active]
[2026.09.01-02.53.07:171][  0]LogShaderLibrary: Display: Opening a chunked shader library for plugin 'CHR_MER_Ptero' is ignored. Chunked libraries for plugins are not supported.
[2026.09.01-02.53.07:172][  0]LogPluginManager: Mounting plugin localization for 'CHR_MER_Ptero'...
[2026.09.01-02.53.07:172][  0]LogGameFeatures: Display: Game feature 'CHR_MER_Ptero' transitioned successfully. Ending state: Active [Active, Active]
[2026.09.01-02.53.07:173][  0]LogShaderLibrary: Display: Opening a chunked shader library for plugin 'CHR_MER_77' is ignored. Chunked libraries for plugins are not supported.
[2026.09.01-02.53.07:175][  0]LogPluginManager: Mounting plugin localization for 'CHR_MER_77'...
[2026.09.01-02.53.07:175][  0]LogGameFeatures: Display: Game feature 'CHR_MER_77' transitioned successfully. Ending state: Active [Active, Active]
[2026.09.01-02.53.07:175][  0]LogShaderLibrary: Display: Opening a chunked shader library for plugin 'CHR_MER_PirateQueen' is ignored. Chunked libraries for plugins are not supported.
[2026.09.01-02.53.07:178][  0]LogPluginManager: Mounting plugin localization for 'CHR_MER_PirateQueen'...
[2026.09.01-02.53.07:178][  0]LogGameFeatures: Display: Game feature 'CHR_MER_PirateQueen' transitioned successfully. Ending state: Active [Active, Active]
[2026.09.01-02.53.07:178][  0]LogShaderLibrary: Display: Opening a chunked shader library for plugin 'CHR_MER_IronCrushUltra' is ignored. Chunked libraries for plugins are not supported.
[2026.09.01-02.53.07:179][  0]LogPluginManager: Mounting plugin localization for 'CHR_MER_IronCrushUltra'...
[2026.09.01-02.53.07:180][  0]LogGameFeatures: Display: Game feature 'CHR_MER_IronCrushUltra' transitioned successfully. Ending state: Active [Active, Active]
[2026.09.01-02.53.07:180][  0]LogShaderLibrary: Display: Opening a chunked shader library for plugin 'CHR_SBK_Klaus' is ignored. Chunked libraries for plugins are not supported.
[2026.09.01-02.53.07:181][  0]LogPluginManager: Mounting plugin localization for 'CHR_SBK_Klaus'...
[2026.09.01-02.53.07:182][  0]LogGameFeatures: Display: Game feature 'CHR_SBK_Klaus' transitioned successfully. Ending state: Active [Active, Active]
[2026.09.01-02.53.07:182][  0]LogShaderLibrary: Display: Opening a chunked shader library for plugin 'CHR_SBK_NandoUltra' is ignored. Chunked libraries for plugins are not supported.
[2026.09.01-02.53.07:183][  0]LogPluginManager: Mounting plugin localization for 'CHR_SBK_NandoUltra'...
[2026.09.01-02.53.07:183][  0]LogGameFeatures: Display: Game feature 'CHR_SBK_NandoUltra' transitioned successfully. Ending state: Active [Active, Active]
[2026.09.01-02.53.07:183][  0]LogShaderLibrary: Display: Opening a chunked shader library for plugin 'CHR_SBK_Panda' is ignored. Chunked libraries for plugins are not supported.
[2026.09.01-02.53.07:185][  0]LogPluginManager: Mounting plugin localization for 'CHR_SBK_Panda'...
[2026.09.01-02.53.07:185][  0]LogGameFeatures: Display: Game feature 'CHR_SBK_Panda' transitioned successfully. Ending state: Active [Active, Active]
[2026.09.01-02.53.07:185][  0]LogShaderLibrary: Display: Opening a chunked shader library for plugin 'CHR_SBK_CaptainBludUltra' is ignored. Chunked libraries for plugins are not supported.
[2026.09.01-02.53.07:187][  0]LogPluginManager: Mounting plugin localization for 'CHR_SBK_CaptainBludUltra'...
[2026.09.01-02.53.07:187][  0]LogGameFeatures: Display: Game feature 'CHR_SBK_CaptainBludUltra' transitioned successfully. Ending state: Active [Active, Active]
[2026.09.01-02.53.07:187][  0]LogShaderLibrary: Display: Opening a chunked shader library for plugin 'CHR_SBK_MetalGrinder' is ignored. Chunked libraries for plugins are not supported.
[2026.09.01-02.53.07:188][  0]LogPluginManager: Mounting plugin localization for 'CHR_SBK_MetalGrinder'...
[2026.09.01-02.53.07:188][  0]LogGameFeatures: Display: Game feature 'CHR_SBK_MetalGrinder' transitioned successfully. Ending state: Active [Active, Active]
[2026.09.01-02.53.07:188][  0]LogShaderLibrary: Display: Opening a chunked shader library for plugin 'CHR_SBK_Franky' is ignored. Chunked libraries for plugins are not supported.
[2026.09.01-02.53.07:190][  0]LogPluginManager: Mounting plugin localization for 'CHR_SBK_Franky'...
[2026.09.01-02.53.07:190][  0]LogGameFeatures: Display: Game feature 'CHR_SBK_Franky' transitioned successfully. Ending state: Active [Active, Active]
[2026.09.01-02.53.07:190][  0]LogShaderLibrary: Display: Opening a chunked shader library for plugin 'CHR_SBK_Piledriver' is ignored. Chunked libraries for plugins are not supported.
[2026.09.01-02.53.07:191][  0]LogPluginManager: Mounting plugin localization for 'CHR_SBK_Piledriver'...
[2026.09.01-02.53.07:191][  0]LogGameFeatures: Display: Game feature 'CHR_SBK_Piledriver' transitioned successfully. Ending state: Active [Active, Active]
[2026.09.01-02.53.07:191][  0]LogShaderLibrary: Display: Opening a chunked shader library for plugin 'CHR_SBK_Ash' is ignored. Chunked libraries for plugins are not supported.
[2026.09.01-02.53.07:194][  0]LogPluginManager: Mounting plugin localization for 'CHR_SBK_Ash'...
[2026.09.01-02.53.07:194][  0]LogGameFeatures: Display: Game feature 'CHR_SBK_Ash' transitioned successfully. Ending state: Active [Active, Active]
[2026.09.01-02.53.07:194][  0]LogShaderLibrary: Display: Opening a chunked shader library for plugin 'CHR_SBK_MartianCowgirlX' is ignored. Chunked libraries for plugins are not supported.
[2026.09.01-02.53.07:195][  0]LogPluginManager: Mounting plugin localization for 'CHR_SBK_MartianCowgirlX'...
[2026.09.01-02.53.07:195][  0]LogGameFeatures: Display: Game feature 'CHR_SBK_MartianCowgirlX' transitioned successfully. Ending state: Active [Active, Active]
[2026.09.01-02.53.07:196][  0]LogShaderLibrary: Display: Opening a chunked shader library for plugin 'CHR_SBK_Vanguard' is ignored. Chunked libraries for plugins are not supported.
[2026.09.01-02.53.07:197][  0]LogPluginManager: Mounting plugin localization for 'CHR_SBK_Vanguard'...
[2026.09.01-02.53.07:197][  0]LogGameFeatures: Display: Game feature 'CHR_SBK_Vanguard' transitioned successfully. Ending state: Active [Active, Active]
[2026.09.01-02.53.07:197][  0]LogShaderLibrary: Display: Opening a chunked shader library for plugin 'CHR_SBK_Theory' is ignored. Chunked libraries for plugins are not supported.
[2026.09.01-02.53.07:199][  0]LogPluginManager: Mounting plugin localization for 'CHR_SBK_Theory'...
[2026.09.01-02.53.07:199][  0]LogGameFeatures: Display: Game feature 'CHR_SBK_Theory' transitioned successfully. Ending state: Active [Active, Active]
[2026.09.01-02.53.07:199][  0]LogShaderLibrary: Display: Opening a chunked shader library for plugin 'MAP_Training' is ignored. Chunked libraries for plugins are not supported.
[2026.09.01-02.53.07:202][  0]LogPluginManager: Mounting plugin localization for 'MAP_Training'...
[2026.09.01-02.53.07:202][  0]LogGameFeatures: Display: Game feature 'MAP_Training' transitioned successfully. Ending state: Active [Active, Active]
[2026.09.01-02.53.07:202][  0]LogShaderLibrary: Display: Opening a chunked shader library for plugin 'MOD_Hangman' is ignored. Chunked libraries for plugins are not supported.
[2026.09.01-02.53.07:207][  0]LogPluginManager: Mounting plugin localization for 'MOD_Hangman'...
[2026.09.01-02.53.07:213][  0]LogGameFeatures: Display: Game feature 'MOD_Hangman' transitioned successfully. Ending state: Active [Active, Active]
[2026.09.01-02.53.07:213][  0]LogShaderLibrary: Display: Opening a chunked shader library for plugin 'MOD_FTUE' is ignored. Chunked libraries for plugins are not supported.
[2026.09.01-02.53.07:215][  0]LogPluginManager: Mounting plugin localization for 'MOD_FTUE'...
[2026.09.01-02.53.07:215][  0]LogGameFeatures: Display: Game feature 'MOD_FTUE' transitioned successfully. Ending state: Active [Active, Active]
[2026.09.01-02.53.07:216][  0]LogShaderLibrary: Display: Opening a chunked shader library for plugin 'CHR_MER_TorchUltra' is ignored. Chunked libraries for plugins are not supported.
[2026.09.01-02.53.07:217][  0]LogPluginManager: Mounting plugin localization for 'CHR_MER_TorchUltra'...
[2026.09.01-02.53.07:217][  0]LogGameFeatures: Display: Game feature 'CHR_MER_TorchUltra' transitioned successfully. Ending state: Active [Active, Active]
[2026.09.01-02.53.07:218][  0]LogShaderLibrary: Display: Opening a chunked shader library for plugin 'CHR_MER_77Ultra' is ignored. Chunked libraries for plugins are not supported.
[2026.09.01-02.53.07:219][  0]LogPluginManager: Mounting plugin localization for 'CHR_MER_77Ultra'...
[2026.09.01-02.53.07:219][  0]LogGameFeatures: Display: Game feature 'CHR_MER_77Ultra' transitioned successfully. Ending state: Active [Active, Active]
[2026.09.01-02.53.07:220][  0]LogShaderLibrary: Display: Opening a chunked shader library for plugin 'CHR_MER_PirateQueenUltra' is ignored. Chunked libraries for plugins are not supported.
[2026.09.01-02.53.07:222][  0]LogPluginManager: Mounting plugin localization for 'CHR_MER_PirateQueenUltra'...
[2026.09.01-02.53.07:222][  0]LogGameFeatures: Display: Game feature 'CHR_MER_PirateQueenUltra' transitioned successfully. Ending state: Active [Active, Active]
[2026.09.01-02.53.07:222][  0]LogShaderLibrary: Display: Opening a chunked shader library for plugin 'CHR_SBK_MetalGrinderUltra' is ignored. Chunked libraries for plugins are not supported.
[2026.09.01-02.53.07:223][  0]LogPluginManager: Mounting plugin localization for 'CHR_SBK_MetalGrinderUltra'...
[2026.09.01-02.53.07:224][  0]LogGameFeatures: Display: Game feature 'CHR_SBK_MetalGrinderUltra' transitioned successfully. Ending state: Active [Active, Active]
[2026.09.01-02.53.07:224][  0]LogShaderLibrary: Display: Opening a chunked shader library for plugin 'CHR_SBK_HMM' is ignored. Chunked libraries for plugins are not supported.
[2026.09.01-02.53.07:226][  0]LogPluginManager: Mounting plugin localization for 'CHR_SBK_HMM'...
[2026.09.01-02.53.07:226][  0]LogGameFeatures: Display: Game feature 'CHR_SBK_HMM' transitioned successfully. Ending state: Active [Active, Active]
[2026.09.01-02.53.07:227][  0]LogShaderLibrary: Display: Opening a chunked shader library for plugin 'EVT_S1_INF' is ignored. Chunked libraries for plugins are not supported.
[2026.09.01-02.53.07:229][  0]LogPluginManager: Mounting plugin localization for 'EVT_S1_INF'...
[2026.09.01-02.53.07:229][  0]LogGameFeatures: Display: Game feature 'EVT_S1_INF' transitioned successfully. Ending state: Active [Active, Active]
[2026.09.01-02.53.07:229][  0]LogShaderLibrary: Display: Opening a chunked shader library for plugin 'CHR_SBK_Jab' is ignored. Chunked libraries for plugins are not supported.
[2026.09.01-02.53.07:231][  0]LogPluginManager: Mounting plugin localization for 'CHR_SBK_Jab'...
[2026.09.01-02.53.07:231][  0]LogGameFeatures: Display: Game feature 'CHR_SBK_Jab' transitioned successfully. Ending state: Active [Active, Active]
[2026.09.01-02.53.07:231][  0]LogShaderLibrary: Display: Opening a chunked shader library for plugin 'CHR_SBK_JabUltra' is ignored. Chunked libraries for plugins are not supported.
[2026.09.01-02.53.07:233][  0]LogPluginManager: Mounting plugin localization for 'CHR_SBK_JabUltra'...
[2026.09.01-02.53.07:233][  0]LogGameFeatures: Display: Game feature 'CHR_SBK_JabUltra' transitioned successfully. Ending state: Active [Active, Active]
[2026.09.01-02.53.07:233][  0]LogStats: BuiltInGameFeaturePlugins loaded. -  1.187 s
[2026.09.01-02.53.07:243][  0]LogWwiseResourceLoader: GetLanguageMapKey: Could not find language English(US) while processing asset None.
[2026.09.01-02.53.07:243][  0]LogWwiseResourceLoader: Error: CreateEventNode: Could not find language for Event None (0)
[2026.09.01-02.53.07:270][  0]LogAkAudio: UAkAudioEvent::LoadEventData(play_crowd_kill_streak_switch): Could not LoadEvent
[2026.09.01-02.53.07:270][  0]LogNetVersion: Set ProjectVersion to 3.1. Version Checksum will be recalculated on next use.
[2026.09.01-02.53.07:270][  0]LogInit: Texture streaming: Enabled
[2026.09.01-02.53.07:272][  0]LogTemp: Warning: Apply no frame generation on boot
[2026.09.01-02.53.07:272][  0]LogTemp: Warning: Apply no frame generation on boot
[2026.09.01-02.53.07:431][  0]LogCC1047Objects: Loaded 886 actor descriptors
[2026.09.01-02.53.07:431][  0]LogAT1047InputRecorderSubsystem: Display: [UAT1047InputRecorderSubsystem::ResetSettingsToDefaults] Settings reset to defaults from InputRecorderSettings
[2026.09.01-02.53.07:434][  0]LogChartCreation: Started creating FPS charts at 16777401.445299 seconds
[2026.09.01-02.53.07:436][  0]LogMerlin: Merlin Client Loading from: ..\..\..\RemappedPlugins\1047\MerlinAntiCheat\ThirdParty\equ8_client
[2026.09.01-02.53.08:537][  0]LogPackageLocalizationCache: Processed 550 localized package path(s) for 2 prioritized culture(s) in 0.001637 seconds
[2026.09.01-02.53.08:537][  0]LogSlate: Warning: FontCache flush requested. Reason: Culture for localization was changed
[2026.09.01-02.53.08:537][  0]LogSlate: Warning: FontCache flush requested. Reason: Culture for localization was changed
[2026.09.01-02.53.08:554][  0]LogScript: Warning: Script Msg: -- Null obj
[2026.09.01-02.53.08:659][  0]LogSlate: InvalidateAllWidgets triggered.  All widgets were invalidated
[2026.09.01-02.53.08:661][  0]LogOnline: STEAM: Steam User is subscribed 1
[2026.09.01-02.53.08:661][  0]LogOnline: STEAM: [AppId: 2918300] Client API initialized 1
[2026.09.01-02.53.08:662][  0]LogOnline: OSS: Created online subsystem instance for: Steam
[2026.09.01-02.53.08:663][  0]LogSlate: Updating window title bar state: overlay mode, drag disabled, window buttons hidden, title bar hidden
[2026.09.01-02.53.08:665][  0]Core1047InputUserSettings: Warning: DetermineHardwareDeviceForActionMapping, invalid Key found while registering IMCs!
[2026.09.01-02.53.08:666][  0]Core1047InputUserSettings: Warning: DetermineHardwareDeviceForActionMapping, invalid Key found while registering IMCs!
[2026.09.01-02.53.08:666][  0]LogEnhancedInput: Warning: A key profile with the name 'InputUserSettings.Profiles.Default' already exists! Use a different name.
[2026.09.01-02.53.08:666][  0]LogCore1047InputSubsystem: Apply input mode: ECore1047InputMethod::MouseAndKeyboard
[2026.09.01-02.53.08:666][  0]LogEnhancedInput: Error: [SetInputMode] Null player input, unable to set the input mode to '(GameplayTags=((TagName="InputMode.KBM")))'
[2026.09.01-02.53.08:727][  0]LogSubsystemCollection: Failed to initialize subsystem dependency (OF1047LobbyInviteSubsystem)
[2026.09.01-02.53.08:727][  0]LogInit: Display: Game Engine Initialized.
[2026.09.01-02.53.08:800][  0]LogScript: Warning: Script Msg: -- No world: /Game/DataRegistry/DR_Weapons.DR_Weapons:OF1047DataRegistrySource_RemoteConfiguration_0
[2026.09.01-02.53.08:803][  0]LogDLSS: FDLSSModule::StartupModule Enter
[2026.09.01-02.53.08:803][  0]LogDLSS: PluginBaseDir ../../../Engine/Plugins/Marketplace/NVIDIA/DLSS
[2026.09.01-02.53.08:803][  0]LogDLSS: NGXBinariesDir ../../../Engine/Plugins/Marketplace/NVIDIA/DLSS/Binaries/ThirdParty/Win64/
[2026.09.01-02.53.08:803][  0]LogDLSS: GDynamicRHIName NVIDIA D3D12
[2026.09.01-02.53.08:803][  0]LogDLSS: Plugin settings: NGXAppId = 0
[2026.09.01-02.53.08:803][  0]LogDLSS: NGX Application ID not specified, using the Project ID by default.
[2026.09.01-02.53.08:803][  0]LogDLSSNGXRHI: FNGXRHIModule::StartupModule Enter
[2026.09.01-02.53.08:803][  0]LogDLSSNGXRHI: FNGXRHIModule::StartupModule Leave
[2026.09.01-02.53.08:803][  0]LogDLSSNGXRHI: Searching for custom and generic DLSS binaries
[2026.09.01-02.53.08:803][  0]LogDLSSNGXRHI: NVIDIA NGX DLSS binary nvngx_dlss.dll not found in search path S:\steamapps\common\Splitgate 2\PortalWars2\Binaries\ThirdParty\NVIDIA\NGX\Win64\
[2026.09.01-02.53.08:803][  0]LogDLSSNGXRHI: NVIDIA NGX DLSS binary nvngx_dlss.dll not found in search path S:\steamapps\common\Splitgate 2\PortalWars2\Binaries\Win64\Binaries\ThirdParty\NVIDIA\NGX\Win64\
[2026.09.01-02.53.08:803][  0]LogDLSSNGXRHI: NVIDIA NGX DLSS binary nvngx_dlss.dll found in search path S:\steamapps\common\Splitgate 2\Engine\Plugins\Marketplace\NVIDIA\DLSS\Binaries\ThirdParty\Win64\
[2026.09.01-02.53.08:803][  0]LogDLSSNGXRHI: DLSS model OTA update enabled
[2026.09.01-02.53.08:819][  0]LogDLSSNGX: [SDK]: [2026-09-01 03:53:08] [NGXSafeInitializeLog:141] App logging hooks successfully initialized
[2026.09.01-02.53.08:819][  0]LogDLSSNGX: [SDK]: [2026-09-01 03:53:08] [NGXLoadLibrary:287] error: failed to load NGXCore: 126 (S:\steamapps\common\Splitgate 2\PortalWars2\Binaries\Win64\_nvngx.dll)
[2026.09.01-02.53.08:819][  0]LogDLSSNGX: [SDK]: [2026-09-01 03:53:08] [NGXLoadLibrary:287] error: failed to load NGXCore: 126 (S:\steamapps\common\Splitgate 2\PortalWars2\Binaries\Win64\nvngx.dll)
[2026.09.01-02.53.08:829][  0]LogDLSSNGX: [SDK]: [2026-09-01 03:53:08] [NGXLoadCoreLibrary:240] Loading C:\Windows\System32\_nvngx.dll succeeded
[2026.09.01-02.53.08:830][  0]LogDLSSNGX: [Core]: [2026-09-01 03:53:08] [NGXSafeInitializeLog:139] App logging hooks successfully initialized
[2026.09.01-02.53.08:830][  0]LogDLSSNGX: [DLSS]: [2026-09-01 03:53:08] [tid:480][NGXInitLog:219] App logging hooks successfully initialized
[2026.09.01-02.53.08:830][  0]LogDLSSNGX: [DLSS]: [2026-09-01 03:53:08] [tid:480][NGXInitLog:226] Built with APP_NAME = default_nda
[2026.09.01-02.53.08:830][  0]LogDLSSNGX: [Core]: [2026-09-01 03:53:08] [NGXReportStatusFeedback:1073] Override shared memory open failure
[2026.09.01-02.53.08:830][  0]LogDLSSNGX: [Core]: [2026-09-01 03:53:08] [NGXReportStatusFeedback:1073] Override shared memory open failure
[2026.09.01-02.53.08:830][  0]LogDLSSNGX: [DLSS]: [2026-09-01 03:53:08] [tid:480][NGXInitLog:219] App logging hooks successfully initialized
[2026.09.01-02.53.08:830][  0]LogDLSSNGX: [DLSS]: [2026-09-01 03:53:08] [tid:480][NGXInitLog:226] Built with APP_NAME = app_transformer_dlssd
[2026.09.01-02.53.08:830][  0]LogDLSSNGXD3D12RHI: NVSDK_NGX_D3D12_Init_with_ProjectID(ProjectID = 067482974316BA5673AD7FB2FB601799, EngineVersion=5.5, APIVersion = 0x15, Device=00000000590A0080) -> (1 NVSDK_NGX_Result_Success)
[2026.09.01-02.53.08:830][  0]LogDLSSNGXD3D12RHI: NVSDK_NGX_D3D12_Init (Log C:/USERS/REDACTED/AppData/Local/PortalWars2/Saved/Logs/) -> (1 NVSDK_NGX_Result_Success)
[2026.09.01-02.53.08:830][  0]LogDLSSNGXD3D12RHI: NVSDK_NGX_D3D12_GetCapabilityParameters -> (1 NVSDK_NGX_Result_Success)
[2026.09.01-02.53.08:830][  0]LogDLSSNGXRHI: Get NVSDK_NGX_Parameter_SuperSampling_NeedsUpdatedDriver -> (1 NVSDK_NGX_Result_Success), bNeedsUpdatedDriver = 0
[2026.09.01-02.53.08:830][  0]LogDLSSNGXRHI: Get NVSDK_NGX_Parameter_SuperSampling_MinDriverVersionMajor -> (1 NVSDK_NGX_Result_Success), MinDriverVersionMajor = 470
[2026.09.01-02.53.08:830][  0]LogDLSSNGXRHI: Get NVSDK_NGX_Parameter_SuperSampling_MinDriverVersionMinor -> (1 NVSDK_NGX_Result_Success), MinDriverVersionMinor = 0
[2026.09.01-02.53.08:830][  0]LogDLSSNGXRHI: Get NVSDK_NGX_Parameter_SuperSamplingDenoising_NeedsUpdatedDriver -> (1 NVSDK_NGX_Result_Success), bNeedsUpdatedDriver = 0
[2026.09.01-02.53.08:830][  0]LogDLSSNGXRHI: Get NVSDK_NGX_Parameter_SuperSamplingDenoising_MinDriverVersionMajor -> (1 NVSDK_NGX_Result_Success), MinDriverVersionMajor = 537
[2026.09.01-02.53.08:830][  0]LogDLSSNGXRHI: Get NVSDK_NGX_Parameter_SuperSamplingDenoising_MinDriverVersionMinor -> (1 NVSDK_NGX_Result_Success), MinDriverVersionMinor = 2
[2026.09.01-02.53.08:830][  0]LogDLSSNGXRHI: NVIDIA NGX DLSS is supported by the currently installed driver. Minimum driver version was reported as: 470.0
[2026.09.01-02.53.08:830][  0]LogDLSSNGXRHI: NVIDIA NGX DLSS-RR is supported by the currently installed driver. Minimum driver version was reported as: 537.2
[2026.09.01-02.53.08:830][  0]LogDLSSNGXRHI: Get NVSDK_NGX_EParameter_SuperSampling_Available -> (1 NVSDK_NGX_Result_Success), DlssAvailable = 1
[2026.09.01-02.53.08:830][  0]LogDLSSNGXRHI: Get NVSDK_NGX_Parameter_SuperSamplingDenoising_Available -> (1 NVSDK_NGX_Result_Success), DlssRRAvailable = 1
[2026.09.01-02.53.08:830][  0]LogDLSSNGXRHI: NGX_DLSS_GET_OPTIMAL_SETTINGS -> (1 NVSDK_NGX_Result_Success)
[2026.09.01-02.53.08:830][  0]LogDLSS: QualityMode -2: bSupported = 1, ResolutionFraction = 0.3330. MinResolutionFraction=0.3330,  MaxResolutionFraction 0.3330
[2026.09.01-02.53.08:830][  0]LogDLSSNGXRHI: NGX_DLSS_GET_OPTIMAL_SETTINGS -> (1 NVSDK_NGX_Result_Success)
[2026.09.01-02.53.08:830][  0]LogDLSS: QualityMode -1: bSupported = 1, ResolutionFraction = 0.5000. MinResolutionFraction=0.5000,  MaxResolutionFraction 1.0000
[2026.09.01-02.53.08:830][  0]LogDLSSNGXRHI: NGX_DLSS_GET_OPTIMAL_SETTINGS -> (1 NVSDK_NGX_Result_Success)
[2026.09.01-02.53.08:830][  0]LogDLSS: QualityMode 0: bSupported = 1, ResolutionFraction = 0.5800. MinResolutionFraction=0.5000,  MaxResolutionFraction 1.0000
[2026.09.01-02.53.08:830][  0]LogDLSSNGXRHI: NGX_DLSS_GET_OPTIMAL_SETTINGS -> (1 NVSDK_NGX_Result_Success)
[2026.09.01-02.53.08:830][  0]LogDLSS: QualityMode 1: bSupported = 1, ResolutionFraction = 0.6670. MinResolutionFraction=0.5000,  MaxResolutionFraction 1.0000
[2026.09.01-02.53.08:830][  0]LogDLSSNGXRHI: NGX_DLSS_GET_OPTIMAL_SETTINGS -> (1 NVSDK_NGX_Result_Success)
[2026.09.01-02.53.08:830][  0]LogDLSS: QualityMode 2: bSupported = 0, ResolutionFraction = 0.0000. MinResolutionFraction=0.0000,  MaxResolutionFraction 0.0000
[2026.09.01-02.53.08:830][  0]LogDLSSNGXRHI: NGX_DLSS_GET_OPTIMAL_SETTINGS -> (1 NVSDK_NGX_Result_Success)
[2026.09.01-02.53.08:830][  0]LogDLSS: QualityMode 3: bSupported = 1, ResolutionFraction = 1.0000. MinResolutionFraction=0.9900,  MaxResolutionFraction 1.0000
[2026.09.01-02.53.08:830][  0]LogDLSS: NumRuntimeQualityModes=5, MinDynamicResolutionFraction=0.5000,  MaxDynamicResolutionFraction=1.0000
[2026.09.01-02.53.08:830][  0]LogDLSS: NVIDIA NGX DLSS supported SR=1 RR=1
[2026.09.01-02.53.08:830][  0]LogDLSS: FDLSSDenoiserWrapper(Inactive) wrapping ScreenSpaceDenoiser
[2026.09.01-02.53.08:830][  0]LogDLSS: FDLSSModule::StartupModule Leave
[2026.09.01-02.53.08:830][  0]LogNIS: FNISCoreModule::StartupModule Enter
[2026.09.01-02.53.08:830][  0]LogNIS: FNISCoreModule::StartupModule Leave
[2026.09.01-02.53.08:830][  0]LogStreamline: FStreamlineCoreModule::StartupModule Enter
[2026.09.01-02.53.08:830][  0]LogStreamlineRHI: SLisFeatureSupported(kFeatureDLSS_G) -> (31, Result::eErrorFeatureMissing)
[2026.09.01-02.53.08:830][  0]LogStreamlineRHI: SLisFeatureSupported(kFeatureDeepDVC) -> (31, Result::eErrorFeatureMissing)
[2026.09.01-02.53.08:830][  0]LogStreamline: RegisterStreamlineReflexHooks Enter
[2026.09.01-02.53.08:830][  0]LogStreamline: Reflex plugin enabled, which is incompatible with the Reflex implementation provided by this Streamline UE plugin
[2026.09.01-02.53.08:830][  0]LogStreamline: Unregistering the Reflex plugin related modular features. The Reflex plugin Blueprint library is expected to continue to work 🤞.
[2026.09.01-02.53.08:830][  0]LogStreamline: Unregistering MaxTickRateHandler 0000000033829888 
[2026.09.01-02.53.08:830][  0]LogStreamline: Unregistering LatencyMarker 00000000588482C8 
[2026.09.01-02.53.08:830][  0]LogStreamline: Unregistering LatencyMarker 0000000058A82C88 
[2026.09.01-02.53.08:830][  0]LogStreamlineRHI: SLisFeatureSupported(kFeatureReflex) -> (0, Result::eOk)
[2026.09.01-02.53.08:830][  0]LogStreamlineRHI: SLgetFeatureVersion(kFeatureReflex)  versionSL = 2.7.30, versionNGX = 0.0.0 -> (0, Result::eOk)
[2026.09.01-02.53.08:830][  0]LogStreamlineRHI: SLgetFeatureRequirements(kFeatureReflex) -> (0, Result::eOk)
[2026.09.01-02.53.08:830][  0]LogStreamlineRHI: FeatureRequirements kFeatureReflex: flags FeatureRequirementFlags::eVulkanSupported|FeatureRequirementFlags::eD3D12Supported|FeatureRequirementFlags::eD3D11Supported
[2026.09.01-02.53.08:830][  0]LogStreamlineRHI: maxNumCPUThreads : 0
[2026.09.01-02.53.08:830][  0]LogStreamlineRHI: maxNumViewports  : 0
[2026.09.01-02.53.08:830][  0]LogStreamlineRHI: osVersion     detected: 10.0.19045, required: 10.0.0
[2026.09.01-02.53.08:830][  0]LogStreamlineRHI: driverVersion detected: 610.57.0, required: 512.15.0
[2026.09.01-02.53.08:830][  0]LogStreamlineRHI: requiredTags (0): {}
[2026.09.01-02.53.08:830][  0]LogStreamline: FStreamlineMaxTickRateHandler::Initialize sl::ReflexState::lowLatencyAvailable=1
[2026.09.01-02.53.08:830][  0]LogStreamline: FStreamlineMaxTickRateHandler::Initialize sl::ReflexState::latencyReportAvailable=1
[2026.09.01-02.53.08:830][  0]LogStreamline: FStreamlineLatencyMarkers::Initialize sl::ReflexState::flashIndicatorDriverControlled=1
[2026.09.01-02.53.08:830][  0]LogStreamline: RegisterStreamlineReflexHooks Leave
[2026.09.01-02.53.08:830][  0]LogStreamlineRHI: SLisFeatureSupported(kFeatureImGUI) -> (31, Result::eErrorFeatureMissing)
[2026.09.01-02.53.08:830][  0]LogStreamline: NVIDIA Streamline supported 1
[2026.09.01-02.53.08:830][  0]LogStreamline: FStreamlineCoreModule::StartupModule Leave
[2026.09.01-02.53.08:831][  0]LogStreamlineRHI: SLisFeatureSupported(kFeaturePCL) -> (0, Result::eOk)
[2026.09.01-02.53.08:831][  0]LogStreamlineRHI: SLgetFeatureVersion(kFeaturePCL)  versionSL = 2.7.30, versionNGX = 0.0.0 -> (0, Result::eOk)
[2026.09.01-02.53.08:831][  0]LogStreamlineRHI: SLgetFeatureRequirements(kFeaturePCL) -> (0, Result::eOk)
[2026.09.01-02.53.08:831][  0]LogStreamlineRHI: FeatureRequirements kFeaturePCL: flags FeatureRequirementFlags::eVulkanSupported|FeatureRequirementFlags::eD3D12Supported|FeatureRequirementFlags::eD3D11Supported
[2026.09.01-02.53.08:831][  0]LogStreamlineRHI: maxNumCPUThreads : 0
[2026.09.01-02.53.08:831][  0]LogStreamlineRHI: maxNumViewports  : 0
[2026.09.01-02.53.08:831][  0]LogStreamlineRHI: osVersion     detected: 10.0.19045, required: 10.0.0
[2026.09.01-02.53.08:831][  0]LogStreamlineRHI: driverVersion detected: 610.57.0, required: 512.15.0
[2026.09.01-02.53.08:831][  0]LogStreamlineRHI: requiredTags (0): {}
[2026.09.01-02.53.08:831][  0]LogStreaming: Warning: Failed to read file '../../../Engine/Plugins/Runtime/SunPosition/Resources/SunPosition.png' error.
[2026.09.01-02.53.08:831][  0]LogSlate: Could not find file for Slate resource: ../../../Engine/Plugins/Runtime/SunPosition/Resources/SunPosition.png
[2026.09.01-02.53.08:836][  0]LogCore1047SettingsRegistry: Error: Could not create setting instance: Definition for tag [Settings.Video] has a null ValueType
[2026.09.01-02.53.08:836][  0]LogCore1047SettingsRegistry: Error: Could not create setting instance: Definition for tag [Settings.Video.General] has a null ValueType
[2026.09.01-02.53.08:836][  0]LogCore1047SettingsRegistry: Error: Could not create setting instance: Definition for tag [Settings.Video.Advanced] has a null ValueType
[2026.09.01-02.53.08:836][  0]LogCore1047SettingsRegistry: Error: Could not create setting instance: Definition for tag [Settings.Video.SuperRes] has a null ValueType
[2026.09.01-02.53.08:836][  0]LogCore1047SettingsRegistry: Error: Could not create setting instance: Definition for tag [Settings.Video.FrameGen] has a null ValueType
[2026.09.01-02.53.08:836][  0]LogCore1047SettingsRegistry: Error: Could not create setting instance: Definition for tag [Settings.Video.LowLatency] has a null ValueType
[2026.09.01-02.53.08:837][  0]LogStreamlineRHI: SLisFeatureSupported(kFeatureReflex) -> (0, Result::eOk)
[2026.09.01-02.53.08:837][  0]LogStreamlineRHI: SLgetFeatureVersion(kFeatureReflex)  versionSL = 2.7.30, versionNGX = 0.0.0 -> (0, Result::eOk)
[2026.09.01-02.53.08:837][  0]LogStreamlineRHI: SLgetFeatureRequirements(kFeatureReflex) -> (0, Result::eOk)
[2026.09.01-02.53.08:837][  0]LogStreamlineRHI: FeatureRequirements kFeatureReflex: flags FeatureRequirementFlags::eVulkanSupported|FeatureRequirementFlags::eD3D12Supported|FeatureRequirementFlags::eD3D11Supported
[2026.09.01-02.53.08:837][  0]LogStreamlineRHI: maxNumCPUThreads : 0
[2026.09.01-02.53.08:837][  0]LogStreamlineRHI: maxNumViewports  : 0
[2026.09.01-02.53.08:837][  0]LogStreamlineRHI: osVersion     detected: 10.0.19045, required: 10.0.0
[2026.09.01-02.53.08:837][  0]LogStreamlineRHI: driverVersion detected: 610.57.0, required: 512.15.0
[2026.09.01-02.53.08:837][  0]LogStreamlineRHI: requiredTags (0): {}
[2026.09.01-02.53.08:837][  0]LogIris: FPolymorphicNetSerializerScriptStructCache::InitForType Updated CachedTypedIds for base PortalWarsHangmanPurchaseKeyData, NumCachedTypeIDs: 4
[2026.09.01-02.53.08:837][  0]LogIris: FPolymorphicNetSerializerScriptStructCache::InitForType Updated CachedTypedIds for base CF1047EditTransaction, NumCachedTypeIDs: 1
[2026.09.01-02.53.08:837][  0]LogIris: FPolymorphicNetSerializerScriptStructCache::InitForType Updated CachedTypedIds for base CF1047EditActionBase, NumCachedTypeIDs: 17
[2026.09.01-02.53.08:838][  0]LogIris: FPolymorphicNetSerializerScriptStructCache::InitForType Updated CachedTypedIds for base GF1047GameplayMessage, NumCachedTypeIDs: 11
[2026.09.01-02.53.08:838][  0]LogIris: FPolymorphicNetSerializerScriptStructCache::InitForType Updated CachedTypedIds for base GameplayEffectContext, NumCachedTypeIDs: 2
[2026.09.01-02.53.08:838][  0]LogIris: FPolymorphicNetSerializerScriptStructCache::InitForType Updated CachedTypedIds for base GameplayAbilityTargetData, NumCachedTypeIDs: 16
[2026.09.01-02.53.08:838][  0]LogIris: FPolymorphicNetSerializerScriptStructCache::InitForType Updated CachedTypedIds for base Core1047ReplicatedCommand, NumCachedTypeIDs: 4
[2026.09.01-02.53.08:838][  0]LogIris: FPolymorphicNetSerializerScriptStructCache::InitForType Updated CachedTypedIds for base RootMotionSource, NumCachedTypeIDs: 8
[2026.09.01-02.53.08:838][  0]LogInit: Display: Starting Game.
[2026.09.01-02.53.08:838][  0]LogGlobalStatus: UEngine::Browse Started Browse: "/Game/Maps/MainMenu/MainMenu?Name=Player"
[2026.09.01-02.53.08:838][  0]LogNet: Browse: /Game/Maps/MainMenu/MainMenu?Name=Player
[2026.09.01-02.53.08:838][  0]LogLoadingScreen: Showing loading screen when 'IsShowingInitialLoadingScreen()' is false.
[2026.09.01-02.53.08:838][  0]LogLoadingScreen: GameState hasn't yet replicated (it's null)
[2026.09.01-02.53.08:850][  0]LogRHI: ShaderPipelineCache: Batch mode changed (1): Size: 51 -> 50, Time: 16.000000 -> 16.000000
[2026.09.01-02.53.08:850][  0]LogCore: Display: Setting hang detector multiplier to 1.0000s. New hang duration: 0.0000s. New present duration: 0.0000s.
[2026.09.01-02.53.08:856][  0]LogSlate: InvalidateAllWidgets triggered.  All widgets were invalidated
[2026.09.01-02.53.08:886][  0]LogSlate: Slate font cache was flushed
[2026.09.01-02.53.08:886][  0]LogLoadingScreen: Loading screen showing: 1. Reason: GameState hasn't yet replicated (it's null)
[2026.09.01-02.53.08:887][  0]LogLoad: LoadMap: /Game/Maps/MainMenu/MainMenu?Name=Player
[2026.09.01-02.53.08:887][  0]LogWorld: BeginTearingDown for /Temp/Untitled_0
[2026.09.01-02.53.08:887][  0]LogWorld: UWorld::CleanupWorld for Untitled, bSessionEnded=true, bCleanupResources=true
[2026.09.01-02.53.08:887][  0]LogSlate: InvalidateAllWidgets triggered.  All widgets were invalidated
[2026.09.01-02.53.08:892][  0]LogActorPool: Clearing all actor pools
[2026.09.01-02.53.08:887][  0]LogAT1047InputRecorderSubsystem: Display: [UAT1047InputRecorderSubsystem::StopPlayback] All playback sessions stopped.
[2026.09.01-02.53.08:887][  0]LogGameplayMessageSubsystem: Warning: Trying to unregister an invalid Handle.
[2026.09.01-02.53.08:887][  0]LogGameplayMessageSubsystem: Warning: Trying to unregister an invalid Handle.
[2026.09.01-02.53.08:968][  0]LogUObjectHash: Compacting FUObjectHashTables data took   1.17ms
[2026.09.01-02.53.09:009][  0]LogMaterial: Error: Loading a material resource None with an invalid ShaderMap!
[2026.09.01-02.53.09:009][  0]LogMaterial: Error: Loading a material resource None with an invalid ShaderMap!
[2026.09.01-02.53.09:294][  0]LogMaterial: Error: Tried to access an uncooked shader map ID in a cooked application
[2026.09.01-02.53.09:294][  0]LogMaterial: Warning: Invalid shader map ID caching shaders for 'M_UI_SimpleBox', will use default material.
[2026.09.01-02.53.09:294][  0]LogMaterial: Can't compile M_UI_SimpleBox with cooked content, will use default material instead
[2026.09.01-02.53.09:298][  0]LogMaterial: Warning: [AssetLog] S:\steamapps\common\Splitgate 2\PortalWars2\Content\UI\Common\Materials\Backgrounds\Popups\M_UI_Popup_BLUR: Failed to compile Material Instance with Base M_UI_SimpleBox for platform PCD3D_SM6, Default Material will be used in game.

[2026.09.01-02.53.09:386][  0]LogCC1047Objects: Loaded 886 actor descriptors
[2026.09.01-02.53.09:387][  0]LogAT1047InputRecorderSubsystem: Display: [UAT1047InputRecorderSubsystem::ResetSettingsToDefaults] Settings reset to defaults from InputRecorderSettings
[2026.09.01-02.53.09:388][  0]LogSlate: Toggling fast path.  New State: 0
[2026.09.01-02.53.09:394][  0]LogWorldPartition: ULevel::OnLevelLoaded(MainMenu)(bIsOwningWorldGameWorld=1, bIsOwningWorldPartitioned=1, InitializeForMainWorld=1, InitializeForEditor=0, InitializeForGame=1)
[2026.09.01-02.53.09:394][  0]LogWorldPartition: Display: WorldPartition initialize started...
[2026.09.01-02.53.09:394][  0]LogWorldPartition: UWorldPartition::Initialize : World = /Game/Maps/MainMenu/MainMenu.MainMenu, World Type = Game, IsMainWorldPartition = 1, Location = V(0), Rotation = R(0), IsEditor = 0, IsGame = 1, IsPIEWorldTravel = 0, IsCooking = 0
[2026.09.01-02.53.09:394][  0]LogWorldPartition: UWorldPartition::Initialize Context : World NetMode = Standalone, IsServer = 0, IsDedicatedServer = 0, IsServerStreamingEnabled = 0, IsServerStreamingOutEnabled = 0, IsUsingMakingVisibleTransaction = 0, IsUsingMakingInvisibleTransaction = 0
[2026.09.01-02.53.09:394][  0]LogWorldPartition: Display: WorldPartition initialize took 135 us
[2026.09.01-02.53.09:394][  0]LogLoad: Game class is 'MainMenuGameMode_BP_C'
[2026.09.01-02.53.09:399][  0]LogWorld: Bringing World /Game/Maps/MainMenu/MainMenu.MainMenu up for play (max tick rate 60) at 2026.09.01-03.53.09
[2026.09.01-02.53.09:399][  0]LogWorld: Bringing up level for play took: 0.005228
[2026.09.01-02.53.09:400][  0]LogGameMode: FindPlayerStart: PATHS NOT DEFINED or NO PLAYERSTART with positive rating
[2026.09.01-02.53.09:400][  0]LogEnhancedInput: Warning: A key profile with the name 'InputUserSettings.Profiles.Player' already exists! Use a different name.
[2026.09.01-02.53.09:400][  0]LogEnhancedInput: Warning: A key profile with the name 'InputUserSettings.Profiles.Default' already exists! Use a different name.
[2026.09.01-02.53.09:400][  0]Core1047InputUserSettings: KeyRebinding_ReregisterPlayerProfile >> Ran!
[2026.09.01-02.53.09:400][  0]LogCore1047InputSubsystem: Apply input mode: ECore1047InputMethod::MouseAndKeyboard
[2026.09.01-02.53.09:400][  0]LogCC1047CustomMapSupport: Pre world begin play.
[2026.09.01-02.53.09:403][  0]LogStreamableManager: Display: RequestAsyncLoad() called with empty or only null assets!
[2026.09.01-02.53.09:403][  0]LogStreamableManager: Display: RequestAsyncLoad() called with empty or only null assets!
[2026.09.01-02.53.09:403][  0]LogScript: Warning: Script Msg: Attempted to access index 0 from array 'Textures' of length 0 in '/Game/UI/MainMenu/Locker/PlayerCard/WBP_PlayerCard.WBP_PlayerCard_C:UpdateBadges'!
[2026.09.01-02.53.09:403][  0]LogScript: Warning: Script Msg: Attempted to access index 1 from array 'Textures' of length 0 in '/Game/UI/MainMenu/Locker/PlayerCard/WBP_PlayerCard.WBP_PlayerCard_C:UpdateBadges'!
[2026.09.01-02.53.09:403][  0]LogScript: Warning: Script Msg: Attempted to access index 2 from array 'Textures' of length 0 in '/Game/UI/MainMenu/Locker/PlayerCard/WBP_PlayerCard.WBP_PlayerCard_C:UpdateBadges'!
[2026.09.01-02.53.09:403][  0]LogStreamableManager: Display: RequestAsyncLoad() called with empty or only null assets!
[2026.09.01-02.53.09:403][  0]LogStreamableManager: Display: RequestAsyncLoad() called with empty or only null assets!
[2026.09.01-02.53.09:403][  0]LogScript: Warning: Script Msg: Attempted to access index 0 from array 'Textures' of length 0 in '/Game/UI/MainMenu/Locker/PlayerCard/WBP_PlayerCard.WBP_PlayerCard_C:UpdateBadges'!
[2026.09.01-02.53.09:403][  0]LogScript: Warning: Script Msg: Attempted to access index 1 from array 'Textures' of length 0 in '/Game/UI/MainMenu/Locker/PlayerCard/WBP_PlayerCard.WBP_PlayerCard_C:UpdateBadges'!
[2026.09.01-02.53.09:403][  0]LogScript: Warning: Script Msg: Attempted to access index 2 from array 'Textures' of length 0 in '/Game/UI/MainMenu/Locker/PlayerCard/WBP_PlayerCard.WBP_PlayerCard_C:UpdateBadges'!
[2026.09.01-02.53.09:403][  0]LogStreamableManager: Display: RequestAsyncLoad() called with empty or only null assets!
[2026.09.01-02.53.09:403][  0]LogStreamableManager: Display: RequestAsyncLoad() called with empty or only null assets!
[2026.09.01-02.53.09:405][  0]LogStreamableManager: Display: RequestAsyncLoad() called with empty or only null assets!
[2026.09.01-02.53.09:405][  0]LogStreamableManager: Display: RequestAsyncLoad() called with empty or only null assets!
[2026.09.01-02.53.09:405][  0]LogScript: Warning: Script Msg: Attempted to access index 0 from array 'Textures' of length 0 in '/Game/UI/MainMenu/Locker/PlayerCard/WBP_PlayerCard.WBP_PlayerCard_C:UpdateBadges'!
[2026.09.01-02.53.09:405][  0]LogScript: Warning: Script Msg: Attempted to access index 1 from array 'Textures' of length 0 in '/Game/UI/MainMenu/Locker/PlayerCard/WBP_PlayerCard.WBP_PlayerCard_C:UpdateBadges'!
[2026.09.01-02.53.09:405][  0]LogScript: Warning: Script Msg: Attempted to access index 2 from array 'Textures' of length 0 in '/Game/UI/MainMenu/Locker/PlayerCard/WBP_PlayerCard.WBP_PlayerCard_C:UpdateBadges'!
[2026.09.01-02.53.09:405][  0]LogStreamableManager: Display: RequestAsyncLoad() called with empty or only null assets!
[2026.09.01-02.53.09:405][  0]LogStreamableManager: Display: RequestAsyncLoad() called with empty or only null assets!
[2026.09.01-02.53.09:405][  0]LogScript: Warning: Script Msg: Attempted to access index 0 from array 'Textures' of length 0 in '/Game/UI/MainMenu/Locker/PlayerCard/WBP_PlayerCard.WBP_PlayerCard_C:UpdateBadges'!
[2026.09.01-02.53.09:405][  0]LogScript: Warning: Script Msg: Attempted to access index 1 from array 'Textures' of length 0 in '/Game/UI/MainMenu/Locker/PlayerCard/WBP_PlayerCard.WBP_PlayerCard_C:UpdateBadges'!
[2026.09.01-02.53.09:405][  0]LogScript: Warning: Script Msg: Attempted to access index 2 from array 'Textures' of length 0 in '/Game/UI/MainMenu/Locker/PlayerCard/WBP_PlayerCard.WBP_PlayerCard_C:UpdateBadges'!
[2026.09.01-02.53.09:405][  0]LogStreamableManager: Display: RequestAsyncLoad() called with empty or only null assets!
[2026.09.01-02.53.09:405][  0]LogStreamableManager: Display: RequestAsyncLoad() called with empty or only null assets!
[2026.09.01-02.53.09:478][  0]LogUI1047: Frame Rate Limit Set to Main Menu FPS Limit of: 60
[2026.09.01-02.53.09:479][  0]LogViewport: Display: Viewport MouseLockMode Changed, LockOnCapture -> LockInFullscreen
[2026.09.01-02.53.09:479][  0]LogViewport: Display: Viewport HideCursorDuringCapture Changed, False -> True
[2026.09.01-02.53.09:479][  0]LogViewport: Display: Viewport MouseCaptureMode Changed, CapturePermanently_IncludingInitialMouseDown -> CaptureDuringRightMouseDown
[2026.09.01-02.53.09:482][  0]LogViewport: Display: Viewport MouseCaptureMode Changed, CaptureDuringRightMouseDown -> NoCapture
[2026.09.01-02.53.09:482][  0]LogStreamableManager: Display: RequestAsyncLoad() called with empty or only null assets!
[2026.09.01-02.53.09:485][  0]LogStreamableManager: Display: RequestAsyncLoad() called with empty or only null assets!
[2026.09.01-02.53.09:486][  0]LogPortalWarsUI: Deferring transition stinger outros until loading screen is complete
[2026.09.01-02.53.09:486][  0]LogCC1047CustomMapSupport: Post world begin play.
[2026.09.01-02.53.09:486][  0]LogCC1047CustomMapSupport: Custom map late init not required.
[2026.09.01-02.53.09:486][  0]LogLoad: Took 0.598987 seconds to LoadMap(/Game/Maps/MainMenu/MainMenu)
[2026.09.01-02.53.09:486][  0]LogGlobalStatus: UEngine::LoadMap Load map complete /Game/Maps/MainMenu/MainMenu
[2026.09.01-02.53.09:495][  0]LogRHI: Display: ShaderPipelineCache: Paused Batching. 1
[2026.09.01-02.53.09:495][  0]LogRHI: Display: ShaderPipelineCache: Resumed Batching. 0
[2026.09.01-02.53.09:495][  0]LogRHI: Display: ShaderPipelineCache: Batching Resumed.
[2026.09.01-02.53.09:498][  0]LogInit: Display: Engine is initialized. Leaving FEngineLoop::Init()
[2026.09.01-02.53.09:499][  0]LogLoad: (Engine Initialization) Total time: 8.71 seconds
[2026.09.01-02.53.09:515][  0]LogSlate: InvalidateAllWidgets triggered.  All widgets were invalidated
[2026.09.01-02.53.09:516][  0]LogPortalWarsUI: Asset VM refresh triggered, old maps = 37, old modes = 232
[2026.09.01-02.53.09:519][  0]LogPortalWarsUI: Asset VM refresh complete, new maps = 37, new modes = 232
[2026.09.01-02.53.09:520][  0]Log1047RenderFramework: Display: Changing VT pool secondary scale to 1.400000 based on resolution 1920x1080 at scale 100.000000% (reference: 1920x1080)
[2026.09.01-02.53.09:521][  0]LogGameFeatures: Error: Game Feature preloading was cancelled for URL SOC_S1.uplugin
[2026.09.01-02.53.09:521][  0]LogGameFeatures: Error: Game Feature preloading was cancelled for URL POW_SpeedBoost.uplugin
[2026.09.01-02.53.09:521][  0]LogGameFeatures: Error: Game Feature preloading was cancelled for URL POW_Overshield.uplugin
[2026.09.01-02.53.09:521][  0]LogGameFeatures: Error: Game Feature preloading was cancelled for URL FCT_Generic.uplugin
[2026.09.01-02.53.09:521][  0]LogGameFeatures: Error: Game Feature preloading was cancelled for URL FCT_Aeros.uplugin
[2026.09.01-02.53.09:521][  0]LogGameFeatures: Error: Game Feature preloading was cancelled for URL EDT_Splitgate.uplugin
[2026.09.01-02.53.09:521][  0]LogGameFeatures: Error: Game Feature preloading was cancelled for URL POW_WallHack.uplugin
[2026.09.01-02.53.09:521][  0]LogGameFeatures: Error: Game Feature preloading was cancelled for URL FCT_Meridian.uplugin
[2026.09.01-02.53.09:521][  0]LogGameFeatures: Error: Game Feature preloading was cancelled for URL FCT_Sabrask.uplugin
[2026.09.01-02.53.09:521][  0]LogGameFeatures: Error: Game Feature preloading was cancelled for URL MOD_Tutorial.uplugin
[2026.09.01-02.53.09:521][  1]LogGameFeatures: Error: Game Feature preloading was cancelled for URL MOD_TeabagConfirmed.uplugin
[2026.09.01-02.53.09:521][  1]LogGameFeatures: Error: Game Feature preloading was cancelled for URL MOD_Splitball.uplugin
[2026.09.01-02.53.09:521][  1]LogGameFeatures: Error: Game Feature preloading was cancelled for URL MOD_Race.uplugin
[2026.09.01-02.53.09:521][  1]LogGameFeatures: Error: Game Feature preloading was cancelled for URL MOD_GunGame.uplugin
[2026.09.01-02.53.09:521][  1]LogGameFeatures: Error: Game Feature preloading was cancelled for URL MOD_Graffiti.uplugin
[2026.09.01-02.53.09:521][  1]LogGameFeatures: Error: Game Feature preloading was cancelled for URL MOD_Firecracker.uplugin
[2026.09.01-02.53.09:521][  1]LogGameFeatures: Error: Game Feature preloading was cancelled for URL MOD_Deathmatch.uplugin
[2026.09.01-02.53.09:521][  1]LogGameFeatures: Error: Game Feature preloading was cancelled for URL MOD_Creative.uplugin
[2026.09.01-02.53.09:521][  1]LogGameFeatures: Error: Game Feature preloading was cancelled for URL MOD_CapturePoints.uplugin
[2026.09.01-02.53.09:521][  1]LogGameFeatures: Error: Game Feature preloading was cancelled for URL MOD_Hangman.uplugin
[2026.09.01-02.53.09:544][  1]LogPortalWarsUI: Deferring transition stinger outros until loading screen is complete
[2026.09.01-02.53.09:524][  1]LogContentStreaming: Texture pool size now 400 MB
[2026.09.01-02.53.09:528][  1]LogSlate: InvalidateAllWidgets triggered.  All widgets were invalidated
[2026.09.01-02.53.09:528][  1]LogSlate: InvalidateAllWidgets triggered.  All widgets were invalidated
[2026.09.01-02.53.09:528][  1]LogSlate: InvalidateAllWidgets triggered.  All widgets were invalidated
[2026.09.01-02.53.09:528][  1]LogSlate: InvalidateAllWidgets triggered.  All widgets were invalidated
[2026.09.01-02.53.09:528][  1]LogSlate: InvalidateAllWidgets triggered.  All widgets were invalidated
[2026.09.01-02.53.09:528][  1]LogSlate: InvalidateAllWidgets triggered.  All widgets were invalidated
[2026.09.01-02.53.09:528][  1]LogSlate: InvalidateAllWidgets triggered.  All widgets were invalidated
[2026.09.01-02.53.09:528][  1]LogSlate: InvalidateAllWidgets triggered.  All widgets were invalidated
[2026.09.01-02.53.09:528][  1]LogSlate: InvalidateAllWidgets triggered.  All widgets were invalidated
[2026.09.01-02.53.09:528][  1]LogSlate: InvalidateAllWidgets triggered.  All widgets were invalidated
[2026.09.01-02.53.09:528][  2]LogSlate: InvalidateAllWidgets triggered.  All widgets were invalidated
[2026.09.01-02.53.09:528][  2]LogSlate: InvalidateAllWidgets triggered.  All widgets were invalidated
[2026.09.01-02.53.09:528][  2]LogSlate: InvalidateAllWidgets triggered.  All widgets were invalidated
[2026.09.01-02.53.09:528][  2]LogSlate: InvalidateAllWidgets triggered.  All widgets were invalidated
[2026.09.01-02.53.09:528][  2]LogSlate: InvalidateAllWidgets triggered.  All widgets were invalidated
[2026.09.01-02.53.09:528][  2]LogSlate: InvalidateAllWidgets triggered.  All widgets were invalidated
[2026.09.01-02.53.09:528][  2]LogSlate: InvalidateAllWidgets triggered.  All widgets were invalidated
[2026.09.01-02.53.09:528][  2]LogSlate: InvalidateAllWidgets triggered.  All widgets were invalidated
[2026.09.01-02.53.09:528][  2]LogSlate: InvalidateAllWidgets triggered.  All widgets were invalidated
[2026.09.01-02.53.09:528][  2]LogSlate: InvalidateAllWidgets triggered.  All widgets were invalidated
[2026.09.01-02.53.09:528][  2]LogSlate: InvalidateAllWidgets triggered.  All widgets were invalidated
[2026.09.01-02.53.09:528][  2]LogSlate: InvalidateAllWidgets triggered.  All widgets were invalidated
[2026.09.01-02.53.09:528][  2]LogSlate: InvalidateAllWidgets triggered.  All widgets were invalidated
[2026.09.01-02.53.09:528][  2]LogSlate: InvalidateAllWidgets triggered.  All widgets were invalidated
[2026.09.01-02.53.09:528][  2]LogSlate: InvalidateAllWidgets triggered.  All widgets were invalidated
[2026.09.01-02.53.09:528][  2]LogSlate: InvalidateAllWidgets triggered.  All widgets were invalidated
[2026.09.01-02.53.09:528][  2]LogSlate: InvalidateAllWidgets triggered.  All widgets were invalidated
[2026.09.01-02.53.09:528][  2]LogSlate: InvalidateAllWidgets triggered.  All widgets were invalidated
[2026.09.01-02.53.09:528][  2]LogSlate: InvalidateAllWidgets triggered.  All widgets were invalidated
[2026.09.01-02.53.09:528][  2]LogSlate: InvalidateAllWidgets triggered.  All widgets were invalidated
[2026.09.01-02.53.09:528][  2]LogSlate: InvalidateAllWidgets triggered.  All widgets were invalidated
[2026.09.01-02.53.09:528][  2]LogSlate: InvalidateAllWidgets triggered.  All widgets were invalidated
[2026.09.01-02.53.09:528][  3]LogSlate: InvalidateAllWidgets triggered.  All widgets were invalidated
[2026.09.01-02.53.09:528][  3]LogSlate: InvalidateAllWidgets triggered.  All widgets were invalidated
[2026.09.01-02.53.09:528][  3]LogSlate: InvalidateAllWidgets triggered.  All widgets were invalidated
[2026.09.01-02.53.09:528][  3]LogSlate: InvalidateAllWidgets triggered.  All widgets were invalidated
[2026.09.01-02.53.09:528][  3]LogSlate: InvalidateAllWidgets triggered.  All widgets were invalidated
[2026.09.01-02.53.09:528][  3]LogSlate: InvalidateAllWidgets triggered.  All widgets were invalidated
[2026.09.01-02.53.09:528][  3]LogSlate: InvalidateAllWidgets triggered.  All widgets were invalidated
[2026.09.01-02.53.09:528][  4]LogSlate: InvalidateAllWidgets triggered.  All widgets were invalidated
[2026.09.01-02.53.09:528][  4]LogSlate: InvalidateAllWidgets triggered.  All widgets were invalidated
[2026.09.01-02.53.09:528][  4]LogSlate: InvalidateAllWidgets triggered.  All widgets were invalidated
[2026.09.01-02.53.09:528][  4]LogSlate: InvalidateAllWidgets triggered.  All widgets were invalidated
[2026.09.01-02.53.09:528][  4]LogSlate: InvalidateAllWidgets triggered.  All widgets were invalidated
[2026.09.01-02.53.09:528][  5]LogSlate: InvalidateAllWidgets triggered.  All widgets were invalidated
[2026.09.01-02.53.09:528][  5]LogSlate: InvalidateAllWidgets triggered.  All widgets were invalidated
[2026.09.01-02.53.09:528][  5]LogSlate: InvalidateAllWidgets triggered.  All widgets were invalidated
[2026.09.01-02.53.09:528][  5]LogSlate: InvalidateAllWidgets triggered.  All widgets were invalidated
[2026.09.01-02.53.09:528][  5]LogSlate: InvalidateAllWidgets triggered.  All widgets were invalidated
[2026.09.01-02.53.09:528][  5]LogSlate: InvalidateAllWidgets triggered.  All widgets were invalidated
[2026.09.01-02.53.09:528][  5]LogSlate: InvalidateAllWidgets triggered.  All widgets were invalidated
[2026.09.01-02.53.09:528][  5]LogSlate: InvalidateAllWidgets triggered.  All widgets were invalidated
[2026.09.01-02.53.09:528][  6]LogSlate: InvalidateAllWidgets triggered.  All widgets were invalidated
[2026.09.01-02.53.09:528][  6]LogSlate: InvalidateAllWidgets triggered.  All widgets were invalidated
[2026.09.01-02.53.09:528][  6]LogSlate: InvalidateAllWidgets triggered.  All widgets were invalidated
[2026.09.01-02.53.09:528][  6]LogSlate: InvalidateAllWidgets triggered.  All widgets were invalidated
[2026.09.01-02.53.09:528][  6]LogSlate: InvalidateAllWidgets triggered.  All widgets were invalidated
[2026.09.01-02.53.09:528][  6]LogSlate: InvalidateAllWidgets triggered.  All widgets were invalidated
[2026.09.01-02.53.09:528][  6]LogSlate: InvalidateAllWidgets triggered.  All widgets were invalidated
[2026.09.01-02.53.09:528][  6]LogSlate: InvalidateAllWidgets triggered.  All widgets were invalidated
[2026.09.01-02.53.09:528][  6]LogSlate: InvalidateAllWidgets triggered.  All widgets were invalidated
[2026.09.01-02.53.09:528][  6]LogSlate: InvalidateAllWidgets triggered.  All widgets were invalidated
[2026.09.01-02.53.09:528][  6]LogSlate: InvalidateAllWidgets triggered.  All widgets were invalidated
[2026.09.01-02.53.09:528][  6]LogSlate: InvalidateAllWidgets triggered.  All widgets were invalidated
[2026.09.01-02.53.09:528][  6]LogSlate: InvalidateAllWidgets triggered.  All widgets were invalidated
[2026.09.01-02.53.09:528][  6]LogSlate: InvalidateAllWidgets triggered.  All widgets were invalidated
[2026.09.01-02.53.09:528][  6]LogSlate: InvalidateAllWidgets triggered.  All widgets were invalidated
[2026.09.01-02.53.09:528][  6]LogSlate: InvalidateAllWidgets triggered.  All widgets were invalidated
[2026.09.01-02.53.09:528][  6]LogSlate: InvalidateAllWidgets triggered.  All widgets were invalidated
[2026.09.01-02.53.09:528][  6]LogSlate: InvalidateAllWidgets triggered.  All widgets were invalidated
[2026.09.01-02.53.09:528][  6]LogSlate: InvalidateAllWidgets triggered.  All widgets were invalidated
[2026.09.01-02.53.09:528][  6]LogSlate: InvalidateAllWidgets triggered.  All widgets were invalidated
[2026.09.01-02.53.09:528][  6]LogSlate: InvalidateAllWidgets triggered.  All widgets were invalidated
[2026.09.01-02.53.09:528][  7]LogSlate: InvalidateAllWidgets triggered.  All widgets were invalidated
[2026.09.01-02.53.09:528][  7]LogSlate: InvalidateAllWidgets triggered.  All widgets were invalidated
[2026.09.01-02.53.09:528][  7]LogSlate: InvalidateAllWidgets triggered.  All widgets were invalidated
[2026.09.01-02.53.09:528][  7]LogSlate: InvalidateAllWidgets triggered.  All widgets were invalidated
[2026.09.01-02.53.09:528][  7]LogSlate: InvalidateAllWidgets triggered.  All widgets were invalidated
[2026.09.01-02.53.09:528][  7]LogSlate: InvalidateAllWidgets triggered.  All widgets were invalidated
[2026.09.01-02.53.09:528][  7]LogSlate: InvalidateAllWidgets triggered.  All widgets were invalidated
[2026.09.01-02.53.09:528][  7]LogSlate: InvalidateAllWidgets triggered.  All widgets were invalidated
[2026.09.01-02.53.09:528][  7]LogSlate: InvalidateAllWidgets triggered.  All widgets were invalidated
[2026.09.01-02.53.09:528][  7]LogSlate: InvalidateAllWidgets triggered.  All widgets were invalidated
[2026.09.01-02.53.09:528][  7]LogSlate: InvalidateAllWidgets triggered.  All widgets were invalidated
[2026.09.01-02.53.09:528][  7]LogSlate: InvalidateAllWidgets triggered.  All widgets were invalidated
[2026.09.01-02.53.09:528][  7]LogSlate: InvalidateAllWidgets triggered.  All widgets were invalidated
[2026.09.01-02.53.09:528][  7]LogSlate: InvalidateAllWidgets triggered.  All widgets were invalidated
[2026.09.01-02.53.09:528][  7]LogSlate: InvalidateAllWidgets triggered.  All widgets were invalidated
[2026.09.01-02.53.09:528][  7]LogSlate: InvalidateAllWidgets triggered.  All widgets were invalidated
[2026.09.01-02.53.09:528][  7]LogSlate: InvalidateAllWidgets triggered.  All widgets were invalidated
[2026.09.01-02.53.09:528][  7]LogSlate: InvalidateAllWidgets triggered.  All widgets were invalidated
[2026.09.01-02.53.09:528][  7]LogSlate: InvalidateAllWidgets triggered.  All widgets were invalidated
[2026.09.01-02.53.09:528][  7]LogSlate: InvalidateAllWidgets triggered.  All widgets were invalidated
[2026.09.01-02.53.09:528][  7]LogSlate: InvalidateAllWidgets triggered.  All widgets were invalidated
[2026.09.01-02.53.09:528][  7]LogSlate: InvalidateAllWidgets triggered.  All widgets were invalidated
[2026.09.01-02.53.09:528][  7]LogSlate: InvalidateAllWidgets triggered.  All widgets were invalidated
[2026.09.01-02.53.09:529][  8]LogSlate: InvalidateAllWidgets triggered.  All widgets were invalidated
[2026.09.01-02.53.09:529][  8]LogSlate: InvalidateAllWidgets triggered.  All widgets were invalidated
[2026.09.01-02.53.09:529][  8]LogSlate: InvalidateAllWidgets triggered.  All widgets were invalidated
[2026.09.01-02.53.09:529][  8]LogSlate: InvalidateAllWidgets triggered.  All widgets were invalidated
[2026.09.01-02.53.09:529][  8]LogSlate: InvalidateAllWidgets triggered.  All widgets were invalidated
[2026.09.01-02.53.09:529][  8]LogSlate: InvalidateAllWidgets triggered.  All widgets were invalidated
[2026.09.01-02.53.09:529][  8]LogSlate: InvalidateAllWidgets triggered.  All widgets were invalidated
[2026.09.01-02.53.09:529][  8]LogSlate: InvalidateAllWidgets triggered.  All widgets were invalidated
[2026.09.01-02.53.09:529][  8]LogSlate: InvalidateAllWidgets triggered.  All widgets were invalidated
[2026.09.01-02.53.09:529][  8]LogSlate: InvalidateAllWidgets triggered.  All widgets were invalidated
[2026.09.01-02.53.09:529][  8]LogSlate: InvalidateAllWidgets triggered.  All widgets were invalidated
[2026.09.01-02.53.09:529][  8]LogSlate: InvalidateAllWidgets triggered.  All widgets were invalidated
[2026.09.01-02.53.09:529][  8]LogSlate: InvalidateAllWidgets triggered.  All widgets were invalidated
[2026.09.01-02.53.09:529][  8]LogSlate: InvalidateAllWidgets triggered.  All widgets were invalidated
[2026.09.01-02.53.09:529][  8]LogSlate: InvalidateAllWidgets triggered.  All widgets were invalidated
[2026.09.01-02.53.09:529][  8]LogSlate: InvalidateAllWidgets triggered.  All widgets were invalidated
[2026.09.01-02.53.09:529][  8]LogSlate: InvalidateAllWidgets triggered.  All widgets were invalidated
[2026.09.01-02.53.09:529][  8]LogSlate: InvalidateAllWidgets triggered.  All widgets were invalidated
[2026.09.01-02.53.09:529][  8]LogSlate: InvalidateAllWidgets triggered.  All widgets were invalidated
[2026.09.01-02.53.09:529][  8]LogSlate: InvalidateAllWidgets triggered.  All widgets were invalidated
[2026.09.01-02.53.09:529][  8]LogSlate: InvalidateAllWidgets triggered.  All widgets were invalidated
[2026.09.01-02.53.09:529][  8]LogSlate: InvalidateAllWidgets triggered.  All widgets were invalidated
[2026.09.01-02.53.09:529][  8]LogSlate: InvalidateAllWidgets triggered.  All widgets were invalidated
[2026.09.01-02.53.09:529][  8]LogSlate: InvalidateAllWidgets triggered.  All widgets were invalidated
[2026.09.01-02.53.09:529][  8]LogSlate: InvalidateAllWidgets triggered.  All widgets were invalidated
[2026.09.01-02.53.09:529][  9]LogSlate: InvalidateAllWidgets triggered.  All widgets were invalidated
[2026.09.01-02.53.09:529][  9]LogSlate: InvalidateAllWidgets triggered.  All widgets were invalidated
[2026.09.01-02.53.09:529][  9]LogSlate: InvalidateAllWidgets triggered.  All widgets were invalidated
[2026.09.01-02.53.09:529][  9]LogSlate: InvalidateAllWidgets triggered.  All widgets were invalidated
[2026.09.01-02.53.09:529][  9]LogSlate: InvalidateAllWidgets triggered.  All widgets were invalidated
[2026.09.01-02.53.09:529][  9]LogSlate: InvalidateAllWidgets triggered.  All widgets were invalidated
[2026.09.01-02.53.09:529][  9]LogSlate: InvalidateAllWidgets triggered.  All widgets were invalidated
[2026.09.01-02.53.09:529][  9]LogSlate: InvalidateAllWidgets triggered.  All widgets were invalidated
[2026.09.01-02.53.09:529][  9]LogSlate: InvalidateAllWidgets triggered.  All widgets were invalidated
[2026.09.01-02.53.09:529][  9]LogSlate: InvalidateAllWidgets triggered.  All widgets were invalidated
[2026.09.01-02.53.09:529][  9]LogSlate: InvalidateAllWidgets triggered.  All widgets were invalidated
[2026.09.01-02.53.09:529][  9]LogSlate: InvalidateAllWidgets triggered.  All widgets were invalidated
[2026.09.01-02.53.09:529][  9]LogSlate: InvalidateAllWidgets triggered.  All widgets were invalidated
[2026.09.01-02.53.09:529][  9]LogSlate: InvalidateAllWidgets triggered.  All widgets were invalidated
[2026.09.01-02.53.09:529][  9]LogSlate: InvalidateAllWidgets triggered.  All widgets were invalidated
[2026.09.01-02.53.09:529][  9]LogSlate: InvalidateAllWidgets triggered.  All widgets were invalidated
[2026.09.01-02.53.09:529][  9]LogSlate: InvalidateAllWidgets triggered.  All widgets were invalidated
[2026.09.01-02.53.09:529][  9]LogSlate: InvalidateAllWidgets triggered.  All widgets were invalidated
[2026.09.01-02.53.09:529][ 10]LogSlate: InvalidateAllWidgets triggered.  All widgets were invalidated
[2026.09.01-02.53.09:529][ 10]LogSlate: InvalidateAllWidgets triggered.  All widgets were invalidated
[2026.09.01-02.53.09:529][ 10]LogSlate: InvalidateAllWidgets triggered.  All widgets were invalidated
[2026.09.01-02.53.09:529][ 10]LogSlate: InvalidateAllWidgets triggered.  All widgets were invalidated
[2026.09.01-02.53.09:529][ 10]LogSlate: InvalidateAllWidgets triggered.  All widgets were invalidated
[2026.09.01-02.53.09:529][ 10]LogSlate: InvalidateAllWidgets triggered.  All widgets were invalidated
[2026.09.01-02.53.09:529][ 10]LogSlate: InvalidateAllWidgets triggered.  All widgets were invalidated
[2026.09.01-02.53.09:529][ 10]LogSlate: InvalidateAllWidgets triggered.  All widgets were invalidated
[2026.09.01-02.53.09:529][ 10]LogSlate: InvalidateAllWidgets triggered.  All widgets were invalidated
[2026.09.01-02.53.09:529][ 10]LogSlate: InvalidateAllWidgets triggered.  All widgets were invalidated
[2026.09.01-02.53.09:529][ 10]LogSlate: InvalidateAllWidgets triggered.  All widgets were invalidated
[2026.09.01-02.53.09:529][ 10]LogSlate: InvalidateAllWidgets triggered.  All widgets were invalidated
[2026.09.01-02.53.09:529][ 10]LogSlate: InvalidateAllWidgets triggered.  All widgets were invalidated
[2026.09.01-02.53.09:529][ 10]LogSlate: InvalidateAllWidgets triggered.  All widgets were invalidated
[2026.09.01-02.53.09:529][ 10]LogSlate: InvalidateAllWidgets triggered.  All widgets were invalidated
[2026.09.01-02.53.09:529][ 10]LogSlate: InvalidateAllWidgets triggered.  All widgets were invalidated
[2026.09.01-02.53.09:529][ 10]LogSlate: InvalidateAllWidgets triggered.  All widgets were invalidated
[2026.09.01-02.53.09:529][ 10]LogSlate: InvalidateAllWidgets triggered.  All widgets were invalidated
[2026.09.01-02.53.09:529][ 10]LogSlate: InvalidateAllWidgets triggered.  All widgets were invalidated
[2026.09.01-02.53.09:529][ 10]LogSlate: InvalidateAllWidgets triggered.  All widgets were invalidated
[2026.09.01-02.53.09:529][ 11]LogSlate: InvalidateAllWidgets triggered.  All widgets were invalidated
[2026.09.01-02.53.09:529][ 11]LogSlate: InvalidateAllWidgets triggered.  All widgets were invalidated
[2026.09.01-02.53.09:529][ 11]LogSlate: InvalidateAllWidgets triggered.  All widgets were invalidated
[2026.09.01-02.53.09:529][ 11]LogSlate: InvalidateAllWidgets triggered.  All widgets were invalidated
[2026.09.01-02.53.09:529][ 11]LogSlate: InvalidateAllWidgets triggered.  All widgets were invalidated
[2026.09.01-02.53.09:529][ 11]LogSlate: InvalidateAllWidgets triggered.  All widgets were invalidated
[2026.09.01-02.53.09:529][ 11]LogSlate: InvalidateAllWidgets triggered.  All widgets were invalidated
[2026.09.01-02.53.09:529][ 11]LogSlate: InvalidateAllWidgets triggered.  All widgets were invalidated
[2026.09.01-02.53.09:529][ 11]LogSlate: InvalidateAllWidgets triggered.  All widgets were invalidated
[2026.09.01-02.53.09:529][ 11]LogSlate: InvalidateAllWidgets triggered.  All widgets were invalidated
[2026.09.01-02.53.09:529][ 11]LogSlate: InvalidateAllWidgets triggered.  All widgets were invalidated
[2026.09.01-02.53.09:529][ 11]LogSlate: InvalidateAllWidgets triggered.  All widgets were invalidated
[2026.09.01-02.53.09:529][ 11]LogSlate: InvalidateAllWidgets triggered.  All widgets were invalidated
[2026.09.01-02.53.09:529][ 11]LogSlate: InvalidateAllWidgets triggered.  All widgets were invalidated
[2026.09.01-02.53.09:529][ 11]LogSlate: InvalidateAllWidgets triggered.  All widgets were invalidated
[2026.09.01-02.53.09:529][ 11]LogSlate: InvalidateAllWidgets triggered.  All widgets were invalidated
[2026.09.01-02.53.09:529][ 11]LogSlate: InvalidateAllWidgets triggered.  All widgets were invalidated
[2026.09.01-02.53.09:529][ 11]LogSlate: InvalidateAllWidgets triggered.  All widgets were invalidated
[2026.09.01-02.53.09:529][ 11]LogSlate: InvalidateAllWidgets triggered.  All widgets were invalidated
[2026.09.01-02.53.09:529][ 11]LogSlate: InvalidateAllWidgets triggered.  All widgets were invalidated
[2026.09.01-02.53.09:529][ 11]LogSlate: InvalidateAllWidgets triggered.  All widgets were invalidated
[2026.09.01-02.53.09:529][ 11]LogSlate: InvalidateAllWidgets triggered.  All widgets were invalidated
[2026.09.01-02.53.09:529][ 11]LogSlate: InvalidateAllWidgets triggered.  All widgets were invalidated
[2026.09.01-02.53.09:529][ 11]LogSlate: InvalidateAllWidgets triggered.  All widgets were invalidated
[2026.09.01-02.53.09:529][ 11]LogSlate: InvalidateAllWidgets triggered.  All widgets were invalidated
[2026.09.01-02.53.09:529][ 12]LogSlate: InvalidateAllWidgets triggered.  All widgets were invalidated
[2026.09.01-02.53.09:529][ 12]LogSlate: InvalidateAllWidgets triggered.  All widgets were invalidated
[2026.09.01-02.53.09:529][ 12]LogSlate: InvalidateAllWidgets triggered.  All widgets were invalidated
[2026.09.01-02.53.09:529][ 12]LogSlate: InvalidateAllWidgets triggered.  All widgets were invalidated
[2026.09.01-02.53.09:529][ 12]LogSlate: InvalidateAllWidgets triggered.  All widgets were invalidated
[2026.09.01-02.53.09:529][ 12]LogSlate: InvalidateAllWidgets triggered.  All widgets were invalidated
[2026.09.01-02.53.09:529][ 12]LogSlate: InvalidateAllWidgets triggered.  All widgets were invalidated
[2026.09.01-02.53.09:529][ 12]LogSlate: InvalidateAllWidgets triggered.  All widgets were invalidated
[2026.09.01-02.53.09:529][ 12]LogSlate: InvalidateAllWidgets triggered.  All widgets were invalidated
[2026.09.01-02.53.09:529][ 12]LogSlate: InvalidateAllWidgets triggered.  All widgets were invalidated
[2026.09.01-02.53.09:529][ 12]LogSlate: InvalidateAllWidgets triggered.  All widgets were invalidated
[2026.09.01-02.53.09:529][ 12]LogSlate: InvalidateAllWidgets triggered.  All widgets were invalidated
[2026.09.01-02.53.09:529][ 12]LogSlate: InvalidateAllWidgets triggered.  All widgets were invalidated
[2026.09.01-02.53.09:529][ 12]LogSlate: InvalidateAllWidgets triggered.  All widgets were invalidated
[2026.09.01-02.53.09:529][ 12]LogSlate: InvalidateAllWidgets triggered.  All widgets were invalidated
[2026.09.01-02.53.09:529][ 13]LogSlate: InvalidateAllWidgets triggered.  All widgets were invalidated
[2026.09.01-02.53.09:529][ 13]LogSlate: InvalidateAllWidgets triggered.  All widgets were invalidated
[2026.09.01-02.53.09:529][ 13]LogSlate: InvalidateAllWidgets triggered.  All widgets were invalidated
[2026.09.01-02.53.09:529][ 13]LogSlate: InvalidateAllWidgets triggered.  All widgets were invalidated
[2026.09.01-02.53.09:529][ 13]LogSlate: InvalidateAllWidgets triggered.  All widgets were invalidated
[2026.09.01-02.53.09:529][ 13]LogSlate: InvalidateAllWidgets triggered.  All widgets were invalidated
[2026.09.01-02.53.09:529][ 13]LogSlate: InvalidateAllWidgets triggered.  All widgets were invalidated
[2026.09.01-02.53.09:529][ 13]LogSlate: InvalidateAllWidgets triggered.  All widgets were invalidated
[2026.09.01-02.53.09:529][ 13]LogSlate: InvalidateAllWidgets triggered.  All widgets were invalidated
[2026.09.01-02.53.09:529][ 13]LogSlate: InvalidateAllWidgets triggered.  All widgets were invalidated
[2026.09.01-02.53.09:529][ 13]LogSlate: InvalidateAllWidgets triggered.  All widgets were invalidated
[2026.09.01-02.53.09:529][ 13]LogSlate: InvalidateAllWidgets triggered.  All widgets were invalidated
[2026.09.01-02.53.09:529][ 13]LogSlate: InvalidateAllWidgets triggered.  All widgets were invalidated
[2026.09.01-02.53.09:529][ 13]LogSlate: InvalidateAllWidgets triggered.  All widgets were invalidated
[2026.09.01-02.53.09:529][ 13]LogSlate: InvalidateAllWidgets triggered.  All widgets were invalidated
[2026.09.01-02.53.09:529][ 13]LogSlate: InvalidateAllWidgets triggered.  All widgets were invalidated
[2026.09.01-02.53.09:529][ 13]LogSlate: InvalidateAllWidgets triggered.  All widgets were invalidated
[2026.09.01-02.53.09:529][ 13]LogSlate: InvalidateAllWidgets triggered.  All widgets were invalidated
[2026.09.01-02.53.09:529][ 13]LogSlate: InvalidateAllWidgets triggered.  All widgets were invalidated
[2026.09.01-02.53.09:529][ 14]LogSlate: InvalidateAllWidgets triggered.  All widgets were invalidated
[2026.09.01-02.53.09:529][ 14]LogSlate: InvalidateAllWidgets triggered.  All widgets were invalidated
[2026.09.01-02.53.09:529][ 14]LogSlate: InvalidateAllWidgets triggered.  All widgets were invalidated
[2026.09.01-02.53.09:529][ 14]LogSlate: InvalidateAllWidgets triggered.  All widgets were invalidated
[2026.09.01-02.53.09:529][ 14]LogSlate: InvalidateAllWidgets triggered.  All widgets were invalidated
[2026.09.01-02.53.09:529][ 14]LogSlate: InvalidateAllWidgets triggered.  All widgets were invalidated
[2026.09.01-02.53.09:529][ 14]LogSlate: InvalidateAllWidgets triggered.  All widgets were invalidated
[2026.09.01-02.53.09:529][ 14]LogSlate: InvalidateAllWidgets triggered.  All widgets were invalidated
[2026.09.01-02.53.09:529][ 14]LogSlate: InvalidateAllWidgets triggered.  All widgets were invalidated
[2026.09.01-02.53.09:529][ 14]LogSlate: InvalidateAllWidgets triggered.  All widgets were invalidated
[2026.09.01-02.53.09:529][ 14]LogSlate: InvalidateAllWidgets triggered.  All widgets were invalidated
[2026.09.01-02.53.09:529][ 14]LogSlate: InvalidateAllWidgets triggered.  All widgets were invalidated
[2026.09.01-02.53.09:529][ 14]LogSlate: InvalidateAllWidgets triggered.  All widgets were invalidated
[2026.09.01-02.53.09:529][ 14]LogSlate: InvalidateAllWidgets triggered.  All widgets were invalidated
[2026.09.01-02.53.09:529][ 14]LogSlate: InvalidateAllWidgets triggered.  All widgets were invalidated
[2026.09.01-02.53.09:529][ 14]LogSlate: InvalidateAllWidgets triggered.  All widgets were invalidated
[2026.09.01-02.53.09:529][ 14]LogSlate: InvalidateAllWidgets triggered.  All widgets were invalidated
[2026.09.01-02.53.09:529][ 14]LogSlate: InvalidateAllWidgets triggered.  All widgets were invalidated
[2026.09.01-02.53.09:529][ 14]LogSlate: InvalidateAllWidgets triggered.  All widgets were invalidated
[2026.09.01-02.53.09:529][ 14]LogSlate: InvalidateAllWidgets triggered.  All widgets were invalidated
[2026.09.01-02.53.09:529][ 14]LogSlate: InvalidateAllWidgets triggered.  All widgets were invalidated
[2026.09.01-02.53.09:529][ 15]LogSlate: InvalidateAllWidgets triggered.  All widgets were invalidated
[2026.09.01-02.53.09:529][ 15]LogSlate: InvalidateAllWidgets triggered.  All widgets were invalidated
[2026.09.01-02.53.09:529][ 15]LogSlate: InvalidateAllWidgets triggered.  All widgets were invalidated
[2026.09.01-02.53.09:529][ 15]LogSlate: InvalidateAllWidgets triggered.  All widgets were invalidated
[2026.09.01-02.53.09:529][ 15]LogSlate: InvalidateAllWidgets triggered.  All widgets were invalidated
[2026.09.01-02.53.09:529][ 15]LogSlate: InvalidateAllWidgets triggered.  All widgets were invalidated
[2026.09.01-02.53.09:529][ 15]LogSlate: InvalidateAllWidgets triggered.  All widgets were invalidated
[2026.09.01-02.53.09:529][ 15]LogSlate: InvalidateAllWidgets triggered.  All widgets were invalidated
[2026.09.01-02.53.09:529][ 15]LogSlate: InvalidateAllWidgets triggered.  All widgets were invalidated
[2026.09.01-02.53.09:529][ 15]LogSlate: InvalidateAllWidgets triggered.  All widgets were invalidated
[2026.09.01-02.53.09:529][ 15]LogSlate: InvalidateAllWidgets triggered.  All widgets were invalidated
[2026.09.01-02.53.09:530][ 15]LogSlate: InvalidateAllWidgets triggered.  All widgets were invalidated
[2026.09.01-02.53.09:530][ 15]LogSlate: InvalidateAllWidgets triggered.  All widgets were invalidated
[2026.09.01-02.53.09:530][ 15]LogSlate: InvalidateAllWidgets triggered.  All widgets were invalidated
[2026.09.01-02.53.09:530][ 15]LogSlate: InvalidateAllWidgets triggered.  All widgets were invalidated
[2026.09.01-02.53.09:530][ 15]LogSlate: InvalidateAllWidgets triggered.  All widgets were invalidated
[2026.09.01-02.53.09:530][ 15]LogSlate: InvalidateAllWidgets triggered.  All widgets were invalidated
[2026.09.01-02.53.09:530][ 15]LogSlate: InvalidateAllWidgets triggered.  All widgets were invalidated
[2026.09.01-02.53.09:530][ 15]LogSlate: InvalidateAllWidgets triggered.  All widgets were invalidated
[2026.09.01-02.53.09:530][ 15]LogSlate: InvalidateAllWidgets triggered.  All widgets were invalidated
[2026.09.01-02.53.09:530][ 16]LogSlate: InvalidateAllWidgets triggered.  All widgets were invalidated
[2026.09.01-02.53.09:530][ 16]LogSlate: InvalidateAllWidgets triggered.  All widgets were invalidated
[2026.09.01-02.53.09:530][ 16]LogSlate: InvalidateAllWidgets triggered.  All widgets were invalidated
[2026.09.01-02.53.09:530][ 16]LogSlate: InvalidateAllWidgets triggered.  All widgets were invalidated
[2026.09.01-02.53.09:530][ 16]LogSlate: InvalidateAllWidgets triggered.  All widgets were invalidated
[2026.09.01-02.53.09:530][ 16]LogSlate: InvalidateAllWidgets triggered.  All widgets were invalidated
[2026.09.01-02.53.09:530][ 16]LogSlate: InvalidateAllWidgets triggered.  All widgets were invalidated
[2026.09.01-02.53.09:530][ 16]LogSlate: InvalidateAllWidgets triggered.  All widgets were invalidated
[2026.09.01-02.53.09:530][ 16]LogSlate: InvalidateAllWidgets triggered.  All widgets were invalidated
[2026.09.01-02.53.09:530][ 16]LogSlate: InvalidateAllWidgets triggered.  All widgets were invalidated
[2026.09.01-02.53.09:530][ 16]LogSlate: InvalidateAllWidgets triggered.  All widgets were invalidated
[2026.09.01-02.53.09:530][ 16]LogSlate: InvalidateAllWidgets triggered.  All widgets were invalidated
[2026.09.01-02.53.09:530][ 16]LogSlate: InvalidateAllWidgets triggered.  All widgets were invalidated
[2026.09.01-02.53.09:530][ 16]LogSlate: InvalidateAllWidgets triggered.  All widgets were invalidated
[2026.09.01-02.53.09:530][ 16]LogSlate: InvalidateAllWidgets triggered.  All widgets were invalidated
[2026.09.01-02.53.09:530][ 16]LogSlate: InvalidateAllWidgets triggered.  All widgets were invalidated
[2026.09.01-02.53.09:530][ 16]LogSlate: InvalidateAllWidgets triggered.  All widgets were invalidated
[2026.09.01-02.53.09:530][ 16]LogSlate: InvalidateAllWidgets triggered.  All widgets were invalidated
[2026.09.01-02.53.09:530][ 16]LogSlate: InvalidateAllWidgets triggered.  All widgets were invalidated
[2026.09.01-02.53.09:530][ 16]LogSlate: InvalidateAllWidgets triggered.  All widgets were invalidated
[2026.09.01-02.53.09:530][ 17]LogSlate: InvalidateAllWidgets triggered.  All widgets were invalidated
[2026.09.01-02.53.09:530][ 17]LogSlate: InvalidateAllWidgets triggered.  All widgets were invalidated
[2026.09.01-02.53.09:530][ 17]LogSlate: InvalidateAllWidgets triggered.  All widgets were invalidated
[2026.09.01-02.53.09:530][ 17]LogSlate: InvalidateAllWidgets triggered.  All widgets were invalidated
[2026.09.01-02.53.09:530][ 17]LogSlate: InvalidateAllWidgets triggered.  All widgets were invalidated
[2026.09.01-02.53.09:530][ 17]LogSlate: InvalidateAllWidgets triggered.  All widgets were invalidated
[2026.09.01-02.53.09:530][ 17]LogSlate: InvalidateAllWidgets triggered.  All widgets were invalidated
[2026.09.01-02.53.09:530][ 17]LogSlate: InvalidateAllWidgets triggered.  All widgets were invalidated
[2026.09.01-02.53.09:530][ 17]LogSlate: InvalidateAllWidgets triggered.  All widgets were invalidated
[2026.09.01-02.53.09:530][ 17]LogSlate: InvalidateAllWidgets triggered.  All widgets were invalidated
[2026.09.01-02.53.09:530][ 17]LogSlate: InvalidateAllWidgets triggered.  All widgets were invalidated
[2026.09.01-02.53.09:530][ 17]LogSlate: InvalidateAllWidgets triggered.  All widgets were invalidated
[2026.09.01-02.53.09:530][ 17]LogSlate: InvalidateAllWidgets triggered.  All widgets were invalidated
[2026.09.01-02.53.09:530][ 17]LogSlate: InvalidateAllWidgets triggered.  All widgets were invalidated
[2026.09.01-02.53.09:530][ 17]LogSlate: InvalidateAllWidgets triggered.  All widgets were invalidated
[2026.09.01-02.53.09:530][ 17]LogSlate: InvalidateAllWidgets triggered.  All widgets were invalidated
[2026.09.01-02.53.09:530][ 17]LogSlate: InvalidateAllWidgets triggered.  All widgets were invalidated
[2026.09.01-02.53.09:530][ 18]LogSlate: InvalidateAllWidgets triggered.  All widgets were invalidated
[2026.09.01-02.53.09:530][ 18]LogSlate: InvalidateAllWidgets triggered.  All widgets were invalidated
[2026.09.01-02.53.09:530][ 18]LogSlate: InvalidateAllWidgets triggered.  All widgets were invalidated
[2026.09.01-02.53.09:530][ 18]LogSlate: InvalidateAllWidgets triggered.  All widgets were invalidated
[2026.09.01-02.53.09:530][ 18]LogSlate: InvalidateAllWidgets triggered.  All widgets were invalidated
[2026.09.01-02.53.09:530][ 18]LogSlate: InvalidateAllWidgets triggered.  All widgets were invalidated
[2026.09.01-02.53.09:530][ 18]LogSlate: InvalidateAllWidgets triggered.  All widgets were invalidated
[2026.09.01-02.53.09:530][ 18]LogSlate: InvalidateAllWidgets triggered.  All widgets were invalidated
[2026.09.01-02.53.09:530][ 18]LogSlate: InvalidateAllWidgets triggered.  All widgets were invalidated
[2026.09.01-02.53.09:530][ 18]LogSlate: InvalidateAllWidgets triggered.  All widgets were invalidated
[2026.09.01-02.53.09:530][ 18]LogSlate: InvalidateAllWidgets triggered.  All widgets were invalidated
[2026.09.01-02.53.09:530][ 18]LogSlate: InvalidateAllWidgets triggered.  All widgets were invalidated
[2026.09.01-02.53.09:530][ 18]LogSlate: InvalidateAllWidgets triggered.  All widgets were invalidated
[2026.09.01-02.53.09:530][ 18]LogSlate: InvalidateAllWidgets triggered.  All widgets were invalidated
[2026.09.01-02.53.09:530][ 18]LogSlate: InvalidateAllWidgets triggered.  All widgets were invalidated
[2026.09.01-02.53.09:530][ 18]LogSlate: InvalidateAllWidgets triggered.  All widgets were invalidated
[2026.09.01-02.53.09:530][ 18]LogSlate: InvalidateAllWidgets triggered.  All widgets were invalidated
[2026.09.01-02.53.09:530][ 18]LogSlate: InvalidateAllWidgets triggered.  All widgets were invalidated
[2026.09.01-02.53.09:530][ 18]LogSlate: InvalidateAllWidgets triggered.  All widgets were invalidated
[2026.09.01-02.53.09:530][ 18]LogSlate: InvalidateAllWidgets triggered.  All widgets were invalidated
[2026.09.01-02.53.09:530][ 19]LogSlate: InvalidateAllWidgets triggered.  All widgets were invalidated
[2026.09.01-02.53.09:530][ 19]LogSlate: InvalidateAllWidgets triggered.  All widgets were invalidated
[2026.09.01-02.53.09:530][ 19]LogSlate: InvalidateAllWidgets triggered.  All widgets were invalidated
[2026.09.01-02.53.09:530][ 19]LogSlate: InvalidateAllWidgets triggered.  All widgets were invalidated
[2026.09.01-02.53.09:530][ 19]LogSlate: InvalidateAllWidgets triggered.  All widgets were invalidated
[2026.09.01-02.53.09:530][ 19]LogSlate: InvalidateAllWidgets triggered.  All widgets were invalidated
[2026.09.01-02.53.09:530][ 19]LogSlate: InvalidateAllWidgets triggered.  All widgets were invalidated
[2026.09.01-02.53.09:530][ 19]LogSlate: InvalidateAllWidgets triggered.  All widgets were invalidated
[2026.09.01-02.53.09:530][ 19]LogSlate: InvalidateAllWidgets triggered.  All widgets were invalidated
[2026.09.01-02.53.09:530][ 19]LogSlate: InvalidateAllWidgets triggered.  All widgets were invalidated
[2026.09.01-02.53.09:530][ 19]LogSlate: InvalidateAllWidgets triggered.  All widgets were invalidated
[2026.09.01-02.53.09:530][ 19]LogSlate: InvalidateAllWidgets triggered.  All widgets were invalidated
[2026.09.01-02.53.09:530][ 19]LogSlate: InvalidateAllWidgets triggered.  All widgets were invalidated
[2026.09.01-02.53.09:530][ 19]LogSlate: InvalidateAllWidgets triggered.  All widgets were invalidated
[2026.09.01-02.53.09:530][ 19]LogSlate: InvalidateAllWidgets triggered.  All widgets were invalidated
[2026.09.01-02.53.09:530][ 19]LogSlate: InvalidateAllWidgets triggered.  All widgets were invalidated
[2026.09.01-02.53.09:530][ 19]LogSlate: InvalidateAllWidgets triggered.  All widgets were invalidated
[2026.09.01-02.53.09:530][ 19]LogSlate: InvalidateAllWidgets triggered.  All widgets were invalidated
[2026.09.01-02.53.09:530][ 19]LogSlate: InvalidateAllWidgets triggered.  All widgets were invalidated
[2026.09.01-02.53.09:530][ 20]LogSlate: InvalidateAllWidgets triggered.  All widgets were invalidated
[2026.09.01-02.53.09:530][ 20]LogSlate: InvalidateAllWidgets triggered.  All widgets were invalidated
[2026.09.01-02.53.09:530][ 20]LogSlate: InvalidateAllWidgets triggered.  All widgets were invalidated
[2026.09.01-02.53.09:530][ 20]LogSlate: InvalidateAllWidgets triggered.  All widgets were invalidated
[2026.09.01-02.53.09:530][ 20]LogSlate: InvalidateAllWidgets triggered.  All widgets were invalidated
[2026.09.01-02.53.09:530][ 20]LogSlate: InvalidateAllWidgets triggered.  All widgets were invalidated
[2026.09.01-02.53.09:530][ 20]LogSlate: InvalidateAllWidgets triggered.  All widgets were invalidated
[2026.09.01-02.53.09:530][ 20]LogSlate: InvalidateAllWidgets triggered.  All widgets were invalidated
[2026.09.01-02.53.09:530][ 20]LogSlate: InvalidateAllWidgets triggered.  All widgets were invalidated
[2026.09.01-02.53.09:530][ 20]LogSlate: InvalidateAllWidgets triggered.  All widgets were invalidated
[2026.09.01-02.53.09:530][ 20]LogSlate: InvalidateAllWidgets triggered.  All widgets were invalidated
[2026.09.01-02.53.09:530][ 20]LogSlate: InvalidateAllWidgets triggered.  All widgets were invalidated
[2026.09.01-02.53.09:530][ 20]LogSlate: InvalidateAllWidgets triggered.  All widgets were invalidated
[2026.09.01-02.53.09:530][ 20]LogSlate: InvalidateAllWidgets triggered.  All widgets were invalidated
[2026.09.01-02.53.09:530][ 20]LogSlate: InvalidateAllWidgets triggered.  All widgets were invalidated
[2026.09.01-02.53.09:530][ 20]LogSlate: InvalidateAllWidgets triggered.  All widgets were invalidated
[2026.09.01-02.53.09:530][ 20]LogSlate: InvalidateAllWidgets triggered.  All widgets were invalidated
[2026.09.01-02.53.09:530][ 20]LogSlate: InvalidateAllWidgets triggered.  All widgets were invalidated
[2026.09.01-02.53.09:530][ 20]LogSlate: InvalidateAllWidgets triggered.  All widgets were invalidated
[2026.09.01-02.53.09:530][ 20]LogSlate: InvalidateAllWidgets triggered.  All widgets were invalidated
[2026.09.01-02.53.09:530][ 21]LogSlate: InvalidateAllWidgets triggered.  All widgets were invalidated
[2026.09.01-02.53.09:530][ 21]LogSlate: InvalidateAllWidgets triggered.  All widgets were invalidated
[2026.09.01-02.53.09:530][ 21]LogSlate: InvalidateAllWidgets triggered.  All widgets were invalidated
[2026.09.01-02.53.09:530][ 21]LogSlate: InvalidateAllWidgets triggered.  All widgets were invalidated
[2026.09.01-02.53.09:530][ 21]LogSlate: InvalidateAllWidgets triggered.  All widgets were invalidated
[2026.09.01-02.53.09:530][ 21]LogSlate: InvalidateAllWidgets triggered.  All widgets were invalidated
[2026.09.01-02.53.09:530][ 21]LogSlate: InvalidateAllWidgets triggered.  All widgets were invalidated
[2026.09.01-02.53.09:530][ 21]LogSlate: InvalidateAllWidgets triggered.  All widgets were invalidated
[2026.09.01-02.53.09:530][ 21]LogSlate: InvalidateAllWidgets triggered.  All widgets were invalidated
[2026.09.01-02.53.09:530][ 21]LogSlate: InvalidateAllWidgets triggered.  All widgets were invalidated
[2026.09.01-02.53.09:530][ 21]LogSlate: InvalidateAllWidgets triggered.  All widgets were invalidated
[2026.09.01-02.53.09:530][ 21]LogSlate: InvalidateAllWidgets triggered.  All widgets were invalidated
[2026.09.01-02.53.09:530][ 21]LogSlate: InvalidateAllWidgets triggered.  All widgets were invalidated
[2026.09.01-02.53.09:530][ 21]LogSlate: InvalidateAllWidgets triggered.  All widgets were invalidated
[2026.09.01-02.53.09:530][ 21]LogSlate: InvalidateAllWidgets triggered.  All widgets were invalidated
[2026.09.01-02.53.09:530][ 21]LogSlate: InvalidateAllWidgets triggered.  All widgets were invalidated
[2026.09.01-02.53.09:530][ 21]LogSlate: InvalidateAllWidgets triggered.  All widgets were invalidated
[2026.09.01-02.53.09:530][ 21]LogSlate: InvalidateAllWidgets triggered.  All widgets were invalidated
[2026.09.01-02.53.09:530][ 21]LogSlate: InvalidateAllWidgets triggered.  All widgets were invalidated
[2026.09.01-02.53.09:530][ 22]LogSlate: InvalidateAllWidgets triggered.  All widgets were invalidated
[2026.09.01-02.53.09:530][ 22]LogSlate: InvalidateAllWidgets triggered.  All widgets were invalidated
[2026.09.01-02.53.09:530][ 22]LogSlate: InvalidateAllWidgets triggered.  All widgets were invalidated
[2026.09.01-02.53.09:530][ 22]LogSlate: InvalidateAllWidgets triggered.  All widgets were invalidated
[2026.09.01-02.53.09:530][ 22]LogSlate: InvalidateAllWidgets triggered.  All widgets were invalidated
[2026.09.01-02.53.09:530][ 22]LogSlate: InvalidateAllWidgets triggered.  All widgets were invalidated
[2026.09.01-02.53.09:530][ 22]LogSlate: InvalidateAllWidgets triggered.  All widgets were invalidated
[2026.09.01-02.53.09:530][ 22]LogSlate: InvalidateAllWidgets triggered.  All widgets were invalidated
[2026.09.01-02.53.09:530][ 22]LogSlate: InvalidateAllWidgets triggered.  All widgets were invalidated
[2026.09.01-02.53.09:530][ 22]LogSlate: InvalidateAllWidgets triggered.  All widgets were invalidated
[2026.09.01-02.53.09:530][ 22]LogSlate: InvalidateAllWidgets triggered.  All widgets were invalidated
[2026.09.01-02.53.09:530][ 22]LogSlate: InvalidateAllWidgets triggered.  All widgets were invalidated
[2026.09.01-02.53.09:530][ 22]LogSlate: InvalidateAllWidgets triggered.  All widgets were invalidated
[2026.09.01-02.53.09:530][ 22]LogSlate: InvalidateAllWidgets triggered.  All widgets were invalidated
[2026.09.01-02.53.09:530][ 22]LogSlate: InvalidateAllWidgets triggered.  All widgets were invalidated
[2026.09.01-02.53.09:530][ 22]LogSlate: InvalidateAllWidgets triggered.  All widgets were invalidated
[2026.09.01-02.53.09:530][ 22]LogSlate: InvalidateAllWidgets triggered.  All widgets were invalidated
[2026.09.01-02.53.09:530][ 22]LogSlate: InvalidateAllWidgets triggered.  All widgets were invalidated
[2026.09.01-02.53.09:530][ 23]LogSlate: InvalidateAllWidgets triggered.  All widgets were invalidated
[2026.09.01-02.53.09:530][ 23]LogSlate: InvalidateAllWidgets triggered.  All widgets were invalidated
[2026.09.01-02.53.09:530][ 23]LogSlate: InvalidateAllWidgets triggered.  All widgets were invalidated
[2026.09.01-02.53.09:530][ 23]LogSlate: InvalidateAllWidgets triggered.  All widgets were invalidated
[2026.09.01-02.53.09:530][ 23]LogSlate: InvalidateAllWidgets triggered.  All widgets were invalidated
[2026.09.01-02.53.09:530][ 23]LogSlate: InvalidateAllWidgets triggered.  All widgets were invalidated
[2026.09.01-02.53.09:530][ 23]LogSlate: InvalidateAllWidgets triggered.  All widgets were invalidated
[2026.09.01-02.53.09:530][ 23]LogSlate: InvalidateAllWidgets triggered.  All widgets were invalidated
[2026.09.01-02.53.09:530][ 23]LogSlate: InvalidateAllWidgets triggered.  All widgets were invalidated
[2026.09.01-02.53.09:530][ 23]LogSlate: InvalidateAllWidgets triggered.  All widgets were invalidated
[2026.09.01-02.53.09:531][ 23]LogSlate: InvalidateAllWidgets triggered.  All widgets were invalidated
[2026.09.01-02.53.09:531][ 23]LogSlate: InvalidateAllWidgets triggered.  All widgets were invalidated
[2026.09.01-02.53.09:531][ 23]LogSlate: InvalidateAllWidgets triggered.  All widgets were invalidated
[2026.09.01-02.53.09:531][ 23]LogSlate: InvalidateAllWidgets triggered.  All widgets were invalidated
[2026.09.01-02.53.09:531][ 23]LogSlate: InvalidateAllWidgets triggered.  All widgets were invalidated
[2026.09.01-02.53.09:531][ 23]LogSlate: InvalidateAllWidgets triggered.  All widgets were invalidated
[2026.09.01-02.53.09:531][ 23]LogSlate: InvalidateAllWidgets triggered.  All widgets were invalidated
[2026.09.01-02.53.09:531][ 23]LogSlate: InvalidateAllWidgets triggered.  All widgets were invalidated
[2026.09.01-02.53.09:531][ 23]LogSlate: InvalidateAllWidgets triggered.  All widgets were invalidated
[2026.09.01-02.53.09:531][ 23]LogSlate: InvalidateAllWidgets triggered.  All widgets were invalidated
[2026.09.01-02.53.09:531][ 24]LogSlate: InvalidateAllWidgets triggered.  All widgets were invalidated
[2026.09.01-02.53.09:531][ 24]LogSlate: InvalidateAllWidgets triggered.  All widgets were invalidated
[2026.09.01-02.53.09:531][ 24]LogSlate: InvalidateAllWidgets triggered.  All widgets were invalidated
[2026.09.01-02.53.09:531][ 24]LogSlate: InvalidateAllWidgets triggered.  All widgets were invalidated
[2026.09.01-02.53.09:531][ 24]LogSlate: InvalidateAllWidgets triggered.  All widgets were invalidated
[2026.09.01-02.53.09:531][ 24]LogSlate: InvalidateAllWidgets triggered.  All widgets were invalidated
[2026.09.01-02.53.09:531][ 24]LogSlate: InvalidateAllWidgets triggered.  All widgets were invalidated
[2026.09.01-02.53.09:531][ 24]LogSlate: InvalidateAllWidgets triggered.  All widgets were invalidated
[2026.09.01-02.53.09:531][ 24]LogSlate: InvalidateAllWidgets triggered.  All widgets were invalidated
[2026.09.01-02.53.09:531][ 24]LogSlate: InvalidateAllWidgets triggered.  All widgets were invalidated
[2026.09.01-02.53.09:531][ 24]LogSlate: InvalidateAllWidgets triggered.  All widgets were invalidated
[2026.09.01-02.53.09:531][ 24]LogSlate: InvalidateAllWidgets triggered.  All widgets were invalidated
[2026.09.01-02.53.09:531][ 24]LogSlate: InvalidateAllWidgets triggered.  All widgets were invalidated
[2026.09.01-02.53.09:531][ 24]LogSlate: InvalidateAllWidgets triggered.  All widgets were invalidated
[2026.09.01-02.53.09:531][ 24]LogSlate: InvalidateAllWidgets triggered.  All widgets were invalidated
[2026.09.01-02.53.09:531][ 24]LogSlate: InvalidateAllWidgets triggered.  All widgets were invalidated
[2026.09.01-02.53.09:531][ 24]LogSlate: InvalidateAllWidgets triggered.  All widgets were invalidated
[2026.09.01-02.53.09:531][ 24]LogSlate: InvalidateAllWidgets triggered.  All widgets were invalidated
[2026.09.01-02.53.09:531][ 24]LogSlate: InvalidateAllWidgets triggered.  All widgets were invalidated
[2026.09.01-02.53.09:531][ 24]LogSlate: InvalidateAllWidgets triggered.  All widgets were invalidated
[2026.09.01-02.53.09:531][ 24]LogSlate: InvalidateAllWidgets triggered.  All widgets were invalidated
[2026.09.01-02.53.09:531][ 24]LogSlate: InvalidateAllWidgets triggered.  All widgets were invalidated
[2026.09.01-02.53.09:531][ 24]LogSlate: InvalidateAllWidgets triggered.  All widgets were invalidated
[2026.09.01-02.53.09:531][ 24]LogSlate: InvalidateAllWidgets triggered.  All widgets were invalidated
[2026.09.01-02.53.09:531][ 25]LogSlate: InvalidateAllWidgets triggered.  All widgets were invalidated
[2026.09.01-02.53.09:531][ 25]LogSlate: InvalidateAllWidgets triggered.  All widgets were invalidated
[2026.09.01-02.53.09:531][ 25]LogSlate: InvalidateAllWidgets triggered.  All widgets were invalidated
[2026.09.01-02.53.09:533][ 25]LogNiagara: Found 0 Niagara systems with PoolPrimeSize > 0
[2026.09.01-02.53.09:533][ 25]LogNiagara: Primed 0 additional Niagara systems from Asset Registry
[2026.09.01-02.53.09:553][ 25]LogSlate: InvalidateAllWidgets triggered.  All widgets were invalidated
[2026.09.01-02.53.09:555][ 25]LogRenderTargetPool: Warning: r.RenderTargetPoolMin exceeded 535/300 MB (ok in editor, bad on fixed memory platform)
[2026.09.01-02.53.09:563][ 25]LogDLSSNGX: [Core]: [2026-09-01 03:53:09] [NVSDK_NGX_CreateFeature_Validate:730] app id is 241534722
[2026.09.01-02.53.09:563][ 25]LogDLSSNGX: [DLSS]: [2026-09-01 03:53:09] [tid:700][NgxDltss::FillCreationParams::<lambda_0b227f1acf17fe82b0148f75d839db28>::operator ():2908] Info: (DLAA) Using App hint Preset C
[2026.09.01-02.53.09:563][ 25]LogDLSSNGX: [DLSS]: [2026-09-01 03:53:09] [tid:700][NgxDltss::FillCreationParams::<lambda_0b227f1acf17fe82b0148f75d839db28>::operator ():2908] Info: (Quality) Using App hint Preset C
[2026.09.01-02.53.09:563][ 25]LogDLSSNGX: [DLSS]: [2026-09-01 03:53:09] [tid:700][NgxDltss::FillCreationParams::<lambda_0b227f1acf17fe82b0148f75d839db28>::operator ():2908] Info: (Balanced) Using App hint Preset C
[2026.09.01-02.53.09:563][ 25]LogDLSSNGX: [DLSS]: [2026-09-01 03:53:09] [tid:700][NgxDltss::FillCreationParams::<lambda_0b227f1acf17fe82b0148f75d839db28>::operator ():2908] Info: (Perf) Using App hint Preset C
[2026.09.01-02.53.09:563][ 25]LogDLSSNGX: [DLSS]: [2026-09-01 03:53:09] [tid:700][NgxDltss::FillCreationParams::<lambda_0b227f1acf17fe82b0148f75d839db28>::operator ():2908] Info: (Ultra) Using App hint Preset C
[2026.09.01-02.53.09:563][ 25]LogDLSSNGX: [DLSS]: [2026-09-01 03:53:09] [tid:700][NgxDltss::FillCreationParams::<lambda_0b227f1acf17fe82b0148f75d839db28>::operator ():2908] Info: (UltraQuality) Using App hint Preset C
[2026.09.01-02.53.09:566][ 25]LogSlate: InvalidateAllWidgets triggered.  All widgets were invalidated
[2026.09.01-02.53.09:579][ 25]LogDLSSNGXRHI: Creating   NGX DLSS Feature  SrcRect=[0x0->1281x721], DestRect=[0x0->1920x1080], ScaleX=0.667188, ScaleY=0.667593, NGXDLSSPreset=Preset C(3), NGXDLSSRRPreset=Default(0), NGXPerfQuality=MaxQuality(2), bHighResolutionMotionVectors=1, bNonZeroSharpness=0, bUseAutoExposure=1, bEnableAlphaUpscaling=0, bReleaseMemoryOnDelete=1, GPUNode=0, GPUVisibility=0x1, DenoiseMode=Off 
[2026.09.01-02.53.09:660][ 25]LogAnimation: Warning: SetStartPosition called on an invalid context or with an invalid type
[2026.09.01-02.53.09:660][ 25]LogAnimation: Warning: SetStartPosition called on an invalid context or with an invalid type
[2026.09.01-02.53.09:660][ 25]LogAnimation: Warning: SetStartPosition called on an invalid context or with an invalid type
[2026.09.01-02.53.09:660][ 25]LogAnimation: Warning: SetStartPosition called on an invalid context or with an invalid type
[2026.09.01-02.53.09:660][ 25]LogAnimation: Warning: SetStartPosition called on an invalid context or with an invalid type
[2026.09.01-02.53.09:660][ 25]LogAnimation: Warning: SetStartPosition called on an invalid context or with an invalid type
[2026.09.01-02.53.09:660][ 25]LogAnimation: Warning: SetStartPosition called on an invalid context or with an invalid type
[2026.09.01-02.53.09:660][ 25]LogAnimation: Warning: SetStartPosition called on an invalid context or with an invalid type
[2026.09.01-02.53.09:660][ 25]LogAnimation: Warning: SetStartPosition called on an invalid context or with an invalid type
[2026.09.01-02.53.09:660][ 26]LogAnimation: Warning: SetStartPosition called on an invalid context or with an invalid type
[2026.09.01-02.53.09:660][ 26]LogAnimation: Warning: SetStartPosition called on an invalid context or with an invalid type
[2026.09.01-02.53.09:660][ 26]LogAnimation: Warning: SetStartPosition called on an invalid context or with an invalid type
[2026.09.01-02.53.09:660][ 26]LogAnimation: Warning: SetStartPosition called on an invalid context or with an invalid type
[2026.09.01-02.53.09:660][ 26]LogAnimation: Warning: SetStartPosition called on an invalid context or with an invalid type
[2026.09.01-02.53.09:660][ 26]LogAnimation: Warning: SetStartPosition called on an invalid context or with an invalid type
[2026.09.01-02.53.09:660][ 26]LogAnimation: Warning: SetStartPosition called on an invalid context or with an invalid type
[2026.09.01-02.53.09:661][ 26]LogAnimation: Warning: SetStartPosition called on an invalid context or with an invalid type
[2026.09.01-02.53.09:661][ 26]LogAnimation: Warning: SetStartPosition called on an invalid context or with an invalid type
[2026.09.01-02.53.09:661][ 26]LogAnimation: Warning: SetStartPosition called on an invalid context or with an invalid type
[2026.09.01-02.53.09:661][ 26]LogAnimation: Warning: SetStartPosition called on an invalid context or with an invalid type
[2026.09.01-02.53.09:661][ 26]LogAnimation: Warning: SetStartPosition called on an invalid context or with an invalid type
[2026.09.01-02.53.09:661][ 26]LogAnimation: Warning: SetStartPosition called on an invalid context or with an invalid type
[2026.09.01-02.53.09:661][ 26]LogAnimation: Warning: SetStartPosition called on an invalid context or with an invalid type
[2026.09.01-02.53.09:779][ 26]LogEOSSDK: LogEOS: SDK Config Platform Update Request Successful, Time: 7.361929
[2026.09.01-02.53.09:780][ 26]LogEOSSDK: LogEOSAnalytics: EOS SDK Analytics disabled for route [1].
[2026.09.01-02.53.09:782][ 26]LogEOSSDK: Warning: LogEOSUI: Hot key event ignored because there are no known users.
[2026.09.01-02.53.09:782][ 26]LogEOSSDK: LogEOS: Updating Product SDK Config, Time: 7.378308
[2026.09.01-02.53.10:029][ 31]LogLoadingScreen: Hiding loading screen when 'IsShowingInitialLoadingScreen()' is false.
[2026.09.01-02.53.10:029][ 31]LogLoadingScreen: (nothing wants to show it anymore)
[2026.09.01-02.53.10:029][ 31]LogLoadingScreen: Garbage Collecting before dropping load screen
[2026.09.01-02.53.10:029][ 31]LogRHI: ShaderPipelineCache: Batch mode changed (0): Size: 63 -> 1, Time: 16.000000 -> 0.000000
[2026.09.01-02.53.10:029][ 31]LogCore: Display: Setting hang detector multiplier to 1.0000s. New hang duration: 0.0000s. New present duration: 0.0000s.
[2026.09.01-02.53.10:033][ 31]LogPortalWarsUI: Loading screen is no longer visible, triggering all transition stinger outros
[2026.09.01-02.53.10:034][ 31]LogPortalWarsUI: Outro-ing all 0 transition stingers
[2026.09.01-02.53.10:029][ 31]LogLoadingScreen: LoadingScreen was visible for 1.19s
[2026.09.01-02.53.10:041][ 31]LogUObjectHash: Compacting FUObjectHashTables data took   1.63ms
[2026.09.01-02.53.10:214][ 42]LogEOSSDK: LogEOSAnalytics: Start Session (User: ...)
[2026.09.01-02.53.10:414][ 54]LogEOSSDK: LogEOS: SDK Config Product Update Request Successful, Time: 7.996910
[2026.09.01-02.53.10:416][ 54]LogEOSSDK: Warning: LogEOSEcom: Purchase flow is disabled due to overlay setup failure (EOS_NotConfigured).
[2026.09.01-02.53.10:416][ 55]LogEOSSDK: Warning: LogEOSUI: Hot key event ignored because there are no known users.
[2026.09.01-02.53.10:416][ 55]LogEOSSDK: Warning: LogEOSUI: Social overlay is disabled due to overlay setup failure (EOS_NotConfigured).
[2026.09.01-02.53.10:416][ 55]LogEOSSDK: LogEOS: SDK Config Data - Watermark: 928803857
[2026.09.01-02.53.10:416][ 55]LogEOSSDK: LogEOS: ScheduleNextSDKConfigDataUpdate - Time: 7.996910, Update Interval: 321.630920
[2026.09.01-02.53.20:020][628]LogBlueprintUserMessages: [WBP_LogoBink_C_2147477731] Bink: Trying to Open Bink Video: Movies/Bink/1047MainLogo_Color_key_v04.bk2
[2026.09.01-02.53.20:027][628]LogBlueprintUserMessages: [WBP_LogoBink_C_2147477731] Bink: Open Successful: true
[2026.09.01-02.53.20:027][628]LogBlueprintUserMessages: [WBP_LogoBink_C_2147477731] Bink: Play Successful: true
[2026.09.01-02.53.20:027][629]LogBlueprintUserMessages: [WBP_LogoBink_C_2147477731] Bink: Playing (GetURL()) : Movies/Bink/1047MainLogo_Color_key_v04.bk2
[2026.09.01-02.53.28:019][106]LogViewport: Display: Viewport MouseCaptureMode Changed, NoCapture -> CaptureDuringRightMouseDown
[2026.09.01-02.53.28:024][106]LogStreamableManager: Display: RequestAsyncLoad() called with empty or only null assets!
[2026.09.01-02.53.28:028][106]LogBlueprintUserMessages: [WBP_SplitgateTitleBink] Bink: Trying to Open Bink Video: Movies/Bink/Splitgate_Title.bk2
[2026.09.01-02.53.28:037][106]LogBlueprintUserMessages: [WBP_SplitgateTitleBink] Bink: Open Successful: true
[2026.09.01-02.53.28:037][106]LogBlueprintUserMessages: [WBP_SplitgateTitleBink] Bink: Play Successful: true
[2026.09.01-02.53.28:037][106]LogBlueprintUserMessages: [WBP_SplitgateTitleBink] Bink: Playing (GetURL()) : Movies/Bink/Splitgate_Title.bk2
[2026.09.01-02.53.28:039][106]LogStreamableManager: Display: RequestAsyncLoad() called with empty or only null assets!
[2026.09.01-02.53.28:040][106]LogPortalWarsUI: Outro-ing all 0 transition stingers
[2026.09.01-02.53.28:039][106]LogStreamableManager: Display: RequestAsyncLoad() called with empty or only null assets!
[2026.09.01-02.53.28:042][106]LogOnlineIdentity: STEAM: Obtained steam authticket
[2026.09.01-02.53.28:145][107]LogSlate: InvalidateAllWidgets triggered.  All widgets were invalidated
[2026.09.01-02.53.29:931][213]LogSlate: InvalidateAllWidgets triggered.  All widgets were invalidated
[2026.09.01-02.53.32:589][330]LogOF1047: Warning: CloudConfig - CVar 1047.Online.EnableEntitlementChecks not found, not setting value
[2026.09.01-02.53.32:590][331]LogOF1047: Warning: CloudConfig - CVar 1047.stats.BackendSendInterval not found, not setting value
[2026.09.01-02.53.33:969][409]LogGrpc: Warning: FGrpcRequest - Maverick::Rooster::Api::DailyLoginRewards::GetActiveLoginRewardTracks::<lambda_1>::operator () - Error:
 Error Code: 7
 Error Message: RBAC: access denied
[2026.09.01-02.53.33:970][409]LogGrpc: Warning: FGrpcRequest - Maverick::Rooster::Api::Referral::GetReferralSeasons::<lambda_1>::operator () - Error:
 Error Code: 9
 Error Reason: REFERRAL_FAILED
[2026.09.01-02.53.34:012][411]LogSlate: InvalidateAllWidgets triggered.  All widgets were invalidated
[2026.09.01-02.53.34:220][424]LogGrpc: Warning: FGrpcRequest - Maverick::Rooster::Api::Referral::GetReferralSeasons::<lambda_1>::operator () - Error:
 Error Code: 9
 Error Reason: REFERRAL_FAILED
[2026.09.01-02.53.34:471][439]LogGrpc: Warning: FGrpcRequest - Maverick::Rooster::Api::Referral::GetReferralSeasons::<lambda_1>::operator () - Error:
 Error Code: 9
 Error Reason: REFERRAL_FAILED
[2026.09.01-02.53.34:471][440]LogOnlineServices: Warning: [UPortalWarsReferralConfig::QueryConfigInternal] Failed: User[GameDefined_0:1 (STEAM_ID_USER_01)], Result[[2.99.9] ResponseCode: 9 - ErrorDomain: rooster-referral-service - ErrorReason: REFERRAL_FAILED]
[2026.09.01-02.53.34:473][440]LogOF1047: Warning: Failed to query config Online.Config.Referral: [2.99.9] ResponseCode: 9 - ErrorDomain: rooster-referral-service - ErrorReason: REFERRAL_FAILED
[2026.09.01-02.53.34:638][449]LogGrpc: Warning: FGrpcRequest - Maverick::Rooster::Api::DailyLoginRewards::GetActiveLoginRewardTracks::<lambda_1>::operator () - Error:
 Error Code: 7
 Error Message: RBAC: access denied
[2026.09.01-02.53.35:341][491]LogGrpc: Warning: FGrpcRequest - Maverick::Rooster::Api::DailyLoginRewards::GetActiveLoginRewardTracks::<lambda_1>::operator () - Error:
 Error Code: 7
 Error Message: RBAC: access denied
[2026.09.01-02.53.35:341][492]LogOnlineServices: Warning: [UPortalWarsLoginRewardsConfig::QueryConfigInternal] Failed: User[GameDefined_0:1 (STEAM_ID_USER_01)], Result[[1.1.16] unknown]
[2026.09.01-02.53.35:343][492]LogOF1047: Warning: Failed to query config Online.Config.DailyLoginRewards: [1.1.16] unknown
[2026.09.01-02.53.35:341][492]LogOF1047: Warning: [FOF1047LoginRequest::MaverickAdditionalConfigs] Failure: QueryConfigsWithFlags failed: [2.99.9] ResponseCode: 9 - ErrorDomain: rooster-referral-service - ErrorReason: REFERRAL_FAILED
[2026.09.01-02.53.36:276][547]LogCore1047InputSubsystem: Apply input mode: ECore1047InputMethod::Gamepad
[2026.09.01-02.53.36:279][547]LogSlate: User[0] UsePlatformCursorForCursorUser(false)
[2026.09.01-02.53.36:588][565]Core1047InputUserSettings: PostLoad >> Number of Currently Registered Mapping Contexts: 25
[2026.09.01-02.53.36:588][565]Core1047InputUserSettings: PostLoad >> Registered IMC: IMC_Default_Gamepad
[2026.09.01-02.53.36:588][565]Core1047InputUserSettings: PostLoad >> Registered IMC: IMC_Default_KBM
[2026.09.01-02.53.36:588][565]Core1047InputUserSettings: PostLoad >> Registered IMC: IMC_PushToTalk_KBM
[2026.09.01-02.53.36:588][565]Core1047InputUserSettings: PostLoad >> Registered IMC: IMC_Scoreboard_Gamepad
[2026.09.01-02.53.36:588][565]Core1047InputUserSettings: PostLoad >> Registered IMC: IMC_Scoreboard_KBM
[2026.09.01-02.53.36:588][565]Core1047InputUserSettings: PostLoad >> Registered IMC: IMC_CommsWheel_Gamepad
[2026.09.01-02.53.36:588][565]Core1047InputUserSettings: PostLoad >> Registered IMC: IMC_CommsWheel_KBM
[2026.09.01-02.53.36:588][565]Core1047InputUserSettings: PostLoad >> Registered IMC: IMC_EscapeMenu_Generic
[2026.09.01-02.53.36:588][565]Core1047InputUserSettings: PostLoad >> Registered IMC: IMC_Loadout_Gamepad
[2026.09.01-02.53.36:588][565]Core1047InputUserSettings: PostLoad >> Registered IMC: IMC_Loadout_KBM
[2026.09.01-02.53.36:588][565]Core1047InputUserSettings: PostLoad >> Registered IMC: IMC_PushToTalk_Gamepad
[2026.09.01-02.53.36:588][565]Core1047InputUserSettings: PostLoad >> Registered IMC: IMC_Hangman_Gamepad
[2026.09.01-02.53.36:588][565]Core1047InputUserSettings: PostLoad >> Registered IMC: IMC_Hangman_KBM
[2026.09.01-02.53.36:588][565]Core1047InputUserSettings: PostLoad >> Registered IMC: IMC_Macromap_Gamepad
[2026.09.01-02.53.36:588][566]Core1047InputUserSettings: PostLoad >> Registered IMC: IMC_Macromap_KBM
[2026.09.01-02.53.36:588][566]Core1047InputUserSettings: PostLoad >> Registered IMC: IMC_Inventory_Gamepad
[2026.09.01-02.53.36:588][566]Core1047InputUserSettings: PostLoad >> Registered IMC: IMC_Inventory_KBM
[2026.09.01-02.53.36:588][566]Core1047InputUserSettings: PostLoad >> Registered IMC: IMC_HangmanPregame_Gamepad
[2026.09.01-02.53.36:588][566]Core1047InputUserSettings: PostLoad >> Registered IMC: IMC_HangmanPregame_KBM
[2026.09.01-02.53.36:588][566]Core1047InputUserSettings: PostLoad >> Registered IMC: IMC_Camera_Gamepad
[2026.09.01-02.53.36:588][566]Core1047InputUserSettings: PostLoad >> Registered IMC: IMC_EditMove_Gamepad
[2026.09.01-02.53.36:588][566]Core1047InputUserSettings: PostLoad >> Registered IMC: IMC_Select_Gamepad
[2026.09.01-02.53.36:588][566]Core1047InputUserSettings: PostLoad >> Registered IMC: IMC_Both_KBM
[2026.09.01-02.53.36:588][566]Core1047InputUserSettings: PostLoad >> Registered IMC: IMC_Race_Gamepad
[2026.09.01-02.53.36:588][566]Core1047InputUserSettings: PostLoad >> Registered IMC: IMC_Race_KBM
[2026.09.01-02.53.36:588][566]Core1047InputUserSettings: PostLoad >> Loaded Current KBM Preset As None
[2026.09.01-02.53.36:588][566]Core1047InputUserSettings: PostLoad >> Loaded Current Gamepad Preset As None
[2026.09.01-02.53.36:588][566]Core1047InputUserSettings: PostLoad >> Received Mapping For Key Name: IA_Crouch
[2026.09.01-02.53.36:588][566]Core1047InputUserSettings: PostLoad >> Received Mapping For Key Name: IA_Crouch_Toggle
[2026.09.01-02.53.36:588][566]Core1047InputUserSettings: PostLoad >> Received Mapping For Key Name: IA_FirePortalAlternating
[2026.09.01-02.53.36:588][566]Core1047InputUserSettings: PostLoad >> Received Mapping For Key Name: IA_SwitchAlternatingPortal
[2026.09.01-02.53.36:588][566]Core1047InputUserSettings: PostLoad >> Received Mapping For Key Name: IA_ClosePortal_Both
[2026.09.01-02.53.36:588][566]Core1047InputUserSettings: PostLoad >> Received Mapping For Key Name: IA_ClosePortal_Both
[2026.09.01-02.53.36:588][566]Core1047InputUserSettings: PostLoad >> Received Mapping For Key Name: IA_ClosePortal_Left
[2026.09.01-02.53.36:588][566]Core1047InputUserSettings: PostLoad >> Received Mapping For Key Name: IA_ClosePortal_Right
[2026.09.01-02.53.36:588][567]Core1047InputUserSettings: PostLoad >> Received Mapping For Key Name: IA_ClosePortal_Right
[2026.09.01-02.53.36:588][567]Core1047InputUserSettings: PostLoad >> Received Mapping For Key Name: IA_CycleWeaponForward
[2026.09.01-02.53.36:588][567]Core1047InputUserSettings: PostLoad >> Received Mapping For Key Name: IA_HideHUD
[2026.09.01-02.53.36:588][567]Core1047InputUserSettings: PostLoad >> Received Mapping For Key Name: IA_UseEquipment
[2026.09.01-02.53.36:588][568]Core1047InputUserSettings: PostLoad >> Has Completed!
[2026.09.01-02.53.36:590][568]LogStreaming: Display: FlushAsyncLoading(2086): 1 QueuedPackages, 0 AsyncPackages
[2026.09.01-02.53.36:592][568]Core1047CloudSettings: Error: Failed to import setting value for Settings.Crosshair.WeaponCrosshairMap
[2026.09.01-02.53.36:592][568]Core1047InputUserSettings: Warning: DetermineHardwareDeviceForActionMapping, invalid Key found while registering IMCs!
[2026.09.01-02.53.36:592][568]Core1047InputUserSettings: Warning: DetermineHardwareDeviceForActionMapping, invalid Key found while registering IMCs!
[2026.09.01-02.53.36:592][568]LogEnhancedInput: Warning: A key profile with the name 'InputUserSettings.Profiles.Player' already exists! Use a different name.
[2026.09.01-02.53.36:592][568]LogEnhancedInput: Warning: A key profile with the name 'InputUserSettings.Profiles.Default' already exists! Use a different name.
[2026.09.01-02.53.36:592][568]Core1047InputUserSettings: PreSave >> Has Completed!
[2026.09.01-02.53.36:595][568]LogCore1047: Warning: UCore1047SettingDefinition::ApplyValue Classic Portal Controls is not Enabled via bEnabled so setting value will not be applied.
[2026.09.01-02.53.36:595][569]LogCore1047: Warning: UCore1047SettingDefinition::ApplyValue Classic Portal Controls is not Enabled via bEnabled so setting value will not be applied.
[2026.09.01-02.53.36:595][569]LogCore1047: Warning: UCore1047SettingDefinition::ApplyValue Show Ally Team Color is not Enabled via bEnabled so setting value will not be applied.
[2026.09.01-02.53.36:888][583]LogMovieScene: Starting new camera cut: 'CineCameraActor_2147477438'
[2026.09.01-02.53.36:889][584]LogStreaming: Display: FlushAsyncLoading(2119,2120): 2 QueuedPackages, 0 AsyncPackages
[2026.09.01-02.53.37:466][618]LogGrpc: Warning: FGrpcRequest - Maverick::Rooster::Api::DailyLoginRewards::GetActiveLoginRewardProgress::<lambda_1>::operator () - Error:
 Error Code: 7
 Error Message: RBAC: access denied
[2026.09.01-02.53.37:717][633]LogGrpc: Warning: FGrpcRequest - Maverick::Rooster::Api::DailyLoginRewards::GetActiveLoginRewardProgress::<lambda_1>::operator () - Error:
 Error Code: 7
 Error Message: RBAC: access denied
[2026.09.01-02.53.37:951][647]LogGrpc: Warning: FGrpcRequest - Maverick::Rooster::Api::DailyLoginRewards::GetActiveLoginRewardProgress::<lambda_1>::operator () - Error:
 Error Code: 7
 Error Message: RBAC: access denied
[2026.09.01-02.53.37:951][648]LogOnlineServices: Warning: [UPortalWarsUserLoginRewardsSubsystem::QueryLocalPlayerLoginRewardProgress] Failed: User[GameDefined_0:1 (STEAM_ID_USER_01)], Result[[1.1.16] unknown]
[2026.09.01-02.53.37:951][648]LogOF1047: Warning: [FPortalWarsLoginRequest::MaverickRoosterDLR] Failure: QueryFTUEState failed: [1.1.16] unknown
[2026.09.01-02.53.38:152][659]LogGrpc: Warning: FGrpcRequest - Maverick::Rooster::Api::Referral::GetReferralSeasonProgress::<lambda_1>::operator () - Error:
 Error Code: 9
 Error Reason: REFERRAL_FAILED
[2026.09.01-02.53.38:520][681]LogGrpc: Warning: FGrpcRequest - Maverick::Rooster::Api::Referral::GetReferralSeasonProgress::<lambda_1>::operator () - Error:
 Error Code: 9
 Error Reason: REFERRAL_FAILED
[2026.09.01-02.53.38:838][700]LogGrpc: Warning: FGrpcRequest - Maverick::Rooster::Api::Referral::GetReferralSeasonProgress::<lambda_1>::operator () - Error:
 Error Code: 9
 Error Reason: REFERRAL_FAILED
[2026.09.01-02.53.38:838][700]LogOnlineServices: Warning: [UPortalWarsUserReferralSubsystem::QueryLocalPlayerReferrals] Failed: User[GameDefined_0:1 (STEAM_ID_USER_01)], Result[[2.99.9] ResponseCode: 9 - ErrorDomain: rooster-referral-service - ErrorReason: REFERRAL_FAILED]
[2026.09.01-02.53.38:838][700]LogOF1047: Warning: [FPortalWarsLoginRequest::MaverickRoosterRAF] Failure: QueryLocalPlayerReferrals failed: [2.99.9] ResponseCode: 9 - ErrorDomain: rooster-referral-service - ErrorReason: REFERRAL_FAILED
[2026.09.01-02.53.38:841][700]LogCore1047Crash: Crash context user id is 91a7059f47289311e99f21be5091a4dc
[2026.09.01-02.53.38:845][700]LogStreamableManager: Display: RequestAsyncLoad() called with empty or only null assets!
[2026.09.01-02.53.38:849][700]LogMDFastBinding: Warning: [WBP_MainMenuSceneStack_C] uses a deprecated property-based MDFastBindingContainer, resave it to automatically upgrade it to a widget extension
[2026.09.01-02.53.38:852][700]LogStreamableManager: Display: RequestAsyncLoad() called with empty or only null assets!
[2026.09.01-02.53.38:958][700]LogStreamableManager: Display: RequestAsyncLoad() called with empty or only null assets!
[2026.09.01-02.53.38:962][700]LogStreamableManager: Display: RequestAsyncLoad() called with empty or only null assets!
[2026.09.01-02.53.38:962][700]LogStreamableManager: Display: RequestAsyncLoad() called with empty or only null assets!
[2026.09.01-02.53.38:965][700]LogMovieScene: Starting new camera cut: 'CineCameraActor_2147476615'
[2026.09.01-02.53.38:965][700]LogViewport: Display: Viewport MouseCaptureMode Changed, CaptureDuringRightMouseDown -> NoCapture
[2026.09.01-02.53.38:967][700]LogStreamableManager: Display: RequestAsyncLoad() called with empty or only null assets!
[2026.09.01-02.53.38:968][700]LogStreamableManager: Display: RequestAsyncLoad() called with empty or only null assets!
[2026.09.01-02.53.38:969][700]LogStreamableManager: Display: RequestAsyncLoad() called with empty or only null assets!
[2026.09.01-02.53.38:970][700]LogStreamableManager: Display: RequestAsyncLoad() called with empty or only null assets!
[2026.09.01-02.53.38:973][700]LogStreamableManager: Display: RequestAsyncLoad() called with empty or only null assets!
[2026.09.01-02.53.38:980][700]LogStreamableManager: Display: RequestAsyncLoad() called with empty or only null assets!
[2026.09.01-02.53.38:980][700]LogStreamableManager: Display: RequestAsyncLoad() called with empty or only null assets!
[2026.09.01-02.53.38:982][700]LogStreamableManager: Display: RequestAsyncLoad() called with empty or only null assets!
[2026.09.01-02.53.38:983][700]LogStreamableManager: Display: RequestAsyncLoad() called with empty or only null assets!
[2026.09.01-02.53.38:989][700]LogStreamableManager: Display: RequestAsyncLoad() called with empty or only null assets!
[2026.09.01-02.53.38:994][700]LogStreamableManager: Display: RequestAsyncLoad() called with empty or only null assets!
[2026.09.01-02.53.38:995][700]LogStreamableManager: Display: RequestAsyncLoad() called with empty or only null assets!
[2026.09.01-02.53.38:997][700]LogStreamableManager: Display: RequestAsyncLoad() called with empty or only null assets!
[2026.09.01-02.53.38:997][700]LogStreamableManager: Display: RequestAsyncLoad() called with empty or only null assets!
[2026.09.01-02.53.38:997][700]LogScript: Warning: Script Msg: Attempted to access index 0 from array 'Textures' of length 0 in '/Game/UI/MainMenu/Locker/PlayerCard/WBP_PlayerCard.WBP_PlayerCard_C:UpdateBadges'!
[2026.09.01-02.53.38:997][700]LogScript: Warning: Script Msg: Attempted to access index 1 from array 'Textures' of length 0 in '/Game/UI/MainMenu/Locker/PlayerCard/WBP_PlayerCard.WBP_PlayerCard_C:UpdateBadges'!
[2026.09.01-02.53.38:997][700]LogScript: Warning: Script Msg: Attempted to access index 2 from array 'Textures' of length 0 in '/Game/UI/MainMenu/Locker/PlayerCard/WBP_PlayerCard.WBP_PlayerCard_C:UpdateBadges'!
[2026.09.01-02.53.38:997][700]LogStreamableManager: Display: RequestAsyncLoad() called with empty or only null assets!
[2026.09.01-02.53.38:997][700]LogStreamableManager: Display: RequestAsyncLoad() called with empty or only null assets!
[2026.09.01-02.53.38:997][700]LogStreaming: Display: FlushAsyncLoading(2133): 1 QueuedPackages, 11 AsyncPackages
[2026.09.01-02.53.39:004][700]Log1047GameFramework: Warning: FillInvalidSlot failed to find a parent item in LoadoutSlot.Skin.Generic to get a default item from
[2026.09.01-02.53.39:245][700]LogMerlin: Data Received: Endpoint: ReportServerSessionManager, Size: 372
[2026.09.01-02.53.39:246][700]LogOnlineAchievements: Warning: STEAM: Steam achievements have not been configured in .ini
[2026.09.01-02.53.39:248][701]LogOF1047: Error: Failed to query platform achievements: [1.1.16] unknown
[2026.09.01-02.53.39:271][701]LogStreamableManager: Display: RequestAsyncLoad() called with empty or only null assets!
[2026.09.01-02.53.39:276][701]LogStreamableManager: Display: RequestAsyncLoad() called with empty or only null assets!
[2026.09.01-02.53.39:286][701]LogStreamableManager: Display: RequestAsyncLoad() called with empty or only null assets!
[2026.09.01-02.53.39:286][701]LogStreamableManager: Display: RequestAsyncLoad() called with empty or only null assets!
[2026.09.01-02.53.39:296][701]LogStreamableManager: Display: RequestAsyncLoad() called with empty or only null assets!
[2026.09.01-02.53.39:297][701]LogStreamableManager: Display: RequestAsyncLoad() called with empty or only null assets!
[2026.09.01-02.53.39:301][701]LogStreamableManager: Display: RequestAsyncLoad() called with empty or only null assets!
[2026.09.01-02.53.39:304][701]LogStreamableManager: Display: RequestAsyncLoad() called with empty or only null assets!
[2026.09.01-02.53.39:304][701]LogStreamableManager: Display: RequestAsyncLoad() called with empty or only null assets!
[2026.09.01-02.53.39:309][701]LogStreamableManager: Display: RequestAsyncLoad() called with empty or only null assets!
[2026.09.01-02.53.39:309][701]LogStreamableManager: Display: RequestAsyncLoad() called with empty or only null assets!
[2026.09.01-02.53.39:318][701]LogStreamableManager: Display: RequestAsyncLoad() called with empty or only null assets!
[2026.09.01-02.53.39:319][701]LogStreamableManager: Display: RequestAsyncLoad() called with empty or only null assets!
[2026.09.01-02.53.39:323][701]LogSlate: InvalidateAllWidgets triggered.  All widgets were invalidated
[2026.09.01-02.53.39:515][703]LogGrpc: Warning: FGrpcRequest - Maverick::Rooster::Api::LimitedTimeEvents::GetActiveEventData::<lambda_1>::operator () - Error:
 Error Code: 7
 Error Message: RBAC: access denied
[2026.09.01-02.53.39:516][704]LogOnlineServices: Warning: [UPortalWarsLimitedTimeEventsSubsystem::QueryActiveEventData] Failed: User[GameDefined_0:1 (STEAM_ID_USER_01)], Result[[1.1.16] unknown]
[2026.09.01-02.53.39:535][705]LogStreaming: Display: FlushAsyncLoading(2634): 1 QueuedPackages, 296 AsyncPackages
[2026.09.01-02.53.39:551][705]LogStaticMesh: [SM_ONI_SMG_Mask_FX_P1] Mesh is marked for CPU read.
[2026.09.01-02.53.39:552][705]LogStaticMesh: [SM_ONI_SMG_Mask_FX_P2] Mesh is marked for CPU read.
[2026.09.01-02.53.39:553][705]LogStaticMesh: [SM_ONI_SMG_Mask_FX_P3] Mesh is marked for CPU read.
[2026.09.01-02.53.39:580][705]LogScript: Warning: Script Msg: Divide by zero: Divide_DoubleDouble
[2026.09.01-02.53.39:590][705]LogGrpc: Warning: FGrpcRequest - Maverick::Rooster::Api::Levels::GetXpMultipliers::<lambda_1>::operator () - Error:
 Error Code: 7
 Error Message: RBAC: access denied
[2026.09.01-02.53.39:590][705]LogGrpc: Warning: FGrpcRequest - Maverick::Rooster::Api::LimitedTimeEvents::GetActiveEventDefinitions::<lambda_1>::operator () - Error:
 Error Code: 7
 Error Message: RBAC: access denied
[2026.09.01-02.53.39:590][706]LogOnlineServices: Warning: [UPortalWarsLimitedTimeEventsConfig::QueryConfigInternal] Failed: User[GameDefined_0:1 (STEAM_ID_USER_01)], Result[[1.1.16] unknown]
[2026.09.01-02.53.39:593][706]LogOF1047: Warning: Failed to query config Online.Config.Events: [1.1.16] unknown
[2026.09.01-02.53.39:595][706]LogStreaming: Display: FlushAsyncLoading(2639): 1 QueuedPackages, 0 AsyncPackages
[2026.09.01-02.53.39:881][706]LogSlate: InvalidateAllWidgets triggered.  All widgets were invalidated
[2026.09.01-02.53.39:895][706]LogSlate: InvalidateAllWidgets triggered.  All widgets were invalidated
[2026.09.01-02.53.39:899][706]LogSlate: InvalidateAllWidgets triggered.  All widgets were invalidated
[2026.09.01-02.53.40:020][711]LogSlate: InvalidateAllWidgets triggered.  All widgets were invalidated
[2026.09.01-02.53.40:082][712]LogSlate: InvalidateAllWidgets triggered.  All widgets were invalidated
[2026.09.01-02.53.40:082][712]LogGrpc: Warning: FGrpcRequest - Maverick::Api::GameCms::GetLocalizationManifestAuthorized::<lambda_1>::operator () - Error:
 Error Code: 5
 Error Reason: LOCALIZATION_MANIFEST_NOT_FOUND
[2026.09.01-02.53.40:082][712]LogOnlineServices: Warning: [UOF1047LocalizationSubsystem::DownloadLocalizationManifest] Failed: User[GameDefined_0:1 (STEAM_ID_USER_01)], Result[[2.99.5] ResponseCode: 5 - ErrorDomain: game-cms-localization-service - ErrorReason: LOCALIZATION_MANIFEST_NOT_FOUND]
[2026.09.01-02.53.40:084][713]LogOF1047Localization: Error: Failed to get Localization Manifest Data for stats-leaderboards. Error: [2.99.5] ResponseCode: 5 - ErrorDomain: game-cms-localization-service - ErrorReason: LOCALIZATION_MANIFEST_NOT_FOUND
[2026.09.01-02.53.40:084][713]LogSlate: InvalidateAllWidgets triggered.  All widgets were invalidated
[2026.09.01-02.53.40:084][713]LogGrpc: Warning: FGrpcRequest - Maverick::Rooster::Api::Levels::GetXpMultipliers::<lambda_1>::operator () - Error:
 Error Code: 7
 Error Message: RBAC: access denied
[2026.09.01-02.53.40:233][720]LogSlate: InvalidateAllWidgets triggered.  All widgets were invalidated
[2026.09.01-02.53.40:235][720]LogSlate: InvalidateAllWidgets triggered.  All widgets were invalidated
[2026.09.01-02.53.40:237][720]LogSlate: InvalidateAllWidgets triggered.  All widgets were invalidated
[2026.09.01-02.53.40:262][720]LogSlate: InvalidateAllWidgets triggered.  All widgets were invalidated
[2026.09.01-02.53.40:284][722]LogGrpc: Warning: FGrpcRequest - Maverick::Rooster::Api::Levels::GetXpMultipliers::<lambda_1>::operator () - Error:
 Error Code: 7
 Error Message: RBAC: access denied
[2026.09.01-02.53.40:284][723]LogOnlineServices: Warning: [UPortalWarsXpMultiplierConfig::QueryConfigInternal] Failed: User[GameDefined_0:1 (STEAM_ID_USER_01)], Result[[1.1.16] unknown]
[2026.09.01-02.53.40:286][723]LogOF1047: Warning: Failed to query config Online.Config.XpMultipliers: [1.1.16] unknown
[2026.09.01-02.53.41:142][772]LogStreamableManager: Display: RequestAsyncLoad() called with empty or only null assets!
[2026.09.01-02.53.41:144][772]LogStreaming: Display: FlushAsyncLoading(2926): 1 QueuedPackages, 0 AsyncPackages
[2026.09.01-02.53.41:167][772]LogStreamableManager: Display: RequestAsyncLoad() called with empty or only null assets!
[2026.09.01-02.53.41:205][772]LogTexture: Warning: Texture Unknown_4 was padded from 1920x733 to 1920x736 to support runtime compression
[2026.09.01-02.53.41:286][772]LogTexture: Warning: Texture Unknown_6 was padded from 1920x733 to 1920x736 to support runtime compression
[2026.09.01-02.53.41:327][772]LogTexture: Warning: Texture Unknown_7 was padded from 1921x733 to 1924x736 to support runtime compression
[2026.09.01-02.53.41:331][772]LogStreamableManager: Display: RequestAsyncLoad() called with empty or only null assets!
[2026.09.01-02.53.41:335][772]LogStreamableManager: Display: RequestAsyncLoad() called with empty or only null assets!
[2026.09.01-02.53.41:339][772]LogStreamableManager: Display: RequestAsyncLoad() called with empty or only null assets!
[2026.09.01-02.53.41:343][772]LogStreamableManager: Display: RequestAsyncLoad() called with empty or only null assets!
[2026.09.01-02.53.41:346][772]LogStreamableManager: Display: RequestAsyncLoad() called with empty or only null assets!
[2026.09.01-02.53.42:393][835]LogPortalWarsUI: Downloading image for save: 158ab87b-d11d-4e30-9a9c-177c11a87d5b at 1280x720
[2026.09.01-02.53.42:394][835]LogCC1047ZipArchive: Decompressing zip archive from buffer
[2026.09.01-02.53.42:394][835]LogCC1047ZipArchive: File "World.cf1047" compressed size: 330169, uncompressed size: 5036717
[2026.09.01-02.53.42:394][835]LogCC1047ZipArchive: Skipping file "World.cf1047"
[2026.09.01-02.53.42:394][835]LogCC1047ZipArchive: File "Screenshot.jpg" compressed size: 322297, uncompressed size: 322371
[2026.09.01-02.53.42:435][837]LogPortalWarsUI: Downloading image for save: 158ab87b-d11d-4e30-9a9c-177c11a87d5b at 1280x720
[2026.09.01-02.53.42:436][837]LogCC1047ZipArchive: Decompressing zip archive from buffer
[2026.09.01-02.53.42:436][837]LogCC1047ZipArchive: File "World.cf1047" compressed size: 322454, uncompressed size: 4298790
[2026.09.01-02.53.42:437][837]LogCC1047ZipArchive: Skipping file "World.cf1047"
[2026.09.01-02.53.42:437][837]LogCC1047ZipArchive: File "Screenshot.jpg" compressed size: 489970, uncompressed size: 489989
[2026.09.01-02.53.42:501][838]LogPortalWarsUI: Downloading image for save: 158ab87b-d11d-4e30-9a9c-177c11a87d5b at 1280x720
[2026.09.01-02.53.42:502][838]LogCC1047ZipArchive: Decompressing zip archive from buffer
[2026.09.01-02.53.42:502][838]LogCC1047ZipArchive: File "World.cf1047" compressed size: 295084, uncompressed size: 4863514
[2026.09.01-02.53.42:502][838]LogCC1047ZipArchive: Skipping file "World.cf1047"
[2026.09.01-02.53.42:502][838]LogCC1047ZipArchive: File "Screenshot.jpg" compressed size: 374020, uncompressed size: 374068
[2026.09.01-02.53.42:513][838]LogPortalWarsUI: Downloading image for save: 22adb7e8-beb5-440d-b3c7-3eccccf124d4 at 1280x720
[2026.09.01-02.53.42:514][838]LogCC1047ZipArchive: Decompressing zip archive from buffer
[2026.09.01-02.53.42:514][838]LogCC1047ZipArchive: File "World.cf1047" compressed size: 295668, uncompressed size: 4582951
[2026.09.01-02.53.42:514][839]LogCC1047ZipArchive: Skipping file "World.cf1047"
[2026.09.01-02.53.42:514][839]LogCC1047ZipArchive: File "Screenshot.jpg" compressed size: 378003, uncompressed size: 378091
[2026.09.01-02.53.43:912][917]LogStreamableManager: Display: RequestAsyncLoad() called with empty or only null assets!
[2026.09.01-02.53.43:959][917]LogTexture: Warning: Texture Unknown_8 was padded from 1920x733 to 1920x736 to support runtime compression
[2026.09.01-02.53.45:930][ 33]LogTexture: Warning: Texture Unknown_9 was padded from 1920x733 to 1920x736 to support runtime compression
[2026.09.01-02.53.46:411][ 60]LogTexture: Warning: Texture Unknown_10 was padded from 1920x733 to 1920x736 to support runtime compression
[2026.09.01-02.53.46:709][ 76]LogTexture: Warning: Texture Unknown_11 was padded from 1920x733 to 1920x736 to support runtime compression
[2026.09.01-02.53.47:061][ 96]LogTexture: Warning: Texture Unknown_12 was padded from 1920x733 to 1920x736 to support runtime compression
[2026.09.01-02.53.48:786][198]LogTexture: Warning: Texture Unknown_13 was padded from 1921x733 to 1924x736 to support runtime compression
[2026.09.01-02.53.49:265][225]LogTexture: Warning: Texture Unknown_14 was padded from 1920x733 to 1920x736 to support runtime compression
[2026.09.01-02.53.49:612][244]LogTexture: Warning: Texture Unknown_15 was padded from 1920x733 to 1920x736 to support runtime compression
[2026.09.01-02.53.49:911][261]LogTexture: Warning: Texture Unknown_16 was padded from 1920x733 to 1920x736 to support runtime compression
[2026.09.01-02.53.50:278][282]LogTexture: Warning: Texture Unknown_17 was padded from 1921x733 to 1924x736 to support runtime compression
[2026.09.01-02.53.50:746][309]LogTexture: Warning: Texture Unknown_18 was padded from 1920x733 to 1920x736 to support runtime compression
[2026.09.01-02.53.51:377][348]LogOnline: Warning: OSS: Async task 'FOnlineUserInfoSteam::FOnlineAsyncTaskQueryUserInfo() bWasSuccessful: 0' failed in 10.019811 seconds
[2026.09.01-02.53.51:603][361]Core1047InputUserSettings: PreSave >> Has Completed!
[2026.09.01-02.53.51:608][361]LogActor: Warning: BP_LightRig_C /Game/Maps/MainMenu/MainMenu.MainMenu:PersistentLevel.BP_LightRig_2147471161 has natively added scene component(s), but none of them were set as the actor's RootComponent - picking one arbitrarily
[2026.09.01-02.53.51:610][361]LogMovieScene: Starting new camera cut: 'CineCameraActor_2147471151'
[2026.09.01-02.53.51:616][361]LogStreamableManager: Display: RequestAsyncLoad() called with empty or only null assets!
[2026.09.01-02.53.51:617][361]LogStreamableManager: Display: RequestAsyncLoad() called with empty or only null assets!
[2026.09.01-02.53.57:809][732]LogTemp: Warning: SERVER BOOTING: 568c6018-ab68-4696-80b6-1807d0379a60
[2026.09.01-02.53.57:809][732]LogStreaming: Display: FlushAsyncLoading(2957): 1 QueuedPackages, 1 AsyncPackages
[2026.09.01-02.53.57:825][732]LogPortalWarsUI: Created transition stinger of type /Game/UI/Stinger/WBP_PortalWallTransitionStinger.WBP_PortalWallTransitionStinger_C
[2026.09.01-02.54.01:398][947]LogOnline: Warning: OSS: Async task 'FOnlineUserInfoSteam::FOnlineAsyncTaskQueryUserInfo() bWasSuccessful: 0' failed in 10.009460 seconds
[2026.09.01-02.54.07:614][318]Core1047InputUserSettings: PreSave >> Has Completed!
[2026.09.01-02.54.09:253][416]LogTemp: Warning: SERVER READY: GAME_ENDPOINT_01:30925
[2026.09.01-02.54.09:254][416]LogStreaming: Display: FlushAsyncLoading(2958): 1 QueuedPackages, 0 AsyncPackages
[2026.09.01-02.54.09:262][416]LogPortalWarsUI: Created transition stinger of type /Game/UI/Stinger/WBP_PreMatchTransitionStinger.WBP_PreMatchTransitionStinger_C
[2026.09.01-02.54.11:633][532]LogGlobalStatus: UEngine::Browse Started Browse: "GAME_ENDPOINT_01:30925/Game/Maps/MainMenu/MainMenu"
[2026.09.01-02.54.11:633][532]LogNet: Browse: GAME_ENDPOINT_01:30925/Game/Maps/MainMenu/MainMenu
[2026.09.01-02.54.11:633][532]LogIris: Display: Iris ReplicationSystem[0]: ReplicationSystem_2147470882 (0x00000000A75B8820) is created
[2026.09.01-02.54.11:633][532]LogIris: NetRefHandleManager: Configured with MaxActiveObjectCount=65536, MaxInternalNetRefIndex: 65536, Grow=16384, NetChunkedArray: Init=65536|Highest=65535
[2026.09.01-02.54.11:635][532]LogIrisGroup: Created GroupHandle named: NotReplicated Index: 1 Id: 1
[2026.09.01-02.54.11:635][532]LogIrisGroup: Created GroupHandle named: NetGroupOwner Index: 2 Id: 2
[2026.09.01-02.54.11:635][532]LogIrisGroup: Created GroupHandle named: NetGroupReplay Index: 3 Id: 3
[2026.09.01-02.54.11:636][532]LogPushModel: PushModel HandleCreation is now disabled
[2026.09.01-02.54.11:636][532]LogNet: InitBase PendingNetDriver (NetDriverDefinition GameNetDriver) using replication model Iris
[2026.09.01-02.54.11:636][532]LogNet: Registering network metrics listener /Script/Engine.NetworkMetricsCSV_Replication for metric NumConnections
[2026.09.01-02.54.11:636][532]LogNet: Registering network metrics listener /Script/Engine.NetworkMetricsCSV_Replication for metric Connections
[2026.09.01-02.54.11:636][532]LogNet: Registering network metrics listener /Script/Engine.NetworkMetricsCSV_Replication for metric InPacketsClientAvg
[2026.09.01-02.54.11:636][532]LogNet: Registering network metrics listener /Script/Engine.NetworkMetricsCSV_Replication for metric InPacketsClientMax
[2026.09.01-02.54.11:636][532]LogNet: Registering network metrics listener /Script/Engine.NetworkMetricsCSV_Replication for metric NumberOfActiveActors
[2026.09.01-02.54.11:636][532]LogNet: Registering network metrics listener /Script/Engine.NetworkMetricsCSV_Replication for metric NumberOfFullyDormantActors
[2026.09.01-02.54.11:636][532]LogNet: Registering network metrics listener /Script/Engine.NetworkMetricsCSV_Replication for metric NumClientUpdateLevelVisibility
[2026.09.01-02.54.11:636][532]LogNet: Registering network metrics listener /Script/Engine.NetworkMetricsCSV_Replication for metric NumReplicateActorCallsPerConAvg
[2026.09.01-02.54.11:636][532]LogNet: Registering network metrics listener /Script/Engine.NetworkMetricsCSV_Replication for metric OutKBytes
[2026.09.01-02.54.11:636][532]LogNet: Registering network metrics listener /Script/Engine.NetworkMetricsCSV_Replication for metric OutNetGUIDKBytesSec
[2026.09.01-02.54.11:636][532]LogNet: Registering network metrics listener /Script/Engine.NetworkMetricsCSV_Replication for metric OutPacketsClientAvg
[2026.09.01-02.54.11:636][532]LogNet: Registering network metrics listener /Script/Engine.NetworkMetricsCSV_Replication for metric OutPacketsClientMax
[2026.09.01-02.54.11:636][532]LogNet: Registering network metrics listener /Script/Engine.NetworkMetricsCSV_Replication for metric SatConnections
[2026.09.01-02.54.11:636][532]LogNet: Registering network metrics listener /Script/Engine.NetworkMetricsCSV_Replication for metric ServerReplicateActorTimeMS
[2026.09.01-02.54.11:636][532]LogNet: Registering network metrics listener /Script/Engine.NetworkMetricsCSV_Replication for metric OutgoingReliableMessageQueueMaxSize
[2026.09.01-02.54.11:636][532]LogNet: Registering network metrics listener /Script/Engine.NetworkMetricsCSV_Replication for metric IncomingReliableMessageQueueMaxSize
[2026.09.01-02.54.11:636][532]LogNet: Registering network metrics listener /Script/Engine.NetworkMetricsCSV_Replication for metric InPacketsPerFrame
[2026.09.01-02.54.11:636][532]LogNet: Registering network metrics listener /Script/Engine.NetworkMetricsCSV_Replication for metric OutPacketsPerFrame
[2026.09.01-02.54.11:636][532]LogNet: Registering network metrics listener /Script/Engine.NetworkMetricsCSV_Replication for metric InLostPacketsFoundPerFrame
[2026.09.01-02.54.11:636][532]LogNet: Registering network metrics listener /Script/Engine.NetworkMetricsCSV_Replication for metric OutLostPacketsFoundPerFrame
[2026.09.01-02.54.11:636][532]LogNet: Registering network metrics listener /Script/Engine.NetworkMetricsCSV_Replication for metric Ping
[2026.09.01-02.54.11:636][532]LogNet: Registering network metrics listener /Script/Engine.NetworkMetricsCSV_Replication for metric InRate
[2026.09.01-02.54.11:636][532]LogNet: Registering network metrics listener /Script/Engine.NetworkMetricsCSV_Replication for metric OutRate
[2026.09.01-02.54.11:636][532]LogNet: Registering network metrics listener /Script/Engine.NetworkMetricsCSV_Replication for metric AverageJitterInMS
[2026.09.01-02.54.11:636][532]LogNet: Registering network metrics listener /Script/Engine.NetworkMetricsCSV_Replication for metric InPacketsLost
[2026.09.01-02.54.11:636][532]LogNet: Registering network metrics listener /Script/Engine.NetworkMetricsCSV_Replication for metric OutPacketsLost
[2026.09.01-02.54.11:636][532]LogNet: Registering network metrics listener /Script/Engine.NetworkMetricsPerfCounters for metric NumConnections
[2026.09.01-02.54.11:636][532]LogNet: Registering network metrics listener /Script/Engine.NetworkMetricsPerfCounters for metric AvgPing
[2026.09.01-02.54.11:636][532]LogNet: Registering network metrics listener /Script/Engine.NetworkMetricsPerfCounters for metric InBunches
[2026.09.01-02.54.11:636][532]LogNet: Registering network metrics listener /Script/Engine.NetworkMetricsPerfCounters for metric InPackets
[2026.09.01-02.54.11:636][532]LogNet: Registering network metrics listener /Script/Engine.NetworkMetricsPerfCounters for metric InPacketsClientPerSecondAvg
[2026.09.01-02.54.11:636][532]LogNet: Registering network metrics listener /Script/Engine.NetworkMetricsPerfCounters for metric InPacketsClientPerSecondMax
[2026.09.01-02.54.11:636][532]LogNet: Registering network metrics listener /Script/Engine.NetworkMetricsPerfCounters for metric InPacketsClientPerSecondMin
[2026.09.01-02.54.11:636][532]LogNet: Registering network metrics listener /Script/Engine.NetworkMetricsPerfCounters for metric InPacketsLost
[2026.09.01-02.54.11:636][532]LogNet: Registering network metrics listener /Script/Engine.NetworkMetricsPerfCounters for metric InRate
[2026.09.01-02.54.11:636][532]LogNet: Registering network metrics listener /Script/Engine.NetworkMetricsPerfCounters for metric InRateClientAvg
[2026.09.01-02.54.11:636][532]LogNet: Registering network metrics listener /Script/Engine.NetworkMetricsPerfCounters for metric InRateClientMax
[2026.09.01-02.54.11:636][532]LogNet: Registering network metrics listener /Script/Engine.NetworkMetricsPerfCounters for metric InRateClientMin
[2026.09.01-02.54.11:636][532]LogNet: Registering network metrics listener /Script/Engine.NetworkMetricsPerfCounters for metric MaxPacketOverhead
[2026.09.01-02.54.11:636][532]LogNet: Registering network metrics listener /Script/Engine.NetworkMetricsPerfCounters for metric MaxPing
[2026.09.01-02.54.11:636][532]LogNet: Registering network metrics listener /Script/Engine.NetworkMetricsPerfCounters for metric MinPing
[2026.09.01-02.54.11:636][532]LogNet: Registering network metrics listener /Script/Engine.NetworkMetricsPerfCounters for metric NumClients
[2026.09.01-02.54.11:636][532]LogNet: Registering network metrics listener /Script/Engine.NetworkMetricsPerfCounters for metric Connections
[2026.09.01-02.54.11:636][532]LogNet: Registering network metrics listener /Script/Engine.NetworkMetricsPerfCounters for metric OutBunches
[2026.09.01-02.54.11:636][532]LogNet: Registering network metrics listener /Script/Engine.NetworkMetricsPerfCounters for metric OutPackets
[2026.09.01-02.54.11:636][532]LogNet: Registering network metrics listener /Script/Engine.NetworkMetricsPerfCounters for metric OutPacketsClientPerSecondAvg
[2026.09.01-02.54.11:636][532]LogNet: Registering network metrics listener /Script/Engine.NetworkMetricsPerfCounters for metric OutPacketsClientPerSecondMax
[2026.09.01-02.54.11:636][532]LogNet: Registering network metrics listener /Script/Engine.NetworkMetricsPerfCounters for metric OutPacketsClientPerSecondMin
[2026.09.01-02.54.11:636][532]LogNet: Registering network metrics listener /Script/Engine.NetworkMetricsPerfCounters for metric OutPacketsLost
[2026.09.01-02.54.11:636][532]LogNet: Registering network metrics listener /Script/Engine.NetworkMetricsPerfCounters for metric OutRate
[2026.09.01-02.54.11:636][532]LogNet: Registering network metrics listener /Script/Engine.NetworkMetricsPerfCounters for metric OutRateClientAvg
[2026.09.01-02.54.11:636][532]LogNet: Registering network metrics listener /Script/Engine.NetworkMetricsPerfCounters for metric OutRateClientMax
[2026.09.01-02.54.11:636][532]LogNet: Registering network metrics listener /Script/Engine.NetworkMetricsPerfCounters for metric OutRateClientMin
[2026.09.01-02.54.11:636][532]LogNet: Registering network metrics listener /Script/Engine.NetworkMetricsPerfCounters for metric PingBucketInt0
[2026.09.01-02.54.11:636][532]LogNet: Registering network metrics listener /Script/Engine.NetworkMetricsPerfCounters for metric PingBucketInt1
[2026.09.01-02.54.11:636][532]LogNet: Registering network metrics listener /Script/Engine.NetworkMetricsPerfCounters for metric PingBucketInt2
[2026.09.01-02.54.11:636][532]LogNet: Registering network metrics listener /Script/Engine.NetworkMetricsPerfCounters for metric PingBucketInt3
[2026.09.01-02.54.11:636][532]LogNet: Registering network metrics listener /Script/Engine.NetworkMetricsPerfCounters for metric PingBucketInt4
[2026.09.01-02.54.11:636][532]LogNet: Registering network metrics listener /Script/Engine.NetworkMetricsPerfCounters for metric PingBucketInt5
[2026.09.01-02.54.11:636][532]LogNet: Registering network metrics listener /Script/Engine.NetworkMetricsPerfCounters for metric PingBucketInt6
[2026.09.01-02.54.11:636][532]LogNet: Registering network metrics listener /Script/Engine.NetworkMetricsPerfCounters for metric PingBucketInt7
[2026.09.01-02.54.11:636][532]LogNet: Registering network metrics listener /Script/Engine.NetworkMetricsPerfCounters for metric ClosedConnectionsDueToReliableBufferOverflow
[2026.09.01-02.54.11:636][532]LogNet: Registering network metrics listener /Script/Engine.NetworkMetricsPerfCounters for metric AddedConnections
[2026.09.01-02.54.11:637][532]LogInit: WinSock: Socket queue. Rx: 524288 (config 524288) Tx: 524288 (config 524288)
[2026.09.01-02.54.11:638][532]LogNet: Created socket for bind address: 0.0.0.0:0
[2026.09.01-02.54.11:638][532]LogNet: IpConnection_2147470865 setting maximum channels to: 32767
[2026.09.01-02.54.11:638][532]PacketHandlerLog: Loaded PacketHandler component: OodleNetworkHandlerComponent ()
[2026.09.01-02.54.11:638][532]PacketHandlerLog: Loaded PacketHandler component: DTLSHandlerComponent ()
[2026.09.01-02.54.11:638][532]PacketHandlerLog: Loaded PacketHandler component: Engine.EngineHandlerComponentFactory (StatelessConnectHandlerComponent)
[2026.09.01-02.54.11:638][532]LogHandshake: Stateless Handshake: NetDriverDefinition 'GameNetDriver' CachedClientID: 1
[2026.09.01-02.54.11:652][532]OodleNetworkHandlerComponentLog: Loading dictionary file: ../../../PortalWars2/Content/Oodle/PortalWars2Output.udic
[2026.09.01-02.54.11:695][532]OodleNetworkHandlerComponentLog: Loading dictionary file: ../../../PortalWars2/Content/Oodle/PortalWars2Input.udic
[2026.09.01-02.54.11:727][532]LogNet: Game client on port 30925, rate 100000000
[2026.09.01-02.54.11:727][532]LogNetVersion: PortalWars2 3.1, NetCL: 591413, EngineNetworkVersion: 36, GameNetworkVersion: 0 (Checksum: 2613387917)
[2026.09.01-02.54.11:727][532]LogNetVersion: Checksum from delegate: 1715978112
[2026.09.01-02.54.11:728][532]LogLoadingScreen: Showing loading screen when 'IsShowingInitialLoadingScreen()' is false.
[2026.09.01-02.54.11:728][532]LogLoadingScreen: We are connecting to another server (PendingNetGame != nullptr)
[2026.09.01-02.54.11:728][532]LogStreaming: Display: FlushAsyncLoading(2959): 1 QueuedPackages, 0 AsyncPackages
[2026.09.01-02.54.11:735][532]LogStreamableManager: Display: RequestAsyncLoad() called with empty or only null assets!
[2026.09.01-02.54.11:735][532]LogRHI: ShaderPipelineCache: Batch mode changed (1): Size: 1 -> 50, Time: 0.000000 -> 16.000000
[2026.09.01-02.54.11:735][532]LogCore: Display: Setting hang detector multiplier to 1.0000s. New hang duration: 0.0000s. New present duration: 0.0000s.
[2026.09.01-02.54.11:737][532]LogLoadingScreen: Loading screen showing: 1. Reason: We are connecting to another server (PendingNetGame != nullptr)
[2026.09.01-02.54.12:850][600]LogNet: UPendingNetGame::SendInitialJoin: Sending hello. [UNetConnection] RemoteAddr: GAME_ENDPOINT_01:30925, Name: IpConnection_2147470865, Driver: Name:PendingNetDriver Def:GameNetDriver IpNetDriver_2147470884, IsServer: NO, PC: NULL, Owner: NULL, UniqueId: INVALID
[2026.09.01-02.54.13:001][609]LogNet: Welcomed by server (Level: /MAP_Zenith/Zenith_Main, Game: /Game/GameModes/PortalWarsGameModeV2_BP.PortalWarsGameModeV2_BP_C)
[2026.09.01-02.54.13:003][609]LogLoad: LoadMap: GAME_ENDPOINT_01:30925/MAP_Zenith/Zenith_Main?game=/Game/GameModes/PortalWarsGameModeV2_BP.PortalWarsGameModeV2_BP_C
[2026.09.01-02.54.13:003][609]LogWorld: BeginTearingDown for /Game/Maps/MainMenu/MainMenu
[2026.09.01-02.54.13:012][609]LogUI1047: Frame Rate Limit Restored to Player Settings Value of: 120
[2026.09.01-02.54.13:013][609]LogConsoleManager: Display:  |-> Unsetting r.SubsurfaceScattering, now 0
[2026.09.01-02.54.13:013][609]LogConsoleManager: Display:  |-> Unsetting r.LightMaxDrawDistanceScale, now 0.500000
[2026.09.01-02.54.13:013][609]LogConsoleManager: Display:  |-> Unsetting r.SeparateTranslucency, now 0
[2026.09.01-02.54.13:013][609]LogConsoleManager: Display:  |-> Unsetting r.PostProcessing.QuarterResolutionDownsample, now 1
[2026.09.01-02.54.13:013][609]LogConsoleManager: Display:  |-> Unsetting r.Translucency.DynamicRes.TimeBudget, now 0.500000
[2026.09.01-02.54.13:013][609]LogConsoleManager: Display:  |-> Unsetting r.VRS.ReflectionEnvironmentSky, now 0
[2026.09.01-02.54.13:013][609]LogConsoleManager: Display:  |-> Unsetting r.VRS.SSR, now 2
[2026.09.01-02.54.13:013][609]LogConsoleManager: Display:  |-> Unsetting r.DepthOfFieldQuality, now 0
[2026.09.01-02.54.13:014][609]LogWorld: UWorld::CleanupWorld for MainMenu, bSessionEnded=true, bCleanupResources=true
[2026.09.01-02.54.13:015][609]LogSlate: InvalidateAllWidgets triggered.  All widgets were invalidated
[2026.09.01-02.54.13:015][609]LogWorldPartition: UWorldPartition::Uninitialize : World = /Game/Maps/MainMenu/MainMenu.MainMenu
[2026.09.01-02.54.13:020][609]LogActorPool: Clearing all actor pools
[2026.09.01-02.54.13:015][609]LogAT1047InputRecorderSubsystem: Display: [UAT1047InputRecorderSubsystem::StopPlayback] All playback sessions stopped.
[2026.09.01-02.54.13:015][609]LogSlate: Toggling fast path.  New State: 1
[2026.09.01-02.54.13:123][609]LogUObjectHash: Compacting FUObjectHashTables data took   1.70ms
[2026.09.01-02.54.13:136][609]LogStreaming: Display: FlushAsyncLoading(2962): 1 QueuedPackages, 2 AsyncPackages
[2026.09.01-02.54.18:933][609]LogCC1047Objects: Loaded 886 actor descriptors
[2026.09.01-02.54.18:934][609]LogAT1047InputRecorderSubsystem: Display: [UAT1047InputRecorderSubsystem::ResetSettingsToDefaults] Settings reset to defaults from InputRecorderSettings
[2026.09.01-02.54.22:616][609]LogWorld: Bringing World /MAP_Zenith/Zenith_Main.Zenith_Main up for play (max tick rate 120) at 2026.09.01-03.54.22
[2026.09.01-02.54.23:166][609]LogWorld: Bringing up level for play took: 1.198464
[2026.09.01-02.54.23:173][609]LogLoad: Took 10.169922 seconds to LoadMap(/MAP_Zenith/Zenith_Main)
[2026.09.01-02.54.23:173][609]LogGlobalStatus: UEngine::LoadMap Load map complete /MAP_Zenith/Zenith_Main
[2026.09.01-02.54.23:173][609]LogGlobalStatus: UPendingNetGame::TravelCompleted Pending net game travel completed
[2026.09.01-02.54.23:257][610]LogNet: UNetDriver::TickDispatch: Very long time between ticks. DeltaTime: 10.25, Realtime: 0.00. IpNetDriver_2147470884
[2026.09.01-02.54.23:265][610]LogMaterial: Error: Loading a material resource None with an invalid ShaderMap!
[2026.09.01-02.54.23:266][610]LogMaterial: Error: Loading a material resource None with an invalid ShaderMap!
[2026.09.01-02.54.23:432][614]LogMaterial: Error: Tried to access an uncooked shader map ID in a cooked application
[2026.09.01-02.54.23:432][614]LogMaterial: Warning: Invalid shader map ID caching shaders for 'M_UI_SimpleBox', will use default material.
[2026.09.01-02.54.23:432][614]LogMaterial: Can't compile M_UI_SimpleBox with cooked content, will use default material instead
[2026.09.01-02.54.23:436][615]LogMaterial: Warning: [AssetLog] S:\steamapps\common\Splitgate 2\PortalWars2\Content\UI\Common\Materials\Backgrounds\Popups\M_UI_Popup_BLUR: Failed to compile Material Instance with Base M_UI_SimpleBox for platform PCD3D_SM6, Default Material will be used in game.

[2026.09.01-02.54.23:549][617]LogIris: Warning: Generating descriptor for struct UpdateLevelVisibilityLevelInfo that has custom serialization.
[2026.09.01-02.54.23:553][617]LogEnhancedInput: Warning: A key profile with the name 'InputUserSettings.Profiles.Player' already exists! Use a different name.
[2026.09.01-02.54.23:553][617]LogEnhancedInput: Warning: A key profile with the name 'InputUserSettings.Profiles.Default' already exists! Use a different name.
[2026.09.01-02.54.23:553][617]Core1047InputUserSettings: KeyRebinding_ReregisterPlayerProfile >> Ran!
[2026.09.01-02.54.23:553][617]LogCore1047InputSubsystem: Apply input mode: ECore1047InputMethod::Gamepad
[2026.09.01-02.54.23:565][617]LogViewport: Display: Viewport MouseLockMode Changed, LockInFullscreen -> LockOnCapture
[2026.09.01-02.54.23:565][617]LogViewport: Display: Viewport MouseCaptureMode Changed, NoCapture -> CapturePermanently
[2026.09.01-02.54.23:565][617]LogSlate: InvalidateAllWidgets triggered.  All widgets were invalidated
[2026.09.01-02.54.23:568][617]LogStreamableManager: Display: RequestAsyncLoad() called with empty or only null assets!
[2026.09.01-02.54.23:568][617]LogStreamableManager: Display: RequestAsyncLoad() called with empty or only null assets!
[2026.09.01-02.54.23:575][617]LogNiagara: Found 0 Niagara systems with PoolPrimeSize > 0
[2026.09.01-02.54.23:575][617]LogNiagara: Primed 0 additional Niagara systems from Asset Registry
[2026.09.01-02.54.23:687][617]LogSlate: InvalidateAllWidgets triggered.  All widgets were invalidated
[2026.09.01-02.54.23:698][618]LogIris: Warning: Generating descriptor for struct Timespan that has custom serialization.
[2026.09.01-02.54.23:698][618]LogIris: Warning: Generating descriptor for struct Timespan that has custom serialization.
[2026.09.01-02.54.23:702][618]LogStreaming: Display: FlushAsyncLoading(3005): 1 QueuedPackages, 0 AsyncPackages
[2026.09.01-02.54.24:472][618]LogStreamableManager: Display: RequestAsyncLoad() called with empty or only null assets!
[2026.09.01-02.54.24:473][618]LogStreamableManager: Display: RequestAsyncLoad() called with empty or only null assets!
[2026.09.01-02.54.24:473][618]LogScript: Warning: Script Msg: Attempted to access index 0 from array 'Textures' of length 0 in '/Game/UI/MainMenu/Locker/PlayerCard/WBP_PlayerCard.WBP_PlayerCard_C:UpdateBadges'!
[2026.09.01-02.54.24:473][618]LogScript: Warning: Script Msg: Attempted to access index 1 from array 'Textures' of length 0 in '/Game/UI/MainMenu/Locker/PlayerCard/WBP_PlayerCard.WBP_PlayerCard_C:UpdateBadges'!
[2026.09.01-02.54.24:473][618]LogScript: Warning: Script Msg: Attempted to access index 2 from array 'Textures' of length 0 in '/Game/UI/MainMenu/Locker/PlayerCard/WBP_PlayerCard.WBP_PlayerCard_C:UpdateBadges'!
[2026.09.01-02.54.24:590][618]LogStreamableManager: Display: RequestAsyncLoad() called with empty or only null assets!
[2026.09.01-02.54.24:592][618]LogStreamableManager: Display: RequestAsyncLoad() called with empty or only null assets!
[2026.09.01-02.54.24:602][618]LogStreamableManager: Display: RequestAsyncLoad() called with empty or only null assets!
[2026.09.01-02.54.24:602][618]LogStreamableManager: Display: RequestAsyncLoad() called with empty or only null assets!
[2026.09.01-02.54.24:613][618]LogStreamableManager: Display: RequestAsyncLoad() called with empty or only null assets!
[2026.09.01-02.54.24:614][618]LogStreamableManager: Display: RequestAsyncLoad() called with empty or only null assets!
[2026.09.01-02.54.24:620][618]LogStreamableManager: Display: RequestAsyncLoad() called with empty or only null assets!
[2026.09.01-02.54.24:624][618]LogStreamableManager: Display: RequestAsyncLoad() called with empty or only null assets!
[2026.09.01-02.54.24:624][618]LogStreamableManager: Display: RequestAsyncLoad() called with empty or only null assets!
[2026.09.01-02.54.24:630][618]LogStreamableManager: Display: RequestAsyncLoad() called with empty or only null assets!
[2026.09.01-02.54.24:630][618]LogStreamableManager: Display: RequestAsyncLoad() called with empty or only null assets!
[2026.09.01-02.54.24:638][618]LogStreamableManager: Display: RequestAsyncLoad() called with empty or only null assets!
[2026.09.01-02.54.24:639][618]LogStreamableManager: Display: RequestAsyncLoad() called with empty or only null assets!
[2026.09.01-02.54.24:644][618]LogStreamableManager: Display: RequestAsyncLoad() called with empty or only null assets!
[2026.09.01-02.54.24:646][618]LogCC1047CustomMapSupport: Custom map support initialized on client.
[2026.09.01-02.54.24:672][618]LogGF1047Experience: Starting experience load (CLIENT): Default__EXP_PreGame_Generic_C
[2026.09.01-02.54.24:673][618]LogAssetManager: Warning: Invalid Primary Asset Type : ChangeBundleStateForPrimaryAssets failed to find NameData
[2026.09.01-02.54.24:673][618]LogStreamableManager: Display: RequestAsyncLoad() called with empty or only null assets!
[2026.09.01-02.54.25:561][619]LogLoadingScreen: Hiding loading screen when 'IsShowingInitialLoadingScreen()' is false.
[2026.09.01-02.54.25:561][619]LogLoadingScreen: (nothing wants to show it anymore)
[2026.09.01-02.54.25:561][619]LogLoadingScreen: Garbage Collecting before dropping load screen
[2026.09.01-02.54.25:561][619]LogRHI: ShaderPipelineCache: Batch mode changed (0): Size: 87 -> 1, Time: 16.000000 -> 0.000000
[2026.09.01-02.54.25:562][619]LogCore: Display: Setting hang detector multiplier to 1.0000s. New hang duration: 0.0000s. New present duration: 0.0000s.
[2026.09.01-02.54.25:562][619]LogLoadingScreen: LoadingScreen was visible for 13.83s
[2026.09.01-02.54.26:207][619]LogUObjectHash: Compacting FUObjectHashTables data took   3.13ms
[2026.09.01-02.54.26:362][620]LogSlate: InvalidateAllWidgets triggered.  All widgets were invalidated
[2026.09.01-02.54.26:500][625]LogSlate: InvalidateAllWidgets triggered.  All widgets were invalidated
[2026.09.01-02.54.26:501][625]LogRHI: Display: Encountered a new graphics PSO: 800938801
[2026.09.01-02.54.26:634][627]LogGF1047Experience: Experience load complete (CLIENT): Default__EXP_PreGame_Generic_C
[2026.09.01-02.54.26:638][627]LogStreaming: Display: FlushAsyncLoading(3034): 1 QueuedPackages, 15 AsyncPackages
[2026.09.01-02.54.26:641][627]LogStreamableManager: Display: RequestAsyncLoad() called with empty or only null assets!
[2026.09.01-02.54.26:650][627]Log1047GameFramework: Warning: FillInvalidSlot failed to find a parent item in LoadoutSlot.Skin.Generic to get a default item from
[2026.09.01-02.54.26:739][627]LogUI1047GameOptions: Warning: Unsupported struct property type for option 'GameOptions.Property.Weapons.AmmoGrantMelee'
[2026.09.01-02.54.26:739][627]LogUI1047GameOptions: Warning: Unsupported struct property type for option 'GameOptions.Property.Weapons.AmmoGrantAmountMelee'
[2026.09.01-02.54.26:739][627]LogUI1047GameOptions: Warning: Unsupported struct property type for option 'GameOptions.Property.Weapons.AmmoGrantRanged'
[2026.09.01-02.54.26:739][627]LogUI1047GameOptions: Warning: Unsupported struct property type for option 'GameOptions.Property.Weapons.AmmoGrantAmountRanged'
[2026.09.01-02.54.26:739][627]LogUI1047GameOptions: Warning: Unsupported struct property type for option 'GameOptions.Property.Weapons.StartingAmmoRestriction'
[2026.09.01-02.54.26:740][627]LogUI1047GameOptions: Warning: Unsupported property type for option 'GameOptions.Property.FactionSelection.RestrictToFactions'
[2026.09.01-02.54.26:740][627]LogUI1047GameOptions: Warning: Unsupported struct property type for option 'GameOptions.Property.FactionSelection.CustomLoadouts'
[2026.09.01-02.54.26:740][627]LogUI1047GameOptions: Warning: Unsupported property type for option 'GameOptions.Property.ItemPads.ItemPadTypes'
[2026.09.01-02.54.26:740][627]LogUI1047GameOptions: Warning: Unsupported struct property type for option 'GameOptions.Property.BotSpawning.Difficulty'
[2026.09.01-02.54.26:740][627]LogUI1047GameOptions: Warning: Unsupported struct property type for option 'GameOptions.Property.BotSpawning.FactionLoadoutOptions'
[2026.09.01-02.54.26:740][627]LogUI1047GameOptions: Warning: Unsupported struct property type for option 'GameOptions.Property.Weapons.AmmoGrantMelee'
[2026.09.01-02.54.26:740][627]LogUI1047GameOptions: Warning: Unsupported struct property type for option 'GameOptions.Property.Weapons.AmmoGrantAmountMelee'
[2026.09.01-02.54.26:740][627]LogUI1047GameOptions: Warning: Unsupported struct property type for option 'GameOptions.Property.Weapons.AmmoGrantRanged'
[2026.09.01-02.54.26:740][628]LogUI1047GameOptions: Warning: Unsupported struct property type for option 'GameOptions.Property.Weapons.AmmoGrantAmountRanged'
[2026.09.01-02.54.26:740][628]LogUI1047GameOptions: Warning: Unsupported struct property type for option 'GameOptions.Property.Weapons.StartingAmmoRestriction'
[2026.09.01-02.54.26:740][628]LogUI1047GameOptions: Warning: Unsupported property type for option 'GameOptions.Property.FactionSelection.RestrictToFactions'
[2026.09.01-02.54.26:740][628]LogUI1047GameOptions: Warning: Unsupported struct property type for option 'GameOptions.Property.FactionSelection.CustomLoadouts'
[2026.09.01-02.54.26:740][628]LogUI1047GameOptions: Warning: Unsupported property type for option 'GameOptions.Property.ItemPads.ItemPadTypes'
[2026.09.01-02.54.26:741][628]LogUI1047GameOptions: Warning: Unsupported struct property type for option 'GameOptions.Property.BotSpawning.Difficulty'
[2026.09.01-02.54.26:741][628]LogUI1047GameOptions: Warning: Unsupported struct property type for option 'GameOptions.Property.BotSpawning.FactionLoadoutOptions'
[2026.09.01-02.54.26:790][628]LogPortalWarsUI: Configuring InGameOptionsViewModel from lobby
[2026.09.01-02.54.26:846][630]LogStreamableManager: Display: RequestAsyncLoad() called with empty or only null assets!
[2026.09.01-02.54.26:846][630]LogViewport: Display: Viewport MouseLockMode Changed, LockOnCapture -> LockInFullscreen
[2026.09.01-02.54.26:846][630]LogViewport: Display: Viewport MouseCaptureMode Changed, CapturePermanently -> CaptureDuringRightMouseDown
[2026.09.01-02.54.26:846][630]LogViewport: Display: Player bShowMouseCursor Changed, False -> True
[2026.09.01-02.54.26:851][630]LogStreamableManager: Display: RequestAsyncLoad() called with empty or only null assets!
[2026.09.01-02.54.26:853][630]LogStreaming: Display: FlushAsyncLoading(3056): 1 QueuedPackages, 3 AsyncPackages
[2026.09.01-02.54.26:896][630]LogStreamableManager: Display: RequestAsyncLoad() called with empty or only null assets!
[2026.09.01-02.54.26:911][630]LogGF1047SublevelComponent: PreGame_Loadout (LevelStreamingDynamic_1) is being loaded
[2026.09.01-02.54.26:912][630]LogGF1047SublevelComponent: Loading level LevelStreamingDynamic_1 (requested as PreGame_Loadout)
[2026.09.01-02.54.26:913][630]LogGF1047SublevelComponent: PreGame_Lighting (LevelStreamingDynamic_4) is being loaded
[2026.09.01-02.54.26:913][630]LogGF1047SublevelComponent: Loading level LevelStreamingDynamic_4 (requested as PreGame_Lighting)
[2026.09.01-02.54.26:914][630]LogGF1047SublevelComponent: PreGame_Loadout_Orion was not found
[2026.09.01-02.54.26:915][630]LogGF1047SublevelComponent: PreGame_Lighting_Orion was not found
[2026.09.01-02.54.26:916][630]LogGF1047SublevelComponent: Waiting for 2 sublevels and 0 data layers to load
[2026.09.01-02.54.26:920][630]LogSlate: InvalidateAllWidgets triggered.  All widgets were invalidated
[2026.09.01-02.54.27:292][649]LogGF1047SublevelComponent: LevelStreamingDynamic_4 has finished loading, broadcasting
[2026.09.01-02.54.27:294][649]LogGF1047SublevelComponent: Sublevel LevelStreamingDynamic_4 finished loading, 1 levels remain
[2026.09.01-02.54.27:705][674]LogStreaming: Display: UWorld::AddToWorld: routing Initialize on actors for /Game/Maps/MainMenu/Sublevels/PreGame_Loadout took (less than) 59.40 ms
[2026.09.01-02.54.27:736][675]LogStreaming: Display: FlushAsyncLoading(3116): 1 QueuedPackages, 0 AsyncPackages
[2026.09.01-02.54.27:775][677]LogGF1047SublevelComponent: LevelStreamingDynamic_1 has finished loading, broadcasting
[2026.09.01-02.54.27:778][677]LogGF1047SublevelComponent: Sublevel LevelStreamingDynamic_1 finished loading, 0 levels remain
[2026.09.01-02.54.27:780][678]LogGF1047SublevelComponent: All sublevels loaded, broadcasting completion
[2026.09.01-02.54.27:782][678]LogPortalWarsUI: PreGameLoadoutSelection loading completed
[2026.09.01-02.54.27:784][678]LogPortalWarsUI: Outro-ing all 1 transition stingers
[2026.09.01-02.54.27:778][678]LogMovieSceneECS: Warning: Unable to resolve property 'ColorAndOpacity' from 'OverlaySlot' instance 'OverlaySlot_5'
[2026.09.01-02.54.27:778][678]LogMovieScene: Warning: Unable to resolve property 'ColorAndOpacity' from 'OverlaySlot' instance 'OverlaySlot_5'
[2026.09.01-02.54.27:835][679]LogSlate: InvalidateAllWidgets triggered.  All widgets were invalidated
[2026.09.01-02.54.27:933][683]LogAnimation: Warning: SetStartPosition called on an invalid context or with an invalid type
[2026.09.01-02.54.27:933][683]LogAnimation: Warning: SetStartPosition called on an invalid context or with an invalid type
[2026.09.01-02.54.27:933][683]LogAnimation: Warning: SetStartPosition called on an invalid context or with an invalid type
[2026.09.01-02.54.27:933][683]LogAnimation: Warning: SetStartPosition called on an invalid context or with an invalid type
[2026.09.01-02.54.28:011][685]LogStreaming: Display: FlushAsyncLoading(3157): 1 QueuedPackages, 203 AsyncPackages
[2026.09.01-02.54.28:074][685]LogScript: Warning: Script Msg: Divide by zero: Divide_DoubleDouble
[2026.09.01-02.54.28:076][685]AnimBlueprintLog: Warning: SLOTNODE: 'DefaultSlot' in animation instance class ABP_AER_BurstRifle_Base_WPN_C already exists. Remove duplicates from the animation graph for this class.
[2026.09.01-02.54.28:077][685]LogScript: Warning: Script Msg: Attempted to access index -1 from array 'AnimationCollection_3_F5DD290046FF94C1A862F9AA8AAC5562' of length 12 in '/Game/Characters/Skeleton_V5/Animations/Menu/S_ABP_GenericTransition_AnimationArray.S_ABP_GenericTransition_AnimationArray'!
[2026.09.01-02.54.28:077][685]LogScript: Warning: Script Msg: Attempted to access index -1 from array 'AnimationCollection_3_F5DD290046FF94C1A862F9AA8AAC5562' of length 12 in '/Game/Characters/Skeleton_V5/Animations/Menu/S_ABP_GenericTransition_AnimationArray.S_ABP_GenericTransition_AnimationArray'!
[2026.09.01-02.54.28:097][685]LogStaticMesh: [SM_PortalBase_Oval_Front_V3] Mesh is marked for CPU read.
[2026.09.01-02.54.28:124][685]LogScript: Warning: Script Msg: Divide by zero: Divide_DoubleDouble
[2026.09.01-02.54.28:125][685]LogScript: Warning: Script Msg: Attempted to access index -1 from array 'AnimationCollection_3_F5DD290046FF94C1A862F9AA8AAC5562' of length 12 in '/Game/Characters/Skeleton_V5/Animations/Menu/S_ABP_GenericTransition_AnimationArray.S_ABP_GenericTransition_AnimationArray'!
[2026.09.01-02.54.28:125][685]LogScript: Warning: Script Msg: Attempted to access index -1 from array 'AnimationCollection_3_F5DD290046FF94C1A862F9AA8AAC5562' of length 12 in '/Game/Characters/Skeleton_V5/Animations/Menu/S_ABP_GenericTransition_AnimationArray.S_ABP_GenericTransition_AnimationArray'!
[2026.09.01-02.54.28:166][687]LogStreaming: Display: FlushAsyncLoading(3161): 1 QueuedPackages, 35 AsyncPackages
[2026.09.01-02.54.28:177][687]LogStaticMesh: [SM_ONI_SMG_Mask_FX_P2] Mesh is marked for CPU read.
[2026.09.01-02.54.28:191][687]LogStaticMesh: [SM_ONI_SMG_Mask_FX_P3] Mesh is marked for CPU read.
[2026.09.01-02.54.28:193][687]LogStaticMesh: [SM_ONI_SMG_Mask_FX_P1] Mesh is marked for CPU read.
[2026.09.01-02.54.28:219][687]LogScript: Warning: Script Msg: Divide by zero: Divide_DoubleDouble
[2026.09.01-02.54.28:233][687]LogScript: Warning: Script Msg: Attempted to access index -1 from array 'AnimationCollection_3_F5DD290046FF94C1A862F9AA8AAC5562' of length 12 in '/Game/Characters/Skeleton_V5/Animations/Menu/S_ABP_GenericTransition_AnimationArray.S_ABP_GenericTransition_AnimationArray'!
[2026.09.01-02.54.28:233][687]LogScript: Warning: Script Msg: Attempted to access index -1 from array 'AnimationCollection_3_F5DD290046FF94C1A862F9AA8AAC5562' of length 12 in '/Game/Characters/Skeleton_V5/Animations/Menu/S_ABP_GenericTransition_AnimationArray.S_ABP_GenericTransition_AnimationArray'!
[2026.09.01-02.54.28:366][698]LogStaticMesh: [SM_PortalBase_Oval_Front_V3] Mesh is marked for CPU read.
[2026.09.01-02.54.28:494][710]LogNiagara: Warning: Failed to acquire niagara system NiagaraSystem /Game/CosmeticPreviews/PrePostGame/VFX/NS_PrePostGame_Open.NS_PrePostGame_Open from the pool with MaxPoolSize=32 and PoolPrimeSize=0
[2026.09.01-02.54.28:494][710]LogNiagara: Warning: Creating niagara system NS_PrePostGame_Open without pooling isn't recommended and will result in a hitch
[2026.09.01-02.54.29:069][777]LogNiagara: Warning: Failed to acquire niagara system NiagaraSystem /Game/CosmeticPreviews/PrePostGame/VFX/NS_PrePostGame_Open.NS_PrePostGame_Open from the pool with MaxPoolSize=32 and PoolPrimeSize=0
[2026.09.01-02.54.29:069][777]LogNiagara: Warning: Creating niagara system NS_PrePostGame_Open without pooling isn't recommended and will result in a hitch
[2026.09.01-02.54.29:195][792]LogNiagara: Warning: Failed to acquire niagara system NiagaraSystem /Game/VFX/NiagaraSystems/PreGame_Portal/NS_PreGame_FactionPortal_01.NS_PreGame_FactionPortal_01 from the pool with MaxPoolSize=32 and PoolPrimeSize=0
[2026.09.01-02.54.29:195][792]LogNiagara: Warning: Creating niagara system NS_PreGame_FactionPortal_01 without pooling isn't recommended and will result in a hitch
[2026.09.01-02.54.29:272][801]LogNiagara: Warning: Failed to acquire niagara system NiagaraSystem /Game/CosmeticPreviews/PrePostGame/VFX/NS_PrePostGame_Open.NS_PrePostGame_Open from the pool with MaxPoolSize=32 and PoolPrimeSize=0
[2026.09.01-02.54.29:272][801]LogNiagara: Warning: Creating niagara system NS_PrePostGame_Open without pooling isn't recommended and will result in a hitch
[2026.09.01-02.54.29:683][849]LogNiagara: Warning: Failed to acquire niagara system NiagaraSystem /Game/VFX/NiagaraSystems/PreGame_Portal/NS_PreGame_FactionPortal_01.NS_PreGame_FactionPortal_01 from the pool with MaxPoolSize=32 and PoolPrimeSize=0
[2026.09.01-02.54.29:683][849]LogNiagara: Warning: Creating niagara system NS_PreGame_FactionPortal_01 without pooling isn't recommended and will result in a hitch
[2026.09.01-02.54.29:886][872]LogNiagara: Warning: Failed to acquire niagara system NiagaraSystem /Game/VFX/NiagaraSystems/PreGame_Portal/NS_PreGame_FactionPortal_01.NS_PreGame_FactionPortal_01 from the pool with MaxPoolSize=32 and PoolPrimeSize=0
[2026.09.01-02.54.29:886][872]LogNiagara: Warning: Creating niagara system NS_PreGame_FactionPortal_01 without pooling isn't recommended and will result in a hitch
[2026.09.01-02.54.30:501][934]LogNiagara: Warning: Failed to acquire niagara system NiagaraSystem /Game/CosmeticPreviews/PrePostGame/VFX/NS_PrePostGame_Close.NS_PrePostGame_Close from the pool with MaxPoolSize=32 and PoolPrimeSize=0
[2026.09.01-02.54.30:501][934]LogNiagara: Warning: Creating niagara system NS_PrePostGame_Close without pooling isn't recommended and will result in a hitch
[2026.09.01-02.54.31:005][988]LogScript: Warning: Script Msg: Divide by zero: Divide_DoubleDouble
[2026.09.01-02.54.31:006][988]LogStreaming: Display: FlushAsyncLoading(3188): 1 QueuedPackages, 0 AsyncPackages
[2026.09.01-02.54.31:027][988]LogBlueprintUserMessages: [BP_DefaultCharacterCosmeticPreview_PrePost_C_2147466083] Character Cosmetic Preview is being used to preview Non Character items at a root level!
[2026.09.01-02.54.31:082][993]LogNiagara: Warning: Failed to acquire niagara system NiagaraSystem /Game/CosmeticPreviews/PrePostGame/VFX/NS_PrePostGame_Close.NS_PrePostGame_Close from the pool with MaxPoolSize=32 and PoolPrimeSize=0
[2026.09.01-02.54.31:082][993]LogNiagara: Warning: Creating niagara system NS_PrePostGame_Close without pooling isn't recommended and will result in a hitch
[2026.09.01-02.54.31:258][  7]LogStreaming: Display: FlushAsyncLoading(3212): 1 QueuedPackages, 0 AsyncPackages
[2026.09.01-02.54.31:289][  7]LogScript: Warning: Script Msg: Divide by zero: Divide_DoubleDouble
[2026.09.01-02.54.31:304][  7]LogBlueprintUserMessages: [BP_DefaultCharacterCosmeticPreview_PrePost_C_2147466083] Character Cosmetic Preview is being used to preview Non Character items at a root level!
[2026.09.01-02.54.31:312][  8]LogNiagara: Warning: Failed to acquire niagara system NiagaraSystem /Game/CosmeticPreviews/PrePostGame/VFX/NS_PrePostGame_Close.NS_PrePostGame_Close from the pool with MaxPoolSize=32 and PoolPrimeSize=0
[2026.09.01-02.54.31:312][  8]LogNiagara: Warning: Creating niagara system NS_PrePostGame_Close without pooling isn't recommended and will result in a hitch
[2026.09.01-02.54.31:376][ 15]LogRHI: Display: ShaderPipelineCache: GameUsageMask [18446744073709551615] precompile complete.
[2026.09.01-02.54.31:403][ 18]LogRHI: Warning: FShaderPipelineCache PortalWars2 completed 5517 tasks in 0.30s (86.19s wall time since intial open).
[2026.09.01-02.54.31:403][ 18]LogRHI: FShaderPipelineCache::BeginNextPrecompileCacheTask() - PortalWars2_usr begining compile.
[2026.09.01-02.54.31:403][ 18]LogRHI: Display: FShaderPipelineCache starting pipeline cache 'PortalWars2_usr' and enqueued 2 tasks for precompile. (cache contains 2, 2 eligible, 0 had missing shaders. 0 already compiled). BatchSize 1 and BatchTime 0.000000.
[2026.09.01-02.54.31:544][ 34]LogRHI: Display: ShaderPipelineCache: GameUsageMask [18446744073709551615] precompile complete.
[2026.09.01-02.54.31:574][ 38]LogRHI: Warning: FShaderPipelineCache PortalWars2_usr completed 2 tasks in 0.00s (0.11s wall time since intial open).
[2026.09.01-02.54.31:577][ 38]LogRHI: FShaderPipelineCache::BeginNextPrecompileCacheTask() - Finished, no jobs remaining.
[2026.09.01-02.54.32:744][177]Core1047InputUserSettings: PreSave >> Has Completed!
[2026.09.01-02.54.32:749][177]LogStreaming: Display: FlushAsyncLoading(3216): 1 QueuedPackages, 0 AsyncPackages
[2026.09.01-02.54.32:752][177]Log1047GameFramework: Warning: FillInvalidSlot failed to find a parent item in LoadoutSlot.Skin.Generic to get a default item from
[2026.09.01-02.54.32:757][177]Log1047GameFramework: Warning: FillInvalidSlot failed to find a parent item in LoadoutSlot.Skin.Generic to get a default item from
[2026.09.01-02.54.32:956][201]Log1047GameFramework: Warning: FillInvalidSlot failed to find a parent item in LoadoutSlot.Skin.Generic to get a default item from
[2026.09.01-02.54.34:282][359]Log1047GameFramework: Warning: FillInvalidSlot failed to find a parent item in LoadoutSlot.Skin.Generic to get a default item from
[2026.09.01-02.54.34:332][365]LogPortalWarsUI: Outro-ing all 0 transition stingers
[2026.09.01-02.54.34:348][367]LogPortalWarsUI: Outro-ing all 0 transition stingers
[2026.09.01-02.54.34:363][369]LogStreaming: Display: FlushAsyncLoading(3218): 1 QueuedPackages, 0 AsyncPackages
[2026.09.01-02.54.34:384][369]LogPortalWarsUI: Created transition stinger of type /Game/UI/Stinger/WBP_DoorsTransitionStinger.WBP_DoorsTransitionStinger_C
[2026.09.01-02.54.36:383][607]LogSlate: InvalidateAllWidgets triggered.  All widgets were invalidated
[2026.09.01-02.54.36:446][614]LogSlate: InvalidateAllWidgets triggered.  All widgets were invalidated
[2026.09.01-02.54.36:447][614]LogStaticMesh: [SM_Cube_01] Mesh is marked for CPU read.
[2026.09.01-02.54.36:513][622]LogGF1047Experience: UnloadCurrentExperience from state Loaded
[2026.09.01-02.54.36:513][622]LogViewport: Display: Viewport MouseLockMode Changed, LockInFullscreen -> LockOnCapture
[2026.09.01-02.54.36:513][622]LogViewport: Display: Viewport MouseCaptureMode Changed, CaptureDuringRightMouseDown -> CapturePermanently
[2026.09.01-02.54.36:513][622]LogViewport: Display: Player bShowMouseCursor Changed, True -> False
[2026.09.01-02.54.36:521][622]LogGF1047SublevelComponent: PreGame_Loadout (LevelStreamingDynamic_1) is being unloaded
[2026.09.01-02.54.36:523][622]LogGF1047SublevelComponent: PreGame_Lighting (LevelStreamingDynamic_4) is being unloaded
[2026.09.01-02.54.36:524][622]LogActorPool: Clearing all actor pools
[2026.09.01-02.54.36:524][622]LogGF1047Experience: Starting experience load (CLIENT): Default__EXP_Deathmatch_C
[2026.09.01-02.54.36:524][622]LogStreamableManager: Display: RequestAsyncLoad() called with empty or only null assets!
[2026.09.01-02.54.36:617][622]LogUObjectHash: Compacting FUObjectHashTables data took   1.99ms
[2026.09.01-02.54.36:897][643]LogUObjectHash: Compacting FUObjectHashTables data took   2.04ms
[2026.09.01-02.54.36:965][650]LogGF1047Experience: Experience load complete (CLIENT): Default__EXP_Deathmatch_C
[2026.09.01-02.54.36:973][650]LogStreaming: Display: FlushAsyncLoading(3303): 1 QueuedPackages, 0 AsyncPackages
[2026.09.01-02.54.36:975][650]LogStreamableManager: Display: RequestAsyncLoad() called with empty or only null assets!
[2026.09.01-02.54.37:090][650]LogUI1047GameOptions: Warning: Unsupported struct property type for option 'GameOptions.Property.Weapons.AmmoGrantMelee'
[2026.09.01-02.54.37:090][650]LogUI1047GameOptions: Warning: Unsupported struct property type for option 'GameOptions.Property.Weapons.AmmoGrantAmountMelee'
[2026.09.01-02.54.37:090][650]LogUI1047GameOptions: Warning: Unsupported struct property type for option 'GameOptions.Property.Weapons.AmmoGrantRanged'
[2026.09.01-02.54.37:090][650]LogUI1047GameOptions: Warning: Unsupported struct property type for option 'GameOptions.Property.Weapons.AmmoGrantAmountRanged'
[2026.09.01-02.54.37:090][650]LogUI1047GameOptions: Warning: Unsupported struct property type for option 'GameOptions.Property.Weapons.StartingAmmoRestriction'
[2026.09.01-02.54.37:090][650]LogUI1047GameOptions: Warning: Unsupported property type for option 'GameOptions.Property.FactionSelection.RestrictToFactions'
[2026.09.01-02.54.37:090][650]LogUI1047GameOptions: Warning: Unsupported struct property type for option 'GameOptions.Property.FactionSelection.CustomLoadouts'
[2026.09.01-02.54.37:090][650]LogUI1047GameOptions: Warning: Unsupported property type for option 'GameOptions.Property.ItemPads.ItemPadTypes'
[2026.09.01-02.54.37:090][650]LogUI1047GameOptions: Warning: Unsupported struct property type for option 'GameOptions.Property.BotSpawning.Difficulty'
[2026.09.01-02.54.37:090][650]LogUI1047GameOptions: Warning: Unsupported struct property type for option 'GameOptions.Property.BotSpawning.FactionLoadoutOptions'
[2026.09.01-02.54.37:090][650]LogUI1047GameOptions: Warning: Unsupported struct property type for option 'GameOptions.Property.Weapons.AmmoGrantMelee'
[2026.09.01-02.54.37:091][650]LogUI1047GameOptions: Warning: Unsupported struct property type for option 'GameOptions.Property.Weapons.AmmoGrantAmountMelee'
[2026.09.01-02.54.37:091][650]LogUI1047GameOptions: Warning: Unsupported struct property type for option 'GameOptions.Property.Weapons.AmmoGrantRanged'
[2026.09.01-02.54.37:091][650]LogUI1047GameOptions: Warning: Unsupported struct property type for option 'GameOptions.Property.Weapons.AmmoGrantAmountRanged'
[2026.09.01-02.54.37:091][650]LogUI1047GameOptions: Warning: Unsupported struct property type for option 'GameOptions.Property.Weapons.StartingAmmoRestriction'
[2026.09.01-02.54.37:091][650]LogUI1047GameOptions: Warning: Unsupported property type for option 'GameOptions.Property.FactionSelection.RestrictToFactions'
[2026.09.01-02.54.37:091][650]LogUI1047GameOptions: Warning: Unsupported struct property type for option 'GameOptions.Property.FactionSelection.CustomLoadouts'
[2026.09.01-02.54.37:091][650]LogUI1047GameOptions: Warning: Unsupported property type for option 'GameOptions.Property.ItemPads.ItemPadTypes'
[2026.09.01-02.54.37:091][650]LogUI1047GameOptions: Warning: Unsupported struct property type for option 'GameOptions.Property.BotSpawning.Difficulty'
[2026.09.01-02.54.37:091][650]LogUI1047GameOptions: Warning: Unsupported struct property type for option 'GameOptions.Property.BotSpawning.FactionLoadoutOptions'
[2026.09.01-02.54.37:112][650]LogStreamableManager: Display: RequestAsyncLoad() called with empty or only null assets!
[2026.09.01-02.54.37:112][650]LogStreamableManager: Display: RequestAsyncLoad() called with empty or only null assets!
[2026.09.01-02.54.37:113][650]LogStreamableManager: Display: RequestAsyncLoad() called with empty or only null assets!
[2026.09.01-02.54.37:113][650]LogStreamableManager: Display: RequestAsyncLoad() called with empty or only null assets!
[2026.09.01-02.54.37:113][650]LogStreamableManager: Display: RequestAsyncLoad() called with empty or only null assets!
[2026.09.01-02.54.37:113][650]LogStreamableManager: Display: RequestAsyncLoad() called with empty or only null assets!
[2026.09.01-02.54.37:113][650]LogStreamableManager: Display: RequestAsyncLoad() called with empty or only null assets!
[2026.09.01-02.54.37:114][650]LogStreamableManager: Display: RequestAsyncLoad() called with empty or only null assets!
[2026.09.01-02.54.37:115][650]LogStreamableManager: Display: RequestAsyncLoad() called with empty or only null assets!
[2026.09.01-02.54.37:116][650]LogStreamableManager: Display: RequestAsyncLoad() called with empty or only null assets!
[2026.09.01-02.54.37:116][650]LogStreamableManager: Display: RequestAsyncLoad() called with empty or only null assets!
[2026.09.01-02.54.37:116][650]LogStreamableManager: Display: RequestAsyncLoad() called with empty or only null assets!
[2026.09.01-02.54.37:219][651]LogStreamableManager: Display: RequestAsyncLoad() called with empty or only null assets!
[2026.09.01-02.54.37:223][651]LogStreamableManager: Display: RequestAsyncLoad() called with empty or only null assets!
[2026.09.01-02.54.37:248][651]LogScript: Warning: Script Msg: Divide by zero: Divide_DoubleDouble
[2026.09.01-02.54.37:248][651]LogScript: Warning: Script Msg: Divide by zero: Divide_DoubleDouble
[2026.09.01-02.54.37:258][651]LogPortalWarsCore: Warning: Could not find ammo texture for tag 'None'
[2026.09.01-02.54.37:258][651]LogStreamableManager: Display: RequestAsyncLoad() called with empty or only null assets!
[2026.09.01-02.54.37:292][651]LogStreamableManager: Display: RequestAsyncLoad() called with empty or only null assets!
[2026.09.01-02.54.37:292][651]LogStreamableManager: Display: RequestAsyncLoad() called with empty or only null assets!
[2026.09.01-02.54.37:292][651]LogScript: Warning: Script Msg: Attempted to access index 0 from array 'Textures' of length 0 in '/Game/UI/MainMenu/Locker/PlayerCard/WBP_PlayerCard.WBP_PlayerCard_C:UpdateBadges'!
[2026.09.01-02.54.37:292][651]LogScript: Warning: Script Msg: Attempted to access index 1 from array 'Textures' of length 0 in '/Game/UI/MainMenu/Locker/PlayerCard/WBP_PlayerCard.WBP_PlayerCard_C:UpdateBadges'!
[2026.09.01-02.54.37:292][651]LogScript: Warning: Script Msg: Attempted to access index 2 from array 'Textures' of length 0 in '/Game/UI/MainMenu/Locker/PlayerCard/WBP_PlayerCard.WBP_PlayerCard_C:UpdateBadges'!
[2026.09.01-02.54.37:292][651]LogStreamableManager: Display: RequestAsyncLoad() called with empty or only null assets!
[2026.09.01-02.54.37:292][651]LogStreamableManager: Display: RequestAsyncLoad() called with empty or only null assets!
[2026.09.01-02.54.37:292][651]LogStreamableManager: Display: RequestAsyncLoad() called with empty or only null assets!
[2026.09.01-02.54.37:292][651]LogStreamableManager: Display: RequestAsyncLoad() called with empty or only null assets!
[2026.09.01-02.54.37:292][651]LogScript: Warning: Script Msg: Attempted to access index 0 from array 'Textures' of length 0 in '/Game/UI/MainMenu/Locker/PlayerCard/WBP_PlayerCard.WBP_PlayerCard_C:UpdateBadges'!
[2026.09.01-02.54.37:292][651]LogScript: Warning: Script Msg: Attempted to access index 1 from array 'Textures' of length 0 in '/Game/UI/MainMenu/Locker/PlayerCard/WBP_PlayerCard.WBP_PlayerCard_C:UpdateBadges'!
[2026.09.01-02.54.37:292][651]LogScript: Warning: Script Msg: Attempted to access index 2 from array 'Textures' of length 0 in '/Game/UI/MainMenu/Locker/PlayerCard/WBP_PlayerCard.WBP_PlayerCard_C:UpdateBadges'!
[2026.09.01-02.54.37:292][651]LogStreamableManager: Display: RequestAsyncLoad() called with empty or only null assets!
[2026.09.01-02.54.37:292][651]LogStreamableManager: Display: RequestAsyncLoad() called with empty or only null assets!
[2026.09.01-02.54.37:301][651]LogUI1047: Warning: UUI1047ActionKeySetViewModel::RefreshStateFromEnhancedInputAction ~ bUseInputMappingContextAssets is set to true but no assets were provided in InputMappingContextAssets for UI1047ActionKeySetViewModel_2147461893
[2026.09.01-02.54.37:302][651]LogUI1047: Warning: UUI1047ActionKeySetViewModel::RefreshStateFromEnhancedInputAction ~ bUseInputMappingContextAssets is set to true but no assets were provided in InputMappingContextAssets for UI1047ActionKeySetViewModel_2147461890
[2026.09.01-02.54.37:293][651]LogStreamableManager: Display: RequestAsyncLoad() called with empty or only null assets!
[2026.09.01-02.54.37:293][651]LogStreamableManager: Display: RequestAsyncLoad() called with empty or only null assets!
[2026.09.01-02.54.37:297][651]LogPortalWarsUI: Configuring InGameOptionsViewModel from lobby
[2026.09.01-02.54.37:310][651]LogStreamableManager: Display: RequestAsyncLoad() called with empty or only null assets!
[2026.09.01-02.54.37:310][651]LogStreamableManager: Display: RequestAsyncLoad() called with empty or only null assets!
[2026.09.01-02.54.37:326][652]LogStreamableManager: Display: RequestAsyncLoad() called with empty or only null assets!
[2026.09.01-02.54.37:379][656]LogPhysics: Warning: FConstraintInstance::GetRefFrame : Contained scale.
[2026.09.01-02.54.37:387][656]LogAnimation: Warning: SLOTNODE: 'FiringLeftSlot' in animation instance class ABP_FirstPersonBase_V5_C already exists. Remove duplicates from the animation graph for this class.
[2026.09.01-02.54.37:397][657]LogCore1047: Warning: UCore1047SettingDefinition::ApplyValue Classic Portal Controls is not Enabled via bEnabled so setting value will not be applied.
[2026.09.01-02.54.37:397][657]LogCore1047: Warning: UCore1047SettingDefinition::ApplyValue Classic Portal Controls is not Enabled via bEnabled so setting value will not be applied.
[2026.09.01-02.54.37:397][657]Core1047InputUserSettings: PostInitializePlayerInput >> Re-applying Player Profile Keybinds!
[2026.09.01-02.54.37:398][657]LogCore1047: Warning: UCore1047SettingDefinition::ApplyValue Classic Portal Controls is not Enabled via bEnabled so setting value will not be applied.
[2026.09.01-02.54.37:398][657]LogCore1047: Warning: UCore1047SettingDefinition::ApplyValue Classic Portal Controls is not Enabled via bEnabled so setting value will not be applied.
[2026.09.01-02.54.37:398][657]Core1047InputUserSettings: PostInitializePlayerInput >> Re-applying Player Profile Keybinds!
[2026.09.01-02.54.37:406][657]LogSlate: InvalidateAllWidgets triggered.  All widgets were invalidated
[2026.09.01-02.54.37:407][657]LogPortalWarsUI: Outro-ing all 1 transition stingers
[2026.09.01-02.54.37:419][658]LogPhysics: Warning: FConstraintInstance::GetRefFrame : Contained scale.
[2026.09.01-02.54.37:435][659]LogPhysics: Warning: FConstraintInstance::GetRefFrame : Contained scale.
[2026.09.01-02.54.37:444][659]LogAbilitySystem: Warning: No gameplay cues found to load from object SkinBP_SBK_MartianCowgirlX_VarC_FP_C_2147461219.
[2026.09.01-02.54.37:456][660]LogPhysics: Warning: FConstraintInstance::GetRefFrame : Contained scale.
[2026.09.01-02.54.37:468][660]LogScript: Warning: Script Msg: Divide by zero: Divide_DoubleDouble
[2026.09.01-02.54.37:478][661]LogPhysics: Warning: FConstraintInstance::GetRefFrame : Contained scale.
[2026.09.01-02.54.37:482][661]LogStaticMesh: [SM_Cylinder_Lines] Mesh is marked for CPU read.
[2026.09.01-02.54.37:491][661]LogAbilitySystem: Warning: GameplayCueNotify GameplayCue.Ability.ControlledFalling at index -1 not found in runtime cue set.
[2026.09.01-02.54.37:510][662]LogPhysics: Warning: FConstraintInstance::GetRefFrame : Contained scale.
[2026.09.01-02.54.37:519][662]LogScript: Warning: Script Msg: Divide by zero: Divide_DoubleDouble
[2026.09.01-02.54.37:535][663]LogPhysics: Warning: FConstraintInstance::GetRefFrame : Contained scale.
[2026.09.01-02.54.37:553][663]LogActorComponent: RegisterComponentWithWorld: (/MAP_Zenith/Zenith_Main.Zenith_Main:PersistentLevel.SkinBP_SBK_AssaultRifle_Base_C_2147461132.StaticMeshComponent_2147461130) Already registered. Aborting.
[2026.09.01-02.54.37:617][666]LogActorComponent: RegisterComponentWithWorld: (/MAP_Zenith/Zenith_Main.Zenith_Main:PersistentLevel.SkinBP_SBK_SemiPistol_CreatorClash_C_2147461050.StaticMeshComponent_2147461048) Already registered. Aborting.
[2026.09.01-02.54.37:713][671]LogGF1047ItemAttachment: Warning: Attachment Handler: failed to attach '{"ItemDefinition":"AttachID_SBK_AssaultRifle_ExtBarrel","Inventory":"BPC_Inventory","SlotId":"SlotId.WeaponAttachment.01.Attachment1","Epoch":1}' - TargetComponent Not Found
[2026.09.01-02.54.37:725][672]LogPhysics: Warning: FConstraintInstance::GetRefFrame : Contained scale.
[2026.09.01-02.54.37:734][672]LogGF1047ItemAttachment: Warning: Attachment Handler: failed to attach '{"ItemDefinition":"AttachID_SBK_AssaultRifle_RecoilGrip","Inventory":"BPC_Inventory","SlotId":"SlotId.WeaponAttachment.01.Attachment2","Epoch":1}' - TargetComponent Not Found
[2026.09.01-02.54.38:068][679]LogScript: Warning: Script Msg: Divide by zero: Divide_DoubleDouble
[2026.09.01-02.54.38:069][679]LogSlate: InvalidateAllWidgets triggered.  All widgets were invalidated
[2026.09.01-02.54.38:080][680]LogStreaming: Warning: LoadPackage: SkipPackage: /WEP_MER_ChargeCarbine/Skins/Camos/Rare/Plastic01/SkinID_MER_ChargeCarbine_Base_Plastic01 (0x8D4C85F1174FC721) - The package to load does not exist on disk or in the loader
[2026.09.01-02.54.38:100][680]LogScript: Warning: Script Msg: Divide by zero: Divide_DoubleDouble
[2026.09.01-02.54.38:146][684]LogScript: Warning: Script Msg: Divide by zero: Divide_DoubleDouble
[2026.09.01-02.54.38:184][688]LogScript: Warning: Script Msg: Divide by zero: Divide_DoubleDouble
[2026.09.01-02.54.38:200][689]LogActorComponent: RegisterComponentWithWorld: (/MAP_Zenith/Zenith_Main.Zenith_Main:PersistentLevel.SkinBP_SBK_SemiPistol_Base_C_2147460779.StaticMeshComponent_2147460777) Already registered. Aborting.
[2026.09.01-02.54.38:242][693]LogScript: Warning: Script Msg: Divide by zero: Divide_DoubleDouble
[2026.09.01-02.54.38:306][698]LogScript: Warning: Script Msg: Divide by zero: Divide_DoubleDouble
[2026.09.01-02.54.38:385][703]LogScript: Warning: Script Msg: Divide by zero: Divide_DoubleDouble
[2026.09.01-02.54.38:394][704]LogGF1047ItemAttachment: Warning: Attachment Handler: failed to attach '{"ItemDefinition":"AttachID_SBK_SemiPistol_ExtBarrel","Inventory":"BPC_Inventory","SlotId":"SlotId.WeaponAttachment.02.Attachment1","Epoch":1}' - TargetComponent Not Found
[2026.09.01-02.54.38:439][707]LogShaderLibrary: Warning: Spent 2.53 ms in a blocking wait for shader preload, NumRefs: 1, FramePreloadStarted: 4707, CurrentFrame: 4708
[2026.09.01-02.54.38:447][707]LogAbilitySystem: Warning: GameplayCueNotify GameplayCue.Ability.ControlledFalling at index -1 not found in runtime cue set.
[2026.09.01-02.54.38:476][709]LogAbilitySystem: Warning: GameplayCueNotify GameplayCue.Ability.ControlledFalling at index -1 not found in runtime cue set.
[2026.09.01-02.54.38:489][710]LogActorComponent: RegisterComponentWithWorld: (/MAP_Zenith/Zenith_Main.Zenith_Main:PersistentLevel.SkinBP_AER_AssaultRifle_Base_C_2147460699.StaticMeshComponent_2147460697) Already registered. Aborting.
[2026.09.01-02.54.38:505][711]LogActorComponent: RegisterComponentWithWorld: (/MAP_Zenith/Zenith_Main.Zenith_Main:PersistentLevel.SkinBP_AER_HeavyPistol_Base_C_2147460689.StaticMeshComponent_2147460687) Already registered. Aborting.
[2026.09.01-02.54.38:512][711]LogActorComponent: RegisterComponentWithWorld: (/MAP_Zenith/Zenith_Main.Zenith_Main:PersistentLevel.SkinBP_SBK_Carbine_Base_C_2147460682.StaticMeshComponent_2147460680) Already registered. Aborting.
[2026.09.01-02.54.38:527][712]LogActorComponent: RegisterComponentWithWorld: (/MAP_Zenith/Zenith_Main.Zenith_Main:PersistentLevel.SkinBP_AER_BurstRifle_Base_C_2147460664.StaticMeshComponent_2147460662) Already registered. Aborting.
[2026.09.01-02.54.38:543][713]LogActorComponent: RegisterComponentWithWorld: (/MAP_Zenith/Zenith_Main.Zenith_Main:PersistentLevel.SkinBP_AER_BurstRifle_Base_C_2147460648.StaticMeshComponent_2147460646) Already registered. Aborting.
[2026.09.01-02.54.38:572][714]LogActorComponent: RegisterComponentWithWorld: (/MAP_Zenith/Zenith_Main.Zenith_Main:PersistentLevel.SkinBP_SBK_BurstRifle_Base_C_2147460635.StaticMeshComponent_2147460633) Already registered. Aborting.
[2026.09.01-02.54.38:601][716]LogActorComponent: RegisterComponentWithWorld: (/MAP_Zenith/Zenith_Main.Zenith_Main:PersistentLevel.SkinBP_AER_SMG_Base_C_2147460625.StaticMeshComponent_2147460623) Already registered. Aborting.
[2026.09.01-02.54.38:618][717]LogActorComponent: RegisterComponentWithWorld: (/MAP_Zenith/Zenith_Main.Zenith_Main:PersistentLevel.SkinBP_AER_BurstPistol_Base_C_2147460615.StaticMeshComponent_2147460613) Already registered. Aborting.
[2026.09.01-02.54.38:646][719]LogActorComponent: RegisterComponentWithWorld: (/MAP_Zenith/Zenith_Main.Zenith_Main:PersistentLevel.SkinBP_AER_Shotgun_Base_C_2147460608.StaticMeshComponent_2147460606) Already registered. Aborting.
[2026.09.01-02.54.38:688][719]LogConsoleManager: Display:  |-> Unsetting r.Translucency.DynamicRes.TimeBudget, now 0.500000
[2026.09.01-02.54.38:697][720]LogActorComponent: RegisterComponentWithWorld: (/MAP_Zenith/Zenith_Main.Zenith_Main:PersistentLevel.SkinBP_AER_SemiPistol_Base_C_2147460583.StaticMeshComponent_2147460581) Already registered. Aborting.
[2026.09.01-02.54.38:714][721]LogActorComponent: RegisterComponentWithWorld: (/MAP_Zenith/Zenith_Main.Zenith_Main:PersistentLevel.SkinBP_AER_SemiPistol_Base_C_2147460576.StaticMeshComponent_2147460574) Already registered. Aborting.
[2026.09.01-02.54.38:731][722]LogActorComponent: RegisterComponentWithWorld: (/MAP_Zenith/Zenith_Main.Zenith_Main:PersistentLevel.SkinBP_AER_SemiPistol_Base_C_2147460570.StaticMeshComponent_2147460568) Already registered. Aborting.
[2026.09.01-02.54.38:749][723]LogActorComponent: RegisterComponentWithWorld: (/MAP_Zenith/Zenith_Main.Zenith_Main:PersistentLevel.SkinBP_SBK_BurstPistol_Base_C_2147460564.StaticMeshComponent_2147460562) Already registered. Aborting.
[2026.09.01-02.54.39:099][750]LogUObjectHash: Compacting FUObjectHashTables data took   3.14ms
[2026.09.01-02.54.45:278][479]LogPortalWarsUI: Outro-ing all 0 transition stingers
[2026.09.01-02.54.45:424][496]LogAbilitySystem: Display: GameplayCueNotify /Game/GameplayAbilities/GameplayCues/Locomotion/GCN_Locomotion.GCN_Locomotion_C was not loaded when GameplayCue was invoked. Starting async loading.
[2026.09.01-02.54.45:433][497]LogAbilitySystem: Display: GameplayCueNotify /Game/GameplayAbilities/GameplayCues/Locomotion/GCN_Locomotion_Metal.GCN_Locomotion_Metal_C was not loaded when GameplayCue was invoked. Starting async loading.
[2026.09.01-02.54.45:466][501]LogAbilitySystem: Display: GameplayCueNotify /Game/GameplayAbilities/GameplayCues/Locomotion/GCN_Locomotion_Rubber.GCN_Locomotion_Rubber_C was not loaded when GameplayCue was invoked. Starting async loading.
[2026.09.01-02.54.45:852][547]LogAbilitySystem: Display: GameplayCueNotify /Game/GameplayAbilities/GameplayCues/Locomotion/GCN_Locomotion_Glass.GCN_Locomotion_Glass_C was not loaded when GameplayCue was invoked. Starting async loading.
[2026.09.01-02.54.47:076][693]LogAbilitySystem: Display: GameplayCueNotify /Game/GameplayAbilities/GameplayCues/Portals/GCN_FirePortal.GCN_FirePortal_C was not loaded when GameplayCue was invoked. Starting async loading.
[2026.09.01-02.54.47:104][696]LogNiagara: Warning: Failed to acquire niagara system NiagaraSystem /Game/VFX/NiagaraSystems/Portal/NS_PortalGun_Tracer_NDC.NS_PortalGun_Tracer_NDC from the pool with MaxPoolSize=32 and PoolPrimeSize=0
[2026.09.01-02.54.47:104][696]LogNiagara: Warning: Creating niagara system NS_PortalGun_Tracer_NDC without pooling isn't recommended and will result in a hitch
[2026.09.01-02.54.47:105][696]LogNiagara: Warning: Failed to acquire niagara system NiagaraSystem /Game/VFX/NiagaraSystems/Portal/NS_PortalGun_Muzzle.NS_PortalGun_Muzzle from the pool with MaxPoolSize=32 and PoolPrimeSize=0
[2026.09.01-02.54.47:105][697]LogNiagara: Warning: Creating niagara system NS_PortalGun_Muzzle without pooling isn't recommended and will result in a hitch
[2026.09.01-02.54.47:106][697]LogAbilitySystem: Display: GameplayCueNotify /Game/GameplayAbilities/GameplayCues/Portals/GCNL_FirePortalLauncher.GCNL_FirePortalLauncher_C was not loaded when GameplayCue was invoked. Starting async loading.
[2026.09.01-02.54.47:134][700]LogAbilitySystem: Display: GameplayCueNotify /Game/GameplayAbilities/GameplayCues/Portals/GCN_FirePortal_Outcome.GCN_FirePortal_Outcome_C was not loaded when GameplayCue was invoked. Starting async loading.
[2026.09.01-02.54.49:603][994]LogAbilitySystem: Display: GameplayCueNotify /Game/GameplayAbilities/GameplayCues/Locomotion/GCN_Locomotion_Default.GCN_Locomotion_Default_C was not loaded when GameplayCue was invoked. Starting async loading.
[2026.09.01-02.54.50:409][ 90]LogAbilitySystem: Display: GameplayCueNotify /Game/GameplayAbilities/GameplayCues/Locomotion/GCN_Locomotion_Rock.GCN_Locomotion_Rock_C was not loaded when GameplayCue was invoked. Starting async loading.
[2026.09.01-02.54.50:553][107]LogNiagara: Warning: Failed to acquire niagara system NiagaraSystem /Game/VFX/NiagaraSystems/DefaultTracer/3P/NS_Default_Tracer_01_NDC_3P.NS_Default_Tracer_01_NDC_3P from the pool with MaxPoolSize=32 and PoolPrimeSize=0
[2026.09.01-02.54.50:553][107]LogNiagara: Warning: Creating niagara system NS_Default_Tracer_01_NDC_3P without pooling isn't recommended and will result in a hitch
[2026.09.01-02.54.51:274][193]LogAbilitySystem: Display: GameplayCueNotify /Game/GameplayAbilities/GameplayCues/Locomotion/GCN_Locomotion_Concrete.GCN_Locomotion_Concrete_C was not loaded when GameplayCue was invoked. Starting async loading.
[2026.09.01-02.54.52:429][329]LogAbilitySystem: Display: GameplayCueNotify /Game/GameplayAbilities/GameplayCues/Locomotion/GCN_Locomotion_PortalWall.GCN_Locomotion_PortalWall_C was not loaded when GameplayCue was invoked. Starting async loading.
[2026.09.01-02.54.53:000][395]LogNiagara: Warning: Failed to acquire niagara system NiagaraSystem /Game/VFX/NiagaraSystems/PlayerDeath/NS_PlayerDeath.NS_PlayerDeath from the pool with MaxPoolSize=32 and PoolPrimeSize=0
[2026.09.01-02.54.53:000][395]LogNiagara: Warning: Creating niagara system NS_PlayerDeath without pooling isn't recommended and will result in a hitch
[2026.09.01-02.54.53:013][396]LogNiagara: StaticMesh data interface has no valid mesh - NiagaraDataInterfaceStaticMesh /MAP_Zenith/Zenith_Main.Zenith_Main:PersistentLevel.BP_WeaponPickup_C_2147460460.Niagara.NiagaraDataInterfaceStaticMesh_1
[2026.09.01-02.54.53:948][508]LogAbilitySystem: Display: GameplayCueNotify /EQP_AER_ShockGrenade/GameplayAbilities/GameplayCues/GCN_Bounce_AerosShockGrenade.GCN_Bounce_AerosShockGrenade_C was not loaded when GameplayCue was invoked. Starting async loading.
[2026.09.01-02.54.53:949][508]LogStaticMesh: [SM_FX_Sphere_01] Mesh is marked for CPU read.
[2026.09.01-02.54.53:986][511]LogNiagara: Warning: Failed to acquire niagara system NiagaraSystem /EQP_AER_ShockGrenade/GameplayAbilities/GameplayCues/NS_Aeros_ShockGrenade.NS_Aeros_ShockGrenade from the pool with MaxPoolSize=32 and PoolPrimeSize=0
[2026.09.01-02.54.53:986][511]LogNiagara: Warning: Creating niagara system NS_Aeros_ShockGrenade without pooling isn't recommended and will result in a hitch
[2026.09.01-02.54.54:099][525]LogAbilitySystem: Display: GameplayCueNotify /EQP_AER_ShockGrenade/GameplayAbilities/GameplayCues/GCNL_Effect_ShockGrenade.GCNL_Effect_ShockGrenade_C was not loaded when GameplayCue was invoked. Starting async loading.
[2026.09.01-02.54.54:099][525]LogAbilitySystem: Display: GameplayCueNotify /EQP_AER_ShockGrenade/GameplayAbilities/GameplayCues/GCN_Explosion_AerosShockGrenade.GCN_Explosion_AerosShockGrenade_C was not loaded when GameplayCue was invoked. Starting async loading.
[2026.09.01-02.54.54:100][525]LogAbilitySystem: Display: GameplayCueNotify /EQP_AER_ShockGrenade/GameplayAbilities/GameplayCues/GCNL_Effect_ShockGrenade.GCNL_Effect_ShockGrenade_C was not loaded when GameplayCue was invoked. Starting async loading.
[2026.09.01-02.54.54:129][527]LogNiagara: Warning: Failed to acquire niagara system NiagaraSystem /EQP_AER_ShockGrenade/GameplayAbilities/GameplayCues/NS_Aeros_ShockGrenade_AffectedPlayer.NS_Aeros_ShockGrenade_AffectedPlayer from the pool with MaxPoolSize=32 and PoolPrimeSize=0
[2026.09.01-02.54.54:129][527]LogNiagara: Warning: Creating niagara system NS_Aeros_ShockGrenade_AffectedPlayer without pooling isn't recommended and will result in a hitch
[2026.09.01-02.54.54:131][527]LogNiagara: Warning: Failed to acquire niagara system NiagaraSystem /EQP_AER_ShockGrenade/GameplayAbilities/GameplayCues/NS_Aeros_ShockGrenade.NS_Aeros_ShockGrenade from the pool with MaxPoolSize=32 and PoolPrimeSize=0
[2026.09.01-02.54.54:131][527]LogNiagara: Warning: Creating niagara system NS_Aeros_ShockGrenade without pooling isn't recommended and will result in a hitch
[2026.09.01-02.54.54:138][528]LogNiagara: Warning: Failed to acquire niagara system NiagaraSystem /EQP_AER_ShockGrenade/GameplayAbilities/GameplayCues/NS_Aeros_ShockGrenade.NS_Aeros_ShockGrenade from the pool with MaxPoolSize=32 and PoolPrimeSize=0
[2026.09.01-02.54.54:138][528]LogNiagara: Warning: Creating niagara system NS_Aeros_ShockGrenade without pooling isn't recommended and will result in a hitch
[2026.09.01-02.54.54:183][533]LogNiagara: Warning: Failed to acquire niagara system NiagaraSystem /EQP_AER_ShockGrenade/GameplayAbilities/GameplayCues/NS_Aeros_ShockGrenade.NS_Aeros_ShockGrenade from the pool with MaxPoolSize=32 and PoolPrimeSize=0
[2026.09.01-02.54.54:183][533]LogNiagara: Warning: Creating niagara system NS_Aeros_ShockGrenade without pooling isn't recommended and will result in a hitch
[2026.09.01-02.54.54:266][541]LogNiagara: StaticMesh data interface has no valid mesh - NiagaraDataInterfaceStaticMesh /MAP_Zenith/Zenith_Main.Zenith_Main:PersistentLevel.BP_WeaponPickup_C_2147460433.Niagara.NiagaraDataInterfaceStaticMesh_1
[2026.09.01-02.54.54:487][565]LogNiagara: Warning: Failed to acquire niagara system NiagaraSystem /Game/VFX/NiagaraSystems/Impact/NS_Weapon_Metal_Impact.NS_Weapon_Metal_Impact from the pool with MaxPoolSize=32 and PoolPrimeSize=0
[2026.09.01-02.54.54:487][565]LogNiagara: Warning: Creating niagara system NS_Weapon_Metal_Impact without pooling isn't recommended and will result in a hitch
[2026.09.01-02.54.54:716][591]LogNiagara: Warning: Failed to acquire niagara system NiagaraSystem /Game/VFX/NiagaraSystems/Impact/NS_Weapon_Plastic_Impact.NS_Weapon_Plastic_Impact from the pool with MaxPoolSize=32 and PoolPrimeSize=0
[2026.09.01-02.54.54:716][591]LogNiagara: Warning: Creating niagara system NS_Weapon_Plastic_Impact without pooling isn't recommended and will result in a hitch
[2026.09.01-02.54.54:900][613]LogAbilitySystem: Display: GameplayCueNotify /Game/GameplayAbilities/GameplayCues/GCNL_HealthRegen.GCNL_HealthRegen_C was not loaded when GameplayCue was invoked. Starting async loading.
[2026.09.01-02.54.54:900][613]LogAbilitySystem: Display: GameplayCueNotify /Game/GameplayAbilities/GameplayCues/GCNL_HealthRegen.GCNL_HealthRegen_C was not loaded when GameplayCue was invoked. Starting async loading.
[2026.09.01-02.54.55:484][673]LogAbilitySystem: Display: GameplayCueNotify /FCT_Aeros/GameplayAbilities/GameplayCues/Zoom/GCNL_Zoom_Aeros.GCNL_Zoom_Aeros_C was not loaded when GameplayCue was invoked. Starting async loading.
[2026.09.01-02.54.55:484][673]LogAbilitySystem: Display: GameplayCueNotify /FCT_Aeros/GameplayAbilities/GameplayCues/Zoom/GCNL_Zoom_Aeros.GCNL_Zoom_Aeros_C was not loaded when GameplayCue was invoked. Starting async loading.
[2026.09.01-02.54.56:427][782]LogAbilitySystem: Display: GameplayCueNotify /Game/GameplayAbilities/GameplayCues/GCN_Pickup_Ammo.GCN_Pickup_Ammo_C was not loaded when GameplayCue was invoked. Starting async loading.
[2026.09.01-02.54.56:551][796]LogNiagara: Warning: Failed to acquire niagara system NiagaraSystem /Game/VFX/NiagaraSystems/DefaultTracer/1P/NS_Default_Tracer_01_NDC_1P.NS_Default_Tracer_01_NDC_1P from the pool with MaxPoolSize=32 and PoolPrimeSize=0
[2026.09.01-02.54.56:551][796]LogNiagara: Warning: Creating niagara system NS_Default_Tracer_01_NDC_1P without pooling isn't recommended and will result in a hitch
[2026.09.01-02.54.56:911][835]LogNiagara: Warning: Failed to acquire niagara system NiagaraSystem /Game/VFX/NiagaraSystems/Impact/NS_Weapon_Glass_Impact.NS_Weapon_Glass_Impact from the pool with MaxPoolSize=32 and PoolPrimeSize=0
[2026.09.01-02.54.56:911][835]LogNiagara: Warning: Creating niagara system NS_Weapon_Glass_Impact without pooling isn't recommended and will result in a hitch
[2026.09.01-02.54.56:986][843]LogNiagara: Warning: Failed to acquire niagara system NiagaraSystem /Game/VFX/NiagaraSystems/Impact/NS_Weapon_Metal_Impact.NS_Weapon_Metal_Impact from the pool with MaxPoolSize=32 and PoolPrimeSize=0
[2026.09.01-02.54.56:986][843]LogNiagara: Warning: Creating niagara system NS_Weapon_Metal_Impact without pooling isn't recommended and will result in a hitch
[2026.09.01-02.54.57:005][845]LogPhysics: Warning: FConstraintInstance::GetRefFrame : Contained scale.
[2026.09.01-02.54.57:015][845]LogNiagara: Warning: Failed to acquire niagara system NiagaraSystem /Game/VFX/NiagaraSystems/Impact/NS_Weapon_Metal_Impact.NS_Weapon_Metal_Impact from the pool with MaxPoolSize=32 and PoolPrimeSize=0
[2026.09.01-02.54.57:015][845]LogNiagara: Warning: Creating niagara system NS_Weapon_Metal_Impact without pooling isn't recommended and will result in a hitch
[2026.09.01-02.54.57:041][847]LogAbilitySystem: Warning: GameplayCueNotify_Actor GCNL_Death_C_2147460480 had active timelines when it was recycled.
[2026.09.01-02.54.57:068][849]LogScript: Warning: Script Msg: Divide by zero: Divide_DoubleDouble
[2026.09.01-02.54.57:088][850]LogNiagara: Warning: Failed to acquire niagara system NiagaraSystem /Game/VFX/NiagaraSystems/Impact/NS_Weapon_Metal_Impact.NS_Weapon_Metal_Impact from the pool with MaxPoolSize=32 and PoolPrimeSize=0
[2026.09.01-02.54.57:089][850]LogNiagara: Warning: Creating niagara system NS_Weapon_Metal_Impact without pooling isn't recommended and will result in a hitch
[2026.09.01-02.54.57:098][851]LogActorComponent: RegisterComponentWithWorld: (/MAP_Zenith/Zenith_Main.Zenith_Main:PersistentLevel.SkinBP_SBK_BurstRifle_Base_C_2147460298.StaticMeshComponent_2147460296) Already registered. Aborting.
[2026.09.01-02.54.57:114][852]LogActorComponent: RegisterComponentWithWorld: (/MAP_Zenith/Zenith_Main.Zenith_Main:PersistentLevel.SkinBP_SBK_BurstPistol_Base_C_2147460288.StaticMeshComponent_2147460286) Already registered. Aborting.
[2026.09.01-02.54.57:129][853]LogNiagara: Warning: Failed to acquire niagara system NiagaraSystem /Game/VFX/NiagaraSystems/Impact/NS_Weapon_Rock_Impact.NS_Weapon_Rock_Impact from the pool with MaxPoolSize=32 and PoolPrimeSize=0
[2026.09.01-02.54.57:129][853]LogNiagara: Warning: Creating niagara system NS_Weapon_Rock_Impact without pooling isn't recommended and will result in a hitch
[2026.09.01-02.54.57:191][860]LogNiagara: Warning: Failed to acquire niagara system NiagaraSystem /Game/VFX/NiagaraSystems/Impact/NS_Weapon_Default_Impact.NS_Weapon_Default_Impact from the pool with MaxPoolSize=32 and PoolPrimeSize=0
[2026.09.01-02.54.57:191][860]LogNiagara: Warning: Creating niagara system NS_Weapon_Default_Impact without pooling isn't recommended and will result in a hitch
[2026.09.01-02.54.58:019][949]LogNiagara: Warning: Failed to acquire niagara system NiagaraSystem /Game/VFX/NiagaraSystems/Impact/NS_StadiumShield_Impact.NS_StadiumShield_Impact from the pool with MaxPoolSize=32 and PoolPrimeSize=0
[2026.09.01-02.54.58:019][949]LogNiagara: Warning: Creating niagara system NS_StadiumShield_Impact without pooling isn't recommended and will result in a hitch
[2026.09.01-02.54.58:029][950]LogNiagara: Warning: Failed to acquire niagara system NiagaraSystem /Game/VFX/NiagaraSystems/Impact/NS_StadiumShield_Impact.NS_StadiumShield_Impact from the pool with MaxPoolSize=32 and PoolPrimeSize=0
[2026.09.01-02.54.58:029][950]LogNiagara: Warning: Creating niagara system NS_StadiumShield_Impact without pooling isn't recommended and will result in a hitch
[2026.09.01-02.54.58:115][959]LogAbilitySystem: Display: GameplayCueNotify /Game/GameplayAbilities/GameplayCues/GCN_Melee_Swing.GCN_Melee_Swing_C was not loaded when GameplayCue was invoked. Starting async loading.
[2026.09.01-02.54.58:115][959]LogAbilitySystem: Display: GameplayCueNotify /Game/GameplayAbilities/GameplayCues/GCN_Melee_Swing.GCN_Melee_Swing_C was not loaded when GameplayCue was invoked. Starting async loading.
[2026.09.01-02.54.58:270][976]LogPhysics: Warning: FConstraintInstance::GetRefFrame : Contained scale.
[2026.09.01-02.54.58:308][979]LogAbilitySystem: Display: GameplayCueNotify /Game/GameplayAbilities/GameplayCues/Locomotion/GCN_Locomotion_Dirt.GCN_Locomotion_Dirt_C was not loaded when GameplayCue was invoked. Starting async loading.
[2026.09.01-02.54.58:319][980]LogScript: Warning: Script Msg: Divide by zero: Divide_DoubleDouble
[2026.09.01-02.54.58:341][982]LogActorComponent: RegisterComponentWithWorld: (/MAP_Zenith/Zenith_Main.Zenith_Main:PersistentLevel.SkinBP_AER_AssaultRifle_Base_C_2147460206.StaticMeshComponent_2147460204) Already registered. Aborting.
[2026.09.01-02.54.58:351][983]LogNiagara: StaticMesh data interface has no valid mesh - NiagaraDataInterfaceStaticMesh /MAP_Zenith/Zenith_Main.Zenith_Main:PersistentLevel.BP_WeaponPickup_C_2147460177.Niagara.NiagaraDataInterfaceStaticMesh_1
[2026.09.01-02.54.58:354][983]LogAbilitySystem: Display: GameplayCueNotify /Game/GameplayAbilities/GameplayCues/GCN_Melee_Hit_Base.GCN_Melee_Hit_Base_C was not loaded when GameplayCue was invoked. Starting async loading.
[2026.09.01-02.54.58:359][983]LogActorComponent: RegisterComponentWithWorld: (/MAP_Zenith/Zenith_Main.Zenith_Main:PersistentLevel.SkinBP_AER_HeavyPistol_Base_C_2147460176.StaticMeshComponent_2147460174) Already registered. Aborting.
[2026.09.01-02.54.58:420][990]LogNiagara: StaticMesh data interface has no valid mesh - NiagaraDataInterfaceStaticMesh /MAP_Zenith/Zenith_Main.Zenith_Main:PersistentLevel.BP_WeaponPickup_C_2147460167.Niagara.NiagaraDataInterfaceStaticMesh_1
[2026.09.01-02.54.58:422][990]LogNiagara: Warning: Failed to acquire niagara system NiagaraSystem /Game/VFX/NiagaraSystems/PlayerDeath/NS_PlayerDeath.NS_PlayerDeath from the pool with MaxPoolSize=32 and PoolPrimeSize=0
[2026.09.01-02.54.58:422][990]LogNiagara: Warning: Creating niagara system NS_PlayerDeath without pooling isn't recommended and will result in a hitch
[2026.09.01-02.54.59:293][ 84]LogNiagara: Warning: Failed to acquire niagara system NiagaraSystem /Game/VFX/NiagaraSystems/Impact/NS_Weapon_Blood_Impact.NS_Weapon_Blood_Impact from the pool with MaxPoolSize=32 and PoolPrimeSize=0
[2026.09.01-02.54.59:293][ 84]LogNiagara: Warning: Creating niagara system NS_Weapon_Blood_Impact without pooling isn't recommended and will result in a hitch
[2026.09.01-02.54.59:294][ 84]LogAbilitySystem: Display: GameplayCueNotify /Game/GameplayAbilities/GameplayCues/GCN_Flinch.GCN_Flinch_C was not loaded when GameplayCue was invoked. Starting async loading.
[2026.09.01-02.54.59:357][ 91]LogNiagara: StaticMesh data interface has no valid mesh - NiagaraDataInterfaceStaticMesh /MAP_Zenith/Zenith_Main.Zenith_Main:PersistentLevel.BP_WeaponPickup_C_2147460118.Niagara.NiagaraDataInterfaceStaticMesh_1
[2026.09.01-02.54.59:361][ 91]LogNiagara: Warning: Failed to acquire niagara system NiagaraSystem /Game/VFX/NiagaraSystems/PlayerDeath/NS_PlayerDeath.NS_PlayerDeath from the pool with MaxPoolSize=32 and PoolPrimeSize=0
[2026.09.01-02.54.59:361][ 91]LogNiagara: Warning: Creating niagara system NS_PlayerDeath without pooling isn't recommended and will result in a hitch
[2026.09.01-02.54.59:404][ 95]LogNiagara: Warning: Failed to acquire niagara system NiagaraSystem /Game/VFX/NiagaraSystems/Impact/NS_Weapon_Rock_Impact.NS_Weapon_Rock_Impact from the pool with MaxPoolSize=32 and PoolPrimeSize=0
[2026.09.01-02.54.59:404][ 95]LogNiagara: Warning: Creating niagara system NS_Weapon_Rock_Impact without pooling isn't recommended and will result in a hitch
[2026.09.01-02.55.00:777][256]LogNiagara: Warning: Failed to acquire niagara system NiagaraSystem /Game/VFX/NiagaraSystems/Impact/NS_Weapon_Blood_Impact.NS_Weapon_Blood_Impact from the pool with MaxPoolSize=32 and PoolPrimeSize=0
[2026.09.01-02.55.00:778][256]LogNiagara: Warning: Creating niagara system NS_Weapon_Blood_Impact without pooling isn't recommended and will result in a hitch
[2026.09.01-02.55.02:363][438]LogPhysics: Warning: FConstraintInstance::GetRefFrame : Contained scale.
[2026.09.01-02.55.02:381][439]LogAbilitySystem: Warning: GameplayCueNotify_Actor GCNL_Death_C_2147460480 had active timelines when it was recycled.
[2026.09.01-02.55.02:428][442]LogAbilitySystem: Warning: GameplayCueNotify_Actor GCNL_Death_C_2147460428 had active timelines when it was recycled.
[2026.09.01-02.55.02:432][442]LogPhysics: Warning: FConstraintInstance::GetRefFrame : Contained scale.
[2026.09.01-02.55.02:440][442]LogScript: Warning: Script Msg: Divide by zero: Divide_DoubleDouble
[2026.09.01-02.55.02:472][444]LogActorComponent: RegisterComponentWithWorld: (/MAP_Zenith/Zenith_Main.Zenith_Main:PersistentLevel.SkinBP_AER_BurstRifle_Base_C_2147459940.StaticMeshComponent_2147459938) Already registered. Aborting.
[2026.09.01-02.55.02:484][445]LogActorComponent: RegisterComponentWithWorld: (/MAP_Zenith/Zenith_Main.Zenith_Main:PersistentLevel.SkinBP_AER_SemiPistol_Base_C_2147459927.StaticMeshComponent_2147459925) Already registered. Aborting.
[2026.09.01-02.55.02:518][449]LogScript: Warning: Script Msg: Divide by zero: Divide_DoubleDouble
[2026.09.01-02.55.02:528][450]LogAbilitySystem: Warning: GameplayCueNotify GameplayCue.Ability.ControlledFalling at index -1 not found in runtime cue set.
[2026.09.01-02.55.02:538][451]LogActorComponent: RegisterComponentWithWorld: (/MAP_Zenith/Zenith_Main.Zenith_Main:PersistentLevel.SkinBP_AER_Shotgun_Base_C_2147459911.StaticMeshComponent_2147459909) Already registered. Aborting.
[2026.09.01-02.55.02:551][452]LogActorComponent: RegisterComponentWithWorld: (/MAP_Zenith/Zenith_Main.Zenith_Main:PersistentLevel.SkinBP_AER_SemiPistol_Base_C_2147459901.StaticMeshComponent_2147459899) Already registered. Aborting.
[2026.09.01-02.55.03:376][550]LogPhysics: Warning: FConstraintInstance::GetRefFrame : Contained scale.
[2026.09.01-02.55.03:402][552]LogAbilitySystem: Warning: GameplayCueNotify_Actor GCNL_Death_C_2147460108 had active timelines when it was recycled.
[2026.09.01-02.55.03:425][554]LogScript: Warning: Script Msg: Divide by zero: Divide_DoubleDouble
[2026.09.01-02.55.03:450][556]LogActorComponent: RegisterComponentWithWorld: (/MAP_Zenith/Zenith_Main.Zenith_Main:PersistentLevel.SkinBP_AER_SMG_Base_C_2147459842.StaticMeshComponent_2147459840) Already registered. Aborting.
[2026.09.01-02.55.03:461][557]LogActorComponent: RegisterComponentWithWorld: (/MAP_Zenith/Zenith_Main.Zenith_Main:PersistentLevel.SkinBP_AER_BurstPistol_Base_C_2147459832.StaticMeshComponent_2147459830) Already registered. Aborting.
[2026.09.01-02.55.03:897][609]LogNiagara: StaticMesh data interface has no valid mesh - NiagaraDataInterfaceStaticMesh /MAP_Zenith/Zenith_Main.Zenith_Main:PersistentLevel.BP_WeaponPickup_C_2147459821.Niagara.NiagaraDataInterfaceStaticMesh_1
[2026.09.01-02.55.04:438][672]LogNiagara: StaticMesh data interface has no valid mesh - NiagaraDataInterfaceStaticMesh /MAP_Zenith/Zenith_Main.Zenith_Main:PersistentLevel.BP_WeaponPickup_C_2147459808.Niagara.NiagaraDataInterfaceStaticMesh_1
[2026.09.01-02.55.04:439][672]LogNiagara: Warning: Niagara system NiagaraSystem /Game/Items/Pickups/VFX/NS_Pickup_Rarity.NS_Pickup_Rarity took 1.08 ms to activate. Consider optimizing the system or priming the pool.
[2026.09.01-02.55.05:919][843]LogAbilitySystem: Display: GameplayCueNotify /Game/GameplayAbilities/GameplayCues/GCN_TakenDamage_Local.GCN_TakenDamage_Local_C was not loaded when GameplayCue was invoked. Starting async loading.
[2026.09.01-02.55.07:928][ 59]LogPhysics: Warning: FConstraintInstance::GetRefFrame : Contained scale.
[2026.09.01-02.55.07:978][ 63]LogScript: Warning: Script Msg: Divide by zero: Divide_DoubleDouble
[2026.09.01-02.55.07:989][ 64]LogAbilitySystem: Warning: GameplayCueNotify GameplayCue.Ability.ControlledFalling at index -1 not found in runtime cue set.
[2026.09.01-02.55.08:000][ 65]LogActorComponent: RegisterComponentWithWorld: (/MAP_Zenith/Zenith_Main.Zenith_Main:PersistentLevel.SkinBP_SBK_Carbine_Base_C_2147459631.StaticMeshComponent_2147459629) Already registered. Aborting.
[2026.09.01-02.55.08:012][ 66]LogActorComponent: RegisterComponentWithWorld: (/MAP_Zenith/Zenith_Main.Zenith_Main:PersistentLevel.SkinBP_SBK_SemiPistol_Base_C_2147459619.StaticMeshComponent_2147459617) Already registered. Aborting.
[2026.09.01-02.55.08:195][ 85]LogNiagara: StaticMesh data interface has no valid mesh - NiagaraDataInterfaceStaticMesh /MAP_Zenith/Zenith_Main.Zenith_Main:PersistentLevel.BP_WeaponPickup_C_2147459593.Niagara.NiagaraDataInterfaceStaticMesh_1
[2026.09.01-02.55.08:234][ 89]LogAbilitySystem: Display: ClientActivateAbilityFailed_Implementation. PredictionKey :115 Ability: Default__GA_WeaponFire_C
[2026.09.01-02.55.08:421][109]LogNiagara: Warning: Failed to acquire niagara system NiagaraSystem /Game/VFX/NiagaraSystems/Impact/NS_Weapon_Rubber_Impact.NS_Weapon_Rubber_Impact from the pool with MaxPoolSize=32 and PoolPrimeSize=0
[2026.09.01-02.55.08:421][109]LogNiagara: Warning: Creating niagara system NS_Weapon_Rubber_Impact without pooling isn't recommended and will result in a hitch
[2026.09.01-02.55.08:445][111]LogPhysics: Warning: FConstraintInstance::GetRefFrame : Contained scale.
[2026.09.01-02.55.08:473][113]LogAbilitySystem: Warning: GameplayCueNotify_Actor GCNL_Death_C_2147460108 had active timelines when it was recycled.
[2026.09.01-02.55.08:501][115]LogScript: Warning: Script Msg: Divide by zero: Divide_DoubleDouble
[2026.09.01-02.55.08:522][117]LogActorComponent: RegisterComponentWithWorld: (/MAP_Zenith/Zenith_Main.Zenith_Main:PersistentLevel.SkinBP_AER_BurstRifle_Base_C_2147459544.StaticMeshComponent_2147459542) Already registered. Aborting.
[2026.09.01-02.55.08:534][118]LogActorComponent: RegisterComponentWithWorld: (/MAP_Zenith/Zenith_Main.Zenith_Main:PersistentLevel.SkinBP_AER_SemiPistol_Base_C_2147459531.StaticMeshComponent_2147459529) Already registered. Aborting.
[2026.09.01-02.55.08:559][121]LogAbilitySystem: Display: GameplayCueNotify /Game/GameplayAbilities/GameplayCues/Locomotion/GCN_Locomotion_Flesh.GCN_Locomotion_Flesh_C was not loaded when GameplayCue was invoked. Starting async loading.
[2026.09.01-02.55.12:194][541]LogPhysics: Warning: FConstraintInstance::GetRefFrame : Contained scale.
[2026.09.01-02.55.12:210][542]LogTheaterFramework1047: Warning: BP_PlayerController_C_2147469397 OnRep_ViewTargetRepState received for BP_Character_Base_C_2147459510, but we are locally viewing BP_Character_Base_C_2147461325 it has been 1.97440386e-07 since the last viewtarget was changed locally.
[2026.09.01-02.55.12:212][542]LogCore1047: Warning: UCore1047SettingDefinition::ApplyValue Classic Portal Controls is not Enabled via bEnabled so setting value will not be applied.
[2026.09.01-02.55.12:212][542]LogCore1047: Warning: UCore1047SettingDefinition::ApplyValue Classic Portal Controls is not Enabled via bEnabled so setting value will not be applied.
[2026.09.01-02.55.12:212][542]Core1047InputUserSettings: PostInitializePlayerInput >> Re-applying Player Profile Keybinds!
[2026.09.01-02.55.12:212][542]LogCore1047: Warning: UCore1047SettingDefinition::ApplyValue Classic Portal Controls is not Enabled via bEnabled so setting value will not be applied.
[2026.09.01-02.55.12:212][542]LogCore1047: Warning: UCore1047SettingDefinition::ApplyValue Classic Portal Controls is not Enabled via bEnabled so setting value will not be applied.
[2026.09.01-02.55.12:212][542]Core1047InputUserSettings: PostInitializePlayerInput >> Re-applying Player Profile Keybinds!
[2026.09.01-02.55.12:217][542]LogAnimation: Warning: SLOTNODE: 'FiringLeftSlot' in animation instance class ABP_FirstPersonBase_V5_C already exists. Remove duplicates from the animation graph for this class.
[2026.09.01-02.55.12:228][542]LogScript: Warning: Script Msg: Divide by zero: Divide_DoubleDouble
[2026.09.01-02.55.12:230][542]LogAbilitySystem: Warning: No gameplay cues found to load from object SkinBP_SBK_MartianCowgirlX_VarC_FP_C_2147459429.
[2026.09.01-02.55.12:234][543]LogAbilitySystem: Warning: GameplayCueNotify_Actor GCNL_Death_C_2147460428 had active timelines when it was recycled.
[2026.09.01-02.55.12:249][543]LogSlate: InvalidateAllWidgets triggered.  All widgets were invalidated
[2026.09.01-02.55.12:254][543]LogScript: Warning: Script Msg: Divide by zero: Divide_DoubleDouble
[2026.09.01-02.55.12:256][543]LogAbilitySystem: Warning: No gameplay cues found to load from object SkinBP_SBK_MartianCowgirlX_VarC_FP_C_2147459195.
[2026.09.01-02.55.12:308][547]LogScript: Warning: Script Msg: Divide by zero: Divide_DoubleDouble
[2026.09.01-02.55.12:322][548]LogAbilitySystem: Warning: GameplayCueNotify GameplayCue.Ability.ControlledFalling at index -1 not found in runtime cue set.
[2026.09.01-02.55.12:377][554]LogActorComponent: RegisterComponentWithWorld: (/MAP_Zenith/Zenith_Main.Zenith_Main:PersistentLevel.SkinBP_SBK_SemiPistol_CreatorClash_C_2147459138.StaticMeshComponent_2147459136) Already registered. Aborting.
[2026.09.01-02.55.12:390][555]LogActorComponent: RegisterComponentWithWorld: (/MAP_Zenith/Zenith_Main.Zenith_Main:PersistentLevel.SkinBP_SBK_AssaultRifle_Base_C_2147459131.StaticMeshComponent_2147459129) Already registered. Aborting.
[2026.09.01-02.55.12:397][556]LogGF1047ItemAttachment: Warning: Attachment Handler: failed to attach '{"ItemDefinition":"AttachID_SBK_SemiPistol_ExtBarrel","Inventory":"BPC_Inventory","SlotId":"SlotId.WeaponAttachment.02.Attachment1","Epoch":2}' - TargetComponent Not Found
[2026.09.01-02.55.12:404][557]LogGF1047ItemAttachment: Warning: Attachment Handler: failed to attach '{"ItemDefinition":"AttachID_SBK_AssaultRifle_ExtBarrel","Inventory":"BPC_Inventory","SlotId":"SlotId.WeaponAttachment.01.Attachment1","Epoch":2}' - TargetComponent Not Found
[2026.09.01-02.55.12:412][558]LogGF1047ItemAttachment: Warning: Attachment Handler: failed to attach '{"ItemDefinition":"AttachID_SBK_AssaultRifle_RecoilGrip","Inventory":"BPC_Inventory","SlotId":"SlotId.WeaponAttachment.01.Attachment2","Epoch":2}' - TargetComponent Not Found
[2026.09.01-02.55.12:768][600]LogNiagara: Warning: Failed to acquire niagara system NiagaraSystem /EQP_AER_ShockGrenade/GameplayAbilities/GameplayCues/NS_Aeros_ShockGrenade_AffectedPlayer.NS_Aeros_ShockGrenade_AffectedPlayer from the pool with MaxPoolSize=32 and PoolPrimeSize=0
[2026.09.01-02.55.12:768][600]LogNiagara: Warning: Creating niagara system NS_Aeros_ShockGrenade_AffectedPlayer without pooling isn't recommended and will result in a hitch
[2026.09.01-02.55.14:259][769]LogNiagara: Warning: Failed to acquire niagara system NiagaraSystem /EQP_AER_ShockGrenade/GameplayAbilities/GameplayCues/NS_Aeros_ShockGrenade_AffectedPlayer.NS_Aeros_ShockGrenade_AffectedPlayer from the pool with MaxPoolSize=32 and PoolPrimeSize=0
[2026.09.01-02.55.14:259][769]LogNiagara: Warning: Creating niagara system NS_Aeros_ShockGrenade_AffectedPlayer without pooling isn't recommended and will result in a hitch
[2026.09.01-02.55.14:294][773]LogNiagara: StaticMesh data interface has no valid mesh - NiagaraDataInterfaceStaticMesh /MAP_Zenith/Zenith_Main.Zenith_Main:PersistentLevel.BP_WeaponPickup_C_2147459087.Niagara.NiagaraDataInterfaceStaticMesh_1
[2026.09.01-02.55.14:497][795]LogNiagara: StaticMesh data interface has no valid mesh - NiagaraDataInterfaceStaticMesh /MAP_Zenith/Zenith_Main.Zenith_Main:PersistentLevel.BP_WeaponPickup_C_2147459077.Niagara.NiagaraDataInterfaceStaticMesh_1
[2026.09.01-02.55.14:506][795]LogNiagara: StaticMesh data interface has no valid mesh - NiagaraDataInterfaceStaticMesh /MAP_Zenith/Zenith_Main.Zenith_Main:PersistentLevel.BP_WeaponPickup_C_2147459077.Niagara.NiagaraDataInterfaceStaticMesh_1
[2026.09.01-02.55.14:517][796]LogNiagara: Warning: Failed to acquire niagara system NiagaraSystem /Game/Items/Pickups/VFX/NS_WeaponPad_V2.NS_WeaponPad_V2 from the pool with MaxPoolSize=32 and PoolPrimeSize=0
[2026.09.01-02.55.14:517][796]LogNiagara: Warning: Creating niagara system NS_WeaponPad_V2 without pooling isn't recommended and will result in a hitch
[2026.09.01-02.55.14:529][797]LogNiagara: StaticMesh data interface has no valid mesh - NiagaraDataInterfaceStaticMesh /MAP_Zenith/Zenith_Main.Zenith_Main:PersistentLevel.BP_WeaponPickup_C_2147459069.Niagara.NiagaraDataInterfaceStaticMesh_1
[2026.09.01-02.55.14:534][797]LogNiagara: StaticMesh data interface has no valid mesh - NiagaraDataInterfaceStaticMesh /MAP_Zenith/Zenith_Main.Zenith_Main:PersistentLevel.BP_WeaponPickup_C_2147459069.Niagara.NiagaraDataInterfaceStaticMesh_1
[2026.09.01-02.55.14:541][798]LogNiagara: Warning: Failed to acquire niagara system NiagaraSystem /Game/Items/Pickups/VFX/NS_WeaponPad_V2.NS_WeaponPad_V2 from the pool with MaxPoolSize=32 and PoolPrimeSize=0
[2026.09.01-02.55.14:541][798]LogNiagara: Warning: Creating niagara system NS_WeaponPad_V2 without pooling isn't recommended and will result in a hitch
[2026.09.01-02.55.14:665][809]LogNiagara: StaticMesh data interface has no valid mesh - NiagaraDataInterfaceStaticMesh /MAP_Zenith/Zenith_Main.Zenith_Main:PersistentLevel.BP_WeaponPickup_C_2147459060.Niagara.NiagaraDataInterfaceStaticMesh_1
[2026.09.01-02.55.14:707][812]LogNiagara: Warning: Failed to acquire niagara system NiagaraSystem /EQP_SBK_StickyGrenade/Skins/Base/VFX/NS_Sabrask_StickyGrenade_Explosion.NS_Sabrask_StickyGrenade_Explosion from the pool with MaxPoolSize=32 and PoolPrimeSize=0
[2026.09.01-02.55.14:707][812]LogNiagara: Warning: Creating niagara system NS_Sabrask_StickyGrenade_Explosion without pooling isn't recommended and will result in a hitch
[2026.09.01-02.55.14:730][813]LogNiagara: StaticMesh data interface has no valid mesh - NiagaraDataInterfaceStaticMesh /MAP_Zenith/Zenith_Main.Zenith_Main:PersistentLevel.BP_WeaponPickup_C_2147459036.Niagara.NiagaraDataInterfaceStaticMesh_1
[2026.09.01-02.55.17:656][130]LogNiagara: StaticMesh data interface has no valid mesh - NiagaraDataInterfaceStaticMesh /MAP_Zenith/Zenith_Main.Zenith_Main:PersistentLevel.BP_WeaponPickup_C_2147458984.Niagara.NiagaraDataInterfaceStaticMesh_1
[2026.09.01-02.55.17:660][130]LogNiagara: Warning: Failed to acquire niagara system NiagaraSystem /Game/VFX/NiagaraSystems/PlayerDeath/NS_PlayerDeath.NS_PlayerDeath from the pool with MaxPoolSize=32 and PoolPrimeSize=0
[2026.09.01-02.55.17:660][130]LogNiagara: Warning: Creating niagara system NS_PlayerDeath without pooling isn't recommended and will result in a hitch
[2026.09.01-02.55.18:311][205]LogPhysics: Warning: FConstraintInstance::GetRefFrame : Contained scale.
[2026.09.01-02.55.18:334][207]LogAbilitySystem: Warning: GameplayCueNotify_Actor GCNL_Death_C_2147460428 had active timelines when it was recycled.
[2026.09.01-02.55.18:359][209]LogScript: Warning: Script Msg: Divide by zero: Divide_DoubleDouble
[2026.09.01-02.55.18:379][211]LogActorComponent: RegisterComponentWithWorld: (/MAP_Zenith/Zenith_Main.Zenith_Main:PersistentLevel.SkinBP_SBK_BurstRifle_Base_C_2147458910.StaticMeshComponent_2147458908) Already registered. Aborting.
[2026.09.01-02.55.18:389][212]LogActorComponent: RegisterComponentWithWorld: (/MAP_Zenith/Zenith_Main.Zenith_Main:PersistentLevel.SkinBP_SBK_BurstPistol_Base_C_2147458900.StaticMeshComponent_2147458898) Already registered. Aborting.
[2026.09.01-02.55.18:663][245]LogPhysics: Warning: FConstraintInstance::GetRefFrame : Contained scale.
[2026.09.01-02.55.18:690][247]LogAbilitySystem: Warning: GameplayCueNotify_Actor GCNL_Death_C_2147460108 had active timelines when it was recycled.
[2026.09.01-02.55.18:710][249]LogScript: Warning: Script Msg: Divide by zero: Divide_DoubleDouble
[2026.09.01-02.55.18:730][251]LogActorComponent: RegisterComponentWithWorld: (/MAP_Zenith/Zenith_Main.Zenith_Main:PersistentLevel.SkinBP_AER_BurstRifle_Base_C_2147458849.StaticMeshComponent_2147458847) Already registered. Aborting.
[2026.09.01-02.55.18:739][252]LogPhysics: Warning: FConstraintInstance::GetRefFrame : Contained scale.
[2026.09.01-02.55.18:747][252]LogActorComponent: RegisterComponentWithWorld: (/MAP_Zenith/Zenith_Main.Zenith_Main:PersistentLevel.SkinBP_AER_SemiPistol_Base_C_2147458824.StaticMeshComponent_2147458822) Already registered. Aborting.
[2026.09.01-02.55.18:764][254]LogAbilitySystem: Warning: GameplayCueNotify_Actor GCNL_Death_C_2147460480 had active timelines when it was recycled.
[2026.09.01-02.55.18:786][256]LogScript: Warning: Script Msg: Divide by zero: Divide_DoubleDouble
[2026.09.01-02.55.18:796][257]LogAbilitySystem: Warning: GameplayCueNotify GameplayCue.Ability.ControlledFalling at index -1 not found in runtime cue set.
[2026.09.01-02.55.18:812][258]LogActorComponent: RegisterComponentWithWorld: (/MAP_Zenith/Zenith_Main.Zenith_Main:PersistentLevel.SkinBP_AER_Shotgun_Base_C_2147458788.StaticMeshComponent_2147458786) Already registered. Aborting.
[2026.09.01-02.55.18:824][259]LogActorComponent: RegisterComponentWithWorld: (/MAP_Zenith/Zenith_Main.Zenith_Main:PersistentLevel.SkinBP_AER_SemiPistol_Base_C_2147458778.StaticMeshComponent_2147458776) Already registered. Aborting.
[2026.09.01-02.55.19:011][282]LogRHI: Display: Encountered a new graphics PSO: 226974364
[2026.09.01-02.55.21:377][544]LogNiagara: StaticMesh data interface has no valid mesh - NiagaraDataInterfaceStaticMesh /MAP_Zenith/Zenith_Main.Zenith_Main:PersistentLevel.BP_WeaponPickup_C_2147458722.Niagara.NiagaraDataInterfaceStaticMesh_1
[2026.09.01-02.55.21:678][575]LogPhysics: Warning: FConstraintInstance::GetRefFrame : Contained scale.
[2026.09.01-02.55.21:709][577]LogAbilitySystem: Warning: GameplayCueNotify_Actor GCNL_Death_C_2147458980 had active timelines when it was recycled.
[2026.09.01-02.55.21:734][579]LogScript: Warning: Script Msg: Divide by zero: Divide_DoubleDouble
[2026.09.01-02.55.21:757][581]LogActorComponent: RegisterComponentWithWorld: (/MAP_Zenith/Zenith_Main.Zenith_Main:PersistentLevel.SkinBP_AER_SMG_Base_C_2147458671.StaticMeshComponent_2147458669) Already registered. Aborting.
[2026.09.01-02.55.21:769][582]LogActorComponent: RegisterComponentWithWorld: (/MAP_Zenith/Zenith_Main.Zenith_Main:PersistentLevel.SkinBP_AER_BurstPistol_Base_C_2147458661.StaticMeshComponent_2147458659) Already registered. Aborting.
[2026.09.01-02.55.23:789][804]LogNiagara: StaticMesh data interface has no valid mesh - NiagaraDataInterfaceStaticMesh /MAP_Zenith/Zenith_Main.Zenith_Main:PersistentLevel.BP_WeaponPickup_C_2147458643.Niagara.NiagaraDataInterfaceStaticMesh_1
[2026.09.01-02.55.25:113][952]LogViewport: Display: Viewport MouseLockMode Changed, LockOnCapture -> LockInFullscreen
[2026.09.01-02.55.25:113][952]LogViewport: Display: Viewport MouseCaptureMode Changed, CapturePermanently -> CaptureDuringRightMouseDown
[2026.09.01-02.55.25:113][952]LogViewport: Display: Player bShowMouseCursor Changed, False -> True
[2026.09.01-02.55.25:116][952]LogSlate: InvalidateAllWidgets triggered.  All widgets were invalidated
[2026.09.01-02.55.25:126][952]LogStreamableManager: Display: RequestAsyncLoad() called with empty or only null assets!
[2026.09.01-02.55.25:129][952]LogStreamableManager: Display: RequestAsyncLoad() called with empty or only null assets!
[2026.09.01-02.55.25:131][952]LogStreamableManager: Display: RequestAsyncLoad() called with empty or only null assets!
[2026.09.01-02.55.25:134][952]LogStreamableManager: Display: RequestAsyncLoad() called with empty or only null assets!
[2026.09.01-02.55.25:137][953]LogScript: Warning: Script Msg: Attempted to access index 1 from array 'CurrentDisplayedEntries' of length 1 in '/Game/UI/HUD/InGameTabMenu/Scoreboard/WBP_ScoreboardPlayer.WBP_ScoreboardPlayer_C:UpdateStatValueWidgets'!
[2026.09.01-02.55.25:137][953]LogScript: Warning: Script Msg: Attempted to access index 2 from array 'CurrentDisplayedEntries' of length 1 in '/Game/UI/HUD/InGameTabMenu/Scoreboard/WBP_ScoreboardPlayer.WBP_ScoreboardPlayer_C:UpdateStatValueWidgets'!
[2026.09.01-02.55.25:137][953]LogScript: Warning: Script Msg: Attempted to access index 1 from array 'CurrentDisplayedEntries' of length 1 in '/Game/UI/HUD/InGameTabMenu/Scoreboard/WBP_ScoreboardPlayer.WBP_ScoreboardPlayer_C:UpdateStatValueWidgets'!
[2026.09.01-02.55.25:137][953]LogScript: Warning: Script Msg: Attempted to access index 2 from array 'CurrentDisplayedEntries' of length 1 in '/Game/UI/HUD/InGameTabMenu/Scoreboard/WBP_ScoreboardPlayer.WBP_ScoreboardPlayer_C:UpdateStatValueWidgets'!
[2026.09.01-02.55.25:144][953]LogStreamableManager: Display: RequestAsyncLoad() called with empty or only null assets!
[2026.09.01-02.55.25:147][953]LogStreamableManager: Display: RequestAsyncLoad() called with empty or only null assets!
[2026.09.01-02.55.25:150][953]LogStreamableManager: Display: RequestAsyncLoad() called with empty or only null assets!
[2026.09.01-02.55.25:152][953]LogStreamableManager: Display: RequestAsyncLoad() called with empty or only null assets!
[2026.09.01-02.55.25:157][954]LogScript: Warning: Script Msg: Attempted to access index 1 from array 'CurrentDisplayedEntries' of length 1 in '/Game/UI/HUD/InGameTabMenu/Scoreboard/WBP_ScoreboardPlayer.WBP_ScoreboardPlayer_C:UpdateStatValueWidgets'!
[2026.09.01-02.55.25:157][954]LogScript: Warning: Script Msg: Attempted to access index 2 from array 'CurrentDisplayedEntries' of length 1 in '/Game/UI/HUD/InGameTabMenu/Scoreboard/WBP_ScoreboardPlayer.WBP_ScoreboardPlayer_C:UpdateStatValueWidgets'!
[2026.09.01-02.55.25:157][954]LogScript: Warning: Script Msg: Attempted to access index 1 from array 'CurrentDisplayedEntries' of length 1 in '/Game/UI/HUD/InGameTabMenu/Scoreboard/WBP_ScoreboardPlayer.WBP_ScoreboardPlayer_C:UpdateStatValueWidgets'!
[2026.09.01-02.55.25:157][954]LogScript: Warning: Script Msg: Attempted to access index 2 from array 'CurrentDisplayedEntries' of length 1 in '/Game/UI/HUD/InGameTabMenu/Scoreboard/WBP_ScoreboardPlayer.WBP_ScoreboardPlayer_C:UpdateStatValueWidgets'!
[2026.09.01-02.55.25:157][954]LogScript: Warning: Script Msg: Attempted to access index 1 from array 'CurrentDisplayedEntries' of length 1 in '/Game/UI/HUD/InGameTabMenu/Scoreboard/WBP_ScoreboardPlayer.WBP_ScoreboardPlayer_C:UpdateStatValueWidgets'!
[2026.09.01-02.55.25:157][954]LogScript: Warning: Script Msg: Attempted to access index 2 from array 'CurrentDisplayedEntries' of length 1 in '/Game/UI/HUD/InGameTabMenu/Scoreboard/WBP_ScoreboardPlayer.WBP_ScoreboardPlayer_C:UpdateStatValueWidgets'!
[2026.09.01-02.55.25:157][954]LogScript: Warning: Script Msg: Attempted to access index 1 from array 'CurrentDisplayedEntries' of length 1 in '/Game/UI/HUD/InGameTabMenu/Scoreboard/WBP_ScoreboardPlayer.WBP_ScoreboardPlayer_C:UpdateStatValueWidgets'!
[2026.09.01-02.55.25:157][954]LogScript: Warning: Script Msg: Attempted to access index 2 from array 'CurrentDisplayedEntries' of length 1 in '/Game/UI/HUD/InGameTabMenu/Scoreboard/WBP_ScoreboardPlayer.WBP_ScoreboardPlayer_C:UpdateStatValueWidgets'!
[2026.09.01-02.55.25:157][955]LogScript: Warning: Script Msg: Attempted to access index 1 from array 'CurrentDisplayedEntries' of length 1 in '/Game/UI/HUD/InGameTabMenu/Scoreboard/WBP_ScoreboardPlayer.WBP_ScoreboardPlayer_C:UpdateStatValueWidgets'!
[2026.09.01-02.55.25:157][955]LogScript: Warning: Script Msg: Attempted to access index 2 from array 'CurrentDisplayedEntries' of length 1 in '/Game/UI/HUD/InGameTabMenu/Scoreboard/WBP_ScoreboardPlayer.WBP_ScoreboardPlayer_C:UpdateStatValueWidgets'!
[2026.09.01-02.55.25:157][955]LogScript: Warning: Script Msg: Attempted to access index 1 from array 'CurrentDisplayedEntries' of length 1 in '/Game/UI/HUD/InGameTabMenu/Scoreboard/WBP_ScoreboardPlayer.WBP_ScoreboardPlayer_C:UpdateStatValueWidgets'!
[2026.09.01-02.55.25:157][955]LogScript: Warning: Script Msg: Attempted to access index 2 from array 'CurrentDisplayedEntries' of length 1 in '/Game/UI/HUD/InGameTabMenu/Scoreboard/WBP_ScoreboardPlayer.WBP_ScoreboardPlayer_C:UpdateStatValueWidgets'!
[2026.09.01-02.55.25:363][978]LogPhysics: Warning: FConstraintInstance::GetRefFrame : Contained scale.
[2026.09.01-02.55.25:376][979]LogTheaterFramework1047: Warning: BP_PlayerController_C_2147469397 OnRep_ViewTargetRepState received for BP_Character_Base_C_2147458338, but we are locally viewing BP_Character_Base_C_2147459510 it has been 1.00582838e-07 since the last viewtarget was changed locally.
[2026.09.01-02.55.25:377][979]LogCore1047: Warning: UCore1047SettingDefinition::ApplyValue Classic Portal Controls is not Enabled via bEnabled so setting value will not be applied.
[2026.09.01-02.55.25:377][979]LogCore1047: Warning: UCore1047SettingDefinition::ApplyValue Classic Portal Controls is not Enabled via bEnabled so setting value will not be applied.
[2026.09.01-02.55.25:377][979]Core1047InputUserSettings: PostInitializePlayerInput >> Re-applying Player Profile Keybinds!
[2026.09.01-02.55.25:377][979]LogCore1047: Warning: UCore1047SettingDefinition::ApplyValue Classic Portal Controls is not Enabled via bEnabled so setting value will not be applied.
[2026.09.01-02.55.25:377][979]LogCore1047: Warning: UCore1047SettingDefinition::ApplyValue Classic Portal Controls is not Enabled via bEnabled so setting value will not be applied.
[2026.09.01-02.55.25:377][979]Core1047InputUserSettings: PostInitializePlayerInput >> Re-applying Player Profile Keybinds!
[2026.09.01-02.55.25:381][979]LogAnimation: Warning: SLOTNODE: 'FiringLeftSlot' in animation instance class ABP_FirstPersonBase_V5_C already exists. Remove duplicates from the animation graph for this class.
[2026.09.01-02.55.25:387][979]LogScript: Warning: Script Msg: Divide by zero: Divide_DoubleDouble
[2026.09.01-02.55.25:389][979]LogAbilitySystem: Warning: No gameplay cues found to load from object SkinBP_SBK_MartianCowgirlX_VarC_FP_C_2147458249.
[2026.09.01-02.55.25:395][980]LogAbilitySystem: Warning: GameplayCueNotify_Actor GCNL_Death_C_2147460480 had active timelines when it was recycled.
[2026.09.01-02.55.25:412][980]LogSlate: InvalidateAllWidgets triggered.  All widgets were invalidated
[2026.09.01-02.55.25:415][980]LogScript: Warning: Script Msg: Divide by zero: Divide_DoubleDouble
[2026.09.01-02.55.25:417][980]LogAbilitySystem: Warning: No gameplay cues found to load from object SkinBP_SBK_MartianCowgirlX_VarC_FP_C_2147458015.
[2026.09.01-02.55.25:471][984]LogScript: Warning: Script Msg: Divide by zero: Divide_DoubleDouble
[2026.09.01-02.55.25:481][985]LogAbilitySystem: Warning: GameplayCueNotify GameplayCue.Ability.ControlledFalling at index -1 not found in runtime cue set.
[2026.09.01-02.55.25:540][991]LogActorComponent: RegisterComponentWithWorld: (/MAP_Zenith/Zenith_Main.Zenith_Main:PersistentLevel.SkinBP_SBK_SemiPistol_CreatorClash_C_2147457957.StaticMeshComponent_2147457955) Already registered. Aborting.
[2026.09.01-02.55.25:550][992]LogActorComponent: RegisterComponentWithWorld: (/MAP_Zenith/Zenith_Main.Zenith_Main:PersistentLevel.SkinBP_SBK_AssaultRifle_Base_C_2147457950.StaticMeshComponent_2147457948) Already registered. Aborting.
[2026.09.01-02.55.25:558][993]LogGF1047ItemAttachment: Warning: Attachment Handler: failed to attach '{"ItemDefinition":"AttachID_SBK_SemiPistol_ExtBarrel","Inventory":"BPC_Inventory","SlotId":"SlotId.WeaponAttachment.02.Attachment1","Epoch":3}' - TargetComponent Not Found
[2026.09.01-02.55.25:566][994]LogGF1047ItemAttachment: Warning: Attachment Handler: failed to attach '{"ItemDefinition":"AttachID_SBK_AssaultRifle_ExtBarrel","Inventory":"BPC_Inventory","SlotId":"SlotId.WeaponAttachment.01.Attachment1","Epoch":3}' - TargetComponent Not Found
[2026.09.01-02.55.25:574][995]LogGF1047ItemAttachment: Warning: Attachment Handler: failed to attach '{"ItemDefinition":"AttachID_SBK_AssaultRifle_RecoilGrip","Inventory":"BPC_Inventory","SlotId":"SlotId.WeaponAttachment.01.Attachment2","Epoch":3}' - TargetComponent Not Found
[2026.09.01-02.55.25:939][ 38]LogViewport: Display: Viewport MouseLockMode Changed, LockInFullscreen -> LockOnCapture
[2026.09.01-02.55.25:939][ 38]LogViewport: Display: Viewport MouseCaptureMode Changed, CaptureDuringRightMouseDown -> CapturePermanently
[2026.09.01-02.55.25:939][ 38]LogViewport: Display: Player bShowMouseCursor Changed, True -> False
[2026.09.01-02.55.27:785][255]LogPhysics: Warning: FConstraintInstance::GetRefFrame : Contained scale.
[2026.09.01-02.55.27:808][257]LogAbilitySystem: Warning: GameplayCueNotify_Actor GCNL_Death_C_2147458980 had active timelines when it was recycled.
[2026.09.01-02.55.27:831][259]LogScript: Warning: Script Msg: Divide by zero: Divide_DoubleDouble
[2026.09.01-02.55.27:852][261]LogActorComponent: RegisterComponentWithWorld: (/MAP_Zenith/Zenith_Main.Zenith_Main:PersistentLevel.SkinBP_AER_BurstRifle_Base_C_2147457892.StaticMeshComponent_2147457890) Already registered. Aborting.
[2026.09.01-02.55.27:862][262]LogActorComponent: RegisterComponentWithWorld: (/MAP_Zenith/Zenith_Main.Zenith_Main:PersistentLevel.SkinBP_AER_SemiPistol_Base_C_2147457879.StaticMeshComponent_2147457877) Already registered. Aborting.
[2026.09.01-02.55.28:819][377]LogNiagara: StaticMesh data interface has no valid mesh - NiagaraDataInterfaceStaticMesh /MAP_Zenith/Zenith_Main.Zenith_Main:PersistentLevel.BP_WeaponPickup_C_2147457864.Niagara.NiagaraDataInterfaceStaticMesh_1
[2026.09.01-02.55.29:239][426]LogNiagara: StaticMesh data interface has no valid mesh - NiagaraDataInterfaceStaticMesh /MAP_Zenith/Zenith_Main.Zenith_Main:PersistentLevel.BP_WeaponPickup_C_2147457854.Niagara.NiagaraDataInterfaceStaticMesh_1
[2026.09.01-02.55.30:942][627]LogNiagara: Warning: Failed to acquire niagara system NiagaraSystem /EQP_SBK_StickyGrenade/Skins/Base/VFX/NS_Sabrask_StickyGrenade_Explosion.NS_Sabrask_StickyGrenade_Explosion from the pool with MaxPoolSize=32 and PoolPrimeSize=0
[2026.09.01-02.55.30:942][627]LogNiagara: Warning: Creating niagara system NS_Sabrask_StickyGrenade_Explosion without pooling isn't recommended and will result in a hitch
[2026.09.01-02.55.32:227][780]LogAbilitySystem: Display: GameplayCueNotify /Game/GameplayAbilities/GameplayCues/GCN_Interact_Failed.GCN_Interact_Failed_C was not loaded when GameplayCue was invoked. Starting async loading.
[2026.09.01-02.55.32:228][780]Log1047GameFramework: Error: FillInvalidSlot cannot fill parent LoadoutContext.BaseItem as the slot does not exist in the loadout definition
[2026.09.01-02.55.32:229][780]Log1047GameFramework: Warning: FillInvalidSlot failed to find a parent item in LoadoutContext.BaseItem to get a default item from
[2026.09.01-02.55.32:231][780]Log1047GameFramework: Warning: FillInvalidSlot failed to find a parent item in LoadoutSlot.Cosmetics.Weapon.Skin to get a default item from
[2026.09.01-02.55.32:231][780]Log1047GameFramework: Warning: FillInvalidSlot failed to find a parent item in LoadoutSlot.Cosmetics.Weapon.Skin to get a default item from
[2026.09.01-02.55.32:233][780]Log1047GameFramework: Warning: FillInvalidSlot failed to find a parent item in LoadoutSlot.Cosmetics.Weapon.Skin to get a default item from
[2026.09.01-02.55.32:233][781]Log1047GameFramework: Warning: FillInvalidSlot failed to find a parent item in LoadoutSlot.Cosmetics.Weapon.Skin to get a default item from
[2026.09.01-02.55.32:228][781]LogAbilitySystem: Display: GameplayCueNotify /Game/GameplayAbilities/GameplayCues/GCN_Pickup_Weapon_Power.GCN_Pickup_Weapon_Power_C was not loaded when GameplayCue was invoked. Starting async loading.
[2026.09.01-02.55.32:291][787]Log1047GameFramework: Error: FillInvalidSlot cannot fill parent LoadoutContext.BaseItem as the slot does not exist in the loadout definition
[2026.09.01-02.55.32:293][787]Log1047GameFramework: Warning: FillInvalidSlot failed to find a parent item in LoadoutContext.BaseItem to get a default item from
[2026.09.01-02.55.32:293][787]Log1047GameFramework: Warning: FillInvalidSlot failed to find a parent item in LoadoutSlot.Cosmetics.Weapon.Skin to get a default item from
[2026.09.01-02.55.32:294][787]Log1047GameFramework: Warning: FillInvalidSlot failed to find a parent item in LoadoutSlot.Cosmetics.Weapon.Skin to get a default item from
[2026.09.01-02.55.32:295][787]Log1047GameFramework: Warning: FillInvalidSlot failed to find a parent item in LoadoutSlot.Cosmetics.Weapon.Skin to get a default item from
[2026.09.01-02.55.32:296][787]Log1047GameFramework: Warning: FillInvalidSlot failed to find a parent item in LoadoutSlot.Cosmetics.Weapon.Skin to get a default item from
[2026.09.01-02.55.32:297][787]LogGF1047Inventory: Warning: Cosmetic selection: server rejected loadout for {"ItemDefinition":"ID_ChargeCarbine_Meridian","Inventory":"BPC_Inventory","SlotId":"SlotId.Weapon.02","Epoch":4}
[2026.09.01-02.55.32:303][788]LogNiagara: StaticMesh data interface has no valid mesh - NiagaraDataInterfaceStaticMesh /MAP_Zenith/Zenith_Main.Zenith_Main:PersistentLevel.BP_WeaponPickup_C_2147457779.Niagara.NiagaraDataInterfaceStaticMesh_1
[2026.09.01-02.55.32:348][793]LogGF1047Inventory: Warning: Cosmetic selection: server rejected loadout for {"ItemDefinition":"ID_ChargeCarbine_Meridian","Inventory":"BPC_Inventory","SlotId":"SlotId.Weapon.02","Epoch":4}
[2026.09.01-02.55.32:846][851]LogPhysics: Warning: FConstraintInstance::GetRefFrame : Contained scale.
[2026.09.01-02.55.32:867][853]LogAbilitySystem: Warning: GameplayCueNotify_Actor GCNL_Death_C_2147458980 had active timelines when it was recycled.
[2026.09.01-02.55.32:890][855]LogScript: Warning: Script Msg: Divide by zero: Divide_DoubleDouble
[2026.09.01-02.55.32:910][857]LogActorComponent: RegisterComponentWithWorld: (/MAP_Zenith/Zenith_Main.Zenith_Main:PersistentLevel.SkinBP_AER_BurstRifle_Base_C_2147457698.StaticMeshComponent_2147457696) Already registered. Aborting.
[2026.09.01-02.55.32:919][858]LogActorComponent: RegisterComponentWithWorld: (/MAP_Zenith/Zenith_Main.Zenith_Main:PersistentLevel.SkinBP_AER_SemiPistol_Base_C_2147457685.StaticMeshComponent_2147457683) Already registered. Aborting.
[2026.09.01-02.55.32:982][866]LogAbilitySystem: Display: GameplayCueNotify /Game/GameplayAbilities/GameplayCues/Portals/GCNL_Portal_Teleport_Character.GCNL_Portal_Teleport_Character_C was not loaded when GameplayCue was invoked. Starting async loading.
[2026.09.01-02.55.33:012][869]LogNiagara: Warning: Failed to acquire niagara system NiagaraSystem /Game/VFX/NiagaraSystems/Portal/NS_CHAR_PortalExit.NS_CHAR_PortalExit from the pool with MaxPoolSize=32 and PoolPrimeSize=0
[2026.09.01-02.55.33:012][869]LogNiagara: Warning: Creating niagara system NS_CHAR_PortalExit without pooling isn't recommended and will result in a hitch
[2026.09.01-02.55.33:013][870]LogAbilitySystem: Display: GameplayCueNotify /Game/GameplayAbilities/GameplayCues/Portals/GCN_Portal_Teleport.GCN_Portal_Teleport_C was not loaded when GameplayCue was invoked. Starting async loading.
[2026.09.01-02.55.33:046][873]LogNiagara: Warning: Failed to acquire niagara system NiagaraSystem /Game/VFX/NiagaraSystems/Portal/NS_PortalWave.NS_PortalWave from the pool with MaxPoolSize=32 and PoolPrimeSize=0
[2026.09.01-02.55.33:046][873]LogNiagara: Warning: Creating niagara system NS_PortalWave without pooling isn't recommended and will result in a hitch
[2026.09.01-02.55.33:246][897]LogPhysics: Warning: FConstraintInstance::GetRefFrame : Contained scale.
[2026.09.01-02.55.33:305][901]LogScript: Warning: Script Msg: Divide by zero: Divide_DoubleDouble
[2026.09.01-02.55.33:314][902]LogAbilitySystem: Warning: GameplayCueNotify GameplayCue.Ability.ControlledFalling at index -1 not found in runtime cue set.
[2026.09.01-02.55.33:325][903]LogActorComponent: RegisterComponentWithWorld: (/MAP_Zenith/Zenith_Main.Zenith_Main:PersistentLevel.SkinBP_SBK_Carbine_Base_C_2147457623.StaticMeshComponent_2147457621) Already registered. Aborting.
[2026.09.01-02.55.33:335][904]LogActorComponent: RegisterComponentWithWorld: (/MAP_Zenith/Zenith_Main.Zenith_Main:PersistentLevel.SkinBP_SBK_SemiPistol_Base_C_2147457611.StaticMeshComponent_2147457609) Already registered. Aborting.
[2026.09.01-02.55.33:373][909]LogNiagara: StaticMesh data interface has no valid mesh - NiagaraDataInterfaceStaticMesh /MAP_Zenith/Zenith_Main.Zenith_Main:PersistentLevel.BP_WeaponPickup_C_2147457605.Niagara.NiagaraDataInterfaceStaticMesh_1
[2026.09.01-02.55.33:789][957]LogActorComponent: Error: May not destroy component NiagaraComponent /MAP_Zenith/Zenith_Main.Zenith_Main:PersistentLevel.PortalWarsWorldSettings.NiagaraComponent_2147459070 owned by PortalWarsWorldSettings /MAP_Zenith/Zenith_Main.Zenith_Main:PersistentLevel.PortalWarsWorldSettings.
[2026.09.01-02.55.35:852][179]LogNiagara: Warning: Failed to acquire niagara system NiagaraSystem /Game/VFX/NiagaraSystems/DefaultTracer/1P/NS_Default_MeridianBeams_Tracer_01_NDC_1P.NS_Default_MeridianBeams_Tracer_01_NDC_1P from the pool with MaxPoolSize=32 and PoolPrimeSize=0
[2026.09.01-02.55.35:852][179]LogNiagara: Warning: Creating niagara system NS_Default_MeridianBeams_Tracer_01_NDC_1P without pooling isn't recommended and will result in a hitch
[2026.09.01-02.55.36:506][239]LogNiagara: StaticMesh data interface has no valid mesh - NiagaraDataInterfaceStaticMesh /MAP_Zenith/Zenith_Main.Zenith_Main:PersistentLevel.BP_WeaponPickup_C_2147457560.Niagara.NiagaraDataInterfaceStaticMesh_1
[2026.09.01-02.55.37:388][319]LogPhysics: Warning: FConstraintInstance::GetRefFrame : Contained scale.
[2026.09.01-02.55.37:418][321]LogAbilitySystem: Warning: GameplayCueNotify_Actor GCNL_Death_C_2147458980 had active timelines when it was recycled.
[2026.09.01-02.55.37:440][323]LogScript: Warning: Script Msg: Divide by zero: Divide_DoubleDouble
[2026.09.01-02.55.37:464][325]LogActorComponent: RegisterComponentWithWorld: (/MAP_Zenith/Zenith_Main.Zenith_Main:PersistentLevel.SkinBP_SBK_BurstRifle_Base_C_2147457479.StaticMeshComponent_2147457477) Already registered. Aborting.
[2026.09.01-02.55.37:476][326]LogActorComponent: RegisterComponentWithWorld: (/MAP_Zenith/Zenith_Main.Zenith_Main:PersistentLevel.SkinBP_SBK_BurstPistol_Base_C_2147457469.StaticMeshComponent_2147457467) Already registered. Aborting.
[2026.09.01-02.55.37:747][353]LogNiagara: StaticMesh data interface has no valid mesh - NiagaraDataInterfaceStaticMesh /MAP_Zenith/Zenith_Main.Zenith_Main:PersistentLevel.BP_WeaponPickup_C_2147457458.Niagara.NiagaraDataInterfaceStaticMesh_1
[2026.09.01-02.55.40:529][642]LogPhysics: Warning: FConstraintInstance::GetRefFrame : Contained scale.
[2026.09.01-02.55.40:543][643]LogAbilitySystem: Warning: GameplayCueNotify_Actor GCNL_Death_C_2147460480 had active timelines when it was recycled.
[2026.09.01-02.55.40:597][647]LogScript: Warning: Script Msg: Divide by zero: Divide_DoubleDouble
[2026.09.01-02.55.40:608][648]LogAbilitySystem: Warning: GameplayCueNotify GameplayCue.Ability.ControlledFalling at index -1 not found in runtime cue set.
[2026.09.01-02.55.40:623][649]LogActorComponent: RegisterComponentWithWorld: (/MAP_Zenith/Zenith_Main.Zenith_Main:PersistentLevel.SkinBP_AER_Shotgun_Base_C_2147457381.StaticMeshComponent_2147457379) Already registered. Aborting.
[2026.09.01-02.55.40:636][650]LogActorComponent: RegisterComponentWithWorld: (/MAP_Zenith/Zenith_Main.Zenith_Main:PersistentLevel.SkinBP_AER_SemiPistol_Base_C_2147457370.StaticMeshComponent_2147457368) Already registered. Aborting.
[2026.09.01-02.55.41:754][764]LogPhysics: Warning: FConstraintInstance::GetRefFrame : Contained scale.
[2026.09.01-02.55.41:774][765]LogTheaterFramework1047: Warning: BP_PlayerController_C_2147469397 OnRep_ViewTargetRepState received for BP_Character_Base_C_2147457352, but we are locally viewing BP_Character_Base_C_2147458338 it has been 2.01165676e-07 since the last viewtarget was changed locally.
[2026.09.01-02.55.41:775][765]LogCore1047: Warning: UCore1047SettingDefinition::ApplyValue Classic Portal Controls is not Enabled via bEnabled so setting value will not be applied.
[2026.09.01-02.55.41:775][765]LogCore1047: Warning: UCore1047SettingDefinition::ApplyValue Classic Portal Controls is not Enabled via bEnabled so setting value will not be applied.
[2026.09.01-02.55.41:775][765]Core1047InputUserSettings: PostInitializePlayerInput >> Re-applying Player Profile Keybinds!
[2026.09.01-02.55.41:775][765]LogCore1047: Warning: UCore1047SettingDefinition::ApplyValue Classic Portal Controls is not Enabled via bEnabled so setting value will not be applied.
[2026.09.01-02.55.41:775][765]LogCore1047: Warning: UCore1047SettingDefinition::ApplyValue Classic Portal Controls is not Enabled via bEnabled so setting value will not be applied.
[2026.09.01-02.55.41:775][765]Core1047InputUserSettings: PostInitializePlayerInput >> Re-applying Player Profile Keybinds!
[2026.09.01-02.55.41:780][765]LogAnimation: Warning: SLOTNODE: 'FiringLeftSlot' in animation instance class ABP_FirstPersonBase_V5_C already exists. Remove duplicates from the animation graph for this class.
[2026.09.01-02.55.41:791][765]LogScript: Warning: Script Msg: Divide by zero: Divide_DoubleDouble
[2026.09.01-02.55.41:792][765]LogAbilitySystem: Warning: No gameplay cues found to load from object SkinBP_SBK_MartianCowgirlX_VarC_FP_C_2147457287.
[2026.09.01-02.55.41:797][766]LogAbilitySystem: Warning: GameplayCueNotify_Actor GCNL_Death_C_2147458980 had active timelines when it was recycled.
[2026.09.01-02.55.41:811][766]LogSlate: InvalidateAllWidgets triggered.  All widgets were invalidated
[2026.09.01-02.55.41:815][766]LogScript: Warning: Script Msg: Divide by zero: Divide_DoubleDouble
[2026.09.01-02.55.41:819][766]LogAbilitySystem: Warning: No gameplay cues found to load from object SkinBP_SBK_MartianCowgirlX_VarC_FP_C_2147457055.
[2026.09.01-02.55.41:848][768]LogNiagara: StaticMesh data interface has no valid mesh - NiagaraDataInterfaceStaticMesh /MAP_Zenith/Zenith_Main.Zenith_Main:PersistentLevel.BP_WeaponPickup_C_2147457035.Niagara.NiagaraDataInterfaceStaticMesh_1
[2026.09.01-02.55.41:884][770]LogScript: Warning: Script Msg: Divide by zero: Divide_DoubleDouble
[2026.09.01-02.55.41:897][771]LogAbilitySystem: Warning: GameplayCueNotify GameplayCue.Ability.ControlledFalling at index -1 not found in runtime cue set.
[2026.09.01-02.55.41:957][777]LogActorComponent: RegisterComponentWithWorld: (/MAP_Zenith/Zenith_Main.Zenith_Main:PersistentLevel.SkinBP_SBK_SemiPistol_CreatorClash_C_2147456986.StaticMeshComponent_2147456984) Already registered. Aborting.
[2026.09.01-02.55.41:967][778]LogActorComponent: RegisterComponentWithWorld: (/MAP_Zenith/Zenith_Main.Zenith_Main:PersistentLevel.SkinBP_SBK_AssaultRifle_Base_C_2147456979.StaticMeshComponent_2147456977) Already registered. Aborting.
[2026.09.01-02.55.41:975][779]LogGF1047ItemAttachment: Warning: Attachment Handler: failed to attach '{"ItemDefinition":"AttachID_SBK_SemiPistol_ExtBarrel","Inventory":"BPC_Inventory","SlotId":"SlotId.WeaponAttachment.02.Attachment1","Epoch":5}' - TargetComponent Not Found
[2026.09.01-02.55.41:982][780]LogGF1047ItemAttachment: Warning: Attachment Handler: failed to attach '{"ItemDefinition":"AttachID_SBK_AssaultRifle_ExtBarrel","Inventory":"BPC_Inventory","SlotId":"SlotId.WeaponAttachment.01.Attachment1","Epoch":4}' - TargetComponent Not Found
[2026.09.01-02.55.41:990][781]LogGF1047ItemAttachment: Warning: Attachment Handler: failed to attach '{"ItemDefinition":"AttachID_SBK_AssaultRifle_RecoilGrip","Inventory":"BPC_Inventory","SlotId":"SlotId.WeaponAttachment.01.Attachment2","Epoch":4}' - TargetComponent Not Found
[2026.09.01-02.55.42:915][885]LogNiagara: StaticMesh data interface has no valid mesh - NiagaraDataInterfaceStaticMesh /MAP_Zenith/Zenith_Main.Zenith_Main:PersistentLevel.BP_WeaponPickup_C_2147456960.Niagara.NiagaraDataInterfaceStaticMesh_1
[2026.09.01-02.55.45:801][226]LogPhysics: Warning: FConstraintInstance::GetRefFrame : Contained scale.
[2026.09.01-02.55.45:825][228]LogAbilitySystem: Warning: GameplayCueNotify_Actor GCNL_Death_C_2147458980 had active timelines when it was recycled.
[2026.09.01-02.55.45:857][231]LogScript: Warning: Script Msg: Divide by zero: Divide_DoubleDouble
[2026.09.01-02.55.45:877][233]LogActorComponent: RegisterComponentWithWorld: (/MAP_Zenith/Zenith_Main.Zenith_Main:PersistentLevel.SkinBP_AER_BurstRifle_Base_C_2147456904.StaticMeshComponent_2147456902) Already registered. Aborting.
[2026.09.01-02.55.45:887][234]LogActorComponent: RegisterComponentWithWorld: (/MAP_Zenith/Zenith_Main.Zenith_Main:PersistentLevel.SkinBP_AER_SemiPistol_Base_C_2147456891.StaticMeshComponent_2147456889) Already registered. Aborting.
[2026.09.01-02.55.46:663][327]LogAnimDistanceMatchingLibrary: Warning: Failed to advance distance of (1088.24) after (2.10) seconds on anim sequence (AS_TP_AR_Jog_Pivot_F_B). Aborting.
[2026.09.01-02.55.46:787][341]LogNiagara: StaticMesh data interface has no valid mesh - NiagaraDataInterfaceStaticMesh /MAP_Zenith/Zenith_Main.Zenith_Main:PersistentLevel.BP_WeaponPickup_C_2147456877.Niagara.NiagaraDataInterfaceStaticMesh_1
[2026.09.01-02.55.46:938][357]LogPhysics: Warning: FConstraintInstance::GetRefFrame : Contained scale.
[2026.09.01-02.55.46:994][361]LogScript: Warning: Script Msg: Divide by zero: Divide_DoubleDouble
[2026.09.01-02.55.47:019][363]LogActorComponent: RegisterComponentWithWorld: (/MAP_Zenith/Zenith_Main.Zenith_Main:PersistentLevel.SkinBP_AER_SMG_Base_C_2147456825.StaticMeshComponent_2147456823) Already registered. Aborting.
[2026.09.01-02.55.47:031][364]LogActorComponent: RegisterComponentWithWorld: (/MAP_Zenith/Zenith_Main.Zenith_Main:PersistentLevel.SkinBP_AER_BurstPistol_Base_C_2147456815.StaticMeshComponent_2147456813) Already registered. Aborting.
[2026.09.01-02.55.47:757][436]LogNiagara: StaticMesh data interface has no valid mesh - NiagaraDataInterfaceStaticMesh /MAP_Zenith/Zenith_Main.Zenith_Main:PersistentLevel.BP_WeaponPickup_C_2147456793.Niagara.NiagaraDataInterfaceStaticMesh_1
[2026.09.01-02.55.49:171][575]LogNiagara: StaticMesh data interface has no valid mesh - NiagaraDataInterfaceStaticMesh /MAP_Zenith/Zenith_Main.Zenith_Main:PersistentLevel.BP_WeaponPickup_C_2147456755.Niagara.NiagaraDataInterfaceStaticMesh_1
[2026.09.01-02.55.49:574][614]LogNiagara: StaticMesh data interface has no valid mesh - NiagaraDataInterfaceStaticMesh /MAP_Zenith/Zenith_Main.Zenith_Main:PersistentLevel.BP_WeaponPickup_C_2147456736.Niagara.NiagaraDataInterfaceStaticMesh_1
[2026.09.01-02.55.50:296][683]LogStaticMesh: [SM_PortalBase_Oval_Front_V3] Mesh is marked for CPU read.
[2026.09.01-02.55.50:791][729]LogPhysics: Warning: FConstraintInstance::GetRefFrame : Contained scale.
[2026.09.01-02.55.50:837][732]LogAbilitySystem: Warning: GameplayCueNotify_Actor GCNL_Death_C_2147458980 had active timelines when it was recycled.
[2026.09.01-02.55.50:855][733]LogScript: Warning: Script Msg: Divide by zero: Divide_DoubleDouble
[2026.09.01-02.55.50:881][735]LogActorComponent: RegisterComponentWithWorld: (/MAP_Zenith/Zenith_Main.Zenith_Main:PersistentLevel.SkinBP_AER_BurstRifle_Base_C_2147456643.StaticMeshComponent_2147456641) Already registered. Aborting.
[2026.09.01-02.55.50:894][736]LogActorComponent: RegisterComponentWithWorld: (/MAP_Zenith/Zenith_Main.Zenith_Main:PersistentLevel.SkinBP_AER_SemiPistol_Base_C_2147456630.StaticMeshComponent_2147456628) Already registered. Aborting.
[2026.09.01-02.55.51:761][832]LogPhysics: Warning: FConstraintInstance::GetRefFrame : Contained scale.
[2026.09.01-02.55.51:803][835]LogAbilitySystem: Warning: GameplayCueNotify_Actor GCNL_Death_C_2147460480 had active timelines when it was recycled.
[2026.09.01-02.55.51:818][836]LogScript: Warning: Script Msg: Divide by zero: Divide_DoubleDouble
[2026.09.01-02.55.51:832][837]LogAbilitySystem: Warning: GameplayCueNotify GameplayCue.Ability.ControlledFalling at index -1 not found in runtime cue set.
[2026.09.01-02.55.51:846][838]LogActorComponent: RegisterComponentWithWorld: (/MAP_Zenith/Zenith_Main.Zenith_Main:PersistentLevel.SkinBP_SBK_Carbine_Base_C_2147456564.StaticMeshComponent_2147456562) Already registered. Aborting.
[2026.09.01-02.55.51:859][839]LogActorComponent: RegisterComponentWithWorld: (/MAP_Zenith/Zenith_Main.Zenith_Main:PersistentLevel.SkinBP_SBK_SemiPistol_Base_C_2147456552.StaticMeshComponent_2147456550) Already registered. Aborting.
[2026.09.01-02.55.52:677][929]LogNiagara: Warning: Failed to acquire niagara system NiagaraSystem /Game/VFX/NiagaraSystems/Portal/NS_PortalGun_Muzzle.NS_PortalGun_Muzzle from the pool with MaxPoolSize=32 and PoolPrimeSize=0
[2026.09.01-02.55.52:677][929]LogNiagara: Warning: Creating niagara system NS_PortalGun_Muzzle without pooling isn't recommended and will result in a hitch
[2026.09.01-02.55.53:197][991]LogPhysics: Warning: FConstraintInstance::GetRefFrame : Contained scale.
[2026.09.01-02.55.53:219][993]LogAbilitySystem: Warning: GameplayCueNotify_Actor GCNL_Death_C_2147460108 had active timelines when it was recycled.
[2026.09.01-02.55.53:247][995]LogScript: Warning: Script Msg: Divide by zero: Divide_DoubleDouble
[2026.09.01-02.55.53:265][997]LogActorComponent: RegisterComponentWithWorld: (/MAP_Zenith/Zenith_Main.Zenith_Main:PersistentLevel.SkinBP_AER_AssaultRifle_Base_C_2147456479.StaticMeshComponent_2147456477) Already registered. Aborting.
[2026.09.01-02.55.53:276][998]LogActorComponent: RegisterComponentWithWorld: (/MAP_Zenith/Zenith_Main.Zenith_Main:PersistentLevel.SkinBP_AER_HeavyPistol_Base_C_2147456469.StaticMeshComponent_2147456467) Already registered. Aborting.
[2026.09.01-02.55.53:347][  4]LogStaticMesh: [SM_PortalBase_Oval_Front_V3] Mesh is marked for CPU read.
[2026.09.01-02.55.53:592][ 29]LogPhysics: Warning: FConstraintInstance::GetRefFrame : Contained scale.
[2026.09.01-02.55.53:641][ 32]LogAbilitySystem: Warning: GameplayCueNotify_Actor GCNL_Death_C_2147460428 had active timelines when it was recycled.
[2026.09.01-02.55.53:662][ 33]LogScript: Warning: Script Msg: Divide by zero: Divide_DoubleDouble
[2026.09.01-02.55.53:675][ 34]LogAbilitySystem: Warning: GameplayCueNotify GameplayCue.Ability.ControlledFalling at index -1 not found in runtime cue set.
[2026.09.01-02.55.53:690][ 35]LogActorComponent: RegisterComponentWithWorld: (/MAP_Zenith/Zenith_Main.Zenith_Main:PersistentLevel.SkinBP_AER_Shotgun_Base_C_2147456416.StaticMeshComponent_2147456414) Already registered. Aborting.
[2026.09.01-02.55.53:705][ 36]LogActorComponent: RegisterComponentWithWorld: (/MAP_Zenith/Zenith_Main.Zenith_Main:PersistentLevel.SkinBP_AER_SemiPistol_Base_C_2147456406.StaticMeshComponent_2147456404) Already registered. Aborting.
[2026.09.01-02.55.53:965][ 60]LogAbilitySystem: Display: GameplayCueNotify /Game/GameplayAbilities/GameplayCues/Locomotion/GCN_Locomotion_Plastic.GCN_Locomotion_Plastic_C was not loaded when GameplayCue was invoked. Starting async loading.
[2026.09.01-02.55.57:355][425]LogAbilitySystem: Display: GameplayCueNotify /POW_WallHack/GameplayAbilities/GameplayCues/GCNL_PowerUp_WallHack_Hacked.GCNL_PowerUp_WallHack_Hacked_C was not loaded when GameplayCue was invoked. Starting async loading.
[2026.09.01-02.55.57:355][425]LogAbilitySystem: Display: GameplayCueNotify /POW_WallHack/GameplayAbilities/GameplayCues/GCNL_PowerUp_WallHack_Hacked.GCNL_PowerUp_WallHack_Hacked_C was not loaded when GameplayCue was invoked. Starting async loading.
[2026.09.01-02.55.57:355][425]LogAbilitySystem: Display: GameplayCueNotify /POW_WallHack/GameplayAbilities/GameplayCues/GCNL_PowerUp_WallHack_Hacked.GCNL_PowerUp_WallHack_Hacked_C was not loaded when GameplayCue was invoked. Starting async loading.
[2026.09.01-02.55.57:355][425]LogAbilitySystem: Display: GameplayCueNotify /POW_WallHack/GameplayAbilities/GameplayCues/GCNL_PowerUp_WallHack_Hacked.GCNL_PowerUp_WallHack_Hacked_C was not loaded when GameplayCue was invoked. Starting async loading.
[2026.09.01-02.55.57:355][425]LogAbilitySystem: Display: GameplayCueNotify /POW_WallHack/GameplayAbilities/GameplayCues/GCNL_PowerUp_WallHack_Hacked.GCNL_PowerUp_WallHack_Hacked_C was not loaded when GameplayCue was invoked. Starting async loading.
[2026.09.01-02.55.57:355][426]LogAbilitySystem: Display: GameplayCueNotify /POW_WallHack/GameplayAbilities/GameplayCues/GCNL_PowerUp_WallHack_Hacked.GCNL_PowerUp_WallHack_Hacked_C was not loaded when GameplayCue was invoked. Starting async loading.
[2026.09.01-02.55.57:355][426]LogAbilitySystem: Display: GameplayCueNotify /POW_WallHack/GameplayAbilities/GameplayCues/GCNL_PowerUp_WallHack_Hacked.GCNL_PowerUp_WallHack_Hacked_C was not loaded when GameplayCue was invoked. Starting async loading.
[2026.09.01-02.55.57:355][426]LogAbilitySystem: Display: GameplayCueNotify /POW_WallHack/GameplayAbilities/GameplayCues/GCNL_PowerUp_WallHack_Hacked.GCNL_PowerUp_WallHack_Hacked_C was not loaded when GameplayCue was invoked. Starting async loading.
[2026.09.01-02.55.57:356][426]LogAbilitySystem: Display: GameplayCueNotify /POW_WallHack/GameplayAbilities/GameplayCues/GCNL_PowerUp_WallHack_Active.GCNL_PowerUp_WallHack_Active_C was not loaded when GameplayCue was invoked. Starting async loading.
[2026.09.01-02.55.57:356][426]LogAbilitySystem: Display: GameplayCueNotify /POW_WallHack/GameplayAbilities/GameplayCues/GCNL_PowerUp_WallHack_Active.GCNL_PowerUp_WallHack_Active_C was not loaded when GameplayCue was invoked. Starting async loading.
[2026.09.01-02.55.57:356][426]LogAbilitySystem: Display: GameplayCueNotify /Game/GameplayAbilities/GameplayCues/GCN_Pickup.GCN_Pickup_C was not loaded when GameplayCue was invoked. Starting async loading.
[2026.09.01-02.55.57:374][427]LogNiagara: StaticMesh data interface has no valid mesh - NiagaraDataInterfaceStaticMesh /MAP_Zenith/Zenith_Main.Zenith_Main:PersistentLevel.BP_WeaponPickup_C_2147456378.Niagara.NiagaraDataInterfaceStaticMesh_1
[2026.09.01-02.55.57:408][429]LogNiagara: Warning: Failed to acquire niagara system NiagaraSystem /POW_WallHack/VFX/NS_POW_WallHack_HackedPing.NS_POW_WallHack_HackedPing from the pool with MaxPoolSize=32 and PoolPrimeSize=0
[2026.09.01-02.55.57:408][429]LogNiagara: Warning: Creating niagara system NS_POW_WallHack_HackedPing without pooling isn't recommended and will result in a hitch
[2026.09.01-02.55.57:410][429]LogNiagara: Warning: Failed to acquire niagara system NiagaraSystem /POW_WallHack/VFX/NS_POW_WallHack_HackedPing.NS_POW_WallHack_HackedPing from the pool with MaxPoolSize=32 and PoolPrimeSize=0
[2026.09.01-02.55.57:410][429]LogNiagara: Warning: Creating niagara system NS_POW_WallHack_HackedPing without pooling isn't recommended and will result in a hitch
[2026.09.01-02.55.57:412][429]LogNiagara: Warning: Failed to acquire niagara system NiagaraSystem /POW_WallHack/VFX/NS_POW_WallHack_HackedPing.NS_POW_WallHack_HackedPing from the pool with MaxPoolSize=32 and PoolPrimeSize=0
[2026.09.01-02.55.57:412][429]LogNiagara: Warning: Creating niagara system NS_POW_WallHack_HackedPing without pooling isn't recommended and will result in a hitch
[2026.09.01-02.55.57:416][429]LogNiagara: Warning: Failed to acquire niagara system NiagaraSystem /POW_WallHack/VFX/NS_POW_WallHack_HackedPing.NS_POW_WallHack_HackedPing from the pool with MaxPoolSize=32 and PoolPrimeSize=0
[2026.09.01-02.55.57:416][429]LogNiagara: Warning: Creating niagara system NS_POW_WallHack_HackedPing without pooling isn't recommended and will result in a hitch
[2026.09.01-02.55.57:435][430]LogNiagara: Warning: Failed to acquire niagara system NiagaraSystem /POW_WallHack/VFX/NS_POW_WallHack_1P_Looping.NS_POW_WallHack_1P_Looping from the pool with MaxPoolSize=32 and PoolPrimeSize=0
[2026.09.01-02.55.57:435][430]LogNiagara: Warning: Creating niagara system NS_POW_WallHack_1P_Looping without pooling isn't recommended and will result in a hitch
[2026.09.01-02.55.59:467][640]LogNiagara: Warning: Niagara Effect has completed naturally but has an effect type with the "Asleep" cull reaction. If an effect like this is culled before it can complete then it could leak into the scalability manager and be reactivated incorrectly. Please verify this is using the correct EffectType.
Component:NiagaraComponent /MAP_Zenith/Zenith_Main.Zenith_Main:PersistentLevel.BP_PowerUp_WallHack_AffectedPlayer_1P_CameraLens_C_2147456355.NiagaraComponent0
System:NiagaraSystem /POW_WallHack/VFX/NS_POW_WallHack_InitialBurst_CameraLens_1P.NS_POW_WallHack_InitialBurst_CameraLens_1P
[2026.09.01-02.55.59:506][644]LogNiagara: StaticMesh data interface has no valid mesh - NiagaraDataInterfaceStaticMesh /MAP_Zenith/Zenith_Main.Zenith_Main:PersistentLevel.BP_WeaponPickup_C_2147456292.Niagara.NiagaraDataInterfaceStaticMesh_1
[2026.09.01-02.55.59:540][647]LogNiagara: StaticMesh data interface has no valid mesh - NiagaraDataInterfaceStaticMesh /MAP_Zenith/Zenith_Main.Zenith_Main:PersistentLevel.BP_WeaponPickup_C_2147456282.Niagara.NiagaraDataInterfaceStaticMesh_1
[2026.09.01-02.56.01:394][818]LogPhysics: Warning: FConstraintInstance::GetRefFrame : Contained scale.
[2026.09.01-02.56.01:450][822]LogScript: Warning: Script Msg: Divide by zero: Divide_DoubleDouble
[2026.09.01-02.56.01:476][824]LogActorComponent: RegisterComponentWithWorld: (/MAP_Zenith/Zenith_Main.Zenith_Main:PersistentLevel.SkinBP_AER_SMG_Base_C_2147456171.StaticMeshComponent_2147456169) Already registered. Aborting.
[2026.09.01-02.56.01:489][825]LogActorComponent: RegisterComponentWithWorld: (/MAP_Zenith/Zenith_Main.Zenith_Main:PersistentLevel.SkinBP_AER_BurstPistol_Base_C_2147456161.StaticMeshComponent_2147456159) Already registered. Aborting.
[2026.09.01-02.56.01:798][854]LogNiagara: StaticMesh data interface has no valid mesh - NiagaraDataInterfaceStaticMesh /MAP_Zenith/Zenith_Main.Zenith_Main:PersistentLevel.BP_WeaponPickup_C_2147456147.Niagara.NiagaraDataInterfaceStaticMesh_1
[2026.09.01-02.56.03:533][ 18]LogPhysics: Warning: FConstraintInstance::GetRefFrame : Contained scale.
[2026.09.01-02.56.03:560][ 20]LogAbilitySystem: Warning: GameplayCueNotify_Actor GCNL_Death_C_2147460428 had active timelines when it was recycled.
[2026.09.01-02.56.03:562][ 20]LogAbilitySystem: Warning: GameplayCueNotify_Actor GCNL_Death_C_2147460108 had active timelines when it was recycled.
[2026.09.01-02.56.03:575][ 21]LogPhysics: Warning: FConstraintInstance::GetRefFrame : Contained scale.
[2026.09.01-02.56.03:595][ 22]LogScript: Warning: Script Msg: Divide by zero: Divide_DoubleDouble
[2026.09.01-02.56.03:623][ 24]LogActorComponent: RegisterComponentWithWorld: (/MAP_Zenith/Zenith_Main.Zenith_Main:PersistentLevel.SkinBP_AER_BurstRifle_Base_C_2147456033.StaticMeshComponent_2147456031) Already registered. Aborting.
[2026.09.01-02.56.03:635][ 25]LogActorComponent: RegisterComponentWithWorld: (/MAP_Zenith/Zenith_Main.Zenith_Main:PersistentLevel.SkinBP_AER_SemiPistol_Base_C_2147456019.StaticMeshComponent_2147456017) Already registered. Aborting.
[2026.09.01-02.56.03:673][ 29]LogScript: Warning: Script Msg: Divide by zero: Divide_DoubleDouble
[2026.09.01-02.56.03:685][ 30]LogAbilitySystem: Warning: GameplayCueNotify GameplayCue.Ability.ControlledFalling at index -1 not found in runtime cue set.
[2026.09.01-02.56.03:697][ 31]LogActorComponent: RegisterComponentWithWorld: (/MAP_Zenith/Zenith_Main.Zenith_Main:PersistentLevel.SkinBP_SBK_Carbine_Base_C_2147456003.StaticMeshComponent_2147456001) Already registered. Aborting.
[2026.09.01-02.56.03:709][ 32]LogActorComponent: RegisterComponentWithWorld: (/MAP_Zenith/Zenith_Main.Zenith_Main:PersistentLevel.SkinBP_SBK_SemiPistol_Base_C_2147455990.StaticMeshComponent_2147455988) Already registered. Aborting.
[2026.09.01-02.56.05:805][238]LogPhysics: Warning: FConstraintInstance::GetRefFrame : Contained scale.
[2026.09.01-02.56.05:828][240]LogAbilitySystem: Warning: GameplayCueNotify_Actor GCNL_Death_C_2147460480 had active timelines when it was recycled.
[2026.09.01-02.56.05:852][242]LogScript: Warning: Script Msg: Divide by zero: Divide_DoubleDouble
[2026.09.01-02.56.05:876][244]LogActorComponent: RegisterComponentWithWorld: (/MAP_Zenith/Zenith_Main.Zenith_Main:PersistentLevel.SkinBP_AER_BurstRifle_Base_C_2147455887.StaticMeshComponent_2147455885) Already registered. Aborting.
[2026.09.01-02.56.05:888][245]LogActorComponent: RegisterComponentWithWorld: (/MAP_Zenith/Zenith_Main.Zenith_Main:PersistentLevel.SkinBP_AER_SemiPistol_Base_C_2147455874.StaticMeshComponent_2147455872) Already registered. Aborting.
[2026.09.01-02.56.06:028][257]LogNiagara: StaticMesh data interface has no valid mesh - NiagaraDataInterfaceStaticMesh /MAP_Zenith/Zenith_Main.Zenith_Main:PersistentLevel.BP_WeaponPickup_C_2147455850.Niagara.NiagaraDataInterfaceStaticMesh_1
[2026.09.01-02.56.06:996][355]LogStaticMesh: [SM_PortalBase_Oval_Front_V3] Mesh is marked for CPU read.
[2026.09.01-02.56.07:022][358]LogNiagara: StaticMesh data interface has no valid mesh - NiagaraDataInterfaceStaticMesh /MAP_Zenith/Zenith_Main.Zenith_Main:PersistentLevel.BP_WeaponPickup_C_2147455838.Niagara.NiagaraDataInterfaceStaticMesh_1
[2026.09.01-02.56.10:021][686]LogPhysics: Warning: FConstraintInstance::GetRefFrame : Contained scale.
[2026.09.01-02.56.10:031][687]LogTheaterFramework1047: Warning: BP_PlayerController_C_2147469397 OnRep_ViewTargetRepState received for BP_Character_Base_C_2147455807, but we are locally viewing BP_Character_Base_C_2147457352 it has been 1.00582838e-07 since the last viewtarget was changed locally.
[2026.09.01-02.56.10:032][687]LogCore1047: Warning: UCore1047SettingDefinition::ApplyValue Classic Portal Controls is not Enabled via bEnabled so setting value will not be applied.
[2026.09.01-02.56.10:032][687]LogCore1047: Warning: UCore1047SettingDefinition::ApplyValue Classic Portal Controls is not Enabled via bEnabled so setting value will not be applied.
[2026.09.01-02.56.10:032][687]Core1047InputUserSettings: PostInitializePlayerInput >> Re-applying Player Profile Keybinds!
[2026.09.01-02.56.10:033][687]LogCore1047: Warning: UCore1047SettingDefinition::ApplyValue Classic Portal Controls is not Enabled via bEnabled so setting value will not be applied.
[2026.09.01-02.56.10:033][687]LogCore1047: Warning: UCore1047SettingDefinition::ApplyValue Classic Portal Controls is not Enabled via bEnabled so setting value will not be applied.
[2026.09.01-02.56.10:033][687]Core1047InputUserSettings: PostInitializePlayerInput >> Re-applying Player Profile Keybinds!
[2026.09.01-02.56.10:036][687]LogAnimation: Warning: SLOTNODE: 'FiringLeftSlot' in animation instance class ABP_FirstPersonBase_V5_C already exists. Remove duplicates from the animation graph for this class.
[2026.09.01-02.56.10:043][687]LogScript: Warning: Script Msg: Divide by zero: Divide_DoubleDouble
[2026.09.01-02.56.10:044][687]LogAbilitySystem: Warning: No gameplay cues found to load from object SkinBP_SBK_MartianCowgirlX_VarC_FP_C_2147455720.
[2026.09.01-02.56.10:049][688]LogAbilitySystem: Warning: GameplayCueNotify_Actor GCNL_Death_C_2147460480 had active timelines when it was recycled.
[2026.09.01-02.56.10:066][688]LogSlate: InvalidateAllWidgets triggered.  All widgets were invalidated
[2026.09.01-02.56.10:069][688]LogScript: Warning: Script Msg: Divide by zero: Divide_DoubleDouble
[2026.09.01-02.56.10:071][688]LogAbilitySystem: Warning: No gameplay cues found to load from object SkinBP_SBK_MartianCowgirlX_VarC_FP_C_2147455474.
[2026.09.01-02.56.10:129][692]LogScript: Warning: Script Msg: Divide by zero: Divide_DoubleDouble
[2026.09.01-02.56.10:139][693]LogAbilitySystem: Warning: GameplayCueNotify GameplayCue.Ability.ControlledFalling at index -1 not found in runtime cue set.
[2026.09.01-02.56.10:193][699]LogActorComponent: RegisterComponentWithWorld: (/MAP_Zenith/Zenith_Main.Zenith_Main:PersistentLevel.SkinBP_SBK_SemiPistol_CreatorClash_C_2147455416.StaticMeshComponent_2147455414) Already registered. Aborting.
[2026.09.01-02.56.10:204][700]LogActorComponent: RegisterComponentWithWorld: (/MAP_Zenith/Zenith_Main.Zenith_Main:PersistentLevel.SkinBP_SBK_AssaultRifle_Base_C_2147455409.StaticMeshComponent_2147455407) Already registered. Aborting.
[2026.09.01-02.56.10:210][701]LogGF1047ItemAttachment: Warning: Attachment Handler: failed to attach '{"ItemDefinition":"AttachID_SBK_SemiPistol_ExtBarrel","Inventory":"BPC_Inventory","SlotId":"SlotId.WeaponAttachment.02.Attachment1","Epoch":6}' - TargetComponent Not Found
[2026.09.01-02.56.10:217][702]LogGF1047ItemAttachment: Warning: Attachment Handler: failed to attach '{"ItemDefinition":"AttachID_SBK_AssaultRifle_ExtBarrel","Inventory":"BPC_Inventory","SlotId":"SlotId.WeaponAttachment.01.Attachment1","Epoch":5}' - TargetComponent Not Found
[2026.09.01-02.56.10:231][703]LogGF1047ItemAttachment: Warning: Attachment Handler: failed to attach '{"ItemDefinition":"AttachID_SBK_AssaultRifle_RecoilGrip","Inventory":"BPC_Inventory","SlotId":"SlotId.WeaponAttachment.01.Attachment2","Epoch":5}' - TargetComponent Not Found
[2026.09.01-02.56.11:024][797]LogPhysics: Warning: FConstraintInstance::GetRefFrame : Contained scale.
[2026.09.01-02.56.11:046][799]LogAbilitySystem: Warning: GameplayCueNotify_Actor GCNL_Death_C_2147460108 had active timelines when it was recycled.
[2026.09.01-02.56.11:072][801]LogScript: Warning: Script Msg: Divide by zero: Divide_DoubleDouble
[2026.09.01-02.56.11:080][802]LogAbilitySystem: Warning: GameplayCueNotify GameplayCue.Ability.ControlledFalling at index -1 not found in runtime cue set.
[2026.09.01-02.56.11:090][803]LogActorComponent: RegisterComponentWithWorld: (/MAP_Zenith/Zenith_Main.Zenith_Main:PersistentLevel.SkinBP_AER_Shotgun_Base_C_2147455354.StaticMeshComponent_2147455352) Already registered. Aborting.
[2026.09.01-02.56.11:101][804]LogActorComponent: RegisterComponentWithWorld: (/MAP_Zenith/Zenith_Main.Zenith_Main:PersistentLevel.SkinBP_AER_SemiPistol_Base_C_2147455344.StaticMeshComponent_2147455342) Already registered. Aborting.
[2026.09.01-02.56.11:831][887]LogNiagara: StaticMesh data interface has no valid mesh - NiagaraDataInterfaceStaticMesh /MAP_Zenith/Zenith_Main.Zenith_Main:PersistentLevel.BP_WeaponPickup_C_2147455332.Niagara.NiagaraDataInterfaceStaticMesh_1
[2026.09.01-02.56.14:543][187]LogNiagara: StaticMesh data interface has no valid mesh - NiagaraDataInterfaceStaticMesh /MAP_Zenith/Zenith_Main.Zenith_Main:PersistentLevel.BP_WeaponPickup_C_2147455287.Niagara.NiagaraDataInterfaceStaticMesh_1
[2026.09.01-02.56.15:730][317]LogNiagara: StaticMesh data interface has no valid mesh - NiagaraDataInterfaceStaticMesh /MAP_Zenith/Zenith_Main.Zenith_Main:PersistentLevel.BP_WeaponPickup_C_2147455269.Niagara.NiagaraDataInterfaceStaticMesh_1
[2026.09.01-02.56.15:841][328]LogPhysics: Warning: FConstraintInstance::GetRefFrame : Contained scale.
[2026.09.01-02.56.15:896][332]LogScript: Warning: Script Msg: Divide by zero: Divide_DoubleDouble
[2026.09.01-02.56.15:920][334]LogActorComponent: RegisterComponentWithWorld: (/MAP_Zenith/Zenith_Main.Zenith_Main:PersistentLevel.SkinBP_AER_SMG_Base_C_2147455216.StaticMeshComponent_2147455214) Already registered. Aborting.
[2026.09.01-02.56.15:936][335]LogActorComponent: RegisterComponentWithWorld: (/MAP_Zenith/Zenith_Main.Zenith_Main:PersistentLevel.SkinBP_AER_BurstPistol_Base_C_2147455206.StaticMeshComponent_2147455204) Already registered. Aborting.
[2026.09.01-02.56.16:898][434]LogNiagara: StaticMesh data interface has no valid mesh - NiagaraDataInterfaceStaticMesh /MAP_Zenith/Zenith_Main.Zenith_Main:PersistentLevel.BP_WeaponPickup_C_2147455176.Niagara.NiagaraDataInterfaceStaticMesh_1
[2026.09.01-02.56.16:972][441]LogNiagara: StaticMesh data interface has no valid mesh - NiagaraDataInterfaceStaticMesh /MAP_Zenith/Zenith_Main.Zenith_Main:PersistentLevel.BP_WeaponPickup_C_2147455167.Niagara.NiagaraDataInterfaceStaticMesh_1
[2026.09.01-02.56.17:146][457]LogNiagara: Warning: Failed to acquire niagara system NiagaraSystem /Game/VFX/NiagaraSystems/Impact/NS_Weapon_Rock_Impact.NS_Weapon_Rock_Impact from the pool with MaxPoolSize=32 and PoolPrimeSize=0
[2026.09.01-02.56.17:146][457]LogNiagara: Warning: Creating niagara system NS_Weapon_Rock_Impact without pooling isn't recommended and will result in a hitch
[2026.09.01-02.56.17:817][524]LogNiagara: Warning: Failed to acquire niagara system NiagaraSystem /Game/VFX/NiagaraSystems/Impact/NS_Weapon_Plastic_Impact.NS_Weapon_Plastic_Impact from the pool with MaxPoolSize=32 and PoolPrimeSize=0
[2026.09.01-02.56.17:817][524]LogNiagara: Warning: Creating niagara system NS_Weapon_Plastic_Impact without pooling isn't recommended and will result in a hitch
[2026.09.01-02.56.18:564][601]LogPhysics: Warning: FConstraintInstance::GetRefFrame : Contained scale.
[2026.09.01-02.56.18:614][605]LogScript: Warning: Script Msg: Divide by zero: Divide_DoubleDouble
[2026.09.01-02.56.18:639][607]LogActorComponent: RegisterComponentWithWorld: (/MAP_Zenith/Zenith_Main.Zenith_Main:PersistentLevel.SkinBP_AER_BurstRifle_Base_C_2147455054.StaticMeshComponent_2147455052) Already registered. Aborting.
[2026.09.01-02.56.18:652][608]LogActorComponent: RegisterComponentWithWorld: (/MAP_Zenith/Zenith_Main.Zenith_Main:PersistentLevel.SkinBP_AER_SemiPistol_Base_C_2147455041.StaticMeshComponent_2147455039) Already registered. Aborting.
[2026.09.01-02.56.19:739][731]LogPhysics: Warning: FConstraintInstance::GetRefFrame : Contained scale.
[2026.09.01-02.56.19:762][733]LogAbilitySystem: Warning: GameplayCueNotify_Actor GCNL_Death_C_2147460108 had active timelines when it was recycled.
[2026.09.01-02.56.19:784][735]LogScript: Warning: Script Msg: Divide by zero: Divide_DoubleDouble
[2026.09.01-02.56.19:808][737]LogActorComponent: RegisterComponentWithWorld: (/MAP_Zenith/Zenith_Main.Zenith_Main:PersistentLevel.SkinBP_AER_BurstRifle_Base_C_2147454992.StaticMeshComponent_2147454990) Already registered. Aborting.
[2026.09.01-02.56.19:820][738]LogActorComponent: RegisterComponentWithWorld: (/MAP_Zenith/Zenith_Main.Zenith_Main:PersistentLevel.SkinBP_AER_SemiPistol_Base_C_2147454979.StaticMeshComponent_2147454977) Already registered. Aborting.
[2026.09.01-02.56.20:667][838]LogPortalWarsCore: Warning: Could not find ammo texture for tag 'None'
[2026.09.01-02.56.20:667][838]LogStreamableManager: Display: RequestAsyncLoad() called with empty or only null assets!
[2026.09.01-02.56.20:782][852]Log1047GameFramework: Error: FillInvalidSlot cannot fill parent LoadoutContext.BaseItem as the slot does not exist in the loadout definition
[2026.09.01-02.56.20:784][852]Log1047GameFramework: Warning: FillInvalidSlot failed to find a parent item in LoadoutContext.BaseItem to get a default item from
[2026.09.01-02.56.20:785][852]Log1047GameFramework: Warning: FillInvalidSlot failed to find a parent item in LoadoutSlot.Cosmetics.Weapon.Skin to get a default item from
[2026.09.01-02.56.20:786][852]Log1047GameFramework: Warning: FillInvalidSlot failed to find a parent item in LoadoutSlot.Cosmetics.Weapon.Skin to get a default item from
[2026.09.01-02.56.20:787][852]Log1047GameFramework: Warning: FillInvalidSlot failed to find a parent item in LoadoutSlot.Cosmetics.Weapon.Skin to get a default item from
[2026.09.01-02.56.20:788][852]Log1047GameFramework: Warning: FillInvalidSlot failed to find a parent item in LoadoutSlot.Cosmetics.Weapon.Skin to get a default item from
[2026.09.01-02.56.20:849][859]Log1047GameFramework: Error: FillInvalidSlot cannot fill parent LoadoutContext.BaseItem as the slot does not exist in the loadout definition
[2026.09.01-02.56.20:850][859]Log1047GameFramework: Warning: FillInvalidSlot failed to find a parent item in LoadoutContext.BaseItem to get a default item from
[2026.09.01-02.56.20:851][859]Log1047GameFramework: Warning: FillInvalidSlot failed to find a parent item in LoadoutSlot.Cosmetics.Weapon.Skin to get a default item from
[2026.09.01-02.56.20:852][859]Log1047GameFramework: Warning: FillInvalidSlot failed to find a parent item in LoadoutSlot.Cosmetics.Weapon.Skin to get a default item from
[2026.09.01-02.56.20:853][859]Log1047GameFramework: Warning: FillInvalidSlot failed to find a parent item in LoadoutSlot.Cosmetics.Weapon.Skin to get a default item from
[2026.09.01-02.56.20:854][859]Log1047GameFramework: Warning: FillInvalidSlot failed to find a parent item in LoadoutSlot.Cosmetics.Weapon.Skin to get a default item from
[2026.09.01-02.56.20:856][859]LogGF1047Inventory: Warning: Cosmetic selection: server rejected loadout for {"ItemDefinition":"ID_PlasmaRifle_Meridian","Inventory":"BPC_Inventory","SlotId":"SlotId.Weapon.02","Epoch":7}
[2026.09.01-02.56.20:857][860]LogPortalWarsCore: Warning: Could not find ammo texture for tag 'None'
[2026.09.01-02.56.20:856][860]LogStreamableManager: Display: RequestAsyncLoad() called with empty or only null assets!
[2026.09.01-02.56.20:860][860]LogNiagara: StaticMesh data interface has no valid mesh - NiagaraDataInterfaceStaticMesh /MAP_Zenith/Zenith_Main.Zenith_Main:PersistentLevel.BP_WeaponPickup_C_2147454932.Niagara.NiagaraDataInterfaceStaticMesh_1
[2026.09.01-02.56.20:911][865]LogPhysics: Warning: FConstraintInstance::GetRefFrame : Contained scale.
[2026.09.01-02.56.20:913][865]LogGF1047Inventory: Warning: Cosmetic selection: server rejected loadout for {"ItemDefinition":"ID_PlasmaRifle_Meridian","Inventory":"BPC_Inventory","SlotId":"SlotId.Weapon.02","Epoch":7}
[2026.09.01-02.56.20:956][869]LogScript: Warning: Script Msg: Divide by zero: Divide_DoubleDouble
[2026.09.01-02.56.20:976][871]LogActorComponent: RegisterComponentWithWorld: (/MAP_Zenith/Zenith_Main.Zenith_Main:PersistentLevel.SkinBP_SBK_BurstRifle_Base_C_2147454870.StaticMeshComponent_2147454868) Already registered. Aborting.
[2026.09.01-02.56.20:989][872]LogPhysics: Warning: FConstraintInstance::GetRefFrame : Contained scale.
[2026.09.01-02.56.21:000][872]LogActorComponent: RegisterComponentWithWorld: (/MAP_Zenith/Zenith_Main.Zenith_Main:PersistentLevel.SkinBP_SBK_BurstPistol_Base_C_2147454848.StaticMeshComponent_2147454846) Already registered. Aborting.
[2026.09.01-02.56.21:018][874]LogAbilitySystem: Warning: GameplayCueNotify_Actor GCNL_Death_C_2147460480 had active timelines when it was recycled.
[2026.09.01-02.56.21:043][876]LogScript: Warning: Script Msg: Divide by zero: Divide_DoubleDouble
[2026.09.01-02.56.21:052][877]LogAbilitySystem: Warning: GameplayCueNotify GameplayCue.Ability.ControlledFalling at index -1 not found in runtime cue set.
[2026.09.01-02.56.21:062][878]LogActorComponent: RegisterComponentWithWorld: (/MAP_Zenith/Zenith_Main.Zenith_Main:PersistentLevel.SkinBP_SBK_Carbine_Base_C_2147454810.StaticMeshComponent_2147454808) Already registered. Aborting.
[2026.09.01-02.56.21:073][879]LogActorComponent: RegisterComponentWithWorld: (/MAP_Zenith/Zenith_Main.Zenith_Main:PersistentLevel.SkinBP_SBK_SemiPistol_Base_C_2147454798.StaticMeshComponent_2147454796) Already registered. Aborting.
[2026.09.01-02.56.21:305][907]LogNiagara: StaticMesh data interface has no valid mesh - NiagaraDataInterfaceStaticMesh /MAP_Zenith/Zenith_Main.Zenith_Main:PersistentLevel.BP_WeaponPickup_C_2147454789.Niagara.NiagaraDataInterfaceStaticMesh_1
[2026.09.01-02.56.22:329][ 19]LogActorComponent: Error: May not destroy component NiagaraComponent /MAP_Zenith/Zenith_Main.Zenith_Main:PersistentLevel.PortalWarsWorldSettings.NiagaraComponent_2147459065 owned by PortalWarsWorldSettings /MAP_Zenith/Zenith_Main.Zenith_Main:PersistentLevel.PortalWarsWorldSettings.
[2026.09.01-02.56.25:309][336]LogPhysics: Warning: FConstraintInstance::GetRefFrame : Contained scale.
[2026.09.01-02.56.25:359][340]LogScript: Warning: Script Msg: Divide by zero: Divide_DoubleDouble
[2026.09.01-02.56.25:370][341]LogAbilitySystem: Warning: GameplayCueNotify GameplayCue.Ability.ControlledFalling at index -1 not found in runtime cue set.
[2026.09.01-02.56.25:380][342]LogActorComponent: RegisterComponentWithWorld: (/MAP_Zenith/Zenith_Main.Zenith_Main:PersistentLevel.SkinBP_AER_Shotgun_Base_C_2147454717.StaticMeshComponent_2147454715) Already registered. Aborting.
[2026.09.01-02.56.25:391][343]LogActorComponent: RegisterComponentWithWorld: (/MAP_Zenith/Zenith_Main.Zenith_Main:PersistentLevel.SkinBP_AER_SemiPistol_Base_C_2147454707.StaticMeshComponent_2147454705) Already registered. Aborting.
[2026.09.01-02.56.25:516][356]LogStreaming: Display: FlushAsyncLoading(3929): 1 QueuedPackages, 0 AsyncPackages
[2026.09.01-02.56.25:573][361]LogNiagara: Warning: Failed to acquire niagara system NiagaraSystem /WEP_MER_SMG/VFX/NS_MER_SMG_Base_Impact.NS_MER_SMG_Base_Impact from the pool with MaxPoolSize=32 and PoolPrimeSize=0
[2026.09.01-02.56.25:573][361]LogNiagara: Warning: Creating niagara system NS_MER_SMG_Base_Impact without pooling isn't recommended and will result in a hitch
[2026.09.01-02.56.25:673][371]LogNiagara: Warning: Failed to acquire niagara system NiagaraSystem /WEP_MER_SMG/VFX/NS_MER_SMG_Base_Impact.NS_MER_SMG_Base_Impact from the pool with MaxPoolSize=32 and PoolPrimeSize=0
[2026.09.01-02.56.25:673][371]LogNiagara: Warning: Creating niagara system NS_MER_SMG_Base_Impact without pooling isn't recommended and will result in a hitch
[2026.09.01-02.56.25:756][379]LogNiagara: StaticMesh data interface has no valid mesh - NiagaraDataInterfaceStaticMesh /MAP_Zenith/Zenith_Main.Zenith_Main:PersistentLevel.BP_WeaponPickup_C_2147454682.Niagara.NiagaraDataInterfaceStaticMesh_1
[2026.09.01-02.56.25:757][379]LogNiagara: Warning: Failed to acquire niagara system NiagaraSystem /WEP_MER_SMG/VFX/NS_MER_SMG_Base_Impact.NS_MER_SMG_Base_Impact from the pool with MaxPoolSize=32 and PoolPrimeSize=0
[2026.09.01-02.56.25:757][379]LogNiagara: Warning: Creating niagara system NS_MER_SMG_Base_Impact without pooling isn't recommended and will result in a hitch
[2026.09.01-02.56.25:853][388]LogAkAudio: Error: Failed to post AkAudioEvent 'play_sx_wpn_3p_merpow_prifle_projectile' with an AkComponent that's not valid.
[2026.09.01-02.56.25:902][393]LogNiagara: Warning: Failed to acquire niagara system NiagaraSystem /WEP_MER_SMG/VFX/NS_MER_SMG_Base_Impact.NS_MER_SMG_Base_Impact from the pool with MaxPoolSize=32 and PoolPrimeSize=0
[2026.09.01-02.56.25:902][393]LogNiagara: Warning: Creating niagara system NS_MER_SMG_Base_Impact without pooling isn't recommended and will result in a hitch
[2026.09.01-02.56.25:946][397]LogAkAudio: Error: Failed to post AkAudioEvent 'play_sx_wpn_3p_merpow_prifle_projectile' with an AkComponent that's not valid.
[2026.09.01-02.56.26:005][403]LogNiagara: Warning: Failed to acquire niagara system NiagaraSystem /WEP_MER_SMG/VFX/NS_MER_SMG_Base_Impact.NS_MER_SMG_Base_Impact from the pool with MaxPoolSize=32 and PoolPrimeSize=0
[2026.09.01-02.56.26:005][403]LogNiagara: Warning: Creating niagara system NS_MER_SMG_Base_Impact without pooling isn't recommended and will result in a hitch
[2026.09.01-02.56.26:111][413]LogNiagara: Warning: Failed to acquire niagara system NiagaraSystem /WEP_MER_SMG/VFX/NS_MER_SMG_Base_Impact.NS_MER_SMG_Base_Impact from the pool with MaxPoolSize=32 and PoolPrimeSize=0
[2026.09.01-02.56.26:111][413]LogNiagara: Warning: Creating niagara system NS_MER_SMG_Base_Impact without pooling isn't recommended and will result in a hitch
[2026.09.01-02.56.28:483][668]LogNiagara: StaticMesh data interface has no valid mesh - NiagaraDataInterfaceStaticMesh /MAP_Zenith/Zenith_Main.Zenith_Main:PersistentLevel.BP_WeaponPickup_C_2147454555.Niagara.NiagaraDataInterfaceStaticMesh_1
[2026.09.01-02.56.28:484][668]LogNiagara: Warning: Failed to acquire niagara system NiagaraSystem /WEP_MER_SMG/VFX/NS_MER_SMG_Base_Impact.NS_MER_SMG_Base_Impact from the pool with MaxPoolSize=32 and PoolPrimeSize=0
[2026.09.01-02.56.28:484][668]LogNiagara: Warning: Creating niagara system NS_MER_SMG_Base_Impact without pooling isn't recommended and will result in a hitch
[2026.09.01-02.56.29:766][805]LogPhysics: Warning: FConstraintInstance::GetRefFrame : Contained scale.
[2026.09.01-02.56.29:793][807]LogAbilitySystem: Warning: GameplayCueNotify_Actor GCNL_Death_C_2147460480 had active timelines when it was recycled.
[2026.09.01-02.56.29:818][809]LogScript: Warning: Script Msg: Divide by zero: Divide_DoubleDouble
[2026.09.01-02.56.29:840][811]LogActorComponent: RegisterComponentWithWorld: (/MAP_Zenith/Zenith_Main.Zenith_Main:PersistentLevel.SkinBP_AER_SMG_Base_C_2147454464.StaticMeshComponent_2147454462) Already registered. Aborting.
[2026.09.01-02.56.29:854][812]LogActorComponent: RegisterComponentWithWorld: (/MAP_Zenith/Zenith_Main.Zenith_Main:PersistentLevel.SkinBP_AER_BurstPistol_Base_C_2147454454.StaticMeshComponent_2147454452) Already registered. Aborting.
[2026.09.01-02.56.31:567][  9]LogNiagara: StaticMesh data interface has no valid mesh - NiagaraDataInterfaceStaticMesh /MAP_Zenith/Zenith_Main.Zenith_Main:PersistentLevel.BP_WeaponPickup_C_2147454389.Niagara.NiagaraDataInterfaceStaticMesh_1
[2026.09.01-02.56.31:568][  9]LogNiagara: Warning: Failed to acquire niagara system NiagaraSystem /WEP_MER_SMG/VFX/NS_MER_SMG_Base_Impact.NS_MER_SMG_Base_Impact from the pool with MaxPoolSize=32 and PoolPrimeSize=0
[2026.09.01-02.56.31:568][  9]LogNiagara: Warning: Creating niagara system NS_MER_SMG_Base_Impact without pooling isn't recommended and will result in a hitch
[2026.09.01-02.56.31:662][ 19]LogNiagara: Warning: Failed to acquire niagara system NiagaraSystem /WEP_MER_SMG/VFX/NS_MER_SMG_Base_Impact.NS_MER_SMG_Base_Impact from the pool with MaxPoolSize=32 and PoolPrimeSize=0
[2026.09.01-02.56.31:662][ 19]LogNiagara: Warning: Creating niagara system NS_MER_SMG_Base_Impact without pooling isn't recommended and will result in a hitch
[2026.09.01-02.56.31:760][ 30]LogNiagara: Warning: Failed to acquire niagara system NiagaraSystem /WEP_MER_SMG/VFX/NS_MER_SMG_Base_Impact.NS_MER_SMG_Base_Impact from the pool with MaxPoolSize=32 and PoolPrimeSize=0
[2026.09.01-02.56.31:760][ 30]LogNiagara: Warning: Creating niagara system NS_MER_SMG_Base_Impact without pooling isn't recommended and will result in a hitch
[2026.09.01-02.56.31:880][ 44]LogNiagara: Warning: Failed to acquire niagara system NiagaraSystem /WEP_MER_SMG/VFX/NS_MER_SMG_Base_Impact.NS_MER_SMG_Base_Impact from the pool with MaxPoolSize=32 and PoolPrimeSize=0
[2026.09.01-02.56.31:880][ 44]LogNiagara: Warning: Creating niagara system NS_MER_SMG_Base_Impact without pooling isn't recommended and will result in a hitch
[2026.09.01-02.56.32:521][117]LogPhysics: Warning: FConstraintInstance::GetRefFrame : Contained scale.
[2026.09.01-02.56.32:555][120]LogAbilitySystem: Warning: GameplayCueNotify_Actor GCNL_Death_C_2147460108 had active timelines when it was recycled.
[2026.09.01-02.56.32:569][121]LogScript: Warning: Script Msg: Divide by zero: Divide_DoubleDouble
[2026.09.01-02.56.32:590][123]LogActorComponent: RegisterComponentWithWorld: (/MAP_Zenith/Zenith_Main.Zenith_Main:PersistentLevel.SkinBP_AER_BurstRifle_Base_C_2147454297.StaticMeshComponent_2147454295) Already registered. Aborting.
[2026.09.01-02.56.32:607][124]LogActorComponent: RegisterComponentWithWorld: (/MAP_Zenith/Zenith_Main.Zenith_Main:PersistentLevel.SkinBP_AER_SemiPistol_Base_C_2147454284.StaticMeshComponent_2147454282) Already registered. Aborting.
[2026.09.01-02.56.33:478][223]LogNiagara: StaticMesh data interface has no valid mesh - NiagaraDataInterfaceStaticMesh /MAP_Zenith/Zenith_Main.Zenith_Main:PersistentLevel.BP_WeaponPickup_C_2147454264.Niagara.NiagaraDataInterfaceStaticMesh_1
[2026.09.01-02.56.35:295][391]LogNiagara: StaticMesh data interface has no valid mesh - NiagaraDataInterfaceStaticMesh /MAP_Zenith/Zenith_Main.Zenith_Main:PersistentLevel.BP_WeaponPickup_C_2147454242.Niagara.NiagaraDataInterfaceStaticMesh_1
[2026.09.01-02.56.35:571][418]LogPhysics: Warning: FConstraintInstance::GetRefFrame : Contained scale.
[2026.09.01-02.56.35:600][420]LogAbilitySystem: Warning: GameplayCueNotify_Actor GCNL_Death_C_2147460480 had active timelines when it was recycled.
[2026.09.01-02.56.35:636][422]LogScript: Warning: Script Msg: Divide by zero: Divide_DoubleDouble
[2026.09.01-02.56.35:650][423]LogAbilitySystem: Warning: GameplayCueNotify GameplayCue.Ability.ControlledFalling at index -1 not found in runtime cue set.
[2026.09.01-02.56.35:664][424]LogActorComponent: RegisterComponentWithWorld: (/MAP_Zenith/Zenith_Main.Zenith_Main:PersistentLevel.SkinBP_SBK_Carbine_Base_C_2147454188.StaticMeshComponent_2147454186) Already registered. Aborting.
[2026.09.01-02.56.35:676][425]LogActorComponent: RegisterComponentWithWorld: (/MAP_Zenith/Zenith_Main.Zenith_Main:PersistentLevel.SkinBP_SBK_SemiPistol_Base_C_2147454176.StaticMeshComponent_2147454174) Already registered. Aborting.
[2026.09.01-02.56.36:856][531]LogNiagara: StaticMesh data interface has no valid mesh - NiagaraDataInterfaceStaticMesh /MAP_Zenith/Zenith_Main.Zenith_Main:PersistentLevel.BP_WeaponPickup_C_2147454160.Niagara.NiagaraDataInterfaceStaticMesh_1
[2026.09.01-02.56.36:857][531]LogGF1047Announcer: Warning: UGF1047AnnouncerSubsystem: play_pa_playerwinhalfway has an invalid max duration and cannot expire.
[2026.09.01-02.56.37:083][551]LogAbilitySystem: Warning: UGF1047AbilityTask_PlayMontageAndWaitForEvent called in Ability GA_FiringModeSelected_PlasmaRifle_C_2147454963 failed to play montage None; Task Instance Name None.
[2026.09.01-02.56.37:156][557]LogGF1047Announcer: Warning: UGF1047AnnouncerSubsystem: play_voc_hs_score_playerhalfwayscore has an invalid max duration and cannot expire.
[2026.09.01-02.56.37:159][557]LogGF1047Announcer: Warning: UGF1047AnnouncerSubsystem: play_pa_playerwinhalfway has an invalid max duration and cannot expire.
[2026.09.01-02.56.37:481][590]LogPhysics: Warning: FConstraintInstance::GetRefFrame : Contained scale.
[2026.09.01-02.56.37:506][592]LogAbilitySystem: Warning: GameplayCueNotify_Actor GCNL_Death_C_2147460108 had active timelines when it was recycled.
[2026.09.01-02.56.37:532][594]LogScript: Warning: Script Msg: Divide by zero: Divide_DoubleDouble
[2026.09.01-02.56.37:551][596]LogActorComponent: RegisterComponentWithWorld: (/MAP_Zenith/Zenith_Main.Zenith_Main:PersistentLevel.SkinBP_AER_BurstRifle_Base_C_2147454088.StaticMeshComponent_2147454086) Already registered. Aborting.
[2026.09.01-02.56.37:564][597]LogActorComponent: RegisterComponentWithWorld: (/MAP_Zenith/Zenith_Main.Zenith_Main:PersistentLevel.SkinBP_AER_SemiPistol_Base_C_2147454075.StaticMeshComponent_2147454073) Already registered. Aborting.
[2026.09.01-02.56.38:252][669]LogEnhancedInput: Warning: Called AddMappingContext with a null Mapping Context! No changes have been applied.
[2026.09.01-02.56.38:842][728]LogGF1047Announcer: Warning: UGF1047AnnouncerSubsystem: play_voc_hs_score_playerhalfwayscore has an invalid max duration and cannot expire.
[2026.09.01-02.56.39:322][777]LogPhysics: Warning: FConstraintInstance::GetRefFrame : Contained scale.
[2026.09.01-02.56.39:347][779]LogAbilitySystem: Warning: GameplayCueNotify_Actor GCNL_Death_C_2147460428 had active timelines when it was recycled.
[2026.09.01-02.56.39:378][781]LogScript: Warning: Script Msg: Divide by zero: Divide_DoubleDouble
[2026.09.01-02.56.39:398][783]LogActorComponent: RegisterComponentWithWorld: (/MAP_Zenith/Zenith_Main.Zenith_Main:PersistentLevel.SkinBP_AER_AssaultRifle_Base_C_2147454009.StaticMeshComponent_2147454007) Already registered. Aborting.
[2026.09.01-02.56.39:409][784]LogActorComponent: RegisterComponentWithWorld: (/MAP_Zenith/Zenith_Main.Zenith_Main:PersistentLevel.SkinBP_AER_HeavyPistol_Base_C_2147453999.StaticMeshComponent_2147453997) Already registered. Aborting.
[2026.09.01-02.56.39:769][820]LogNiagara: StaticMesh data interface has no valid mesh - NiagaraDataInterfaceStaticMesh /MAP_Zenith/Zenith_Main.Zenith_Main:PersistentLevel.BP_WeaponPickup_C_2147453989.Niagara.NiagaraDataInterfaceStaticMesh_1
[2026.09.01-02.56.40:358][880]LogAbilitySystem: Warning: UGF1047AbilityTask_PlayMontageAndWaitForEvent called in Ability GA_FiringModeSelected_PlasmaRifle_C_2147454963 failed to play montage None; Task Instance Name None.
[2026.09.01-02.56.40:358][880]LogAbilitySystem: Warning: UGF1047AbilityTask_PlayMontageAndWaitForEvent StopPlayingMontage called with differing replicated and active montages
[2026.09.01-02.56.40:861][929]LogPhysics: Warning: FConstraintInstance::GetRefFrame : Contained scale.
[2026.09.01-02.56.40:886][931]LogAbilitySystem: Warning: GameplayCueNotify_Actor GCNL_Death_C_2147460480 had active timelines when it was recycled.
[2026.09.01-02.56.40:910][933]LogScript: Warning: Script Msg: Divide by zero: Divide_DoubleDouble
[2026.09.01-02.56.40:921][934]LogAbilitySystem: Warning: GameplayCueNotify GameplayCue.Ability.ControlledFalling at index -1 not found in runtime cue set.
[2026.09.01-02.56.40:933][935]LogActorComponent: RegisterComponentWithWorld: (/MAP_Zenith/Zenith_Main.Zenith_Main:PersistentLevel.SkinBP_AER_Shotgun_Base_C_2147453906.StaticMeshComponent_2147453904) Already registered. Aborting.
[2026.09.01-02.56.40:944][936]LogActorComponent: RegisterComponentWithWorld: (/MAP_Zenith/Zenith_Main.Zenith_Main:PersistentLevel.SkinBP_AER_SemiPistol_Base_C_2147453896.StaticMeshComponent_2147453894) Already registered. Aborting.
[2026.09.01-02.56.40:986][941]LogAbilitySystem: Display: GameplayCueNotify /WEP_MER_PlasmaRifle/GameplayAbilities/GameplayCues/GCN_Impact_AltFire_Impact.GCN_Impact_AltFire_Impact_C was not loaded when GameplayCue was invoked. Starting async loading.
[2026.09.01-02.56.41:010][943]LogNiagara: Warning: Failed to acquire niagara system NiagaraSystem /WEP_MER_PlasmaRifle/Skins/VFX/NS_Meridian_PlasmaRifle_AltFire_Impact_01.NS_Meridian_PlasmaRifle_AltFire_Impact_01 from the pool with MaxPoolSize=32 and PoolPrimeSize=0
[2026.09.01-02.56.41:010][943]LogNiagara: Warning: Creating niagara system NS_Meridian_PlasmaRifle_AltFire_Impact_01 without pooling isn't recommended and will result in a hitch
[2026.09.01-02.56.42:573][101]LogStreaming: Display: FlushAsyncLoading(3940): 1 QueuedPackages, 0 AsyncPackages
[2026.09.01-02.56.43:011][144]LogNiagara: StaticMesh data interface has no valid mesh - NiagaraDataInterfaceStaticMesh /MAP_Zenith/Zenith_Main.Zenith_Main:PersistentLevel.BP_WeaponPickup_C_2147453859.Niagara.NiagaraDataInterfaceStaticMesh_1
[2026.09.01-02.56.43:778][225]LogPhysics: Warning: FConstraintInstance::GetRefFrame : Contained scale.
[2026.09.01-02.56.43:803][227]LogAbilitySystem: Warning: GameplayCueNotify_Actor GCNL_Death_C_2147460428 had active timelines when it was recycled.
[2026.09.01-02.56.43:826][229]LogScript: Warning: Script Msg: Divide by zero: Divide_DoubleDouble
[2026.09.01-02.56.43:848][231]LogActorComponent: RegisterComponentWithWorld: (/MAP_Zenith/Zenith_Main.Zenith_Main:PersistentLevel.SkinBP_SBK_BurstRifle_Base_C_2147453769.StaticMeshComponent_2147453767) Already registered. Aborting.
[2026.09.01-02.56.43:859][232]LogActorComponent: RegisterComponentWithWorld: (/MAP_Zenith/Zenith_Main.Zenith_Main:PersistentLevel.SkinBP_SBK_BurstPistol_Base_C_2147453759.StaticMeshComponent_2147453757) Already registered. Aborting.
[2026.09.01-02.56.47:037][377]LogPhysics: Warning: FConstraintInstance::GetRefFrame : Contained scale.
[2026.09.01-02.56.47:063][378]LogAbilitySystem: Warning: GameplayCueNotify_Actor GCNL_Death_C_2147460480 had active timelines when it was recycled.
[2026.09.01-02.56.47:112][380]LogNiagara: StaticMesh data interface has no valid mesh - NiagaraDataInterfaceStaticMesh /MAP_Zenith/Zenith_Main.Zenith_Main:PersistentLevel.BP_WeaponPickup_C_2147453664.Niagara.NiagaraDataInterfaceStaticMesh_1
[2026.09.01-02.56.47:163][382]LogScript: Warning: Script Msg: Divide by zero: Divide_DoubleDouble
[2026.09.01-02.56.47:217][384]LogActorComponent: RegisterComponentWithWorld: (/MAP_Zenith/Zenith_Main.Zenith_Main:PersistentLevel.SkinBP_AER_SMG_Base_C_2147453647.StaticMeshComponent_2147453645) Already registered. Aborting.
[2026.09.01-02.56.47:245][385]LogActorComponent: RegisterComponentWithWorld: (/MAP_Zenith/Zenith_Main.Zenith_Main:PersistentLevel.SkinBP_AER_BurstPistol_Base_C_2147453637.StaticMeshComponent_2147453635) Already registered. Aborting.
[2026.09.01-02.56.50:990][532]LogNiagara: Warning: Failed to acquire niagara system NiagaraSystem /Game/VFX/NiagaraSystems/Impact/NS_Weapon_Glass_Impact.NS_Weapon_Glass_Impact from the pool with MaxPoolSize=32 and PoolPrimeSize=0
[2026.09.01-02.56.50:990][532]LogNiagara: Warning: Creating niagara system NS_Weapon_Glass_Impact without pooling isn't recommended and will result in a hitch
[2026.09.01-02.56.51:041][534]LogPhysics: Warning: FConstraintInstance::GetRefFrame : Contained scale.
[2026.09.01-02.56.51:091][536]LogAbilitySystem: Warning: GameplayCueNotify_Actor GCNL_Death_C_2147460428 had active timelines when it was recycled.
[2026.09.01-02.56.51:145][538]LogScript: Warning: Script Msg: Divide by zero: Divide_DoubleDouble
[2026.09.01-02.56.51:170][539]LogAbilitySystem: Warning: GameplayCueNotify GameplayCue.Ability.ControlledFalling at index -1 not found in runtime cue set.
[2026.09.01-02.56.51:198][540]LogActorComponent: RegisterComponentWithWorld: (/MAP_Zenith/Zenith_Main.Zenith_Main:PersistentLevel.SkinBP_SBK_Carbine_Base_C_2147453528.StaticMeshComponent_2147453526) Already registered. Aborting.
[2026.09.01-02.56.51:222][541]LogActorComponent: RegisterComponentWithWorld: (/MAP_Zenith/Zenith_Main.Zenith_Main:PersistentLevel.SkinBP_SBK_SemiPistol_Base_C_2147453516.StaticMeshComponent_2147453514) Already registered. Aborting.
[2026.09.01-02.56.51:298][544]LogNiagara: StaticMesh data interface has no valid mesh - NiagaraDataInterfaceStaticMesh /MAP_Zenith/Zenith_Main.Zenith_Main:PersistentLevel.BP_WeaponPickup_C_2147453508.Niagara.NiagaraDataInterfaceStaticMesh_1
[2026.09.01-02.56.51:351][546]LogNiagara: StaticMesh data interface has no valid mesh - NiagaraDataInterfaceStaticMesh /MAP_Zenith/Zenith_Main.Zenith_Main:PersistentLevel.BP_WeaponPickup_C_2147453499.Niagara.NiagaraDataInterfaceStaticMesh_1
[2026.09.01-02.56.52:772][597]LogNiagara: StaticMesh data interface has no valid mesh - NiagaraDataInterfaceStaticMesh /MAP_Zenith/Zenith_Main.Zenith_Main:PersistentLevel.BP_WeaponPickup_C_2147453463.Niagara.NiagaraDataInterfaceStaticMesh_1
[2026.09.01-02.56.55:292][711]LogPhysics: Warning: FConstraintInstance::GetRefFrame : Contained scale.
[2026.09.01-02.56.55:314][712]LogAbilitySystem: Warning: GameplayCueNotify_Actor GCNL_Death_C_2147460428 had active timelines when it was recycled.
[2026.09.01-02.56.55:371][715]LogPhysics: Warning: FConstraintInstance::GetRefFrame : Contained scale.
[2026.09.01-02.56.55:376][715]LogScript: Warning: Script Msg: Divide by zero: Divide_DoubleDouble
[2026.09.01-02.56.55:410][717]LogAbilitySystem: Warning: GameplayCueNotify_Actor GCNL_Death_C_2147460480 had active timelines when it was recycled.
[2026.09.01-02.56.55:417][717]LogActorComponent: RegisterComponentWithWorld: (/MAP_Zenith/Zenith_Main.Zenith_Main:PersistentLevel.SkinBP_SBK_BurstRifle_Base_C_2147453351.StaticMeshComponent_2147453349) Already registered. Aborting.
[2026.09.01-02.56.55:433][718]LogActorComponent: RegisterComponentWithWorld: (/MAP_Zenith/Zenith_Main.Zenith_Main:PersistentLevel.SkinBP_SBK_BurstPistol_Base_C_2147453341.StaticMeshComponent_2147453339) Already registered. Aborting.
[2026.09.01-02.56.55:511][722]LogScript: Warning: Script Msg: Divide by zero: Divide_DoubleDouble
[2026.09.01-02.56.55:532][723]LogAbilitySystem: Warning: GameplayCueNotify GameplayCue.Ability.ControlledFalling at index -1 not found in runtime cue set.
[2026.09.01-02.56.55:551][724]LogActorComponent: RegisterComponentWithWorld: (/MAP_Zenith/Zenith_Main.Zenith_Main:PersistentLevel.SkinBP_AER_Shotgun_Base_C_2147453327.StaticMeshComponent_2147453325) Already registered. Aborting.
[2026.09.01-02.56.55:572][725]LogActorComponent: RegisterComponentWithWorld: (/MAP_Zenith/Zenith_Main.Zenith_Main:PersistentLevel.SkinBP_AER_SemiPistol_Base_C_2147453317.StaticMeshComponent_2147453315) Already registered. Aborting.
[2026.09.01-02.56.56:775][785]LogPhysics: Warning: FConstraintInstance::GetRefFrame : Contained scale.
[2026.09.01-02.56.56:813][787]LogAbilitySystem: Warning: GameplayCueNotify_Actor GCNL_Death_C_2147460108 had active timelines when it was recycled.
[2026.09.01-02.56.56:857][789]LogScript: Warning: Script Msg: Divide by zero: Divide_DoubleDouble
[2026.09.01-02.56.56:895][791]LogActorComponent: RegisterComponentWithWorld: (/MAP_Zenith/Zenith_Main.Zenith_Main:PersistentLevel.SkinBP_AER_BurstRifle_Base_C_2147453264.StaticMeshComponent_2147453262) Already registered. Aborting.
[2026.09.01-02.56.56:915][792]LogActorComponent: RegisterComponentWithWorld: (/MAP_Zenith/Zenith_Main.Zenith_Main:PersistentLevel.SkinBP_AER_SemiPistol_Base_C_2147453251.StaticMeshComponent_2147453249) Already registered. Aborting.
[2026.09.01-02.56.58:795][884]LogNiagara: StaticMesh data interface has no valid mesh - NiagaraDataInterfaceStaticMesh /MAP_Zenith/Zenith_Main.Zenith_Main:PersistentLevel.BP_WeaponPickup_C_2147453240.Niagara.NiagaraDataInterfaceStaticMesh_1
[2026.09.01-02.56.59:477][916]LogNiagara: StaticMesh data interface has no valid mesh - NiagaraDataInterfaceStaticMesh /MAP_Zenith/Zenith_Main.Zenith_Main:PersistentLevel.BP_WeaponPickup_C_2147453224.Niagara.NiagaraDataInterfaceStaticMesh_1
[2026.09.01-02.57.02:633][ 66]LogNiagara: Warning: Failed to acquire niagara system NiagaraSystem /Game/VFX/NiagaraSystems/Portal/NS_PortalGun_Muzzle.NS_PortalGun_Muzzle from the pool with MaxPoolSize=32 and PoolPrimeSize=0
[2026.09.01-02.57.02:633][ 66]LogNiagara: Warning: Creating niagara system NS_PortalGun_Muzzle without pooling isn't recommended and will result in a hitch
[2026.09.01-02.57.02:722][ 70]LogNiagara: StaticMesh data interface has no valid mesh - NiagaraDataInterfaceStaticMesh /MAP_Zenith/Zenith_Main.Zenith_Main:PersistentLevel.BP_WeaponPickup_C_2147453203.Niagara.NiagaraDataInterfaceStaticMesh_1
[2026.09.01-02.57.02:810][ 74]LogPhysics: Warning: FConstraintInstance::GetRefFrame : Contained scale.
[2026.09.01-02.57.02:833][ 75]LogAbilitySystem: Warning: GameplayCueNotify_Actor GCNL_Death_C_2147460108 had active timelines when it was recycled.
[2026.09.01-02.57.02:898][ 78]LogScript: Warning: Script Msg: Divide by zero: Divide_DoubleDouble
[2026.09.01-02.57.02:945][ 80]LogActorComponent: RegisterComponentWithWorld: (/MAP_Zenith/Zenith_Main.Zenith_Main:PersistentLevel.SkinBP_AER_AssaultRifle_Base_C_2147453153.StaticMeshComponent_2147453151) Already registered. Aborting.
[2026.09.01-02.57.02:967][ 81]LogActorComponent: RegisterComponentWithWorld: (/MAP_Zenith/Zenith_Main.Zenith_Main:PersistentLevel.SkinBP_AER_HeavyPistol_Base_C_2147453143.StaticMeshComponent_2147453141) Already registered. Aborting.
[2026.09.01-02.57.03:008][ 83]LogNiagara: Warning: Failed to acquire niagara system NiagaraSystem /Game/VFX/NiagaraSystems/Portal/NS_PortalGun_Muzzle.NS_PortalGun_Muzzle from the pool with MaxPoolSize=32 and PoolPrimeSize=0
[2026.09.01-02.57.03:008][ 83]LogNiagara: Warning: Creating niagara system NS_PortalGun_Muzzle without pooling isn't recommended and will result in a hitch
[2026.09.01-02.57.03:482][104]LogPhysics: Warning: FConstraintInstance::GetRefFrame : Contained scale.
[2026.09.01-02.57.03:569][108]LogScript: Warning: Script Msg: Divide by zero: Divide_DoubleDouble
[2026.09.01-02.57.03:589][109]LogAbilitySystem: Warning: GameplayCueNotify GameplayCue.Ability.ControlledFalling at index -1 not found in runtime cue set.
[2026.09.01-02.57.03:611][110]LogActorComponent: RegisterComponentWithWorld: (/MAP_Zenith/Zenith_Main.Zenith_Main:PersistentLevel.SkinBP_SBK_Carbine_Base_C_2147453084.StaticMeshComponent_2147453082) Already registered. Aborting.
[2026.09.01-02.57.03:630][111]LogActorComponent: RegisterComponentWithWorld: (/MAP_Zenith/Zenith_Main.Zenith_Main:PersistentLevel.SkinBP_SBK_SemiPistol_Base_C_2147453072.StaticMeshComponent_2147453070) Already registered. Aborting.
[2026.09.01-02.57.03:976][127]LogStaticMesh: [SM_PortalBase_Oval_Front_V3] Mesh is marked for CPU read.
[2026.09.01-02.57.04:158][136]LogNiagara: StaticMesh data interface has no valid mesh - NiagaraDataInterfaceStaticMesh /MAP_Zenith/Zenith_Main.Zenith_Main:PersistentLevel.BP_WeaponPickup_C_2147453057.Niagara.NiagaraDataInterfaceStaticMesh_1
[2026.09.01-02.57.05:062][172]LogNiagara: StaticMesh data interface has no valid mesh - NiagaraDataInterfaceStaticMesh /MAP_Zenith/Zenith_Main.Zenith_Main:PersistentLevel.BP_WeaponPickup_C_2147453046.Niagara.NiagaraDataInterfaceStaticMesh_1
[2026.09.01-02.57.06:722][250]LogPhysics: Warning: FConstraintInstance::GetRefFrame : Contained scale.
[2026.09.01-02.57.06:797][254]LogScript: Warning: Script Msg: Divide by zero: Divide_DoubleDouble
[2026.09.01-02.57.06:835][256]LogActorComponent: RegisterComponentWithWorld: (/MAP_Zenith/Zenith_Main.Zenith_Main:PersistentLevel.SkinBP_AER_SMG_Base_C_2147452992.StaticMeshComponent_2147452990) Already registered. Aborting.
[2026.09.01-02.57.06:853][257]LogActorComponent: RegisterComponentWithWorld: (/MAP_Zenith/Zenith_Main.Zenith_Main:PersistentLevel.SkinBP_AER_BurstPistol_Base_C_2147452982.StaticMeshComponent_2147452980) Already registered. Aborting.
[2026.09.01-02.57.07:533][293]LogPortalWarsCore: Warning: Could not find ammo texture for tag 'None'
[2026.09.01-02.57.07:533][294]LogStreamableManager: Display: RequestAsyncLoad() called with empty or only null assets!
[2026.09.01-02.57.08:161][327]LogPhysics: Warning: FConstraintInstance::GetRefFrame : Contained scale.
[2026.09.01-02.57.08:196][329]LogAbilitySystem: Warning: GameplayCueNotify_Actor GCNL_Death_C_2147460108 had active timelines when it was recycled.
[2026.09.01-02.57.08:235][331]LogScript: Warning: Script Msg: Divide by zero: Divide_DoubleDouble
[2026.09.01-02.57.08:273][333]LogActorComponent: RegisterComponentWithWorld: (/MAP_Zenith/Zenith_Main.Zenith_Main:PersistentLevel.SkinBP_SBK_BurstRifle_Base_C_2147452915.StaticMeshComponent_2147452913) Already registered. Aborting.
[2026.09.01-02.57.08:291][334]LogActorComponent: RegisterComponentWithWorld: (/MAP_Zenith/Zenith_Main.Zenith_Main:PersistentLevel.SkinBP_SBK_BurstPistol_Base_C_2147452905.StaticMeshComponent_2147452903) Already registered. Aborting.
[2026.09.01-02.57.09:076][375]LogPhysics: Warning: FConstraintInstance::GetRefFrame : Contained scale.
[2026.09.01-02.57.09:097][376]LogAbilitySystem: Warning: GameplayCueNotify_Actor GCNL_Death_C_2147460480 had active timelines when it was recycled.
[2026.09.01-02.57.09:151][379]LogScript: Warning: Script Msg: Divide by zero: Divide_DoubleDouble
[2026.09.01-02.57.09:189][381]LogActorComponent: RegisterComponentWithWorld: (/MAP_Zenith/Zenith_Main.Zenith_Main:PersistentLevel.SkinBP_AER_BurstRifle_Base_C_2147452857.StaticMeshComponent_2147452855) Already registered. Aborting.
[2026.09.01-02.57.09:206][382]LogActorComponent: RegisterComponentWithWorld: (/MAP_Zenith/Zenith_Main.Zenith_Main:PersistentLevel.SkinBP_AER_SemiPistol_Base_C_2147452844.StaticMeshComponent_2147452842) Already registered. Aborting.
[2026.09.01-02.57.11:034][475]LogStaticMesh: [SM_PortalBase_Oval_Front_V3] Mesh is marked for CPU read.
[2026.09.01-02.57.11:190][482]LogNiagara: StaticMesh data interface has no valid mesh - NiagaraDataInterfaceStaticMesh /MAP_Zenith/Zenith_Main.Zenith_Main:PersistentLevel.BP_WeaponPickup_C_2147452833.Niagara.NiagaraDataInterfaceStaticMesh_1
[2026.09.01-02.57.15:189][669]LogPhysics: Warning: FConstraintInstance::GetRefFrame : Contained scale.
[2026.09.01-02.57.15:229][671]LogAbilitySystem: Warning: GameplayCueNotify_Actor GCNL_Death_C_2147460480 had active timelines when it was recycled.
[2026.09.01-02.57.15:274][673]LogScript: Warning: Script Msg: Divide by zero: Divide_DoubleDouble
[2026.09.01-02.57.15:317][675]LogActorComponent: RegisterComponentWithWorld: (/MAP_Zenith/Zenith_Main.Zenith_Main:PersistentLevel.SkinBP_AER_AssaultRifle_Base_C_2147452762.StaticMeshComponent_2147452760) Already registered. Aborting.
[2026.09.01-02.57.15:340][676]LogActorComponent: RegisterComponentWithWorld: (/MAP_Zenith/Zenith_Main.Zenith_Main:PersistentLevel.SkinBP_AER_HeavyPistol_Base_C_2147452751.StaticMeshComponent_2147452749) Already registered. Aborting.
[2026.09.01-02.57.15:635][689]LogNiagara: StaticMesh data interface has no valid mesh - NiagaraDataInterfaceStaticMesh /MAP_Zenith/Zenith_Main.Zenith_Main:PersistentLevel.BP_WeaponPickup_C_2147452743.Niagara.NiagaraDataInterfaceStaticMesh_1
[2026.09.01-02.57.18:572][818]LogNiagara: Warning: Failed to acquire niagara system NiagaraSystem /Game/VFX/NiagaraSystems/Impact/NS_Weapon_Metal_Impact.NS_Weapon_Metal_Impact from the pool with MaxPoolSize=32 and PoolPrimeSize=0
[2026.09.01-02.57.18:572][818]LogNiagara: Warning: Creating niagara system NS_Weapon_Metal_Impact without pooling isn't recommended and will result in a hitch
[2026.09.01-02.57.18:709][824]LogNiagara: StaticMesh data interface has no valid mesh - NiagaraDataInterfaceStaticMesh /MAP_Zenith/Zenith_Main.Zenith_Main:PersistentLevel.BP_WeaponPickup_C_2147452646.Niagara.NiagaraDataInterfaceStaticMesh_1
[2026.09.01-02.57.18:829][829]LogNiagara: StaticMesh data interface has no valid mesh - NiagaraDataInterfaceStaticMesh /MAP_Zenith/Zenith_Main.Zenith_Main:PersistentLevel.BP_WeaponPickup_C_2147452629.Niagara.NiagaraDataInterfaceStaticMesh_1
[2026.09.01-02.57.19:651][866]LogPhysics: Warning: FConstraintInstance::GetRefFrame : Contained scale.
[2026.09.01-02.57.19:676][867]LogAbilitySystem: Warning: GameplayCueNotify_Actor GCNL_Death_C_2147460480 had active timelines when it was recycled.
[2026.09.01-02.57.19:743][870]LogScript: Warning: Script Msg: Divide by zero: Divide_DoubleDouble
[2026.09.01-02.57.19:766][871]LogAbilitySystem: Warning: GameplayCueNotify GameplayCue.Ability.ControlledFalling at index -1 not found in runtime cue set.
[2026.09.01-02.57.19:788][872]LogActorComponent: RegisterComponentWithWorld: (/MAP_Zenith/Zenith_Main.Zenith_Main:PersistentLevel.SkinBP_AER_Shotgun_Base_C_2147452558.StaticMeshComponent_2147452556) Already registered. Aborting.
[2026.09.01-02.57.19:810][873]LogActorComponent: RegisterComponentWithWorld: (/MAP_Zenith/Zenith_Main.Zenith_Main:PersistentLevel.SkinBP_AER_SemiPistol_Base_C_2147452548.StaticMeshComponent_2147452546) Already registered. Aborting.
[2026.09.01-02.57.20:822][922]LogPhysics: Warning: FConstraintInstance::GetRefFrame : Contained scale.
[2026.09.01-02.57.20:842][923]LogTheaterFramework1047: Warning: BP_PlayerController_C_2147469397 OnRep_ViewTargetRepState received for BP_Character_Base_C_2147452536, but we are locally viewing BP_Character_Base_C_2147455807 it has been 9.68575478e-08 since the last viewtarget was changed locally.
[2026.09.01-02.57.20:843][923]LogCore1047: Warning: UCore1047SettingDefinition::ApplyValue Classic Portal Controls is not Enabled via bEnabled so setting value will not be applied.
[2026.09.01-02.57.20:843][923]LogCore1047: Warning: UCore1047SettingDefinition::ApplyValue Classic Portal Controls is not Enabled via bEnabled so setting value will not be applied.
[2026.09.01-02.57.20:843][923]Core1047InputUserSettings: PostInitializePlayerInput >> Re-applying Player Profile Keybinds!
[2026.09.01-02.57.20:843][923]LogCore1047: Warning: UCore1047SettingDefinition::ApplyValue Classic Portal Controls is not Enabled via bEnabled so setting value will not be applied.
[2026.09.01-02.57.20:843][923]LogCore1047: Warning: UCore1047SettingDefinition::ApplyValue Classic Portal Controls is not Enabled via bEnabled so setting value will not be applied.
[2026.09.01-02.57.20:843][923]Core1047InputUserSettings: PostInitializePlayerInput >> Re-applying Player Profile Keybinds!
[2026.09.01-02.57.20:846][923]LogAnimation: Warning: SLOTNODE: 'FiringLeftSlot' in animation instance class ABP_FirstPersonBase_V5_C already exists. Remove duplicates from the animation graph for this class.
[2026.09.01-02.57.20:858][923]LogScript: Warning: Script Msg: Divide by zero: Divide_DoubleDouble
[2026.09.01-02.57.20:860][923]LogAbilitySystem: Warning: No gameplay cues found to load from object SkinBP_SBK_MartianCowgirlX_VarC_FP_C_2147452455.
[2026.09.01-02.57.20:865][924]LogAbilitySystem: Warning: GameplayCueNotify_Actor GCNL_Death_C_2147460108 had active timelines when it was recycled.
[2026.09.01-02.57.20:878][924]LogSlate: InvalidateAllWidgets triggered.  All widgets were invalidated
[2026.09.01-02.57.20:881][924]LogScript: Warning: Script Msg: Divide by zero: Divide_DoubleDouble
[2026.09.01-02.57.20:883][924]LogAbilitySystem: Warning: No gameplay cues found to load from object SkinBP_SBK_MartianCowgirlX_VarC_FP_C_2147452224.
[2026.09.01-02.57.20:949][928]LogScript: Warning: Script Msg: Divide by zero: Divide_DoubleDouble
[2026.09.01-02.57.20:973][929]LogAbilitySystem: Warning: GameplayCueNotify GameplayCue.Ability.ControlledFalling at index -1 not found in runtime cue set.
[2026.09.01-02.57.21:121][935]LogActorComponent: RegisterComponentWithWorld: (/MAP_Zenith/Zenith_Main.Zenith_Main:PersistentLevel.SkinBP_SBK_SemiPistol_CreatorClash_C_2147452167.StaticMeshComponent_2147452165) Already registered. Aborting.
[2026.09.01-02.57.21:145][936]LogActorComponent: RegisterComponentWithWorld: (/MAP_Zenith/Zenith_Main.Zenith_Main:PersistentLevel.SkinBP_SBK_AssaultRifle_Base_C_2147452160.StaticMeshComponent_2147452158) Already registered. Aborting.
[2026.09.01-02.57.21:165][937]LogGF1047ItemAttachment: Warning: Attachment Handler: failed to attach '{"ItemDefinition":"AttachID_SBK_SemiPistol_ExtBarrel","Inventory":"BPC_Inventory","SlotId":"SlotId.WeaponAttachment.02.Attachment1","Epoch":8}' - TargetComponent Not Found
[2026.09.01-02.57.21:187][938]LogGF1047ItemAttachment: Warning: Attachment Handler: failed to attach '{"ItemDefinition":"AttachID_SBK_AssaultRifle_ExtBarrel","Inventory":"BPC_Inventory","SlotId":"SlotId.WeaponAttachment.01.Attachment1","Epoch":6}' - TargetComponent Not Found
[2026.09.01-02.57.21:210][939]LogGF1047ItemAttachment: Warning: Attachment Handler: failed to attach '{"ItemDefinition":"AttachID_SBK_AssaultRifle_RecoilGrip","Inventory":"BPC_Inventory","SlotId":"SlotId.WeaponAttachment.01.Attachment2","Epoch":6}' - TargetComponent Not Found
[2026.09.01-02.57.21:517][952]LogNiagara: StaticMesh data interface has no valid mesh - NiagaraDataInterfaceStaticMesh /MAP_Zenith/Zenith_Main.Zenith_Main:PersistentLevel.BP_WeaponPickup_C_2147452150.Niagara.NiagaraDataInterfaceStaticMesh_1
[2026.09.01-02.57.22:702][  7]LogPhysics: Warning: FConstraintInstance::GetRefFrame : Contained scale.
[2026.09.01-02.57.22:747][  9]LogAbilitySystem: Warning: GameplayCueNotify_Actor GCNL_Death_C_2147460428 had active timelines when it was recycled.
[2026.09.01-02.57.22:796][ 11]LogScript: Warning: Script Msg: Divide by zero: Divide_DoubleDouble
[2026.09.01-02.57.22:841][ 13]LogPhysics: Warning: FConstraintInstance::GetRefFrame : Contained scale.
[2026.09.01-02.57.22:848][ 13]LogActorComponent: RegisterComponentWithWorld: (/MAP_Zenith/Zenith_Main.Zenith_Main:PersistentLevel.SkinBP_SBK_BurstRifle_Base_C_2147452074.StaticMeshComponent_2147452072) Already registered. Aborting.
[2026.09.01-02.57.22:867][ 14]LogAbilitySystem: Warning: GameplayCueNotify_Actor GCNL_Death_C_2147458980 had active timelines when it was recycled.
[2026.09.01-02.57.22:872][ 14]LogActorComponent: RegisterComponentWithWorld: (/MAP_Zenith/Zenith_Main.Zenith_Main:PersistentLevel.SkinBP_SBK_BurstPistol_Base_C_2147452046.StaticMeshComponent_2147452044) Already registered. Aborting.
[2026.09.01-02.57.22:951][ 18]LogScript: Warning: Script Msg: Divide by zero: Divide_DoubleDouble
[2026.09.01-02.57.22:999][ 20]LogActorComponent: RegisterComponentWithWorld: (/MAP_Zenith/Zenith_Main.Zenith_Main:PersistentLevel.SkinBP_AER_SMG_Base_C_2147452025.StaticMeshComponent_2147452023) Already registered. Aborting.
[2026.09.01-02.57.23:024][ 21]LogActorComponent: RegisterComponentWithWorld: (/MAP_Zenith/Zenith_Main.Zenith_Main:PersistentLevel.SkinBP_AER_BurstPistol_Base_C_2147452015.StaticMeshComponent_2147452013) Already registered. Aborting.
[2026.09.01-02.57.23:162][ 28]LogNiagara: StaticMesh data interface has no valid mesh - NiagaraDataInterfaceStaticMesh /MAP_Zenith/Zenith_Main.Zenith_Main:PersistentLevel.BP_WeaponPickup_C_2147452007.Niagara.NiagaraDataInterfaceStaticMesh_1
[2026.09.01-02.57.25:194][129]LogNiagara: StaticMesh data interface has no valid mesh - NiagaraDataInterfaceStaticMesh /MAP_Zenith/Zenith_Main.Zenith_Main:PersistentLevel.BP_WeaponPickup_C_2147451986.Niagara.NiagaraDataInterfaceStaticMesh_1
[2026.09.01-02.57.25:535][144]LogPhysics: Warning: FConstraintInstance::GetRefFrame : Contained scale.
[2026.09.01-02.57.25:559][145]LogAbilitySystem: Warning: GameplayCueNotify_Actor GCNL_Death_C_2147460108 had active timelines when it was recycled.
[2026.09.01-02.57.25:627][148]LogScript: Warning: Script Msg: Divide by zero: Divide_DoubleDouble
[2026.09.01-02.57.25:671][150]LogActorComponent: RegisterComponentWithWorld: (/MAP_Zenith/Zenith_Main.Zenith_Main:PersistentLevel.SkinBP_AER_BurstRifle_Base_C_2147451932.StaticMeshComponent_2147451930) Already registered. Aborting.
[2026.09.01-02.57.25:692][151]LogActorComponent: RegisterComponentWithWorld: (/MAP_Zenith/Zenith_Main.Zenith_Main:PersistentLevel.SkinBP_AER_SemiPistol_Base_C_2147451919.StaticMeshComponent_2147451917) Already registered. Aborting.
[2026.09.01-02.57.27:162][219]LogPhysics: Warning: FConstraintInstance::GetRefFrame : Contained scale.
[2026.09.01-02.57.27:250][223]LogScript: Warning: Script Msg: Divide by zero: Divide_DoubleDouble
[2026.09.01-02.57.27:270][224]LogAbilitySystem: Warning: GameplayCueNotify GameplayCue.Ability.ControlledFalling at index -1 not found in runtime cue set.
[2026.09.01-02.57.27:292][225]LogActorComponent: RegisterComponentWithWorld: (/MAP_Zenith/Zenith_Main.Zenith_Main:PersistentLevel.SkinBP_SBK_Carbine_Base_C_2147451847.StaticMeshComponent_2147451845) Already registered. Aborting.
[2026.09.01-02.57.27:314][226]LogActorComponent: RegisterComponentWithWorld: (/MAP_Zenith/Zenith_Main.Zenith_Main:PersistentLevel.SkinBP_SBK_SemiPistol_Base_C_2147451834.StaticMeshComponent_2147451832) Already registered. Aborting.
[2026.09.01-02.57.29:158][302]LogNiagara: StaticMesh data interface has no valid mesh - NiagaraDataInterfaceStaticMesh /MAP_Zenith/Zenith_Main.Zenith_Main:PersistentLevel.BP_WeaponPickup_C_2147451769.Niagara.NiagaraDataInterfaceStaticMesh_1
[2026.09.01-02.57.29:209][304]LogPhysics: Warning: FConstraintInstance::GetRefFrame : Contained scale.
[2026.09.01-02.57.29:262][306]LogAbilitySystem: Warning: GameplayCueNotify_Actor GCNL_Death_C_2147458980 had active timelines when it was recycled.
[2026.09.01-02.57.29:318][308]LogScript: Warning: Script Msg: Divide by zero: Divide_DoubleDouble
[2026.09.01-02.57.29:376][310]LogActorComponent: RegisterComponentWithWorld: (/MAP_Zenith/Zenith_Main.Zenith_Main:PersistentLevel.SkinBP_AER_AssaultRifle_Base_C_2147451716.StaticMeshComponent_2147451714) Already registered. Aborting.
[2026.09.01-02.57.29:406][311]LogActorComponent: RegisterComponentWithWorld: (/MAP_Zenith/Zenith_Main.Zenith_Main:PersistentLevel.SkinBP_AER_HeavyPistol_Base_C_2147451706.StaticMeshComponent_2147451704) Already registered. Aborting.
[2026.09.01-02.57.33:111][461]LogNiagara: StaticMesh data interface has no valid mesh - NiagaraDataInterfaceStaticMesh /MAP_Zenith/Zenith_Main.Zenith_Main:PersistentLevel.BP_WeaponPickup_C_2147451634.Niagara.NiagaraDataInterfaceStaticMesh_1
[2026.09.01-02.57.33:180][464]LogPhysics: Warning: FConstraintInstance::GetRefFrame : Contained scale.
[2026.09.01-02.57.33:205][465]LogAbilitySystem: Warning: GameplayCueNotify_Actor GCNL_Death_C_2147460108 had active timelines when it was recycled.
[2026.09.01-02.57.33:270][468]LogScript: Warning: Script Msg: Divide by zero: Divide_DoubleDouble
[2026.09.01-02.57.33:295][469]LogAbilitySystem: Warning: GameplayCueNotify GameplayCue.Ability.ControlledFalling at index -1 not found in runtime cue set.
[2026.09.01-02.57.33:319][470]LogActorComponent: RegisterComponentWithWorld: (/MAP_Zenith/Zenith_Main.Zenith_Main:PersistentLevel.SkinBP_AER_Shotgun_Base_C_2147451586.StaticMeshComponent_2147451584) Already registered. Aborting.
[2026.09.01-02.57.33:343][471]LogActorComponent: RegisterComponentWithWorld: (/MAP_Zenith/Zenith_Main.Zenith_Main:PersistentLevel.SkinBP_AER_SemiPistol_Base_C_2147451576.StaticMeshComponent_2147451574) Already registered. Aborting.
[2026.09.01-02.57.34:388][514]LogNiagara: Warning: Failed to acquire niagara system NiagaraSystem /Game/VFX/NiagaraSystems/Impact/NS_Weapon_Dirt_Impact.NS_Weapon_Dirt_Impact from the pool with MaxPoolSize=32 and PoolPrimeSize=0
[2026.09.01-02.57.34:388][514]LogNiagara: Warning: Creating niagara system NS_Weapon_Dirt_Impact without pooling isn't recommended and will result in a hitch
[2026.09.01-02.57.34:805][531]LogNiagara: Warning: Failed to acquire niagara system NiagaraSystem /Game/VFX/NiagaraSystems/Impact/NS_Weapon_Concrete_Impact.NS_Weapon_Concrete_Impact from the pool with MaxPoolSize=32 and PoolPrimeSize=0
[2026.09.01-02.57.34:805][531]LogNiagara: Warning: Creating niagara system NS_Weapon_Concrete_Impact without pooling isn't recommended and will result in a hitch
[2026.09.01-02.57.35:050][541]LogNiagara: StaticMesh data interface has no valid mesh - NiagaraDataInterfaceStaticMesh /MAP_Zenith/Zenith_Main.Zenith_Main:PersistentLevel.BP_WeaponPickup_C_2147451531.Niagara.NiagaraDataInterfaceStaticMesh_1
[2026.09.01-02.57.35:152][545]LogNiagara: StaticMesh data interface has no valid mesh - NiagaraDataInterfaceStaticMesh /MAP_Zenith/Zenith_Main.Zenith_Main:PersistentLevel.BP_WeaponPickup_C_2147451494.Niagara.NiagaraDataInterfaceStaticMesh_1
[2026.09.01-02.57.37:117][626]LogPhysics: Warning: FConstraintInstance::GetRefFrame : Contained scale.
[2026.09.01-02.57.37:142][627]LogAbilitySystem: Warning: GameplayCueNotify_Actor GCNL_Death_C_2147458980 had active timelines when it was recycled.
[2026.09.01-02.57.37:208][630]LogScript: Warning: Script Msg: Divide by zero: Divide_DoubleDouble
[2026.09.01-02.57.37:254][632]LogActorComponent: RegisterComponentWithWorld: (/MAP_Zenith/Zenith_Main.Zenith_Main:PersistentLevel.SkinBP_AER_BurstRifle_Base_C_2147451403.StaticMeshComponent_2147451401) Already registered. Aborting.
[2026.09.01-02.57.37:276][633]LogActorComponent: RegisterComponentWithWorld: (/MAP_Zenith/Zenith_Main.Zenith_Main:PersistentLevel.SkinBP_AER_SemiPistol_Base_C_2147451390.StaticMeshComponent_2147451388) Already registered. Aborting.
[2026.09.01-02.57.37:645][648]Core1047InputUserSettings: PreSave >> Has Completed!
[2026.09.01-02.57.39:051][708]LogPhysics: Warning: FConstraintInstance::GetRefFrame : Contained scale.
[2026.09.01-02.57.39:099][710]LogAbilitySystem: Warning: GameplayCueNotify_Actor GCNL_Death_C_2147460108 had active timelines when it was recycled.
[2026.09.01-02.57.39:149][712]LogScript: Warning: Script Msg: Divide by zero: Divide_DoubleDouble
[2026.09.01-02.57.39:173][713]LogPhysics: Warning: FConstraintInstance::GetRefFrame : Contained scale.
[2026.09.01-02.57.39:178][713]LogAbilitySystem: Warning: GameplayCueNotify GameplayCue.Ability.ControlledFalling at index -1 not found in runtime cue set.
[2026.09.01-02.57.39:200][714]LogAbilitySystem: Warning: GameplayCueNotify_Actor GCNL_Death_C_2147460428 had active timelines when it was recycled.
[2026.09.01-02.57.39:203][714]LogActorComponent: RegisterComponentWithWorld: (/MAP_Zenith/Zenith_Main.Zenith_Main:PersistentLevel.SkinBP_SBK_Carbine_Base_C_2147451285.StaticMeshComponent_2147451283) Already registered. Aborting.
[2026.09.01-02.57.39:226][715]LogActorComponent: RegisterComponentWithWorld: (/MAP_Zenith/Zenith_Main.Zenith_Main:PersistentLevel.SkinBP_SBK_SemiPistol_Base_C_2147451270.StaticMeshComponent_2147451268) Already registered. Aborting.
[2026.09.01-02.57.39:318][719]LogScript: Warning: Script Msg: Divide by zero: Divide_DoubleDouble
[2026.09.01-02.57.39:366][721]LogActorComponent: RegisterComponentWithWorld: (/MAP_Zenith/Zenith_Main.Zenith_Main:PersistentLevel.SkinBP_AER_SMG_Base_C_2147451251.StaticMeshComponent_2147451249) Already registered. Aborting.
[2026.09.01-02.57.39:387][722]LogActorComponent: RegisterComponentWithWorld: (/MAP_Zenith/Zenith_Main.Zenith_Main:PersistentLevel.SkinBP_AER_BurstPistol_Base_C_2147451241.StaticMeshComponent_2147451239) Already registered. Aborting.
[2026.09.01-02.57.40:066][750]LogNiagara: StaticMesh data interface has no valid mesh - NiagaraDataInterfaceStaticMesh /MAP_Zenith/Zenith_Main.Zenith_Main:PersistentLevel.BP_WeaponPickup_C_2147451224.Niagara.NiagaraDataInterfaceStaticMesh_1
[2026.09.01-02.57.44:076][938]LogPhysics: Warning: FConstraintInstance::GetRefFrame : Contained scale.
[2026.09.01-02.57.44:103][939]LogAbilitySystem: Warning: GameplayCueNotify_Actor GCNL_Death_C_2147460428 had active timelines when it was recycled.
[2026.09.01-02.57.44:171][942]LogScript: Warning: Script Msg: Divide by zero: Divide_DoubleDouble
[2026.09.01-02.57.44:195][943]LogAbilitySystem: Warning: GameplayCueNotify GameplayCue.Ability.ControlledFalling at index -1 not found in runtime cue set.
[2026.09.01-02.57.44:218][944]LogActorComponent: RegisterComponentWithWorld: (/MAP_Zenith/Zenith_Main.Zenith_Main:PersistentLevel.SkinBP_AER_Shotgun_Base_C_2147451122.StaticMeshComponent_2147451120) Already registered. Aborting.
[2026.09.01-02.57.44:241][945]LogActorComponent: RegisterComponentWithWorld: (/MAP_Zenith/Zenith_Main.Zenith_Main:PersistentLevel.SkinBP_AER_SemiPistol_Base_C_2147451112.StaticMeshComponent_2147451110) Already registered. Aborting.
[2026.09.01-02.57.45:573][  9]LogNiagara: StaticMesh data interface has no valid mesh - NiagaraDataInterfaceStaticMesh /MAP_Zenith/Zenith_Main.Zenith_Main:PersistentLevel.BP_WeaponPickup_C_2147451099.Niagara.NiagaraDataInterfaceStaticMesh_1
[2026.09.01-02.57.45:977][ 29]LogNiagara: StaticMesh data interface has no valid mesh - NiagaraDataInterfaceStaticMesh /MAP_Zenith/Zenith_Main.Zenith_Main:PersistentLevel.BP_WeaponPickup_C_2147451087.Niagara.NiagaraDataInterfaceStaticMesh_1
[2026.09.01-02.57.45:977][ 29]LogGF1047Announcer: Warning: UGF1047AnnouncerSubsystem: play_pa_playerclosetowin has an invalid max duration and cannot expire.
[2026.09.01-02.57.46:265][ 42]LogGF1047Announcer: Warning: UGF1047AnnouncerSubsystem: play_voc_hs_score_playervictoryclose has an invalid max duration and cannot expire.
[2026.09.01-02.57.46:266][ 42]LogGF1047Announcer: Warning: UGF1047AnnouncerSubsystem: play_pa_playerclosetowin has an invalid max duration and cannot expire.
[2026.09.01-02.57.47:337][ 89]LogGF1047Announcer: Warning: UGF1047AnnouncerSubsystem: play_voc_hs_score_playervictoryclose has an invalid max duration and cannot expire.
[2026.09.01-02.57.48:419][135]LogGF1047Announcer: Warning: UGF1047AnnouncerSubsystem: play_voc_hs_score_playervictoryclose has an invalid max duration and cannot expire.
[2026.09.01-02.57.49:564][184]LogPhysics: Warning: FConstraintInstance::GetRefFrame : Contained scale.
[2026.09.01-02.57.49:608][186]LogAbilitySystem: Warning: GameplayCueNotify_Actor GCNL_Death_C_2147460428 had active timelines when it was recycled.
[2026.09.01-02.57.49:656][188]LogScript: Warning: Script Msg: Divide by zero: Divide_DoubleDouble
[2026.09.01-02.57.49:704][190]LogActorComponent: RegisterComponentWithWorld: (/MAP_Zenith/Zenith_Main.Zenith_Main:PersistentLevel.SkinBP_AER_BurstRifle_Base_C_2147450975.StaticMeshComponent_2147450973) Already registered. Aborting.
[2026.09.01-02.57.49:727][191]LogActorComponent: RegisterComponentWithWorld: (/MAP_Zenith/Zenith_Main.Zenith_Main:PersistentLevel.SkinBP_AER_SemiPistol_Base_C_2147450958.StaticMeshComponent_2147450956) Already registered. Aborting.
[2026.09.01-02.57.50:010][203]LogPhysics: Warning: FConstraintInstance::GetRefFrame : Contained scale.
[2026.09.01-02.57.50:036][204]LogAbilitySystem: Warning: GameplayCueNotify_Actor GCNL_Death_C_2147460108 had active timelines when it was recycled.
[2026.09.01-02.57.50:110][207]LogScript: Warning: Script Msg: Divide by zero: Divide_DoubleDouble
[2026.09.01-02.57.50:160][209]LogActorComponent: RegisterComponentWithWorld: (/MAP_Zenith/Zenith_Main.Zenith_Main:PersistentLevel.SkinBP_AER_BurstRifle_Base_C_2147450895.StaticMeshComponent_2147450893) Already registered. Aborting.
[2026.09.01-02.57.50:185][210]LogActorComponent: RegisterComponentWithWorld: (/MAP_Zenith/Zenith_Main.Zenith_Main:PersistentLevel.SkinBP_AER_SemiPistol_Base_C_2147450881.StaticMeshComponent_2147450879) Already registered. Aborting.
[2026.09.01-02.57.50:283][214]LogNiagara: StaticMesh data interface has no valid mesh - NiagaraDataInterfaceStaticMesh /MAP_Zenith/Zenith_Main.Zenith_Main:PersistentLevel.BP_WeaponPickup_C_2147450872.Niagara.NiagaraDataInterfaceStaticMesh_1
[2026.09.01-02.57.50:744][233]LogNiagara: Warning: Failed to acquire niagara system NiagaraSystem /Game/VFX/NiagaraSystems/Impact/NS_Weapon_Blood_Impact.NS_Weapon_Blood_Impact from the pool with MaxPoolSize=32 and PoolPrimeSize=0
[2026.09.01-02.57.50:744][233]LogNiagara: Warning: Creating niagara system NS_Weapon_Blood_Impact without pooling isn't recommended and will result in a hitch
[2026.09.01-02.57.51:784][271]LogAbilitySystem: Display: GameplayCueNotify /Game/GameplayAbilities/GameplayCues/GCN_WeaponFire_Failed_Cost.GCN_WeaponFire_Failed_Cost_C was not loaded when GameplayCue was invoked. Starting async loading.
[2026.09.01-02.57.51:813][272]LogAbilitySystem: Display: GameplayCueNotify /Game/GameplayAbilities/GameplayCues/GCN_WeaponFire_Failed_Cost.GCN_WeaponFire_Failed_Cost_C was not loaded when GameplayCue was invoked. Starting async loading.
[2026.09.01-02.57.51:969][277]LogNiagara: StaticMesh data interface has no valid mesh - NiagaraDataInterfaceStaticMesh /MAP_Zenith/Zenith_Main.Zenith_Main:PersistentLevel.BP_WeaponPickup_C_2147450794.Niagara.NiagaraDataInterfaceStaticMesh_1
[2026.09.01-02.57.52:379][292]LogNiagara: StaticMesh data interface has no valid mesh - NiagaraDataInterfaceStaticMesh /MAP_Zenith/Zenith_Main.Zenith_Main:PersistentLevel.BP_WeaponPickup_C_2147450776.Niagara.NiagaraDataInterfaceStaticMesh_1
[2026.09.01-02.57.52:402][293]LogNiagara: StaticMesh data interface has no valid mesh - NiagaraDataInterfaceStaticMesh /MAP_Zenith/Zenith_Main.Zenith_Main:PersistentLevel.BP_WeaponPickup_C_2147450762.Niagara.NiagaraDataInterfaceStaticMesh_1
[2026.09.01-02.57.52:686][304]LogStreamableManager: Display: RequestAsyncLoad() called with empty or only null assets!
[2026.09.01-02.57.52:686][304]LogViewport: Display: Viewport MouseLockMode Changed, LockOnCapture -> LockInFullscreen
[2026.09.01-02.57.52:686][304]LogViewport: Display: Viewport MouseCaptureMode Changed, CapturePermanently -> NoCapture
[2026.09.01-02.57.52:686][304]LogViewport: Display: Player bShowMouseCursor Changed, False -> True
[2026.09.01-02.57.52:693][304]LogStreaming: Display: FlushAsyncLoading(4110): 1 QueuedPackages, 0 AsyncPackages
[2026.09.01-02.57.52:709][304]LogStreamableManager: Display: RequestAsyncLoad() called with empty or only null assets!
[2026.09.01-02.57.52:723][304]LogSlate: InvalidateAllWidgets triggered.  All widgets were invalidated
[2026.09.01-02.57.53:216][323]LogStaticMesh: [SM_PortalBase_Oval_Front_V3] Mesh is marked for CPU read.
[2026.09.01-02.57.54:273][367]LogPhysics: Warning: FConstraintInstance::GetRefFrame : Contained scale.
[2026.09.01-02.57.54:298][368]LogAbilitySystem: Warning: GameplayCueNotify_Actor GCNL_Death_C_2147460108 had active timelines when it was recycled.
[2026.09.01-02.57.54:369][371]LogScript: Warning: Script Msg: Divide by zero: Divide_DoubleDouble
[2026.09.01-02.57.54:393][372]LogAbilitySystem: Warning: GameplayCueNotify GameplayCue.Ability.ControlledFalling at index -1 not found in runtime cue set.
[2026.09.01-02.57.54:417][373]LogActorComponent: RegisterComponentWithWorld: (/MAP_Zenith/Zenith_Main.Zenith_Main:PersistentLevel.SkinBP_SBK_Carbine_Base_C_2147449739.StaticMeshComponent_2147449737) Already registered. Aborting.
[2026.09.01-02.57.54:440][374]LogActorComponent: RegisterComponentWithWorld: (/MAP_Zenith/Zenith_Main.Zenith_Main:PersistentLevel.SkinBP_SBK_SemiPistol_Base_C_2147449727.StaticMeshComponent_2147449725) Already registered. Aborting.
[2026.09.01-02.57.54:863][392]Core1047InputUserSettings: PreSave >> Has Completed!
[2026.09.01-02.57.54:867][392]LogStreaming: Display: FlushAsyncLoading(4127): 1 QueuedPackages, 0 AsyncPackages
[2026.09.01-02.57.54:871][392]Log1047GameFramework: Warning: FillInvalidSlot failed to find a parent item in LoadoutSlot.Skin.Generic to get a default item from
[2026.09.01-02.57.54:877][392]Log1047GameFramework: Warning: FillInvalidSlot failed to find a parent item in LoadoutSlot.Skin.Generic to get a default item from
[2026.09.01-02.57.55:219][407]LogViewport: Display: Viewport MouseLockMode Changed, LockInFullscreen -> LockOnCapture
[2026.09.01-02.57.55:219][407]LogViewport: Display: Viewport MouseCaptureMode Changed, NoCapture -> CapturePermanently
[2026.09.01-02.57.55:219][407]LogViewport: Display: Player bShowMouseCursor Changed, True -> False
[2026.09.01-02.57.55:698][431]Log1047GameFramework: Warning: FillInvalidSlot failed to find a parent item in LoadoutSlot.Skin.Generic to get a default item from
[2026.09.01-02.57.55:966][445]LogPhysics: Warning: FConstraintInstance::GetRefFrame : Contained scale.
[2026.09.01-02.57.55:985][446]LogTheaterFramework1047: Warning: BP_PlayerController_C_2147469397 OnRep_ViewTargetRepState received for BP_Character_Base_C_2147449682, but we are locally viewing BP_Character_Base_C_2147452536 it has been 9.68575478e-08 since the last viewtarget was changed locally.
[2026.09.01-02.57.55:986][446]LogCore1047: Warning: UCore1047SettingDefinition::ApplyValue Classic Portal Controls is not Enabled via bEnabled so setting value will not be applied.
[2026.09.01-02.57.55:986][446]LogCore1047: Warning: UCore1047SettingDefinition::ApplyValue Classic Portal Controls is not Enabled via bEnabled so setting value will not be applied.
[2026.09.01-02.57.55:986][446]Core1047InputUserSettings: PostInitializePlayerInput >> Re-applying Player Profile Keybinds!
[2026.09.01-02.57.55:986][446]LogCore1047: Warning: UCore1047SettingDefinition::ApplyValue Classic Portal Controls is not Enabled via bEnabled so setting value will not be applied.
[2026.09.01-02.57.55:986][446]LogCore1047: Warning: UCore1047SettingDefinition::ApplyValue Classic Portal Controls is not Enabled via bEnabled so setting value will not be applied.
[2026.09.01-02.57.55:986][446]Core1047InputUserSettings: PostInitializePlayerInput >> Re-applying Player Profile Keybinds!
[2026.09.01-02.57.55:990][446]LogAnimation: Warning: SLOTNODE: 'FiringLeftSlot' in animation instance class ABP_FirstPersonBase_V5_C already exists. Remove duplicates from the animation graph for this class.
[2026.09.01-02.57.55:991][446]LogStaticMesh: [SM_PortalBase_Oval_Outtake] Mesh is marked for CPU read.
[2026.09.01-02.57.55:997][446]LogScript: Warning: Script Msg: Divide by zero: Divide_DoubleDouble
[2026.09.01-02.57.55:999][446]LogAbilitySystem: Warning: No gameplay cues found to load from object SkinBP_SBK_MartianCowgirlX_VarC_FP_C_2147449605.
[2026.09.01-02.57.56:005][447]LogAbilitySystem: Warning: GameplayCueNotify_Actor GCNL_Death_C_2147460428 had active timelines when it was recycled.
[2026.09.01-02.57.56:017][447]LogSlate: InvalidateAllWidgets triggered.  All widgets were invalidated
[2026.09.01-02.57.56:051][448]LogScript: Warning: Script Msg: Divide by zero: Divide_DoubleDouble
[2026.09.01-02.57.56:053][448]LogAbilitySystem: Warning: No gameplay cues found to load from object SkinBP_SBK_MartianCowgirlX_VarC_FP_C_2147449358.
[2026.09.01-02.57.56:103][451]AnimBlueprintLog: Warning: SLOTNODE: 'DefaultSlot' in animation instance class ABP_AER_BurstPistol_WPN_C already exists. Remove duplicates from the animation graph for this class.
[2026.09.01-02.57.56:118][452]LogGF1047ItemAttachment: Warning: GetAttachmentConfig: actor attachment fragment on '{"ItemDefinition":"AttachID_AER_BurstPistol_ImpactBullets","Inventory":"BPC_Inventory","SlotId":"SlotId.WeaponAttachment.02.Attachment1","Epoch":9}' had no valid class or override
[2026.09.01-02.57.56:271][459]LogScript: Warning: Script Msg: Divide by zero: Divide_DoubleDouble
[2026.09.01-02.57.56:293][460]LogAbilitySystem: Warning: GameplayCueNotify GameplayCue.Ability.ControlledFalling at index -1 not found in runtime cue set.
[2026.09.01-02.57.56:426][466]LogPhysics: Warning: FConstraintInstance::GetRefFrame : Contained scale.
[2026.09.01-02.57.56:448][467]LogPhysics: Warning: FConstraintInstance::GetRefFrame : Contained scale.
[2026.09.01-02.57.56:470][468]LogAbilitySystem: Warning: GameplayCueNotify_Actor GCNL_Death_C_2147458980 had active timelines when it was recycled.
[2026.09.01-02.57.56:543][471]AnimBlueprintLog: Warning: SLOTNODE: 'DefaultSlot' in animation instance class ABP_AER_BurstPistol_WPN_C already exists. Remove duplicates from the animation graph for this class.
[2026.09.01-02.57.56:545][471]LogActorComponent: RegisterComponentWithWorld: (/MAP_Zenith/Zenith_Main.Zenith_Main:PersistentLevel.SkinBP_AER_BurstPistol_Base_C_2147449211.StaticMeshComponent_2147449209) Already registered. Aborting.
[2026.09.01-02.57.56:566][472]LogActorComponent: RegisterComponentWithWorld: (/MAP_Zenith/Zenith_Main.Zenith_Main:PersistentLevel.SkinBP_SBK_BurstRifle_Base_C_2147449204.StaticMeshComponent_2147449202) Already registered. Aborting.
[2026.09.01-02.57.56:658][476]LogScript: Warning: Script Msg: Divide by zero: Divide_DoubleDouble
[2026.09.01-02.57.56:773][481]LogScript: Warning: Script Msg: Divide by zero: Divide_DoubleDouble
[2026.09.01-02.57.56:796][482]LogAbilitySystem: Warning: GameplayCueNotify GameplayCue.Ability.ControlledFalling at index -1 not found in runtime cue set.
[2026.09.01-02.57.56:817][483]LogGF1047ItemAttachment: Warning: GetAttachmentConfig: actor attachment fragment on '{"ItemDefinition":"AttachID_AER_BurstPistol_ImpactBullets","Inventory":"BPC_Inventory","SlotId":"SlotId.WeaponAttachment.02.Attachment1","Epoch":9}' had no valid class or override
[2026.09.01-02.57.56:839][484]LogGF1047ItemAttachment: Warning: Attachment Handler: failed to attach '{"ItemDefinition":"AttachID_SBK_BurstRifle_RapidFire","Inventory":"BPC_Inventory","SlotId":"SlotId.WeaponAttachment.01.Attachment1","Epoch":7}' - TargetComponent Not Found
[2026.09.01-02.57.56:863][485]LogGF1047ItemAttachment: Warning: Attachment Handler: failed to attach '{"ItemDefinition":"AttachID_SBK_BurstRifle_ImpactBullets","Inventory":"BPC_Inventory","SlotId":"SlotId.WeaponAttachment.01.Attachment2","Epoch":7}' - TargetComponent Not Found
[2026.09.01-02.57.56:887][486]LogActorComponent: RegisterComponentWithWorld: (/MAP_Zenith/Zenith_Main.Zenith_Main:PersistentLevel.SkinBP_SBK_BurstRifle_Base_C_2147449177.StaticMeshComponent_2147449175) Already registered. Aborting.
[2026.09.01-02.57.56:911][487]LogActorComponent: RegisterComponentWithWorld: (/MAP_Zenith/Zenith_Main.Zenith_Main:PersistentLevel.SkinBP_SBK_BurstPistol_Base_C_2147449165.StaticMeshComponent_2147449163) Already registered. Aborting.
[2026.09.01-02.57.56:933][488]LogActorComponent: RegisterComponentWithWorld: (/MAP_Zenith/Zenith_Main.Zenith_Main:PersistentLevel.SkinBP_AER_Shotgun_Base_C_2147449158.StaticMeshComponent_2147449156) Already registered. Aborting.
[2026.09.01-02.57.56:955][489]LogActorComponent: RegisterComponentWithWorld: (/MAP_Zenith/Zenith_Main.Zenith_Main:PersistentLevel.SkinBP_AER_SemiPistol_Base_C_2147449148.StaticMeshComponent_2147449146) Already registered. Aborting.
[2026.09.01-02.57.57:484][513]LogNiagara: StaticMesh data interface has no valid mesh - NiagaraDataInterfaceStaticMesh /MAP_Zenith/Zenith_Main.Zenith_Main:PersistentLevel.BP_WeaponPickup_C_2147449139.Niagara.NiagaraDataInterfaceStaticMesh_1
[2026.09.01-02.57.59:263][606]LogD3D12RHI: OnlineHeap RollOver Detected. Increase the heap size to prevent creation of additional heaps
[2026.09.01-02.57.59:282][607]LogD3D12RHI: OnlineHeap RollOver Detected. Increase the heap size to prevent creation of additional heaps
[2026.09.01-02.58.01:029][690]LogNiagara: StaticMesh data interface has no valid mesh - NiagaraDataInterfaceStaticMesh /MAP_Zenith/Zenith_Main.Zenith_Main:PersistentLevel.BP_WeaponPickup_C_2147449099.Niagara.NiagaraDataInterfaceStaticMesh_1
[2026.09.01-02.58.01:430][711]LogD3D12RHI: OnlineHeap RollOver Detected. Increase the heap size to prevent creation of additional heaps
[2026.09.01-02.58.01:465][712]LogNiagara: StaticMesh data interface has no valid mesh - NiagaraDataInterfaceStaticMesh /MAP_Zenith/Zenith_Main.Zenith_Main:PersistentLevel.BP_WeaponPickup_C_2147449084.Niagara.NiagaraDataInterfaceStaticMesh_1
[2026.09.01-02.58.01:487][713]LogPhysics: Warning: FConstraintInstance::GetRefFrame : Contained scale.
[2026.09.01-02.58.01:527][715]LogNiagara: StaticMesh data interface has no valid mesh - NiagaraDataInterfaceStaticMesh /MAP_Zenith/Zenith_Main.Zenith_Main:PersistentLevel.BP_WeaponPickup_C_2147449046.Niagara.NiagaraDataInterfaceStaticMesh_1
[2026.09.01-02.58.01:539][716]LogD3D12RHI: OnlineHeap RollOver Detected. Increase the heap size to prevent creation of additional heaps
[2026.09.01-02.58.01:570][717]LogScript: Warning: Script Msg: Divide by zero: Divide_DoubleDouble
[2026.09.01-02.58.01:613][719]LogActorComponent: RegisterComponentWithWorld: (/MAP_Zenith/Zenith_Main.Zenith_Main:PersistentLevel.SkinBP_AER_AssaultRifle_Base_C_2147449033.StaticMeshComponent_2147449031) Already registered. Aborting.
[2026.09.01-02.58.01:634][720]LogActorComponent: RegisterComponentWithWorld: (/MAP_Zenith/Zenith_Main.Zenith_Main:PersistentLevel.SkinBP_AER_HeavyPistol_Base_C_2147449023.StaticMeshComponent_2147449021) Already registered. Aborting.
[2026.09.01-02.58.02:519][763]LogD3D12RHI: OnlineHeap RollOver Detected. Increase the heap size to prevent creation of additional heaps
[2026.09.01-02.58.02:632][768]LogD3D12RHI: OnlineHeap RollOver Detected. Increase the heap size to prevent creation of additional heaps
[2026.09.01-02.58.03:054][785]LogActorComponent: Error: May not destroy component NiagaraComponent /MAP_Zenith/Zenith_Main.Zenith_Main:PersistentLevel.PortalWarsWorldSettings.NiagaraComponent_2147459065 owned by PortalWarsWorldSettings /MAP_Zenith/Zenith_Main.Zenith_Main:PersistentLevel.PortalWarsWorldSettings.
[2026.09.01-02.58.03:335][797]LogNiagara: StaticMesh data interface has no valid mesh - NiagaraDataInterfaceStaticMesh /MAP_Zenith/Zenith_Main.Zenith_Main:PersistentLevel.BP_WeaponPickup_C_2147448957.Niagara.NiagaraDataInterfaceStaticMesh_1
[2026.09.01-02.58.04:033][830]LogNiagara: Warning: Failed to acquire niagara system NiagaraSystem /POW_WallHack/VFX/NS_POW_WallHack_Active_3P.NS_POW_WallHack_Active_3P from the pool with MaxPoolSize=32 and PoolPrimeSize=0
[2026.09.01-02.58.04:034][830]LogNiagara: Warning: Creating niagara system NS_POW_WallHack_Active_3P without pooling isn't recommended and will result in a hitch
[2026.09.01-02.58.04:609][858]LogStaticMesh: [SM_PortalBase_Oval_Front_V3] Mesh is marked for CPU read.
[2026.09.01-02.58.05:052][879]LogPhysics: Warning: FConstraintInstance::GetRefFrame : Contained scale.
[2026.09.01-02.58.05:077][880]LogAbilitySystem: Warning: GameplayCueNotify_Actor GCNL_Death_C_2147458980 had active timelines when it was recycled.
[2026.09.01-02.58.05:142][883]LogScript: Warning: Script Msg: Divide by zero: Divide_DoubleDouble
[2026.09.01-02.58.05:187][885]LogActorComponent: RegisterComponentWithWorld: (/MAP_Zenith/Zenith_Main.Zenith_Main:PersistentLevel.SkinBP_AER_BurstRifle_Base_C_2147448896.StaticMeshComponent_2147448894) Already registered. Aborting.
[2026.09.01-02.58.05:207][886]LogActorComponent: RegisterComponentWithWorld: (/MAP_Zenith/Zenith_Main.Zenith_Main:PersistentLevel.SkinBP_AER_SemiPistol_Base_C_2147448883.StaticMeshComponent_2147448881) Already registered. Aborting.
[2026.09.01-02.58.05:505][900]LogPhysics: Warning: FConstraintInstance::GetRefFrame : Contained scale.
[2026.09.01-02.58.05:591][904]LogScript: Warning: Script Msg: Divide by zero: Divide_DoubleDouble
[2026.09.01-02.58.05:634][906]LogActorComponent: RegisterComponentWithWorld: (/MAP_Zenith/Zenith_Main.Zenith_Main:PersistentLevel.SkinBP_SBK_BurstRifle_Base_C_2147448832.StaticMeshComponent_2147448830) Already registered. Aborting.
[2026.09.01-02.58.05:642][907]LogD3D12RHI: OnlineHeap RollOver Detected. Increase the heap size to prevent creation of additional heaps
[2026.09.01-02.58.05:654][907]LogActorComponent: RegisterComponentWithWorld: (/MAP_Zenith/Zenith_Main.Zenith_Main:PersistentLevel.SkinBP_SBK_BurstPistol_Base_C_2147448822.StaticMeshComponent_2147448820) Already registered. Aborting.
[2026.09.01-02.58.06:053][926]LogD3D12RHI: OnlineHeap RollOver Detected. Increase the heap size to prevent creation of additional heaps
[2026.09.01-02.58.06:397][940]LogD3D12RHI: OnlineHeap RollOver Detected. Increase the heap size to prevent creation of additional heaps
[2026.09.01-02.58.06:771][956]LogD3D12RHI: OnlineHeap RollOver Detected. Increase the heap size to prevent creation of additional heaps
[2026.09.01-02.58.07:327][984]LogPhysics: Warning: FConstraintInstance::GetRefFrame : Contained scale.
[2026.09.01-02.58.07:345][985]LogTheaterFramework1047: Warning: BP_PlayerController_C_2147469397 OnRep_ViewTargetRepState received for BP_Character_Base_C_2147448810, but we are locally viewing BP_Character_Base_C_2147449682 it has been 1.00582838e-07 since the last viewtarget was changed locally.
[2026.09.01-02.58.07:346][985]LogCore1047: Warning: UCore1047SettingDefinition::ApplyValue Classic Portal Controls is not Enabled via bEnabled so setting value will not be applied.
[2026.09.01-02.58.07:346][985]LogCore1047: Warning: UCore1047SettingDefinition::ApplyValue Classic Portal Controls is not Enabled via bEnabled so setting value will not be applied.
[2026.09.01-02.58.07:346][985]Core1047InputUserSettings: PostInitializePlayerInput >> Re-applying Player Profile Keybinds!
[2026.09.01-02.58.07:346][985]LogCore1047: Warning: UCore1047SettingDefinition::ApplyValue Classic Portal Controls is not Enabled via bEnabled so setting value will not be applied.
[2026.09.01-02.58.07:346][985]LogCore1047: Warning: UCore1047SettingDefinition::ApplyValue Classic Portal Controls is not Enabled via bEnabled so setting value will not be applied.
[2026.09.01-02.58.07:346][985]Core1047InputUserSettings: PostInitializePlayerInput >> Re-applying Player Profile Keybinds!
[2026.09.01-02.58.07:349][985]LogAnimation: Warning: SLOTNODE: 'FiringLeftSlot' in animation instance class ABP_FirstPersonBase_V5_C already exists. Remove duplicates from the animation graph for this class.
[2026.09.01-02.58.07:364][985]LogScript: Warning: Script Msg: Divide by zero: Divide_DoubleDouble
[2026.09.01-02.58.07:366][985]LogAbilitySystem: Warning: No gameplay cues found to load from object SkinBP_SBK_MartianCowgirlX_VarC_FP_C_2147448721.
[2026.09.01-02.58.07:370][986]LogAbilitySystem: Warning: GameplayCueNotify_Actor GCNL_Death_C_2147460428 had active timelines when it was recycled.
[2026.09.01-02.58.07:388][986]LogSlate: InvalidateAllWidgets triggered.  All widgets were invalidated
[2026.09.01-02.58.07:390][986]LogScript: Warning: Script Msg: Divide by zero: Divide_DoubleDouble
[2026.09.01-02.58.07:393][986]LogAbilitySystem: Warning: No gameplay cues found to load from object SkinBP_SBK_MartianCowgirlX_VarC_FP_C_2147448487.
[2026.09.01-02.58.07:416][987]AnimBlueprintLog: Warning: SLOTNODE: 'DefaultSlot' in animation instance class ABP_AER_BurstPistol_WPN_C already exists. Remove duplicates from the animation graph for this class.
[2026.09.01-02.58.07:434][988]LogGF1047ItemAttachment: Warning: GetAttachmentConfig: actor attachment fragment on '{"ItemDefinition":"AttachID_AER_BurstPistol_ImpactBullets","Inventory":"BPC_Inventory","SlotId":"SlotId.WeaponAttachment.02.Attachment1","Epoch":10}' had no valid class or override
[2026.09.01-02.58.07:457][990]LogScript: Warning: Script Msg: Divide by zero: Divide_DoubleDouble
[2026.09.01-02.58.07:477][991]LogAbilitySystem: Warning: GameplayCueNotify GameplayCue.Ability.ControlledFalling at index -1 not found in runtime cue set.
[2026.09.01-02.58.07:706][  2]AnimBlueprintLog: Warning: SLOTNODE: 'DefaultSlot' in animation instance class ABP_AER_BurstPistol_WPN_C already exists. Remove duplicates from the animation graph for this class.
[2026.09.01-02.58.07:707][  2]LogActorComponent: RegisterComponentWithWorld: (/MAP_Zenith/Zenith_Main.Zenith_Main:PersistentLevel.SkinBP_AER_BurstPistol_Base_C_2147448413.StaticMeshComponent_2147448411) Already registered. Aborting.
[2026.09.01-02.58.07:728][  3]LogActorComponent: RegisterComponentWithWorld: (/MAP_Zenith/Zenith_Main.Zenith_Main:PersistentLevel.SkinBP_SBK_BurstRifle_Base_C_2147448406.StaticMeshComponent_2147448404) Already registered. Aborting.
[2026.09.01-02.58.07:746][  4]LogGF1047ItemAttachment: Warning: GetAttachmentConfig: actor attachment fragment on '{"ItemDefinition":"AttachID_AER_BurstPistol_ImpactBullets","Inventory":"BPC_Inventory","SlotId":"SlotId.WeaponAttachment.02.Attachment1","Epoch":10}' had no valid class or override
[2026.09.01-02.58.07:769][  5]LogGF1047ItemAttachment: Warning: Attachment Handler: failed to attach '{"ItemDefinition":"AttachID_SBK_BurstRifle_RapidFire","Inventory":"BPC_Inventory","SlotId":"SlotId.WeaponAttachment.01.Attachment1","Epoch":8}' - TargetComponent Not Found
[2026.09.01-02.58.07:791][  6]LogGF1047ItemAttachment: Warning: Attachment Handler: failed to attach '{"ItemDefinition":"AttachID_SBK_BurstRifle_ImpactBullets","Inventory":"BPC_Inventory","SlotId":"SlotId.WeaponAttachment.01.Attachment2","Epoch":8}' - TargetComponent Not Found
[2026.09.01-02.58.11:182][172]LogNiagara: Warning: Failed to acquire niagara system NiagaraSystem /Game/VFX/NiagaraSystems/Impact/NS_Weapon_Default_Impact.NS_Weapon_Default_Impact from the pool with MaxPoolSize=32 and PoolPrimeSize=0
[2026.09.01-02.58.11:182][172]LogNiagara: Warning: Creating niagara system NS_Weapon_Default_Impact without pooling isn't recommended and will result in a hitch
[2026.09.01-02.58.11:204][173]LogStaticMesh: [SM_PortalBase_Oval_Front_V3] Mesh is marked for CPU read.
[2026.09.01-02.58.11:302][178]LogNiagara: StaticMesh data interface has no valid mesh - NiagaraDataInterfaceStaticMesh /MAP_Zenith/Zenith_Main.Zenith_Main:PersistentLevel.BP_WeaponPickup_C_2147448350.Niagara.NiagaraDataInterfaceStaticMesh_1
[2026.09.01-02.58.12:613][240]LogNiagara: StaticMesh data interface has no valid mesh - NiagaraDataInterfaceStaticMesh /MAP_Zenith/Zenith_Main.Zenith_Main:PersistentLevel.BP_WeaponPickup_C_2147448297.Niagara.NiagaraDataInterfaceStaticMesh_1
[2026.09.01-02.58.12:617][240]LogNiagara: StaticMesh data interface has no valid mesh - NiagaraDataInterfaceStaticMesh /MAP_Zenith/Zenith_Main.Zenith_Main:PersistentLevel.BP_WeaponPickup_C_2147448284.Niagara.NiagaraDataInterfaceStaticMesh_1
[2026.09.01-02.58.13:252][268]LogNiagara: StaticMesh data interface has no valid mesh - NiagaraDataInterfaceStaticMesh /MAP_Zenith/Zenith_Main.Zenith_Main:PersistentLevel.BP_WeaponPickup_C_2147448249.Niagara.NiagaraDataInterfaceStaticMesh_1
[2026.09.01-02.58.15:317][363]LogPhysics: Warning: FConstraintInstance::GetRefFrame : Contained scale.
[2026.09.01-02.58.15:364][365]LogAbilitySystem: Warning: GameplayCueNotify_Actor GCNL_Death_C_2147460428 had active timelines when it was recycled.
[2026.09.01-02.58.15:409][367]LogScript: Warning: Script Msg: Divide by zero: Divide_DoubleDouble
[2026.09.01-02.58.15:457][369]LogActorComponent: RegisterComponentWithWorld: (/MAP_Zenith/Zenith_Main.Zenith_Main:PersistentLevel.SkinBP_AER_AssaultRifle_Base_C_2147448120.StaticMeshComponent_2147448118) Already registered. Aborting.
[2026.09.01-02.58.15:476][370]LogActorComponent: RegisterComponentWithWorld: (/MAP_Zenith/Zenith_Main.Zenith_Main:PersistentLevel.SkinBP_AER_HeavyPistol_Base_C_2147448094.StaticMeshComponent_2147448092) Already registered. Aborting.
[2026.09.01-02.58.15:585][375]LogNiagara: StaticMesh data interface has no valid mesh - NiagaraDataInterfaceStaticMesh /MAP_Zenith/Zenith_Main.Zenith_Main:PersistentLevel.BP_WeaponPickup_C_2147448058.Niagara.NiagaraDataInterfaceStaticMesh_1
[2026.09.01-02.58.16:632][426]LogPhysics: Warning: FConstraintInstance::GetRefFrame : Contained scale.
[2026.09.01-02.58.16:652][427]LogPhysics: Warning: FConstraintInstance::GetRefFrame : Contained scale.
[2026.09.01-02.58.16:670][428]LogAbilitySystem: Warning: GameplayCueNotify_Actor GCNL_Death_C_2147460108 had active timelines when it was recycled.
[2026.09.01-02.58.16:672][428]LogAbilitySystem: Warning: GameplayCueNotify_Actor GCNL_Death_C_2147458980 had active timelines when it was recycled.
[2026.09.01-02.58.16:695][429]LogScript: Warning: Script Msg: Divide by zero: Divide_DoubleDouble
[2026.09.01-02.58.16:768][433]LogScript: Warning: Script Msg: Divide by zero: Divide_DoubleDouble
[2026.09.01-02.58.16:861][438]LogScript: Warning: Script Msg: Divide by zero: Divide_DoubleDouble
[2026.09.01-02.58.16:904][440]LogActorComponent: RegisterComponentWithWorld: (/MAP_Zenith/Zenith_Main.Zenith_Main:PersistentLevel.SkinBP_AER_BurstRifle_Base_C_2147447964.StaticMeshComponent_2147447962) Already registered. Aborting.
[2026.09.01-02.58.16:923][441]LogActorComponent: RegisterComponentWithWorld: (/MAP_Zenith/Zenith_Main.Zenith_Main:PersistentLevel.SkinBP_AER_SemiPistol_Base_C_2147447951.StaticMeshComponent_2147447949) Already registered. Aborting.
[2026.09.01-02.58.16:942][442]LogActorComponent: RegisterComponentWithWorld: (/MAP_Zenith/Zenith_Main.Zenith_Main:PersistentLevel.SkinBP_AER_SMG_Base_C_2147447945.StaticMeshComponent_2147447943) Already registered. Aborting.
[2026.09.01-02.58.16:962][443]LogActorComponent: RegisterComponentWithWorld: (/MAP_Zenith/Zenith_Main.Zenith_Main:PersistentLevel.SkinBP_AER_BurstPistol_Base_C_2147447935.StaticMeshComponent_2147447933) Already registered. Aborting.
[2026.09.01-02.58.17:256][458]LogPhysics: Warning: FConstraintInstance::GetRefFrame : Contained scale.
[2026.09.01-02.58.17:278][459]LogAbilitySystem: Warning: GameplayCueNotify_Actor GCNL_Death_C_2147460480 had active timelines when it was recycled.
[2026.09.01-02.58.17:330][462]LogScript: Warning: Script Msg: Divide by zero: Divide_DoubleDouble
[2026.09.01-02.58.17:351][463]LogAbilitySystem: Warning: GameplayCueNotify GameplayCue.Ability.ControlledFalling at index -1 not found in runtime cue set.
[2026.09.01-02.58.17:372][464]LogActorComponent: RegisterComponentWithWorld: (/MAP_Zenith/Zenith_Main.Zenith_Main:PersistentLevel.SkinBP_AER_Shotgun_Base_C_2147447885.StaticMeshComponent_2147447883) Already registered. Aborting.
[2026.09.01-02.58.17:389][465]LogActorComponent: RegisterComponentWithWorld: (/MAP_Zenith/Zenith_Main.Zenith_Main:PersistentLevel.SkinBP_AER_SemiPistol_Base_C_2147447875.StaticMeshComponent_2147447873) Already registered. Aborting.
[2026.09.01-02.58.19:556][575]LogPhysics: Warning: FConstraintInstance::GetRefFrame : Contained scale.
[2026.09.01-02.58.19:575][576]LogTheaterFramework1047: Warning: BP_PlayerController_C_2147469397 OnRep_ViewTargetRepState received for BP_Character_Base_C_2147447861, but we are locally viewing BP_Character_Base_C_2147448810 it has been 1.00582838e-07 since the last viewtarget was changed locally.
[2026.09.01-02.58.19:576][576]LogCore1047: Warning: UCore1047SettingDefinition::ApplyValue Classic Portal Controls is not Enabled via bEnabled so setting value will not be applied.
[2026.09.01-02.58.19:576][576]LogCore1047: Warning: UCore1047SettingDefinition::ApplyValue Classic Portal Controls is not Enabled via bEnabled so setting value will not be applied.
[2026.09.01-02.58.19:576][576]Core1047InputUserSettings: PostInitializePlayerInput >> Re-applying Player Profile Keybinds!
[2026.09.01-02.58.19:576][576]LogCore1047: Warning: UCore1047SettingDefinition::ApplyValue Classic Portal Controls is not Enabled via bEnabled so setting value will not be applied.
[2026.09.01-02.58.19:576][576]LogCore1047: Warning: UCore1047SettingDefinition::ApplyValue Classic Portal Controls is not Enabled via bEnabled so setting value will not be applied.
[2026.09.01-02.58.19:576][576]Core1047InputUserSettings: PostInitializePlayerInput >> Re-applying Player Profile Keybinds!
[2026.09.01-02.58.19:579][576]LogAnimation: Warning: SLOTNODE: 'FiringLeftSlot' in animation instance class ABP_FirstPersonBase_V5_C already exists. Remove duplicates from the animation graph for this class.
[2026.09.01-02.58.19:585][576]LogScript: Warning: Script Msg: Divide by zero: Divide_DoubleDouble
[2026.09.01-02.58.19:587][576]LogAbilitySystem: Warning: No gameplay cues found to load from object SkinBP_SBK_MartianCowgirlX_VarC_FP_C_2147447772.
[2026.09.01-02.58.19:594][577]LogAbilitySystem: Warning: GameplayCueNotify_Actor GCNL_Death_C_2147460428 had active timelines when it was recycled.
[2026.09.01-02.58.19:607][577]LogSlate: InvalidateAllWidgets triggered.  All widgets were invalidated
[2026.09.01-02.58.19:609][577]LogScript: Warning: Script Msg: Divide by zero: Divide_DoubleDouble
[2026.09.01-02.58.19:610][577]LogAbilitySystem: Warning: No gameplay cues found to load from object SkinBP_SBK_MartianCowgirlX_VarC_FP_C_2147447538.
[2026.09.01-02.58.19:631][578]AnimBlueprintLog: Warning: SLOTNODE: 'DefaultSlot' in animation instance class ABP_AER_BurstPistol_WPN_C already exists. Remove duplicates from the animation graph for this class.
[2026.09.01-02.58.19:647][579]LogGF1047ItemAttachment: Warning: GetAttachmentConfig: actor attachment fragment on '{"ItemDefinition":"AttachID_AER_BurstPistol_ImpactBullets","Inventory":"BPC_Inventory","SlotId":"SlotId.WeaponAttachment.02.Attachment1","Epoch":11}' had no valid class or override
[2026.09.01-02.58.19:672][581]LogScript: Warning: Script Msg: Divide by zero: Divide_DoubleDouble
[2026.09.01-02.58.19:690][582]LogAbilitySystem: Warning: GameplayCueNotify GameplayCue.Ability.ControlledFalling at index -1 not found in runtime cue set.
[2026.09.01-02.58.19:927][593]AnimBlueprintLog: Warning: SLOTNODE: 'DefaultSlot' in animation instance class ABP_AER_BurstPistol_WPN_C already exists. Remove duplicates from the animation graph for this class.
[2026.09.01-02.58.19:929][593]LogActorComponent: RegisterComponentWithWorld: (/MAP_Zenith/Zenith_Main.Zenith_Main:PersistentLevel.SkinBP_AER_BurstPistol_Base_C_2147447464.StaticMeshComponent_2147447462) Already registered. Aborting.
[2026.09.01-02.58.19:951][594]LogActorComponent: RegisterComponentWithWorld: (/MAP_Zenith/Zenith_Main.Zenith_Main:PersistentLevel.SkinBP_SBK_BurstRifle_Base_C_2147447457.StaticMeshComponent_2147447455) Already registered. Aborting.
[2026.09.01-02.58.19:972][595]LogGF1047ItemAttachment: Warning: GetAttachmentConfig: actor attachment fragment on '{"ItemDefinition":"AttachID_AER_BurstPistol_ImpactBullets","Inventory":"BPC_Inventory","SlotId":"SlotId.WeaponAttachment.02.Attachment1","Epoch":11}' had no valid class or override
[2026.09.01-02.58.19:994][596]LogGF1047ItemAttachment: Warning: Attachment Handler: failed to attach '{"ItemDefinition":"AttachID_SBK_BurstRifle_RapidFire","Inventory":"BPC_Inventory","SlotId":"SlotId.WeaponAttachment.01.Attachment1","Epoch":9}' - TargetComponent Not Found
[2026.09.01-02.58.20:017][597]LogGF1047ItemAttachment: Warning: Attachment Handler: failed to attach '{"ItemDefinition":"AttachID_SBK_BurstRifle_ImpactBullets","Inventory":"BPC_Inventory","SlotId":"SlotId.WeaponAttachment.01.Attachment2","Epoch":9}' - TargetComponent Not Found
[2026.09.01-02.58.21:196][648]LogNiagara: StaticMesh data interface has no valid mesh - NiagaraDataInterfaceStaticMesh /MAP_Zenith/Zenith_Main.Zenith_Main:PersistentLevel.BP_WeaponPickup_C_2147447417.Niagara.NiagaraDataInterfaceStaticMesh_1
[2026.09.01-02.58.21:679][666]LogNiagara: StaticMesh data interface has no valid mesh - NiagaraDataInterfaceStaticMesh /MAP_Zenith/Zenith_Main.Zenith_Main:PersistentLevel.BP_WeaponPickup_C_2147447392.Niagara.NiagaraDataInterfaceStaticMesh_1
[2026.09.01-02.58.23:154][742]LogNiagara: StaticMesh data interface has no valid mesh - NiagaraDataInterfaceStaticMesh /MAP_Zenith/Zenith_Main.Zenith_Main:PersistentLevel.BP_WeaponPickup_C_2147447375.Niagara.NiagaraDataInterfaceStaticMesh_1
[2026.09.01-02.58.25:210][854]LogPhysics: Warning: FConstraintInstance::GetRefFrame : Contained scale.
[2026.09.01-02.58.25:286][858]LogScript: Warning: Script Msg: Divide by zero: Divide_DoubleDouble
[2026.09.01-02.58.25:324][860]LogActorComponent: RegisterComponentWithWorld: (/MAP_Zenith/Zenith_Main.Zenith_Main:PersistentLevel.SkinBP_AER_BurstRifle_Base_C_2147447312.StaticMeshComponent_2147447310) Already registered. Aborting.
[2026.09.01-02.58.25:343][861]LogActorComponent: RegisterComponentWithWorld: (/MAP_Zenith/Zenith_Main.Zenith_Main:PersistentLevel.SkinBP_AER_SemiPistol_Base_C_2147447299.StaticMeshComponent_2147447297) Already registered. Aborting.
[2026.09.01-02.58.25:642][876]LogPhysics: Warning: FConstraintInstance::GetRefFrame : Contained scale.
[2026.09.01-02.58.25:724][880]LogScript: Warning: Script Msg: Divide by zero: Divide_DoubleDouble
[2026.09.01-02.58.25:744][881]LogAbilitySystem: Warning: GameplayCueNotify GameplayCue.Ability.ControlledFalling at index -1 not found in runtime cue set.
[2026.09.01-02.58.25:763][882]LogActorComponent: RegisterComponentWithWorld: (/MAP_Zenith/Zenith_Main.Zenith_Main:PersistentLevel.SkinBP_SBK_Carbine_Base_C_2147447239.StaticMeshComponent_2147447237) Already registered. Aborting.
[2026.09.01-02.58.25:783][883]LogActorComponent: RegisterComponentWithWorld: (/MAP_Zenith/Zenith_Main.Zenith_Main:PersistentLevel.SkinBP_SBK_SemiPistol_Base_C_2147447227.StaticMeshComponent_2147447225) Already registered. Aborting.
[2026.09.01-02.58.26:712][931]Log1047GameFramework: Error: FillInvalidSlot cannot fill parent LoadoutContext.BaseItem as the slot does not exist in the loadout definition
[2026.09.01-02.58.26:713][931]Log1047GameFramework: Warning: FillInvalidSlot failed to find a parent item in LoadoutContext.BaseItem to get a default item from
[2026.09.01-02.58.26:713][931]Log1047GameFramework: Warning: FillInvalidSlot failed to find a parent item in LoadoutSlot.Cosmetics.Weapon.Skin to get a default item from
[2026.09.01-02.58.26:714][931]Log1047GameFramework: Warning: FillInvalidSlot failed to find a parent item in LoadoutSlot.Cosmetics.Weapon.Skin to get a default item from
[2026.09.01-02.58.26:715][931]Log1047GameFramework: Warning: FillInvalidSlot failed to find a parent item in LoadoutSlot.Cosmetics.Weapon.Skin to get a default item from
[2026.09.01-02.58.26:716][931]Log1047GameFramework: Warning: FillInvalidSlot failed to find a parent item in LoadoutSlot.Cosmetics.Weapon.Skin to get a default item from
[2026.09.01-02.58.26:770][934]LogNiagara: StaticMesh data interface has no valid mesh - NiagaraDataInterfaceStaticMesh /MAP_Zenith/Zenith_Main.Zenith_Main:PersistentLevel.BP_WeaponPickup_C_2147447205.Niagara.NiagaraDataInterfaceStaticMesh_1
[2026.09.01-02.58.26:776][934]Log1047GameFramework: Error: FillInvalidSlot cannot fill parent LoadoutContext.BaseItem as the slot does not exist in the loadout definition
[2026.09.01-02.58.26:776][934]Log1047GameFramework: Warning: FillInvalidSlot failed to find a parent item in LoadoutContext.BaseItem to get a default item from
[2026.09.01-02.58.26:777][934]Log1047GameFramework: Warning: FillInvalidSlot failed to find a parent item in LoadoutSlot.Cosmetics.Weapon.Skin to get a default item from
[2026.09.01-02.58.26:778][934]Log1047GameFramework: Warning: FillInvalidSlot failed to find a parent item in LoadoutSlot.Cosmetics.Weapon.Skin to get a default item from
[2026.09.01-02.58.26:779][934]Log1047GameFramework: Warning: FillInvalidSlot failed to find a parent item in LoadoutSlot.Cosmetics.Weapon.Skin to get a default item from
[2026.09.01-02.58.26:781][934]Log1047GameFramework: Warning: FillInvalidSlot failed to find a parent item in LoadoutSlot.Cosmetics.Weapon.Skin to get a default item from
[2026.09.01-02.58.26:782][934]LogGF1047Inventory: Warning: Cosmetic selection: server rejected loadout for {"ItemDefinition":"ID_ChargeCarbine_Meridian","Inventory":"BPC_Inventory","SlotId":"SlotId.Weapon.02","Epoch":12}
[2026.09.01-02.58.26:850][938]LogGF1047Inventory: Warning: Cosmetic selection: server rejected loadout for {"ItemDefinition":"ID_ChargeCarbine_Meridian","Inventory":"BPC_Inventory","SlotId":"SlotId.Weapon.02","Epoch":12}
[2026.09.01-02.58.27:164][955]LogPhysics: Warning: FConstraintInstance::GetRefFrame : Contained scale.
[2026.09.01-02.58.27:203][957]LogAbilitySystem: Warning: GameplayCueNotify_Actor GCNL_Death_C_2147460428 had active timelines when it was recycled.
[2026.09.01-02.58.27:246][959]LogScript: Warning: Script Msg: Divide by zero: Divide_DoubleDouble
[2026.09.01-02.58.27:289][961]LogActorComponent: RegisterComponentWithWorld: (/MAP_Zenith/Zenith_Main.Zenith_Main:PersistentLevel.SkinBP_SBK_BurstRifle_Base_C_2147447089.StaticMeshComponent_2147447087) Already registered. Aborting.
[2026.09.01-02.58.27:311][962]LogActorComponent: RegisterComponentWithWorld: (/MAP_Zenith/Zenith_Main.Zenith_Main:PersistentLevel.SkinBP_SBK_BurstPistol_Base_C_2147447077.StaticMeshComponent_2147447075) Already registered. Aborting.
[2026.09.01-02.58.28:295][998]LogActorComponent: Error: May not destroy component NiagaraComponent /MAP_Zenith/Zenith_Main.Zenith_Main:PersistentLevel.PortalWarsWorldSettings.NiagaraComponent_2147459065 owned by PortalWarsWorldSettings /MAP_Zenith/Zenith_Main.Zenith_Main:PersistentLevel.PortalWarsWorldSettings.
[2026.09.01-02.58.30:673][104]LogNiagara: StaticMesh data interface has no valid mesh - NiagaraDataInterfaceStaticMesh /MAP_Zenith/Zenith_Main.Zenith_Main:PersistentLevel.BP_WeaponPickup_C_2147447016.Niagara.NiagaraDataInterfaceStaticMesh_1
[2026.09.01-02.58.31:542][145]LogNiagara: StaticMesh data interface has no valid mesh - NiagaraDataInterfaceStaticMesh /MAP_Zenith/Zenith_Main.Zenith_Main:PersistentLevel.BP_WeaponPickup_C_2147446994.Niagara.NiagaraDataInterfaceStaticMesh_1
[2026.09.01-02.58.31:842][158]LogNiagara: StaticMesh data interface has no valid mesh - NiagaraDataInterfaceStaticMesh /MAP_Zenith/Zenith_Main.Zenith_Main:PersistentLevel.BP_WeaponPickup_C_2147446959.Niagara.NiagaraDataInterfaceStaticMesh_1
[2026.09.01-02.58.32:061][166]LogEOSSDK: LogEOS: Updating Product SDK Config, Time: 329.661560
[2026.09.01-02.58.32:316][175]LogEOSSDK: LogEOS: SDK Config Product Update Request Completed - No Change
[2026.09.01-02.58.32:316][176]LogEOSSDK: LogEOS: ScheduleNextSDKConfigDataUpdate - Time: 329.892303, Update Interval: 348.940094
[2026.09.01-02.58.34:781][284]LogPhysics: Warning: FConstraintInstance::GetRefFrame : Contained scale.
[2026.09.01-02.58.34:804][285]LogAbilitySystem: Warning: GameplayCueNotify_Actor GCNL_Death_C_2147460428 had active timelines when it was recycled.
[2026.09.01-02.58.34:863][288]LogNiagara: StaticMesh data interface has no valid mesh - NiagaraDataInterfaceStaticMesh /MAP_Zenith/Zenith_Main.Zenith_Main:PersistentLevel.BP_WeaponPickup_C_2147446867.Niagara.NiagaraDataInterfaceStaticMesh_1
[2026.09.01-02.58.34:868][288]LogScript: Warning: Script Msg: Divide by zero: Divide_DoubleDouble
[2026.09.01-02.58.34:907][290]LogActorComponent: RegisterComponentWithWorld: (/MAP_Zenith/Zenith_Main.Zenith_Main:PersistentLevel.SkinBP_AER_AssaultRifle_Base_C_2147446851.StaticMeshComponent_2147446849) Already registered. Aborting.
[2026.09.01-02.58.34:928][291]LogActorComponent: RegisterComponentWithWorld: (/MAP_Zenith/Zenith_Main.Zenith_Main:PersistentLevel.SkinBP_AER_HeavyPistol_Base_C_2147446841.StaticMeshComponent_2147446839) Already registered. Aborting.
[2026.09.01-02.58.34:992][294]LogNiagara: StaticMesh data interface has no valid mesh - NiagaraDataInterfaceStaticMesh /MAP_Zenith/Zenith_Main.Zenith_Main:PersistentLevel.BP_WeaponPickup_C_2147446834.Niagara.NiagaraDataInterfaceStaticMesh_1
[2026.09.01-02.58.35:616][320]LogPhysics: Warning: FConstraintInstance::GetRefFrame : Contained scale.
[2026.09.01-02.58.35:642][321]LogAbilitySystem: Warning: GameplayCueNotify_Actor GCNL_Death_C_2147460480 had active timelines when it was recycled.
[2026.09.01-02.58.35:717][324]LogScript: Warning: Script Msg: Divide by zero: Divide_DoubleDouble
[2026.09.01-02.58.35:767][326]LogActorComponent: RegisterComponentWithWorld: (/MAP_Zenith/Zenith_Main.Zenith_Main:PersistentLevel.SkinBP_AER_BurstRifle_Base_C_2147446780.StaticMeshComponent_2147446778) Already registered. Aborting.
[2026.09.01-02.58.35:791][327]LogActorComponent: RegisterComponentWithWorld: (/MAP_Zenith/Zenith_Main.Zenith_Main:PersistentLevel.SkinBP_AER_SemiPistol_Base_C_2147446767.StaticMeshComponent_2147446765) Already registered. Aborting.
[2026.09.01-02.58.35:841][329]LogPhysics: Warning: FConstraintInstance::GetRefFrame : Contained scale.
[2026.09.01-02.58.35:869][330]LogAbilitySystem: Warning: GameplayCueNotify_Actor GCNL_Death_C_2147458980 had active timelines when it was recycled.
[2026.09.01-02.58.35:947][333]LogScript: Warning: Script Msg: Divide by zero: Divide_DoubleDouble
[2026.09.01-02.58.35:999][335]LogActorComponent: RegisterComponentWithWorld: (/MAP_Zenith/Zenith_Main.Zenith_Main:PersistentLevel.SkinBP_AER_SMG_Base_C_2147446718.StaticMeshComponent_2147446716) Already registered. Aborting.
[2026.09.01-02.58.36:025][336]LogActorComponent: RegisterComponentWithWorld: (/MAP_Zenith/Zenith_Main.Zenith_Main:PersistentLevel.SkinBP_AER_BurstPistol_Base_C_2147446708.StaticMeshComponent_2147446706) Already registered. Aborting.
[2026.09.01-02.58.36:527][356]LogRHI: Display: Encountered a new graphics PSO: 1371373090
[2026.09.01-02.58.36:527][356]LogRHI: Display: Encountered a new graphics PSO: 3315620843
[2026.09.01-02.58.36:527][356]LogRHI: Display: Encountered a new graphics PSO: 3693826575
[2026.09.01-02.58.36:527][356]LogRHI: Display: Encountered a new graphics PSO: 1211529158
[2026.09.01-02.58.36:527][356]LogRHI: Display: Encountered a new graphics PSO: 477922112
[2026.09.01-02.58.36:527][356]LogRHI: Display: Encountered a new graphics PSO: 3460726760
[2026.09.01-02.58.36:599][358]LogAbilitySystem: Display: GameplayCueNotify /EQP_AER_PortaPortal/GameplayAbilities/GameplayCues/GCN_PortaPortal_Fire.GCN_PortaPortal_Fire_C was not loaded when GameplayCue was invoked. Starting async loading.
[2026.09.01-02.58.36:628][359]LogNiagara: Warning: Failed to acquire niagara system NiagaraSystem /EQP_AER_PortaPortal/Skins/VFX/VFX_V2/NS_Aeros_PortaPortal_EquipmentSpray.NS_Aeros_PortaPortal_EquipmentSpray from the pool with MaxPoolSize=32 and PoolPrimeSize=0
[2026.09.01-02.58.36:628][359]LogNiagara: Warning: Creating niagara system NS_Aeros_PortaPortal_EquipmentSpray without pooling isn't recommended and will result in a hitch
[2026.09.01-02.58.36:830][367]LogAbilitySystem: Display: GameplayCueNotify /EQP_AER_PortaPortal/GameplayAbilities/GameplayCues/GCN_PortaPortal_Create.GCN_PortaPortal_Create_C was not loaded when GameplayCue was invoked. Starting async loading.
[2026.09.01-02.58.36:833][367]LogStaticMesh: [SM_VFX_Sphere_01] Mesh is marked for CPU read.
[2026.09.01-02.58.36:887][369]LogNiagara: Warning: Failed to acquire niagara system NiagaraSystem /EQP_AER_PortaPortal/Skins/VFX/VFX_V2/NS_Aeros_PortaPortal_PortalOpen.NS_Aeros_PortaPortal_PortalOpen from the pool with MaxPoolSize=32 and PoolPrimeSize=0
[2026.09.01-02.58.36:887][369]LogNiagara: Warning: Creating niagara system NS_Aeros_PortaPortal_PortalOpen without pooling isn't recommended and will result in a hitch
[2026.09.01-02.58.37:098][377]LogStaticMesh: [SM_PortalBase_Oval_Front_V3] Mesh is marked for CPU read.
[2026.09.01-02.58.38:886][459]LogPhysics: Warning: FConstraintInstance::GetRefFrame : Contained scale.
[2026.09.01-02.58.38:947][462]LogPhysics: Warning: FConstraintInstance::GetRefFrame : Contained scale.
[2026.09.01-02.58.38:970][463]LogAbilitySystem: Warning: GameplayCueNotify_Actor GCNL_Death_C_2147460428 had active timelines when it was recycled.
[2026.09.01-02.58.38:973][463]LogScript: Warning: Script Msg: Divide by zero: Divide_DoubleDouble
[2026.09.01-02.58.39:013][465]LogActorComponent: RegisterComponentWithWorld: (/MAP_Zenith/Zenith_Main.Zenith_Main:PersistentLevel.SkinBP_AER_BurstRifle_Base_C_2147446602.StaticMeshComponent_2147446600) Already registered. Aborting.
[2026.09.01-02.58.39:098][469]LogScript: Warning: Script Msg: Divide by zero: Divide_DoubleDouble
[2026.09.01-02.58.39:140][471]LogActorComponent: RegisterComponentWithWorld: (/MAP_Zenith/Zenith_Main.Zenith_Main:PersistentLevel.SkinBP_AER_SemiPistol_Base_C_2147446580.StaticMeshComponent_2147446578) Already registered. Aborting.
[2026.09.01-02.58.39:161][472]LogActorComponent: RegisterComponentWithWorld: (/MAP_Zenith/Zenith_Main.Zenith_Main:PersistentLevel.SkinBP_SBK_BurstRifle_Base_C_2147446574.StaticMeshComponent_2147446572) Already registered. Aborting.
[2026.09.01-02.58.39:184][473]LogActorComponent: RegisterComponentWithWorld: (/MAP_Zenith/Zenith_Main.Zenith_Main:PersistentLevel.SkinBP_SBK_BurstPistol_Base_C_2147446564.StaticMeshComponent_2147446562) Already registered. Aborting.
[2026.09.01-02.58.42:287][623]LogNiagara: StaticMesh data interface has no valid mesh - NiagaraDataInterfaceStaticMesh /MAP_Zenith/Zenith_Main.Zenith_Main:PersistentLevel.BP_WeaponPickup_C_2147446519.Niagara.NiagaraDataInterfaceStaticMesh_1
[2026.09.01-02.58.42:685][644]LogAbilitySystem: Display: GameplayCueNotify /EQP_AER_PortaPortal/GameplayAbilities/GameplayCues/GCN_PortaPortal_Destroy.GCN_PortaPortal_Destroy_C was not loaded when GameplayCue was invoked. Starting async loading.
[2026.09.01-02.58.42:732][646]LogNiagara: Warning: Failed to acquire niagara system NiagaraSystem /EQP_AER_PortaPortal/Skins/VFX/VFX_V2/NS_Aeros_PortaPortal_Destroy.NS_Aeros_PortaPortal_Destroy from the pool with MaxPoolSize=32 and PoolPrimeSize=0
[2026.09.01-02.58.42:732][646]LogNiagara: Warning: Creating niagara system NS_Aeros_PortaPortal_Destroy without pooling isn't recommended and will result in a hitch
[2026.09.01-02.58.43:784][688]LogNiagara: StaticMesh data interface has no valid mesh - NiagaraDataInterfaceStaticMesh /MAP_Zenith/Zenith_Main.Zenith_Main:PersistentLevel.BP_WeaponPickup_C_2147446473.Niagara.NiagaraDataInterfaceStaticMesh_1
[2026.09.01-02.58.45:793][776]LogStaticMesh: [SM_PortalBase_Oval_Front_V3] Mesh is marked for CPU read.
[2026.09.01-02.58.46:294][826]LogPhysics: Warning: FConstraintInstance::GetRefFrame : Contained scale.
[2026.09.01-02.58.46:320][828]LogAbilitySystem: Warning: GameplayCueNotify_Actor GCNL_Death_C_2147460428 had active timelines when it was recycled.
[2026.09.01-02.58.46:345][830]LogScript: Warning: Script Msg: Divide by zero: Divide_DoubleDouble
[2026.09.01-02.58.46:371][832]LogActorComponent: RegisterComponentWithWorld: (/MAP_Zenith/Zenith_Main.Zenith_Main:PersistentLevel.SkinBP_AER_BurstRifle_Base_C_2147446403.StaticMeshComponent_2147446401) Already registered. Aborting.
[2026.09.01-02.58.46:384][833]LogActorComponent: RegisterComponentWithWorld: (/MAP_Zenith/Zenith_Main.Zenith_Main:PersistentLevel.SkinBP_AER_SemiPistol_Base_C_2147446390.StaticMeshComponent_2147446388) Already registered. Aborting.
[2026.09.01-02.58.47:160][912]LogNiagara: StaticMesh data interface has no valid mesh - NiagaraDataInterfaceStaticMesh /MAP_Zenith/Zenith_Main.Zenith_Main:PersistentLevel.BP_WeaponPickup_C_2147446371.Niagara.NiagaraDataInterfaceStaticMesh_1
[2026.09.01-02.58.47:785][980]LogPhysics: Warning: FConstraintInstance::GetRefFrame : Contained scale.
[2026.09.01-02.58.47:807][982]LogAbilitySystem: Warning: GameplayCueNotify_Actor GCNL_Death_C_2147458980 had active timelines when it was recycled.
[2026.09.01-02.58.47:832][984]LogScript: Warning: Script Msg: Divide by zero: Divide_DoubleDouble
[2026.09.01-02.58.47:850][986]LogActorComponent: RegisterComponentWithWorld: (/MAP_Zenith/Zenith_Main.Zenith_Main:PersistentLevel.SkinBP_AER_AssaultRifle_Base_C_2147446321.StaticMeshComponent_2147446319) Already registered. Aborting.
[2026.09.01-02.58.47:861][987]LogActorComponent: RegisterComponentWithWorld: (/MAP_Zenith/Zenith_Main.Zenith_Main:PersistentLevel.SkinBP_AER_HeavyPistol_Base_C_2147446311.StaticMeshComponent_2147446309) Already registered. Aborting.
[2026.09.01-02.58.50:492][288]LogNiagara: StaticMesh data interface has no valid mesh - NiagaraDataInterfaceStaticMesh /MAP_Zenith/Zenith_Main.Zenith_Main:PersistentLevel.BP_WeaponPickup_C_2147446241.Niagara.NiagaraDataInterfaceStaticMesh_1
[2026.09.01-02.58.51:168][358]LogPhysics: Warning: FConstraintInstance::GetRefFrame : Contained scale.
[2026.09.01-02.58.51:217][362]LogScript: Warning: Script Msg: Divide by zero: Divide_DoubleDouble
[2026.09.01-02.58.51:235][364]LogActorComponent: RegisterComponentWithWorld: (/MAP_Zenith/Zenith_Main.Zenith_Main:PersistentLevel.SkinBP_AER_BurstRifle_Base_C_2147446190.StaticMeshComponent_2147446188) Already registered. Aborting.
[2026.09.01-02.58.51:246][365]LogActorComponent: RegisterComponentWithWorld: (/MAP_Zenith/Zenith_Main.Zenith_Main:PersistentLevel.SkinBP_AER_SemiPistol_Base_C_2147446177.StaticMeshComponent_2147446175) Already registered. Aborting.
[2026.09.01-02.58.51:996][448]LogActorComponent: Error: May not destroy component NiagaraComponent /MAP_Zenith/Zenith_Main.Zenith_Main:PersistentLevel.PortalWarsWorldSettings.NiagaraComponent_2147459065 owned by PortalWarsWorldSettings /MAP_Zenith/Zenith_Main.Zenith_Main:PersistentLevel.PortalWarsWorldSettings.
[2026.09.01-02.58.52:973][563]LogNiagara: StaticMesh data interface has no valid mesh - NiagaraDataInterfaceStaticMesh /MAP_Zenith/Zenith_Main.Zenith_Main:PersistentLevel.BP_WeaponPickup_C_2147446143.Niagara.NiagaraDataInterfaceStaticMesh_1
[2026.09.01-02.58.52:974][563]LogUI1047WidgetPool: Warning: Failed pool request for widget WBP_Banner_KnockedOut_C, available: 0, taken: 1, target: 0 0
[2026.09.01-02.58.52:980][563]LogPortalWarsUI: Outro-ing all 0 transition stingers
[2026.09.01-02.58.53:753][646]LogStaticMesh: [SM_PortalBase_Oval_Front_V3] Mesh is marked for CPU read.
[2026.09.01-02.58.54:678][724]LogNiagara: StaticMesh data interface has no valid mesh - NiagaraDataInterfaceStaticMesh /MAP_Zenith/Zenith_Main.Zenith_Main:PersistentLevel.BP_WeaponPickup_C_2147446100.Niagara.NiagaraDataInterfaceStaticMesh_1
[2026.09.01-02.58.54:999][752]LogSlate: InvalidateAllWidgets triggered.  All widgets were invalidated
[2026.09.01-02.58.58:181][ 65]LogNiagara: StaticMesh data interface has no valid mesh - NiagaraDataInterfaceStaticMesh /MAP_Zenith/Zenith_Main.Zenith_Main:PersistentLevel.BP_WeaponPickup_C_2147446065.Niagara.NiagaraDataInterfaceStaticMesh_1
[2026.09.01-02.58.59:681][230]LogAbilitySystem: Warning: GameplayCueNotify_Actor GCNL_Death_C_2147458980 had active timelines when it was recycled.
[2026.09.01-02.58.59:717][233]LogSlate: InvalidateAllWidgets triggered.  All widgets were invalidated
[2026.09.01-02.59.00:972][381]LogStreaming: Display: FlushAsyncLoading(4185): 1 QueuedPackages, 0 AsyncPackages
[2026.09.01-02.59.00:993][381]LogPortalWarsUI: Created transition stinger of type /Game/UI/Stinger/WBP_PostMatchTransitionStinger.WBP_PostMatchTransitionStinger_C
[2026.09.01-02.59.01:964][493]LogNiagara: StaticMesh data interface has no valid mesh - NiagaraDataInterfaceStaticMesh /MAP_Zenith/Zenith_Main.Zenith_Main:PersistentLevel.BP_WeaponPickup_C_2147445854.Niagara.NiagaraDataInterfaceStaticMesh_1
[2026.09.01-02.59.02:085][506]LogNiagara: StaticMesh data interface has no valid mesh - NiagaraDataInterfaceStaticMesh /MAP_Zenith/Zenith_Main.Zenith_Main:PersistentLevel.BP_WeaponPickup_C_2147445846.Niagara.NiagaraDataInterfaceStaticMesh_1
[2026.09.01-02.59.03:043][609]LogAbilitySystem: Warning: GameplayCueNotify_Actor GCNL_Death_C_2147458980 has active latent actions (Delays, etc) when it was recycled.
[2026.09.01-02.59.03:055][610]LogAbilitySystem: Warning: GameplayCueNotify_Actor GCNL_Death_C_2147460428 had active timelines when it was recycled.
[2026.09.01-02.59.03:062][611]LogGF1047Experience: UnloadCurrentExperience from state Loaded
[2026.09.01-02.59.03:063][611]LogGF1047Scheduler: Unregistering variant schedule from game options (0 triggers)
[2026.09.01-02.59.03:069][611]LogUI1047WidgetPool: Warning: Failed to satisfy 1 creation requests for widget WBP_Banner_KnockedOut_C
[2026.09.01-02.59.03:081][611]LogActorPool: Clearing all actor pools
[2026.09.01-02.59.03:082][611]LogGF1047Experience: Starting experience load (CLIENT): Default__EXP_PostGame_Generic_C
[2026.09.01-02.59.03:082][611]LogStreamableManager: Display: RequestAsyncLoad() called with empty or only null assets!
[2026.09.01-02.59.03:232][611]LogUObjectHash: Compacting FUObjectHashTables data took   2.93ms
[2026.09.01-02.59.03:291][613]LogGF1047Experience: Experience load complete (CLIENT): Default__EXP_PostGame_Generic_C
[2026.09.01-02.59.03:292][613]LogStreaming: Display: FlushAsyncLoading(4192): 1 QueuedPackages, 0 AsyncPackages
[2026.09.01-02.59.03:294][613]LogStreamableManager: Display: RequestAsyncLoad() called with empty or only null assets!
[2026.09.01-02.59.03:294][613]LogGF1047SublevelComponent: /Game/Maps/WinningCircle/WinningCircle.WinningCircle is being added as a level instance
[2026.09.01-02.59.03:295][613]LogPortalWarsUI: Reusing existing active stinger but taking over ownership
[2026.09.01-02.59.03:296][613]Log1047GameFramework: Warning: FillInvalidSlot failed to find a parent item in LoadoutSlot.Skin.Generic to get a default item from
[2026.09.01-02.59.03:300][613]LogUI1047GameOptions: Warning: Unsupported struct property type for option 'GameOptions.Property.Weapons.AmmoGrantMelee'
[2026.09.01-02.59.03:300][613]LogUI1047GameOptions: Warning: Unsupported struct property type for option 'GameOptions.Property.Weapons.AmmoGrantAmountMelee'
[2026.09.01-02.59.03:300][613]LogUI1047GameOptions: Warning: Unsupported struct property type for option 'GameOptions.Property.Weapons.AmmoGrantRanged'
[2026.09.01-02.59.03:300][613]LogUI1047GameOptions: Warning: Unsupported struct property type for option 'GameOptions.Property.Weapons.AmmoGrantAmountRanged'
[2026.09.01-02.59.03:300][613]LogUI1047GameOptions: Warning: Unsupported struct property type for option 'GameOptions.Property.Weapons.StartingAmmoRestriction'
[2026.09.01-02.59.03:300][614]LogUI1047GameOptions: Warning: Unsupported property type for option 'GameOptions.Property.FactionSelection.RestrictToFactions'
[2026.09.01-02.59.03:300][614]LogUI1047GameOptions: Warning: Unsupported struct property type for option 'GameOptions.Property.FactionSelection.CustomLoadouts'
[2026.09.01-02.59.03:300][614]LogUI1047GameOptions: Warning: Unsupported property type for option 'GameOptions.Property.ItemPads.ItemPadTypes'
[2026.09.01-02.59.03:300][614]LogUI1047GameOptions: Warning: Unsupported struct property type for option 'GameOptions.Property.BotSpawning.Difficulty'
[2026.09.01-02.59.03:300][614]LogUI1047GameOptions: Warning: Unsupported struct property type for option 'GameOptions.Property.BotSpawning.FactionLoadoutOptions'
[2026.09.01-02.59.03:300][614]LogUI1047GameOptions: Warning: Unsupported struct property type for option 'GameOptions.Property.Weapons.AmmoGrantMelee'
[2026.09.01-02.59.03:300][614]LogUI1047GameOptions: Warning: Unsupported struct property type for option 'GameOptions.Property.Weapons.AmmoGrantAmountMelee'
[2026.09.01-02.59.03:300][614]LogUI1047GameOptions: Warning: Unsupported struct property type for option 'GameOptions.Property.Weapons.AmmoGrantRanged'
[2026.09.01-02.59.03:300][614]LogUI1047GameOptions: Warning: Unsupported struct property type for option 'GameOptions.Property.Weapons.AmmoGrantAmountRanged'
[2026.09.01-02.59.03:300][614]LogUI1047GameOptions: Warning: Unsupported struct property type for option 'GameOptions.Property.Weapons.StartingAmmoRestriction'
[2026.09.01-02.59.03:301][614]LogUI1047GameOptions: Warning: Unsupported property type for option 'GameOptions.Property.FactionSelection.RestrictToFactions'
[2026.09.01-02.59.03:301][614]LogUI1047GameOptions: Warning: Unsupported struct property type for option 'GameOptions.Property.FactionSelection.CustomLoadouts'
[2026.09.01-02.59.03:301][614]LogUI1047GameOptions: Warning: Unsupported property type for option 'GameOptions.Property.ItemPads.ItemPadTypes'
[2026.09.01-02.59.03:301][614]LogUI1047GameOptions: Warning: Unsupported struct property type for option 'GameOptions.Property.BotSpawning.Difficulty'
[2026.09.01-02.59.03:301][614]LogUI1047GameOptions: Warning: Unsupported struct property type for option 'GameOptions.Property.BotSpawning.FactionLoadoutOptions'
[2026.09.01-02.59.03:317][614]LogPortalWarsUI: Configuring InGameOptionsViewModel from lobby
[2026.09.01-02.59.03:377][620]LogWwiseResourceLoader: GetLanguageMapKey: Could not find language English(US) while processing asset None.
[2026.09.01-02.59.03:377][620]LogWwiseResourceLoader: Error: CreateEventNode: Could not find language for Event None (0)
[2026.09.01-02.59.03:581][644]LogSlate: InvalidateAllWidgets triggered.  All widgets were invalidated
[2026.09.01-02.59.03:643][650]LogAkAudio: UAkAudioEvent::LoadEventData(play_sx_postmatch_mvp_whoosh): Could not LoadEvent
[2026.09.01-02.59.03:856][667]LogWorldPartition: ULevel::OnLevelLoaded(WinningCircle)(bIsOwningWorldGameWorld=1, bIsOwningWorldPartitioned=0, InitializeForMainWorld=0, InitializeForEditor=0, InitializeForGame=1)
[2026.09.01-02.59.03:866][668]LogWorldPartition: Display: WorldPartition initialize started...
[2026.09.01-02.59.03:867][668]LogWorldPartition: UWorldPartition::Initialize : World = /Game/Maps/WinningCircle/WinningCircle_LevelInstance_1.WinningCircle, World Type = Game, IsMainWorldPartition = 0, Location = V(X=10000000.00, Y=-10000000.00), Rotation = R(0), IsEditor = 0, IsGame = 1, IsPIEWorldTravel = 0, IsCooking = 0
[2026.09.01-02.59.03:867][668]LogWorldPartition: UWorldPartition::Initialize Context : World NetMode = Client, IsServer = 0, IsDedicatedServer = 0, IsServerStreamingEnabled = 0, IsServerStreamingOutEnabled = 0, IsUsingMakingVisibleTransaction = 0, IsUsingMakingInvisibleTransaction = 0
[2026.09.01-02.59.03:872][669]LogWorldPartition: Display: WorldPartition initialize took 6.132 ms (total: 6.267 ms)
[2026.09.01-02.59.05:641][790]LogCore1047InputSubsystem: Apply input mode: ECore1047InputMethod::MouseAndKeyboard
[2026.09.01-02.59.05:641][790]LogSlate: User[0] UsePlatformCursorForCursorUser(true)
[2026.09.01-02.59.13:772][127]LogStreaming: Display: UWorld::AddToWorld: routing Initialize on actors for /Game/Maps/WinningCircle/WinningCircle_LevelInstance_1 took (less than) 23.90 ms
[2026.09.01-02.59.13:880][131]LogSlate: InvalidateAllWidgets triggered.  All widgets were invalidated
[2026.09.01-02.59.14:021][135]LogGF1047SublevelComponent: Core1047NonReplicatedLevelStreamingDynamic_2147445670 has finished loading, broadcasting
[2026.09.01-02.59.14:371][137]LogViewport: Display: Viewport MouseLockMode Changed, LockOnCapture -> LockInFullscreen
[2026.09.01-02.59.14:371][137]LogViewport: Display: Viewport MouseCaptureMode Changed, CapturePermanently -> CaptureDuringRightMouseDown
[2026.09.01-02.59.14:371][137]LogViewport: Display: Player bShowMouseCursor Changed, False -> True
[2026.09.01-02.59.14:375][137]LogPortalWarsUI: Outro-ing all 0 transition stingers
[2026.09.01-02.59.14:382][138]LogSlate: InvalidateAllWidgets triggered.  All widgets were invalidated
[2026.09.01-02.59.15:080][184]LogNiagara: Warning: NiagaraComponent(NiagaraComponent /MAP_Zenith/Zenith_Main.Zenith_Main:PersistentLevel.NiagaraActor_UAID_50EBF63EE53CC7A002_UAID_50EBF63EE53C7FA102_2147444499.NiagaraComponent0 - NiagaraSystem /Game/VFX/NiagaraSystems/Cinematic/WinningCircle/Confetti/NS_CINE_WinningCircle_VerticalVelocity_Confetti_01.NS_CINE_WinningCircle_VerticalVelocity_Confetti_01) required LWC tile recache and was reset.
[2026.09.01-02.59.15:080][184]LogNiagara: Warning: NiagaraComponent(NiagaraComponent /MAP_Zenith/Zenith_Main.Zenith_Main:PersistentLevel.NiagaraActor_UAID_50EBF63EE53CC8A002_UAID_50EBF63EE53C7FA102_2147444497.NiagaraComponent0 - NiagaraSystem /Game/VFX/NiagaraSystems/Cinematic/WinningCircle/Confetti/NS_CINE_WinningCircle_VerticalVelocity_Confetti_01.NS_CINE_WinningCircle_VerticalVelocity_Confetti_01) required LWC tile recache and was reset.
[2026.09.01-02.59.15:080][184]LogNiagara: Warning: NiagaraComponent(NiagaraComponent /MAP_Zenith/Zenith_Main.Zenith_Main:PersistentLevel.NiagaraActor_UAID_50EBF63EE53CC8A002_UAID_50EBF63EE53C7FA102_2147444495.NiagaraComponent0 - NiagaraSystem /Game/VFX/NiagaraSystems/Cinematic/WinningCircle/Confetti/NS_CINE_WinningCircle_VerticalVelocity_Confetti_01.NS_CINE_WinningCircle_VerticalVelocity_Confetti_01) required LWC tile recache and was reset.
[2026.09.01-02.59.15:080][184]LogNiagara: Warning: NiagaraComponent(NiagaraComponent /MAP_Zenith/Zenith_Main.Zenith_Main:PersistentLevel.NiagaraActor_UAID_50EBF63EE53C01A102_2147444498.NiagaraComponent0 - NiagaraSystem /Game/VFX/NiagaraSystems/Cinematic/Default/CrowdCameraFlash/NS_CINE_CrowdFlashes_01.NS_CINE_CrowdFlashes_01) required LWC tile recache and was reset.
[2026.09.01-02.59.15:080][184]LogNiagara: Warning: NiagaraComponent(NiagaraComponent /MAP_Zenith/Zenith_Main.Zenith_Main:PersistentLevel.NiagaraActor_UAID_50EBF63EE53C01A102_2147444493.NiagaraComponent0 - NiagaraSystem /Game/VFX/NiagaraSystems/Cinematic/Default/CrowdCameraFlash/NS_CINE_CrowdFlashes_01.NS_CINE_CrowdFlashes_01) required LWC tile recache and was reset.
[2026.09.01-02.59.15:080][184]LogNiagara: Warning: NiagaraComponent(NiagaraComponent /MAP_Zenith/Zenith_Main.Zenith_Main:PersistentLevel.NiagaraActor_UAID_50EBF63EE53C01A102_2147444490.NiagaraComponent0 - NiagaraSystem /Game/VFX/NiagaraSystems/Cinematic/Default/CrowdCameraFlash/NS_CINE_CrowdFlashes_01.NS_CINE_CrowdFlashes_01) required LWC tile recache and was reset.
[2026.09.01-02.59.15:080][185]LogNiagara: Warning: NiagaraComponent(NiagaraComponent /MAP_Zenith/Zenith_Main.Zenith_Main:PersistentLevel.NS_CINE_CrowdFlashes_UAID_50EBF63EE53C75A102_2147444489.NiagaraComponent0 - NiagaraSystem /Game/VFX/NiagaraSystems/Cinematic/Default/CrowdCameraFlash/NS_CINE_CrowdFlashes_01.NS_CINE_CrowdFlashes_01) required LWC tile recache and was reset.
[2026.09.01-02.59.15:080][185]LogNiagara: Warning: NiagaraComponent(NiagaraComponent /MAP_Zenith/Zenith_Main.Zenith_Main:PersistentLevel.NiagaraActor_UAID_50EBF63EE53C00A102_2147444486.NiagaraComponent0 - NiagaraSystem /Game/VFX/NiagaraSystems/Cinematic/Default/CrowdCameraFlash/NS_CINE_CrowdFlashes_01.NS_CINE_CrowdFlashes_01) required LWC tile recache and was reset.
[2026.09.01-02.59.15:080][185]LogNiagara: Warning: NiagaraComponent(NiagaraComponent /MAP_Zenith/Zenith_Main.Zenith_Main:PersistentLevel.NiagaraActor_UAID_50EBF63EE53CC9A002_2147444491.NiagaraComponent0 - NiagaraSystem /Game/VFX/NiagaraSystems/Cinematic/WinningCircle/BackgroundFireworks/NS_CINE_WinningCircle_ContinuousSkyFireworks_01.NS_CINE_WinningCircle_ContinuousSkyFireworks_01) required LWC tile recache and was reset.
[2026.09.01-02.59.15:332][211]LogNiagara: Warning: Failed to acquire niagara system NiagaraSystem /Game/VFX/NiagaraSystems/Cinematic/WinningCircle/RunningTrails/NS_CINE_WinningCircle_RunningTrails_01.NS_CINE_WinningCircle_RunningTrails_01 from the pool with MaxPoolSize=32 and PoolPrimeSize=0
[2026.09.01-02.59.15:333][211]LogNiagara: Warning: Creating niagara system NS_CINE_WinningCircle_RunningTrails_01 without pooling isn't recommended and will result in a hitch
[2026.09.01-02.59.17:057][385]LogD3D12RHI: OnlineHeap RollOver Detected. Increase the heap size to prevent creation of additional heaps
[2026.09.01-02.59.17:443][422]LogCore1047InputSubsystem: Apply input mode: ECore1047InputMethod::Gamepad
[2026.09.01-02.59.17:443][422]LogSlate: User[0] UsePlatformCursorForCursorUser(false)
[2026.09.01-02.59.17:994][479]LogD3D12RHI: OnlineHeap RollOver Detected. Increase the heap size to prevent creation of additional heaps
[2026.09.01-02.59.21:444][851]LogAkAudio: Warning: Failed to post AkAudioEvent: Data for 'play_sx_postmatch_mvp_whoosh' wasn't found. Make sure the GeneratedSoundBanks folder (S:/steamapps/common/Splitgate 2/PortalWars2/PortalWars_WwiseProject/GeneratedSoundBanks/) exists and is properly set in the project settings.
[2026.09.01-02.59.21:444][851]LogAkAudio: Warning: WwiseEventTriggering::PostEventOnDummyObject: EventTracker: 00000000FB329A70. Failed to post dummy event
[2026.09.01-02.59.21:444][851]LogAkAudio: Warning: FAkAudioDevice::GetShortID : Returning invalid ShortId for Wwise Object named play_sx_postmatch_mvp_whoosh.
[2026.09.01-02.59.27:064][163]LogStreaming: Display: FlushAsyncLoading(4214): 1 QueuedPackages, 0 AsyncPackages
[2026.09.01-02.59.27:138][163]LogSlate: Toggling fast path.  New State: 0
[2026.09.01-02.59.27:148][164]LogWwiseResourceLoader: GetLanguageMapKey: Could not find language English(US) while processing asset None.
[2026.09.01-02.59.27:148][164]LogWwiseResourceLoader: Error: CreateEventNode: Could not find language for Event None (0)
[2026.09.01-02.59.27:148][164]LogAkAudio: UAkAudioEvent::LoadEventData(play_sx_postmatch_mvp_whoosh): Could not LoadEvent
[2026.09.01-02.59.27:148][164]LogAkAudio: Warning: Failed to post AkAudioEvent: Data for 'play_sx_postmatch_mvp_whoosh' wasn't found. Make sure the GeneratedSoundBanks folder (S:/steamapps/common/Splitgate 2/PortalWars2/PortalWars_WwiseProject/GeneratedSoundBanks/) exists and is properly set in the project settings.
[2026.09.01-02.59.38:592][724]LogScript: Warning: Script Msg: Attempted to access index -1 from array 'AnimationCollection_3_F5DD290046FF94C1A862F9AA8AAC5562' of length 4 in '/Game/Characters/Skeleton_V5/Animations/Menu/S_ABP_GenericTransition_AnimationArray.S_ABP_GenericTransition_AnimationArray'!
[2026.09.01-02.59.38:592][724]LogScript: Warning: Script Msg: Attempted to access index -1 from array 'AnimationCollection_3_F5DD290046FF94C1A862F9AA8AAC5562' of length 4 in '/Game/Characters/Skeleton_V5/Animations/Menu/S_ABP_GenericTransition_AnimationArray.S_ABP_GenericTransition_AnimationArray'!
[2026.09.01-02.59.38:593][724]LogScript: Warning: Script Msg: Attempted to access index -1 from array 'AnimationCollection_3_F5DD290046FF94C1A862F9AA8AAC5562' of length 4 in '/Game/Characters/Skeleton_V5/Animations/Menu/S_ABP_GenericTransition_AnimationArray.S_ABP_GenericTransition_AnimationArray'!
[2026.09.01-02.59.38:594][724]LogScript: Warning: Script Msg: Attempted to access index -1 from array 'AnimationCollection_3_F5DD290046FF94C1A862F9AA8AAC5562' of length 4 in '/Game/Characters/Skeleton_V5/Animations/Menu/S_ABP_GenericTransition_AnimationArray.S_ABP_GenericTransition_AnimationArray'!
[2026.09.01-02.59.38:595][724]LogScript: Warning: Script Msg: Attempted to access index -1 from array 'AnimationCollection_3_F5DD290046FF94C1A862F9AA8AAC5562' of length 4 in '/Game/Characters/Skeleton_V5/Animations/Menu/S_ABP_GenericTransition_AnimationArray.S_ABP_GenericTransition_AnimationArray'!
[2026.09.01-02.59.38:595][724]LogScript: Warning: Script Msg: Attempted to access index -1 from array 'AnimationCollection_3_F5DD290046FF94C1A862F9AA8AAC5562' of length 4 in '/Game/Characters/Skeleton_V5/Animations/Menu/S_ABP_GenericTransition_AnimationArray.S_ABP_GenericTransition_AnimationArray'!
[2026.09.01-02.59.38:596][724]LogScript: Warning: Script Msg: Attempted to access index -1 from array 'AnimationCollection_3_F5DD290046FF94C1A862F9AA8AAC5562' of length 4 in '/Game/Characters/Skeleton_V5/Animations/Menu/S_ABP_GenericTransition_AnimationArray.S_ABP_GenericTransition_AnimationArray'!
[2026.09.01-02.59.38:596][724]LogScript: Warning: Script Msg: Attempted to access index -1 from array 'AnimationCollection_3_F5DD290046FF94C1A862F9AA8AAC5562' of length 4 in '/Game/Characters/Skeleton_V5/Animations/Menu/S_ABP_GenericTransition_AnimationArray.S_ABP_GenericTransition_AnimationArray'!
[2026.09.01-02.59.38:601][724]LogUMG: Error: Unable to find Animation AnimInChallenges_Left on Widget Class 'WBP_EndOfMatch_Summaries_C', was the animation deleted?
[2026.09.01-02.59.38:623][724]PIE: Warning: AttachTo: '/MAP_Zenith/Zenith_Main.Zenith_Main:PersistentLevel.BP_PortalWall_V6_0x00000000_8338DC5E469DCEAE11E9FEAC7822A48E_LevelSequenceActor_0.Mesh' is not static , cannot attach '/MAP_Zenith/Zenith_Main.Zenith_Main:PersistentLevel.BP_PortalWall_V6_0x00000000_8338DC5E469DCEAE11E9FEAC7822A48E_LevelSequenceActor_0.SM_PortalWallEdge' which is static to it. Aborting.
[2026.09.01-02.59.38:623][724]PIE: Warning: AttachTo: '/MAP_Zenith/Zenith_Main.Zenith_Main:PersistentLevel.BP_PortalWall_V6_0x00000000_8338DC5E469DCEAE11E9FEAC7822A48E_LevelSequenceActor_0.Mesh' is not static , cannot attach '/MAP_Zenith/Zenith_Main.Zenith_Main:PersistentLevel.BP_PortalWall_V6_0x00000000_8338DC5E469DCEAE11E9FEAC7822A48E_LevelSequenceActor_0.RFStretchingStaticMesh' which is static to it. Aborting.
[2026.09.01-02.59.38:641][725]LogNiagara: Warning: NiagaraComponent(NiagaraComponent /MAP_Zenith/Zenith_Main.Zenith_Main:PersistentLevel.NiagaraActor_UAID_50EBF63EE53C2FA102_2147443183.NiagaraComponent0 - NiagaraSystem /Game/VFX/NiagaraSystems/Cinematic/WinningCircle/BackgroundFireworks/NS_CINE_WinningCircle_ContinuousSkyFireworks_01.NS_CINE_WinningCircle_ContinuousSkyFireworks_01) required LWC tile recache and was reset.
[2026.09.01-02.59.38:641][725]LogNiagara: Warning: NiagaraComponent(NiagaraComponent /MAP_Zenith/Zenith_Main.Zenith_Main:PersistentLevel.NiagaraActor_UAID_50EBF63EE53C46A102_2147443185.NiagaraComponent0 - NiagaraSystem /Game/VFX/NiagaraSystems/Cinematic/Default/CrowdCameraFlash/NS_CINE_CrowdFlashes_01.NS_CINE_CrowdFlashes_01) required LWC tile recache and was reset.
[2026.09.01-02.59.38:641][725]LogNiagara: Warning: NiagaraComponent(NiagaraComponent /MAP_Zenith/Zenith_Main.Zenith_Main:PersistentLevel.NiagaraActor_UAID_50EBF63EE53C46A102_2147443182.NiagaraComponent0 - NiagaraSystem /Game/VFX/NiagaraSystems/Cinematic/Default/CrowdCameraFlash/NS_CINE_CrowdFlashes_01.NS_CINE_CrowdFlashes_01) required LWC tile recache and was reset.
[2026.09.01-02.59.38:641][725]LogNiagara: Warning: NiagaraComponent(NiagaraComponent /MAP_Zenith/Zenith_Main.Zenith_Main:PersistentLevel.NiagaraActor_UAID_50EBF63EE53C47A102_2147443180.NiagaraComponent0 - NiagaraSystem /Game/VFX/NiagaraSystems/Cinematic/Default/CrowdCameraFlash/NS_CINE_CrowdFlashes_01.NS_CINE_CrowdFlashes_01) required LWC tile recache and was reset.
[2026.09.01-02.59.38:641][725]LogNiagara: Warning: NiagaraComponent(NiagaraComponent /MAP_Zenith/Zenith_Main.Zenith_Main:PersistentLevel.NiagaraActor_UAID_50EBF63EE53C47A102_2147443179.NiagaraComponent0 - NiagaraSystem /Game/VFX/NiagaraSystems/Cinematic/Default/CrowdCameraFlash/NS_CINE_CrowdFlashes_01.NS_CINE_CrowdFlashes_01) required LWC tile recache and was reset.
[2026.09.01-02.59.38:641][725]LogNiagara: Warning: NiagaraComponent(NiagaraComponent /MAP_Zenith/Zenith_Main.Zenith_Main:PersistentLevel.NiagaraActor_UAID_50EBF63EE53C46A102_2147443178.NiagaraComponent0 - NiagaraSystem /Game/VFX/NiagaraSystems/Cinematic/Default/CrowdCameraFlash/NS_CINE_CrowdFlashes_01.NS_CINE_CrowdFlashes_01) required LWC tile recache and was reset.
[2026.09.01-02.59.38:641][726]LogNiagara: Warning: NiagaraComponent(NiagaraComponent /MAP_Zenith/Zenith_Main.Zenith_Main:PersistentLevel.NiagaraActor_UAID_50EBF63EE53C46A102_2147443177.NiagaraComponent0 - NiagaraSystem /Game/VFX/NiagaraSystems/Cinematic/Default/CrowdCameraFlash/NS_CINE_CrowdFlashes_01.NS_CINE_CrowdFlashes_01) required LWC tile recache and was reset.
[2026.09.01-02.59.38:641][726]LogNiagara: Warning: NiagaraComponent(NiagaraComponent /MAP_Zenith/Zenith_Main.Zenith_Main:PersistentLevel.NiagaraActor_UAID_50EBF63EE53C46A102_2147443175.NiagaraComponent0 - NiagaraSystem /Game/VFX/NiagaraSystems/Cinematic/Default/CrowdCameraFlash/NS_CINE_CrowdFlashes_01.NS_CINE_CrowdFlashes_01) required LWC tile recache and was reset.
[2026.09.01-02.59.38:641][726]LogNiagara: Warning: NiagaraComponent(NiagaraComponent /MAP_Zenith/Zenith_Main.Zenith_Main:PersistentLevel.NiagaraActor_UAID_50EBF63EE53C46A102_2147443174.NiagaraComponent0 - NiagaraSystem /Game/VFX/NiagaraSystems/Cinematic/Default/CrowdCameraFlash/NS_CINE_CrowdFlashes_01.NS_CINE_CrowdFlashes_01) required LWC tile recache and was reset.
[2026.09.01-02.59.38:641][726]LogNiagara: Warning: NiagaraComponent(NiagaraComponent /MAP_Zenith/Zenith_Main.Zenith_Main:PersistentLevel.NiagaraActor_UAID_50EBF63EE53C46A102_2147443173.NiagaraComponent0 - NiagaraSystem /Game/VFX/NiagaraSystems/Cinematic/Default/CrowdCameraFlash/NS_CINE_CrowdFlashes_01.NS_CINE_CrowdFlashes_01) required LWC tile recache and was reset.
[2026.09.01-02.59.46:701][ 92]LogStreaming: Display: FlushAsyncLoading(4221): 1 QueuedPackages, 0 AsyncPackages
[2026.09.01-02.59.46:719][ 92]LogPortalWarsUI: Created transition stinger of type /Game/UI/Stinger/WBP_PortalWallTransitionStinger.WBP_PortalWallTransitionStinger_C
[2026.09.01-02.59.48:807][176]LogGlobalStatus: UEngine::Browse Started Browse: "/Game/Maps/MainMenu/MainMenu?closed"
[2026.09.01-02.59.48:807][176]LogNet: Browse: /Game/Maps/MainMenu/MainMenu?closed
[2026.09.01-02.59.48:807][176]LogNet: Connection failed; returning to Entry
[2026.09.01-02.59.48:807][176]LogLoadingScreen: Showing loading screen when 'IsShowingInitialLoadingScreen()' is false.
[2026.09.01-02.59.48:807][176]LogLoadingScreen: bCurrentlyInLoadMap is true
[2026.09.01-02.59.48:807][176]LogStreaming: Display: FlushAsyncLoading(4222): 1 QueuedPackages, 0 AsyncPackages
[2026.09.01-02.59.48:829][176]LogStreamableManager: Display: RequestAsyncLoad() called with empty or only null assets!
[2026.09.01-02.59.48:829][176]LogRHI: ShaderPipelineCache: Batch mode changed (1): Size: 1 -> 50, Time: 0.000000 -> 16.000000
[2026.09.01-02.59.48:830][176]LogCore: Display: Setting hang detector multiplier to 1.0000s. New hang duration: 0.0000s. New present duration: 0.0000s.
[2026.09.01-02.59.48:832][176]LogLoadingScreen: Loading screen showing: 1. Reason: bCurrentlyInLoadMap is true
[2026.09.01-02.59.48:832][176]LogLoad: LoadMap: /Game/Maps/MainMenu/MainMenu?closed
[2026.09.01-02.59.48:832][176]LogWorld: BeginTearingDown for /MAP_Zenith/Zenith_Main
[2026.09.01-02.59.48:833][176]LogSlate: Toggling fast path.  New State: 1
[2026.09.01-02.59.48:842][176]LogNet: World NetDriver shutdown IpNetDriver_2147470884 [GameNetDriver]
[2026.09.01-02.59.48:842][176]LogNet: DestroyNamedNetDriver IpNetDriver_2147470884 [GameNetDriver]
[2026.09.01-02.59.48:842][176]LogNet: UNetConnection::Close: [UNetConnection] RemoteAddr: GAME_ENDPOINT_01:30925, Name: IpConnection_2147470865, Driver: Name:GameNetDriver Def:GameNetDriver IpNetDriver_2147470884, IsServer: NO, PC: BP_PlayerController_C_2147469397, Owner: BP_PlayerController_C_2147469397, UniqueId: GameDefined_0:1 (STEAM_ID_USER_01), Channels: 2, Time: 2026.09.01-02.59.48
[2026.09.01-02.59.48:842][176]LogNet: UChannel::Close: Sending CloseBunch. ChIndex == 0. Name: [UChannel] ChIndex: 0, Closing: 0 [UNetConnection] RemoteAddr: GAME_ENDPOINT_01:30925, Name: IpConnection_2147470865, Driver: Name:GameNetDriver Def:GameNetDriver IpNetDriver_2147470884, IsServer: NO, PC: BP_PlayerController_C_2147469397, Owner: BP_PlayerController_C_2147469397, UniqueId: GameDefined_0:1 (STEAM_ID_USER_01)
[2026.09.01-02.59.48:843][176]LogIris: Display: Iris ReplicationSystem[0]: ReplicationSystem_2147470882 (0x00000000A75B8820) is about to be destroyed
[2026.09.01-02.59.48:844][176]LogExit: Name:GameNetDriver Def:GameNetDriver IpNetDriver_2147470884 shut down
[2026.09.01-02.59.48:848][176]LogWorldPartition: UWorldPartition::Uninitialize : World = /Game/Maps/WinningCircle/WinningCircle_LevelInstance_1.WinningCircle
[2026.09.01-02.59.50:613][176]LogConsoleManager: Display:  |-> Unsetting r.SubsurfaceScattering, now 0
[2026.09.01-02.59.50:613][176]LogConsoleManager: Display:  |-> Unsetting r.SeparateTranslucency, now 0
[2026.09.01-02.59.50:613][176]LogConsoleManager: Display:  |-> Unsetting 1047.streaming.CosmeticsPreviewBoost, now 3.000000
[2026.09.01-02.59.50:613][176]LogConsoleManager: Display:  |-> Unsetting r.Translucency.DynamicRes.TimeBudget, now 0.500000
[2026.09.01-02.59.50:613][176]LogConsoleManager: Display:  |-> Unsetting r.DepthOfFieldQuality, now 0
[2026.09.01-02.59.50:812][176]LogGF1047Experience: UnloadCurrentExperience from state Loaded
[2026.09.01-02.59.50:813][176]LogActorPool: Clearing all actor pools
[2026.09.01-02.59.50:812][176]LogWorld: UWorld::CleanupWorld for Zenith_Main, bSessionEnded=true, bCleanupResources=true
[2026.09.01-02.59.51:075][176]LogSlate: InvalidateAllWidgets triggered.  All widgets were invalidated
[2026.09.01-02.59.51:075][176]LogWorld: UWorld::CleanupWorld for SL_Zenith_Collisions, bSessionEnded=true, bCleanupResources=true
[2026.09.01-02.59.51:076][176]LogSlate: InvalidateAllWidgets triggered.  All widgets were invalidated
[2026.09.01-02.59.51:076][176]LogWorld: UWorld::CleanupWorld for Zenith_Game, bSessionEnded=true, bCleanupResources=true
[2026.09.01-02.59.51:077][176]LogSlate: InvalidateAllWidgets triggered.  All widgets were invalidated
[2026.09.01-02.59.51:077][176]LogWorld: UWorld::CleanupWorld for SL_Zenith_Area05, bSessionEnded=true, bCleanupResources=true
[2026.09.01-02.59.51:078][176]LogSlate: InvalidateAllWidgets triggered.  All widgets were invalidated
[2026.09.01-02.59.51:078][176]LogWorld: UWorld::CleanupWorld for SL_Zenith_Area06A, bSessionEnded=true, bCleanupResources=true
[2026.09.01-02.59.51:079][176]LogSlate: InvalidateAllWidgets triggered.  All widgets were invalidated
[2026.09.01-02.59.51:079][176]LogWorld: UWorld::CleanupWorld for SL_Zenith_Area06B, bSessionEnded=true, bCleanupResources=true
[2026.09.01-02.59.51:080][176]LogSlate: InvalidateAllWidgets triggered.  All widgets were invalidated
[2026.09.01-02.59.51:080][176]LogWorld: UWorld::CleanupWorld for SL_Zenith_Area06C, bSessionEnded=true, bCleanupResources=true
[2026.09.01-02.59.51:081][176]LogSlate: InvalidateAllWidgets triggered.  All widgets were invalidated
[2026.09.01-02.59.51:081][176]LogWorld: UWorld::CleanupWorld for SL_Zenith_Audio, bSessionEnded=true, bCleanupResources=true
[2026.09.01-02.59.51:082][176]LogSlate: InvalidateAllWidgets triggered.  All widgets were invalidated
[2026.09.01-02.59.51:082][176]LogWorld: UWorld::CleanupWorld for SL_Zenith_Blueprints, bSessionEnded=true, bCleanupResources=true
[2026.09.01-02.59.51:083][176]LogSlate: InvalidateAllWidgets triggered.  All widgets were invalidated
[2026.09.01-02.59.51:083][176]LogWorld: UWorld::CleanupWorld for SL_Zenith_VFX, bSessionEnded=true, bCleanupResources=true
[2026.09.01-02.59.51:084][176]LogSlate: InvalidateAllWidgets triggered.  All widgets were invalidated
[2026.09.01-02.59.51:084][176]LogWorld: UWorld::CleanupWorld for SL_Zenith_Props, bSessionEnded=true, bCleanupResources=true
[2026.09.01-02.59.51:085][176]LogSlate: InvalidateAllWidgets triggered.  All widgets were invalidated
[2026.09.01-02.59.51:085][176]LogWorld: UWorld::CleanupWorld for SL_Zenith_Kickables, bSessionEnded=true, bCleanupResources=true
[2026.09.01-02.59.51:086][176]LogSlate: InvalidateAllWidgets triggered.  All widgets were invalidated
[2026.09.01-02.59.51:086][176]LogWorld: UWorld::CleanupWorld for SL_Zenith_Vista, bSessionEnded=true, bCleanupResources=true
[2026.09.01-02.59.51:087][176]LogSlate: InvalidateAllWidgets triggered.  All widgets were invalidated
[2026.09.01-02.59.51:087][176]LogWorld: UWorld::CleanupWorld for Zenith_Game_Portals, bSessionEnded=true, bCleanupResources=true
[2026.09.01-02.59.51:088][176]LogSlate: InvalidateAllWidgets triggered.  All widgets were invalidated
[2026.09.01-02.59.51:088][176]LogWorld: UWorld::CleanupWorld for Zenith_Lighting, bSessionEnded=true, bCleanupResources=true
[2026.09.01-02.59.51:089][176]LogSlate: InvalidateAllWidgets triggered.  All widgets were invalidated
[2026.09.01-02.59.51:089][176]LogWorld: UWorld::CleanupWorld for SL_Zenith_Area01, bSessionEnded=true, bCleanupResources=true
[2026.09.01-02.59.51:090][176]LogSlate: InvalidateAllWidgets triggered.  All widgets were invalidated
[2026.09.01-02.59.51:090][176]LogWorld: UWorld::CleanupWorld for SL_Zenith_Area02, bSessionEnded=true, bCleanupResources=true
[2026.09.01-02.59.51:090][176]LogSlate: InvalidateAllWidgets triggered.  All widgets were invalidated
[2026.09.01-02.59.51:091][176]LogWorld: UWorld::CleanupWorld for SL_Zenith_Area03A, bSessionEnded=true, bCleanupResources=true
[2026.09.01-02.59.51:091][176]LogSlate: InvalidateAllWidgets triggered.  All widgets were invalidated
[2026.09.01-02.59.51:092][176]LogWorld: UWorld::CleanupWorld for SL_Zenith_Area03B, bSessionEnded=true, bCleanupResources=true
[2026.09.01-02.59.51:092][176]LogSlate: InvalidateAllWidgets triggered.  All widgets were invalidated
[2026.09.01-02.59.51:093][176]LogWorld: UWorld::CleanupWorld for SL_Zenith_Area04A, bSessionEnded=true, bCleanupResources=true
[2026.09.01-02.59.51:093][176]LogSlate: InvalidateAllWidgets triggered.  All widgets were invalidated
[2026.09.01-02.59.51:094][176]LogWorld: UWorld::CleanupWorld for SL_Zenith_Area04B, bSessionEnded=true, bCleanupResources=true
[2026.09.01-02.59.51:094][176]LogSlate: InvalidateAllWidgets triggered.  All widgets were invalidated
[2026.09.01-02.59.51:129][176]LogActorPool: Clearing all actor pools
[2026.09.01-02.59.51:097][176]LogAT1047InputRecorderSubsystem: Display: [UAT1047InputRecorderSubsystem::StopPlayback] All playback sessions stopped.
[2026.09.01-02.59.51:802][176]LogScript: Warning: Script Msg: -- No world: /Engine/Transient.PortalWarsGameEngine_2147482447:PortalWarsGameInstance_2147481931.OF1047OnlineUserRegistry_2147480910
[2026.09.01-02.59.51:802][176]LogScript: Warning: Script Msg: -- No world: /Engine/Transient.PortalWarsGameEngine_2147482447:PortalWarsGameInstance_2147481931.OF1047OnlineUserRegistry_2147480910
[2026.09.01-02.59.51:803][176]LogScript: Warning: Script Msg: -- No world: /Engine/Transient.PortalWarsGameEngine_2147482447:PortalWarsGameInstance_2147481931.OF1047OnlineUserRegistry_2147480910
[2026.09.01-02.59.51:803][176]LogScript: Warning: Script Msg: -- No world: /Engine/Transient.PortalWarsGameEngine_2147482447:PortalWarsGameInstance_2147481931.OF1047OnlineUserRegistry_2147480910
[2026.09.01-02.59.51:803][176]LogScript: Warning: Script Msg: -- No world: /Engine/Transient.PortalWarsGameEngine_2147482447:PortalWarsGameInstance_2147481931.OF1047OnlineUserRegistry_2147480910
[2026.09.01-02.59.51:803][176]LogScript: Warning: Script Msg: -- No world: /Engine/Transient.PortalWarsGameEngine_2147482447:PortalWarsGameInstance_2147481931.OF1047OnlineUserRegistry_2147480910
[2026.09.01-02.59.51:804][176]LogScript: Warning: Script Msg: -- No world: /Engine/Transient.PortalWarsGameEngine_2147482447:PortalWarsGameInstance_2147481931.OF1047OnlineUserRegistry_2147480910
[2026.09.01-02.59.51:804][176]LogScript: Warning: Script Msg: -- No world: /Engine/Transient.PortalWarsGameEngine_2147482447:PortalWarsGameInstance_2147481931.OF1047OnlineUserRegistry_2147480910
[2026.09.01-02.59.52:128][176]LogUObjectHash: Compacting FUObjectHashTables data took   2.71ms
[2026.09.01-02.59.52:623][176]LogCC1047Objects: Loaded 886 actor descriptors
[2026.09.01-02.59.52:623][176]LogAT1047InputRecorderSubsystem: Display: [UAT1047InputRecorderSubsystem::ResetSettingsToDefaults] Settings reset to defaults from InputRecorderSettings
[2026.09.01-02.59.52:624][176]LogSlate: Toggling fast path.  New State: 0
[2026.09.01-02.59.52:631][176]LogWorldPartition: ULevel::OnLevelLoaded(MainMenu)(bIsOwningWorldGameWorld=1, bIsOwningWorldPartitioned=1, InitializeForMainWorld=1, InitializeForEditor=0, InitializeForGame=1)
[2026.09.01-02.59.52:631][176]LogWorldPartition: Display: WorldPartition initialize started...
[2026.09.01-02.59.52:632][176]LogWorldPartition: UWorldPartition::Initialize : World = /Game/Maps/MainMenu/MainMenu.MainMenu, World Type = Game, IsMainWorldPartition = 1, Location = V(0), Rotation = R(0), IsEditor = 0, IsGame = 1, IsPIEWorldTravel = 0, IsCooking = 0
[2026.09.01-02.59.52:632][176]LogWorldPartition: UWorldPartition::Initialize Context : World NetMode = Standalone, IsServer = 0, IsDedicatedServer = 0, IsServerStreamingEnabled = 0, IsServerStreamingOutEnabled = 0, IsUsingMakingVisibleTransaction = 0, IsUsingMakingInvisibleTransaction = 0
[2026.09.01-02.59.52:636][176]LogWorldPartition: Display: WorldPartition initialize took 4.818 ms (total: 11.085 ms)
[2026.09.01-02.59.52:636][176]LogLoad: Game class is 'MainMenuGameMode_BP_C'
[2026.09.01-02.59.52:802][176]LogWorld: Bringing World /Game/Maps/MainMenu/MainMenu.MainMenu up for play (max tick rate 120) at 2026.09.01-03.59.52
[2026.09.01-02.59.52:806][176]LogWorld: Bringing up level for play took: 0.169385
[2026.09.01-02.59.52:808][176]LogGameMode: FindPlayerStart: PATHS NOT DEFINED or NO PLAYERSTART with positive rating
[2026.09.01-02.59.52:810][176]LogEnhancedInput: Warning: A key profile with the name 'InputUserSettings.Profiles.Player' already exists! Use a different name.
[2026.09.01-02.59.52:810][176]LogEnhancedInput: Warning: A key profile with the name 'InputUserSettings.Profiles.Default' already exists! Use a different name.
[2026.09.01-02.59.52:810][176]Core1047InputUserSettings: KeyRebinding_ReregisterPlayerProfile >> Ran!
[2026.09.01-02.59.52:810][176]LogCore1047InputSubsystem: Apply input mode: ECore1047InputMethod::Gamepad
[2026.09.01-02.59.52:811][176]LogCC1047CustomMapSupport: Pre world begin play.
[2026.09.01-02.59.52:816][176]LogStreamableManager: Display: RequestAsyncLoad() called with empty or only null assets!
[2026.09.01-02.59.52:816][176]LogStreamableManager: Display: RequestAsyncLoad() called with empty or only null assets!
[2026.09.01-02.59.52:816][176]LogScript: Warning: Script Msg: Attempted to access index 0 from array 'Textures' of length 0 in '/Game/UI/MainMenu/Locker/PlayerCard/WBP_PlayerCard.WBP_PlayerCard_C:UpdateBadges'!
[2026.09.01-02.59.52:816][176]LogScript: Warning: Script Msg: Attempted to access index 1 from array 'Textures' of length 0 in '/Game/UI/MainMenu/Locker/PlayerCard/WBP_PlayerCard.WBP_PlayerCard_C:UpdateBadges'!
[2026.09.01-02.59.52:816][176]LogScript: Warning: Script Msg: Attempted to access index 2 from array 'Textures' of length 0 in '/Game/UI/MainMenu/Locker/PlayerCard/WBP_PlayerCard.WBP_PlayerCard_C:UpdateBadges'!
[2026.09.01-02.59.52:816][176]LogStreamableManager: Display: RequestAsyncLoad() called with empty or only null assets!
[2026.09.01-02.59.52:816][176]LogStreamableManager: Display: RequestAsyncLoad() called with empty or only null assets!
[2026.09.01-02.59.52:820][176]LogStreamableManager: Display: RequestAsyncLoad() called with empty or only null assets!
[2026.09.01-02.59.52:820][176]LogStreamableManager: Display: RequestAsyncLoad() called with empty or only null assets!
[2026.09.01-02.59.52:820][176]LogScript: Warning: Script Msg: Attempted to access index 0 from array 'Textures' of length 0 in '/Game/UI/MainMenu/Locker/PlayerCard/WBP_PlayerCard.WBP_PlayerCard_C:UpdateBadges'!
[2026.09.01-02.59.52:820][176]LogScript: Warning: Script Msg: Attempted to access index 1 from array 'Textures' of length 0 in '/Game/UI/MainMenu/Locker/PlayerCard/WBP_PlayerCard.WBP_PlayerCard_C:UpdateBadges'!
[2026.09.01-02.59.52:820][176]LogScript: Warning: Script Msg: Attempted to access index 2 from array 'Textures' of length 0 in '/Game/UI/MainMenu/Locker/PlayerCard/WBP_PlayerCard.WBP_PlayerCard_C:UpdateBadges'!
[2026.09.01-02.59.52:854][176]LogMovieScene: Starting new camera cut: 'CineCameraActor_2147441706'
[2026.09.01-02.59.53:108][176]LogUI1047: Frame Rate Limit Set to Main Menu FPS Limit of: 60
[2026.09.01-02.59.53:112][176]LogMDFastBinding: Warning: [WBP_MainMenuSceneStack_C] uses a deprecated property-based MDFastBindingContainer, resave it to automatically upgrade it to a widget extension
[2026.09.01-02.59.53:116][176]LogStreamableManager: Display: RequestAsyncLoad() called with empty or only null assets!
[2026.09.01-02.59.53:239][176]LogStreamableManager: Display: RequestAsyncLoad() called with empty or only null assets!
[2026.09.01-02.59.53:240][176]LogStreamableManager: Display: RequestAsyncLoad() called with empty or only null assets!
[2026.09.01-02.59.53:240][176]LogStreamableManager: Display: RequestAsyncLoad() called with empty or only null assets!
[2026.09.01-02.59.53:244][176]LogStreamableManager: Display: RequestAsyncLoad() called with empty or only null assets!
[2026.09.01-02.59.53:250][176]LogStreamableManager: Display: RequestAsyncLoad() called with empty or only null assets!
[2026.09.01-02.59.53:290][176]LogActor: Warning: BP_LightRig_C /Game/Maps/MainMenu/MainMenu.MainMenu:PersistentLevel.BP_LightRig_2147440334 has natively added scene component(s), but none of them were set as the actor's RootComponent - picking one arbitrarily
[2026.09.01-02.59.53:316][176]LogMovieScene: Starting new camera cut: 'CineCameraActor_2147440324'
[2026.09.01-02.59.53:334][176]LogViewport: Display: Viewport MouseCaptureMode Changed, CaptureDuringRightMouseDown -> NoCapture
[2026.09.01-02.59.53:336][176]LogStreamableManager: Display: RequestAsyncLoad() called with empty or only null assets!
[2026.09.01-02.59.53:337][176]LogStreamableManager: Display: RequestAsyncLoad() called with empty or only null assets!
[2026.09.01-02.59.53:339][176]LogStreamableManager: Display: RequestAsyncLoad() called with empty or only null assets!
[2026.09.01-02.59.53:340][176]LogStreamableManager: Display: RequestAsyncLoad() called with empty or only null assets!
[2026.09.01-02.59.53:344][176]LogStreamableManager: Display: RequestAsyncLoad() called with empty or only null assets!
[2026.09.01-02.59.53:352][176]LogStreamableManager: Display: RequestAsyncLoad() called with empty or only null assets!
[2026.09.01-02.59.53:352][176]LogStreamableManager: Display: RequestAsyncLoad() called with empty or only null assets!
[2026.09.01-02.59.53:355][176]LogStreamableManager: Display: RequestAsyncLoad() called with empty or only null assets!
[2026.09.01-02.59.53:357][176]LogStreamableManager: Display: RequestAsyncLoad() called with empty or only null assets!
[2026.09.01-02.59.53:366][176]LogStreamableManager: Display: RequestAsyncLoad() called with empty or only null assets!
[2026.09.01-02.59.53:372][176]LogStreamableManager: Display: RequestAsyncLoad() called with empty or only null assets!
[2026.09.01-02.59.53:374][176]LogStreamableManager: Display: RequestAsyncLoad() called with empty or only null assets!
[2026.09.01-02.59.53:377][176]LogStreamableManager: Display: RequestAsyncLoad() called with empty or only null assets!
[2026.09.01-02.59.53:378][176]LogPortalWarsUI: Outro-ing all 1 transition stingers
[2026.09.01-02.59.53:379][176]LogCC1047CustomMapSupport: Post world begin play.
[2026.09.01-02.59.53:379][176]LogCC1047CustomMapSupport: Custom map late init not required.
[2026.09.01-02.59.53:379][176]LogLoad: Took 4.546672 seconds to LoadMap(/Game/Maps/MainMenu/MainMenu)
[2026.09.01-02.59.53:379][176]LogGlobalStatus: UEngine::LoadMap Load map complete /Game/Maps/MainMenu/MainMenu
[2026.09.01-02.59.53:425][176]LogUObjectHash: Compacting FUObjectHashTables data took   2.50ms
[2026.09.01-02.59.53:429][176]LogMovieScene: Starting new camera cut: 'CineCameraActor_2147440324'
[2026.09.01-02.59.53:448][176]LogNiagara: Found 0 Niagara systems with PoolPrimeSize > 0
[2026.09.01-02.59.53:448][176]LogNiagara: Primed 0 additional Niagara systems from Asset Registry
[2026.09.01-02.59.53:457][176]LogUObjectHash: Compacting FUObjectHashTables data took   0.77ms
[2026.09.01-02.59.53:484][176]LogStreamableManager: Display: RequestAsyncLoad() called with empty or only null assets!
[2026.09.01-02.59.53:486][176]LogStreamableManager: Display: RequestAsyncLoad() called with empty or only null assets!
[2026.09.01-02.59.53:494][176]LogStreamableManager: Display: RequestAsyncLoad() called with empty or only null assets!
[2026.09.01-02.59.53:494][176]LogStreamableManager: Display: RequestAsyncLoad() called with empty or only null assets!
[2026.09.01-02.59.53:502][176]LogStreamableManager: Display: RequestAsyncLoad() called with empty or only null assets!
[2026.09.01-02.59.53:503][176]LogStreamableManager: Display: RequestAsyncLoad() called with empty or only null assets!
[2026.09.01-02.59.53:506][176]LogStreamableManager: Display: RequestAsyncLoad() called with empty or only null assets!
[2026.09.01-02.59.53:508][176]LogStreamableManager: Display: RequestAsyncLoad() called with empty or only null assets!
[2026.09.01-02.59.53:508][176]LogStreamableManager: Display: RequestAsyncLoad() called with empty or only null assets!
[2026.09.01-02.59.53:511][176]LogStreamableManager: Display: RequestAsyncLoad() called with empty or only null assets!
[2026.09.01-02.59.53:511][176]LogStreamableManager: Display: RequestAsyncLoad() called with empty or only null assets!
[2026.09.01-02.59.53:515][176]LogStreamableManager: Display: RequestAsyncLoad() called with empty or only null assets!
[2026.09.01-02.59.53:515][176]LogStreamableManager: Display: RequestAsyncLoad() called with empty or only null assets!
[2026.09.01-02.59.53:519][177]LogAnimation: Warning: SetStartPosition called on an invalid context or with an invalid type
[2026.09.01-02.59.53:519][177]LogAnimation: Warning: SetStartPosition called on an invalid context or with an invalid type
[2026.09.01-02.59.53:519][177]LogAnimation: Warning: SetStartPosition called on an invalid context or with an invalid type
[2026.09.01-02.59.53:519][177]LogAnimation: Warning: SetStartPosition called on an invalid context or with an invalid type
[2026.09.01-02.59.53:519][177]LogAnimation: Warning: SetStartPosition called on an invalid context or with an invalid type
[2026.09.01-02.59.53:519][177]LogAnimation: Warning: SetStartPosition called on an invalid context or with an invalid type
[2026.09.01-02.59.53:519][177]LogAnimation: Warning: SetStartPosition called on an invalid context or with an invalid type
[2026.09.01-02.59.53:519][177]LogAnimation: Warning: SetStartPosition called on an invalid context or with an invalid type
[2026.09.01-02.59.53:519][177]LogAnimation: Warning: SetStartPosition called on an invalid context or with an invalid type
[2026.09.01-02.59.53:519][177]LogAnimation: Warning: SetStartPosition called on an invalid context or with an invalid type
[2026.09.01-02.59.53:519][177]LogAnimation: Warning: SetStartPosition called on an invalid context or with an invalid type
[2026.09.01-02.59.53:519][177]LogAnimation: Warning: SetStartPosition called on an invalid context or with an invalid type
[2026.09.01-02.59.53:519][177]LogAnimation: Warning: SetStartPosition called on an invalid context or with an invalid type
[2026.09.01-02.59.53:519][178]LogAnimation: Warning: SetStartPosition called on an invalid context or with an invalid type
[2026.09.01-02.59.53:519][178]LogAnimation: Warning: SetStartPosition called on an invalid context or with an invalid type
[2026.09.01-02.59.53:519][178]LogAnimation: Warning: SetStartPosition called on an invalid context or with an invalid type
[2026.09.01-02.59.53:519][178]LogAnimation: Warning: SetStartPosition called on an invalid context or with an invalid type
[2026.09.01-02.59.53:519][178]LogAnimation: Warning: SetStartPosition called on an invalid context or with an invalid type
[2026.09.01-02.59.53:519][178]LogAnimation: Warning: SetStartPosition called on an invalid context or with an invalid type
[2026.09.01-02.59.53:519][178]LogAnimation: Warning: SetStartPosition called on an invalid context or with an invalid type
[2026.09.01-02.59.53:519][178]LogAnimation: Warning: SetStartPosition called on an invalid context or with an invalid type
[2026.09.01-02.59.53:519][178]LogAnimation: Warning: SetStartPosition called on an invalid context or with an invalid type
[2026.09.01-02.59.53:519][178]LogAnimation: Warning: SetStartPosition called on an invalid context or with an invalid type
[2026.09.01-02.59.53:550][178]LogStreaming: Display: FlushAsyncLoading(4346): 1 QueuedPackages, 6 AsyncPackages
[2026.09.01-02.59.53:575][178]LogScript: Warning: Script Msg: Divide by zero: Divide_DoubleDouble
[2026.09.01-02.59.53:962][194]LogLoadingScreen: Hiding loading screen when 'IsShowingInitialLoadingScreen()' is false.
[2026.09.01-02.59.53:962][194]LogLoadingScreen: (nothing wants to show it anymore)
[2026.09.01-02.59.53:962][194]LogLoadingScreen: Garbage Collecting before dropping load screen
[2026.09.01-02.59.53:963][194]LogRHI: ShaderPipelineCache: Batch mode changed (0): Size: 50 -> 1, Time: 16.000000 -> 0.000000
[2026.09.01-02.59.53:963][194]LogCore: Display: Setting hang detector multiplier to 1.0000s. New hang duration: 0.0000s. New present duration: 0.0000s.
[2026.09.01-02.59.53:963][194]LogLoadingScreen: LoadingScreen was visible for 5.16s
[2026.09.01-02.59.53:992][194]LogUObjectHash: Compacting FUObjectHashTables data took   2.71ms
[2026.09.01-02.59.55:783][278]LogSlate: InvalidateAllWidgets triggered.  All widgets were invalidated
[2026.09.01-02.59.55:862][279]LogSlate: InvalidateAllWidgets triggered.  All widgets were invalidated
[2026.09.01-02.59.55:905][282]LogSlate: InvalidateAllWidgets triggered.  All widgets were invalidated
[2026.09.01-02.59.58:389][431]LogBlueprintUserMessages: Closing by request
[2026.09.01-02.59.58:389][431]LogWindows: FPlatformMisc::RequestExit(0, UKismetSystemLibrary::QuitGame)
[2026.09.01-02.59.58:389][431]LogWindows: FPlatformMisc::RequestExitWithStatus(0, 0, UKismetSystemLibrary::QuitGame)
[2026.09.01-02.59.58:389][431]LogCore: Engine exit requested (reason: Win RequestExit)
[2026.09.01-02.59.58:393][432]LogCore: Engine exit requested (reason: EngineExit() was called; note: exit was already requested)
[2026.09.01-02.59.58:394][432]LogInit: Display: PreExit Game.
[2026.09.01-02.59.58:395][432]LogWorld: BeginTearingDown for /Game/Maps/MainMenu/MainMenu
[2026.09.01-02.59.59:019][432]LogConsoleManager: Display:  |-> Unsetting r.SubsurfaceScattering, now 0
[2026.09.01-02.59.59:019][432]LogConsoleManager: Display:  |-> Unsetting r.LightMaxDrawDistanceScale, now 0.500000
[2026.09.01-02.59.59:019][432]LogConsoleManager: Display:  |-> Unsetting r.SeparateTranslucency, now 0
[2026.09.01-02.59.59:019][432]LogConsoleManager: Display:  |-> Unsetting r.PostProcessing.QuarterResolutionDownsample, now 1
[2026.09.01-02.59.59:019][432]LogConsoleManager: Display:  |-> Unsetting r.Translucency.DynamicRes.TimeBudget, now 0.500000
[2026.09.01-02.59.59:019][432]LogConsoleManager: Display:  |-> Unsetting r.VRS.ReflectionEnvironmentSky, now 0
[2026.09.01-02.59.59:019][432]LogConsoleManager: Display:  |-> Unsetting r.VRS.SSR, now 2
[2026.09.01-02.59.59:019][432]LogConsoleManager: Display:  |-> Unsetting r.DepthOfFieldQuality, now 0
[2026.09.01-02.59.59:117][432]LogUI1047: Frame Rate Limit Restored to Player Settings Value of: 120
[2026.09.01-02.59.59:117][432]LogViewport: Display: Viewport MouseCaptureMode Changed, NoCapture -> CaptureDuringRightMouseDown
[2026.09.01-02.59.59:120][432]LogPortalWarsUI: Outro-ing all 0 transition stingers
[2026.09.01-02.59.59:121][432]LogChartCreation: Stopped creating FPS charts at 16777813.131627 seconds
[2026.09.01-02.59.59:524][432]LogActorComponent: UnregisterComponent: (/Engine/Transient.PortalWarsGameEngine_2147482447:PortalWarsGameInstance_2147481931.PortalWarsMusicSubsystem_2147480896.MusicAudioComponent) Not registered. Aborting.
[2026.09.01-02.59.59:524][432]LogWorld: UWorld::CleanupWorld for MainMenu, bSessionEnded=true, bCleanupResources=true
[2026.09.01-02.59.59:608][432]LogSlate: InvalidateAllWidgets triggered.  All widgets were invalidated
[2026.09.01-02.59.59:608][432]LogWorldPartition: UWorldPartition::Uninitialize : World = /Game/Maps/MainMenu/MainMenu.MainMenu
[2026.09.01-02.59.59:611][432]LogActorPool: Clearing all actor pools
[2026.09.01-02.59.59:611][432]LogAT1047InputRecorderSubsystem: Display: [UAT1047InputRecorderSubsystem::StopPlayback] All playback sessions stopped.
[2026.09.01-02.59.59:625][432]LogScript: Warning: Script Msg: -- No world: /Game/DataRegistry/DR_Weapons.DR_Weapons:OF1047DataRegistrySource_RemoteConfiguration_0
[2026.09.01-02.59.59:625][432]LogGameFeatures: Shutting down game features subsystem
[2026.09.01-02.59.59:719][432]LogAudio: Display: Beginning Audio Device Manager Shutdown (Module: )...
[2026.09.01-02.59.59:720][432]LogAudio: Display: Audio Device Manager Shutdown
[2026.09.01-02.59.59:720][432]LogSlate: Request Window 'PortalWars2  ' being destroyed
[2026.09.01-02.59.59:720][432]LogSlate: Window 'PortalWars2  ' being destroyed
[2026.09.01-02.59.59:760][432]LogSlate: Slate User Destroyed.  User Index 0, Is Virtual User: 0
[2026.09.01-02.59.59:767][432]LogExit: Preparing to exit.
[2026.09.01-02.59.59:767][432]LogMoviePlayer: Shutting down movie player
[2026.09.01-02.59.59:811][432]LogSlate: Updating window title bar state: overlay mode, drag disabled, window buttons hidden, title bar hidden
[2026.09.01-02.59.59:839][432]LogScript: Warning: Script Msg: -- Null obj
[2026.09.01-02.59.59:839][432]LogScript: Warning: Script Msg: -- No world: None.None:None.None.PortalWarsUISocialReferAFriendViewModel_2147475870
[2026.09.01-02.59.59:839][432]LogScript: Warning: Script Msg: -- Null obj
[2026.09.01-02.59.59:843][432]LogScript: Warning: Script Msg: -- Null obj
[2026.09.01-02.59.59:843][432]LogScript: Warning: Script Msg: -- Null obj
[2026.09.01-02.59.59:843][432]LogScript: Warning: Script Msg: -- Null obj
[2026.09.01-02.59.59:843][432]LogScript: Warning: Script Msg: -- Null obj
[2026.09.01-02.59.59:843][432]LogScript: Warning: Script Msg: -- Null obj
[2026.09.01-02.59.59:843][432]LogScript: Warning: Script Msg: -- Null obj
[2026.09.01-02.59.59:843][432]LogScript: Warning: Script Msg: -- Null obj
[2026.09.01-02.59.59:843][432]LogScript: Warning: Script Msg: -- Null obj
[2026.09.01-02.59.59:843][432]LogScript: Warning: Script Msg: -- Null obj
[2026.09.01-02.59.59:843][432]LogScript: Warning: Script Msg: -- Null obj
[2026.09.01-02.59.59:843][432]LogScript: Warning: Script Msg: -- Null obj
[2026.09.01-02.59.59:843][432]LogScript: Warning: Script Msg: -- Null obj
[2026.09.01-02.59.59:843][432]LogScript: Warning: Script Msg: -- Null obj
[2026.09.01-02.59.59:843][432]LogScript: Warning: Script Msg: -- Null obj
[2026.09.01-02.59.59:843][432]LogScript: Warning: Script Msg: -- Null obj
[2026.09.01-02.59.59:843][432]LogScript: Warning: Script Msg: -- Null obj
[2026.09.01-02.59.59:843][432]LogScript: Warning: Script Msg: -- Null obj
[2026.09.01-02.59.59:843][432]LogScript: Warning: Script Msg: -- Null obj
[2026.09.01-02.59.59:843][432]LogScript: Warning: Script Msg: -- Null obj
[2026.09.01-02.59.59:843][432]LogScript: Warning: Script Msg: -- Null obj
[2026.09.01-02.59.59:843][432]LogScript: Warning: Script Msg: -- Null obj
[2026.09.01-02.59.59:843][432]LogScript: Warning: Script Msg: -- Null obj
[2026.09.01-02.59.59:843][432]LogScript: Warning: Script Msg: -- Null obj
[2026.09.01-02.59.59:843][432]LogScript: Warning: Script Msg: -- Null obj
[2026.09.01-02.59.59:843][432]LogScript: Warning: Script Msg: -- Null obj
[2026.09.01-02.59.59:843][432]LogScript: Warning: Script Msg: -- Null obj
[2026.09.01-02.59.59:843][432]LogScript: Warning: Script Msg: -- Null obj
[2026.09.01-02.59.59:843][432]LogScript: Warning: Script Msg: -- Null obj
[2026.09.01-02.59.59:843][432]LogScript: Warning: Script Msg: -- Null obj
[2026.09.01-02.59.59:843][432]LogScript: Warning: Script Msg: -- Null obj
[2026.09.01-02.59.59:843][432]LogScript: Warning: Script Msg: -- Null obj
[2026.09.01-02.59.59:843][432]LogScript: Warning: Script Msg: -- Null obj
[2026.09.01-02.59.59:843][432]LogScript: Warning: Script Msg: -- Null obj
[2026.09.01-02.59.59:843][432]LogScript: Warning: Script Msg: -- Null obj
[2026.09.01-02.59.59:843][432]LogScript: Warning: Script Msg: -- Null obj
[2026.09.01-02.59.59:843][432]LogScript: Warning: Script Msg: -- Null obj
[2026.09.01-02.59.59:843][432]LogScript: Warning: Script Msg: -- Null obj
[2026.09.01-02.59.59:843][432]LogScript: Warning: Script Msg: -- Null obj
[2026.09.01-02.59.59:843][432]LogScript: Warning: Script Msg: -- Null obj
[2026.09.01-02.59.59:843][432]LogScript: Warning: Script Msg: -- Null obj
[2026.09.01-02.59.59:843][432]LogScript: Warning: Script Msg: -- Null obj
[2026.09.01-02.59.59:843][432]LogScript: Warning: Script Msg: -- Null obj
[2026.09.01-02.59.59:843][432]LogScript: Warning: Script Msg: -- Null obj
[2026.09.01-02.59.59:843][432]LogScript: Warning: Script Msg: -- Null obj
[2026.09.01-02.59.59:843][432]LogScript: Warning: Script Msg: -- Null obj
[2026.09.01-02.59.59:843][432]LogScript: Warning: Script Msg: -- Null obj
[2026.09.01-02.59.59:843][432]LogScript: Warning: Script Msg: -- Null obj
[2026.09.01-02.59.59:843][432]LogScript: Warning: Script Msg: -- Null obj
[2026.09.01-02.59.59:843][432]LogScript: Warning: Script Msg: -- Null obj
[2026.09.01-02.59.59:843][432]LogScript: Warning: Script Msg: -- Null obj
[2026.09.01-02.59.59:843][432]LogScript: Warning: Script Msg: -- Null obj
[2026.09.01-02.59.59:843][432]LogScript: Warning: Script Msg: -- Null obj
[2026.09.01-02.59.59:844][432]LogScript: Warning: Script Msg: -- Null obj
[2026.09.01-02.59.59:844][432]LogScript: Warning: Script Msg: -- Null obj
[2026.09.01-02.59.59:844][432]LogScript: Warning: Script Msg: -- Null obj
[2026.09.01-02.59.59:844][432]LogScript: Warning: Script Msg: -- Null obj
[2026.09.01-02.59.59:844][432]LogScript: Warning: Script Msg: -- Null obj
[2026.09.01-02.59.59:844][432]LogScript: Warning: Script Msg: -- Null obj
[2026.09.01-02.59.59:844][432]LogScript: Warning: Script Msg: -- Null obj
[2026.09.01-02.59.59:844][432]LogScript: Warning: Script Msg: -- Null obj
[2026.09.01-02.59.59:844][432]LogScript: Warning: Script Msg: -- Null obj
[2026.09.01-02.59.59:844][432]LogScript: Warning: Script Msg: -- Null obj
[2026.09.01-02.59.59:844][432]LogScript: Warning: Script Msg: -- Null obj
[2026.09.01-02.59.59:844][432]LogScript: Warning: Script Msg: -- Null obj
[2026.09.01-02.59.59:844][432]LogScript: Warning: Script Msg: -- No world: None.None:None.None.None.None.PortalWarsUIStoreOfferViewModel_V2_2147474348
[2026.09.01-02.59.59:844][432]LogScript: Warning: Script Msg: -- No world: None.None:None.None.None.None.PortalWarsUIStoreOfferViewModel_V2_2147474341
[2026.09.01-02.59.59:845][432]LogScript: Warning: Script Msg: -- Null obj
[2026.09.01-02.59.59:845][432]LogScript: Warning: Script Msg: -- Null obj
[2026.09.01-02.59.59:845][432]LogScript: Warning: Script Msg: -- Null obj
[2026.09.01-02.59.59:845][432]LogScript: Warning: Script Msg: -- Null obj
[2026.09.01-02.59.59:845][432]LogScript: Warning: Script Msg: -- Null obj
[2026.09.01-02.59.59:845][432]LogScript: Warning: Script Msg: -- Null obj
[2026.09.01-02.59.59:845][432]LogScript: Warning: Script Msg: -- Null obj
[2026.09.01-02.59.59:845][432]LogScript: Warning: Script Msg: -- Null obj
[2026.09.01-02.59.59:845][432]LogScript: Warning: Script Msg: -- Null obj
[2026.09.01-02.59.59:845][432]LogScript: Warning: Script Msg: -- Null obj
[2026.09.01-02.59.59:845][432]LogScript: Warning: Script Msg: -- Null obj
[2026.09.01-02.59.59:845][432]LogScript: Warning: Script Msg: -- Null obj
[2026.09.01-02.59.59:845][432]LogScript: Warning: Script Msg: -- Null obj
[2026.09.01-02.59.59:845][432]LogScript: Warning: Script Msg: -- Null obj
[2026.09.01-02.59.59:845][432]LogScript: Warning: Script Msg: -- Null obj
[2026.09.01-02.59.59:845][432]LogScript: Warning: Script Msg: -- Null obj
[2026.09.01-02.59.59:845][432]LogScript: Warning: Script Msg: -- Null obj
[2026.09.01-02.59.59:845][432]LogScript: Warning: Script Msg: -- Null obj
[2026.09.01-02.59.59:845][432]LogScript: Warning: Script Msg: -- Null obj
[2026.09.01-02.59.59:845][432]LogScript: Warning: Script Msg: -- Null obj
[2026.09.01-02.59.59:845][432]LogScript: Warning: Script Msg: -- Null obj
[2026.09.01-02.59.59:845][432]LogScript: Warning: Script Msg: -- Null obj
[2026.09.01-02.59.59:845][432]LogScript: Warning: Script Msg: -- Null obj
[2026.09.01-02.59.59:845][432]LogScript: Warning: Script Msg: -- Null obj
[2026.09.01-02.59.59:845][432]LogScript: Warning: Script Msg: -- Null obj
[2026.09.01-02.59.59:845][432]LogScript: Warning: Script Msg: -- Null obj
[2026.09.01-02.59.59:845][432]LogScript: Warning: Script Msg: -- Null obj
[2026.09.01-02.59.59:845][432]LogScript: Warning: Script Msg: -- Null obj
[2026.09.01-02.59.59:845][432]LogScript: Warning: Script Msg: -- Null obj
[2026.09.01-02.59.59:845][432]LogScript: Warning: Script Msg: -- Null obj
[2026.09.01-02.59.59:845][432]LogScript: Warning: Script Msg: -- Null obj
[2026.09.01-02.59.59:845][432]LogScript: Warning: Script Msg: -- Null obj
[2026.09.01-02.59.59:845][432]LogScript: Warning: Script Msg: -- Null obj
[2026.09.01-02.59.59:845][432]LogScript: Warning: Script Msg: -- Null obj
[2026.09.01-02.59.59:845][432]LogScript: Warning: Script Msg: -- Null obj
[2026.09.01-02.59.59:845][432]LogScript: Warning: Script Msg: -- Null obj
[2026.09.01-02.59.59:845][432]LogScript: Warning: Script Msg: -- Null obj
[2026.09.01-02.59.59:845][432]LogScript: Warning: Script Msg: -- Null obj
[2026.09.01-02.59.59:845][432]LogScript: Warning: Script Msg: -- Null obj
[2026.09.01-02.59.59:845][432]LogScript: Warning: Script Msg: -- Null obj
[2026.09.01-02.59.59:845][432]LogScript: Warning: Script Msg: -- Null obj
[2026.09.01-02.59.59:845][432]LogScript: Warning: Script Msg: -- Null obj
[2026.09.01-02.59.59:845][432]LogScript: Warning: Script Msg: -- Null obj
[2026.09.01-02.59.59:845][432]LogScript: Warning: Script Msg: -- Null obj
[2026.09.01-02.59.59:845][432]LogScript: Warning: Script Msg: -- Null obj
[2026.09.01-02.59.59:845][432]LogScript: Warning: Script Msg: -- Null obj
[2026.09.01-02.59.59:845][432]LogScript: Warning: Script Msg: -- Null obj
[2026.09.01-02.59.59:845][432]LogScript: Warning: Script Msg: -- Null obj
[2026.09.01-02.59.59:845][432]LogScript: Warning: Script Msg: -- Null obj
[2026.09.01-02.59.59:845][432]LogScript: Warning: Script Msg: -- Null obj
[2026.09.01-02.59.59:845][432]LogScript: Warning: Script Msg: -- Null obj
[2026.09.01-02.59.59:845][432]LogScript: Warning: Script Msg: -- Null obj
[2026.09.01-02.59.59:845][432]LogScript: Warning: Script Msg: -- Null obj
[2026.09.01-02.59.59:845][432]LogScript: Warning: Script Msg: -- Null obj
[2026.09.01-02.59.59:845][432]LogScript: Warning: Script Msg: -- Null obj
[2026.09.01-02.59.59:845][432]LogScript: Warning: Script Msg: -- Null obj
[2026.09.01-02.59.59:845][432]LogScript: Warning: Script Msg: -- Null obj
[2026.09.01-02.59.59:845][432]LogScript: Warning: Script Msg: -- Null obj
[2026.09.01-02.59.59:845][432]LogScript: Warning: Script Msg: -- Null obj
[2026.09.01-02.59.59:845][432]LogScript: Warning: Script Msg: -- Null obj
[2026.09.01-02.59.59:845][432]LogScript: Warning: Script Msg: -- Null obj
[2026.09.01-02.59.59:845][432]LogScript: Warning: Script Msg: -- Null obj
[2026.09.01-02.59.59:845][432]LogScript: Warning: Script Msg: -- Null obj
[2026.09.01-02.59.59:845][432]LogScript: Warning: Script Msg: -- Null obj
[2026.09.01-02.59.59:845][432]LogScript: Warning: Script Msg: -- Null obj
[2026.09.01-02.59.59:845][432]LogScript: Warning: Script Msg: -- Null obj
[2026.09.01-02.59.59:845][432]LogScript: Warning: Script Msg: -- Null obj
[2026.09.01-02.59.59:845][432]LogScript: Warning: Script Msg: -- Null obj
[2026.09.01-02.59.59:845][432]LogScript: Warning: Script Msg: -- Null obj
[2026.09.01-02.59.59:845][432]LogScript: Warning: Script Msg: -- Null obj
[2026.09.01-02.59.59:845][432]LogScript: Warning: Script Msg: -- Null obj
[2026.09.01-02.59.59:845][432]LogScript: Warning: Script Msg: -- Null obj
[2026.09.01-02.59.59:845][432]LogScript: Warning: Script Msg: -- Null obj
[2026.09.01-02.59.59:845][432]LogScript: Warning: Script Msg: -- Null obj
[2026.09.01-02.59.59:845][432]LogScript: Warning: Script Msg: -- Null obj
[2026.09.01-02.59.59:845][432]LogScript: Warning: Script Msg: -- Null obj
[2026.09.01-02.59.59:845][432]LogScript: Warning: Script Msg: -- Null obj
[2026.09.01-02.59.59:845][432]LogScript: Warning: Script Msg: -- Null obj
[2026.09.01-02.59.59:845][432]LogScript: Warning: Script Msg: -- Null obj
[2026.09.01-02.59.59:845][432]LogScript: Warning: Script Msg: -- Null obj
[2026.09.01-02.59.59:845][432]LogScript: Warning: Script Msg: -- Null obj
[2026.09.01-02.59.59:845][432]LogScript: Warning: Script Msg: -- Null obj
[2026.09.01-02.59.59:846][432]LogScript: Warning: Script Msg: -- Null obj
[2026.09.01-02.59.59:846][432]LogScript: Warning: Script Msg: -- Null obj
[2026.09.01-02.59.59:846][432]LogScript: Warning: Script Msg: -- Null obj
[2026.09.01-02.59.59:846][432]LogScript: Warning: Script Msg: -- Null obj
[2026.09.01-02.59.59:846][432]LogScript: Warning: Script Msg: -- Null obj
[2026.09.01-02.59.59:846][432]LogScript: Warning: Script Msg: -- Null obj
[2026.09.01-02.59.59:846][432]LogScript: Warning: Script Msg: -- Null obj
[2026.09.01-02.59.59:846][432]LogScript: Warning: Script Msg: -- Null obj
[2026.09.01-02.59.59:846][432]LogScript: Warning: Script Msg: -- Null obj
[2026.09.01-02.59.59:846][432]LogScript: Warning: Script Msg: -- Null obj
[2026.09.01-02.59.59:846][432]LogScript: Warning: Script Msg: -- Null obj
[2026.09.01-02.59.59:846][432]LogScript: Warning: Script Msg: -- Null obj
[2026.09.01-02.59.59:846][432]LogScript: Warning: Script Msg: -- Null obj
[2026.09.01-02.59.59:846][432]LogScript: Warning: Script Msg: -- Null obj
[2026.09.01-02.59.59:846][432]LogScript: Warning: Script Msg: -- Null obj
[2026.09.01-02.59.59:846][432]LogScript: Warning: Script Msg: -- Null obj
[2026.09.01-02.59.59:846][432]LogScript: Warning: Script Msg: -- Null obj
[2026.09.01-02.59.59:846][432]LogScript: Warning: Script Msg: -- Null obj
[2026.09.01-02.59.59:846][432]LogScript: Warning: Script Msg: -- Null obj
[2026.09.01-02.59.59:846][432]LogScript: Warning: Script Msg: -- Null obj
[2026.09.01-02.59.59:846][432]LogScript: Warning: Script Msg: -- Null obj
[2026.09.01-02.59.59:846][432]LogScript: Warning: Script Msg: -- Null obj
[2026.09.01-02.59.59:846][432]LogScript: Warning: Script Msg: -- Null obj
[2026.09.01-02.59.59:846][432]LogScript: Warning: Script Msg: -- Null obj
[2026.09.01-02.59.59:846][432]LogScript: Warning: Script Msg: -- Null obj
[2026.09.01-02.59.59:846][432]LogScript: Warning: Script Msg: -- Null obj
[2026.09.01-02.59.59:846][432]LogScript: Warning: Script Msg: -- Null obj
[2026.09.01-02.59.59:846][432]LogScript: Warning: Script Msg: -- Null obj
[2026.09.01-02.59.59:846][432]LogScript: Warning: Script Msg: -- Null obj
[2026.09.01-02.59.59:846][432]LogScript: Warning: Script Msg: -- Null obj
[2026.09.01-02.59.59:846][432]LogScript: Warning: Script Msg: -- Null obj
[2026.09.01-02.59.59:846][432]LogScript: Warning: Script Msg: -- Null obj
[2026.09.01-02.59.59:846][432]LogScript: Warning: Script Msg: -- Null obj
[2026.09.01-02.59.59:846][432]LogScript: Warning: Script Msg: -- Null obj
[2026.09.01-02.59.59:846][432]LogScript: Warning: Script Msg: -- Null obj
[2026.09.01-02.59.59:846][432]LogScript: Warning: Script Msg: -- Null obj
[2026.09.01-02.59.59:846][432]LogScript: Warning: Script Msg: -- Null obj
[2026.09.01-02.59.59:846][432]LogScript: Warning: Script Msg: -- Null obj
[2026.09.01-02.59.59:846][432]LogScript: Warning: Script Msg: -- Null obj
[2026.09.01-02.59.59:846][432]LogScript: Warning: Script Msg: -- Null obj
[2026.09.01-02.59.59:846][432]LogScript: Warning: Script Msg: -- Null obj
[2026.09.01-02.59.59:846][432]LogScript: Warning: Script Msg: -- Null obj
[2026.09.01-02.59.59:846][432]LogScript: Warning: Script Msg: -- Null obj
[2026.09.01-02.59.59:846][432]LogScript: Warning: Script Msg: -- Null obj
[2026.09.01-02.59.59:846][432]LogScript: Warning: Script Msg: -- Null obj
[2026.09.01-02.59.59:846][432]LogScript: Warning: Script Msg: -- Null obj
[2026.09.01-02.59.59:846][432]LogScript: Warning: Script Msg: -- Null obj
[2026.09.01-02.59.59:846][432]LogScript: Warning: Script Msg: -- Null obj
[2026.09.01-02.59.59:846][432]LogScript: Warning: Script Msg: -- Null obj
[2026.09.01-02.59.59:846][432]LogScript: Warning: Script Msg: -- Null obj
[2026.09.01-02.59.59:846][432]LogScript: Warning: Script Msg: -- Null obj
[2026.09.01-02.59.59:846][432]LogScript: Warning: Script Msg: -- Null obj
[2026.09.01-02.59.59:846][432]LogScript: Warning: Script Msg: -- Null obj
[2026.09.01-02.59.59:846][432]LogScript: Warning: Script Msg: -- Null obj
[2026.09.01-02.59.59:846][432]LogScript: Warning: Script Msg: -- Null obj
[2026.09.01-02.59.59:846][432]LogScript: Warning: Script Msg: -- Null obj
[2026.09.01-02.59.59:846][432]LogScript: Warning: Script Msg: -- Null obj
[2026.09.01-02.59.59:846][432]LogScript: Warning: Script Msg: -- Null obj
[2026.09.01-02.59.59:846][432]LogScript: Warning: Script Msg: -- Null obj
[2026.09.01-02.59.59:846][432]LogScript: Warning: Script Msg: -- Null obj
[2026.09.01-02.59.59:846][432]LogScript: Warning: Script Msg: -- Null obj
[2026.09.01-02.59.59:846][432]LogScript: Warning: Script Msg: -- Null obj
[2026.09.01-02.59.59:846][432]LogScript: Warning: Script Msg: -- Null obj
[2026.09.01-02.59.59:846][432]LogScript: Warning: Script Msg: -- Null obj
[2026.09.01-02.59.59:846][432]LogScript: Warning: Script Msg: -- Null obj
[2026.09.01-02.59.59:846][432]LogScript: Warning: Script Msg: -- Null obj
[2026.09.01-02.59.59:846][432]LogScript: Warning: Script Msg: -- Null obj
[2026.09.01-02.59.59:846][432]LogScript: Warning: Script Msg: -- Null obj
[2026.09.01-02.59.59:846][432]LogScript: Warning: Script Msg: -- Null obj
[2026.09.01-02.59.59:846][432]LogScript: Warning: Script Msg: -- Null obj
[2026.09.01-02.59.59:846][432]LogScript: Warning: Script Msg: -- Null obj
[2026.09.01-02.59.59:846][432]LogScript: Warning: Script Msg: -- Null obj
[2026.09.01-02.59.59:846][432]LogScript: Warning: Script Msg: -- Null obj
[2026.09.01-02.59.59:846][432]LogScript: Warning: Script Msg: -- Null obj
[2026.09.01-02.59.59:846][432]LogScript: Warning: Script Msg: -- Null obj
[2026.09.01-02.59.59:846][432]LogScript: Warning: Script Msg: -- Null obj
[2026.09.01-02.59.59:846][432]LogScript: Warning: Script Msg: -- Null obj
[2026.09.01-02.59.59:846][432]LogScript: Warning: Script Msg: -- Null obj
[2026.09.01-02.59.59:846][432]LogScript: Warning: Script Msg: -- Null obj
[2026.09.01-02.59.59:846][432]LogScript: Warning: Script Msg: -- Null obj
[2026.09.01-02.59.59:846][432]LogScript: Warning: Script Msg: -- Null obj
[2026.09.01-02.59.59:846][432]LogScript: Warning: Script Msg: -- Null obj
[2026.09.01-02.59.59:846][432]LogScript: Warning: Script Msg: -- Null obj
[2026.09.01-02.59.59:846][432]LogScript: Warning: Script Msg: -- Null obj
[2026.09.01-02.59.59:846][432]LogScript: Warning: Script Msg: -- Null obj
[2026.09.01-02.59.59:846][432]LogScript: Warning: Script Msg: -- Null obj
[2026.09.01-02.59.59:846][432]LogScript: Warning: Script Msg: -- Null obj
[2026.09.01-02.59.59:846][432]LogScript: Warning: Script Msg: -- Null obj
[2026.09.01-02.59.59:846][432]LogScript: Warning: Script Msg: -- Null obj
[2026.09.01-02.59.59:846][432]LogScript: Warning: Script Msg: -- Null obj
[2026.09.01-02.59.59:846][432]LogScript: Warning: Script Msg: -- Null obj
[2026.09.01-02.59.59:846][432]LogScript: Warning: Script Msg: -- Null obj
[2026.09.01-02.59.59:846][432]LogScript: Warning: Script Msg: -- Null obj
[2026.09.01-02.59.59:846][432]LogScript: Warning: Script Msg: -- Null obj
[2026.09.01-02.59.59:846][432]LogScript: Warning: Script Msg: -- Null obj
[2026.09.01-02.59.59:846][432]LogScript: Warning: Script Msg: -- Null obj
[2026.09.01-02.59.59:846][432]LogScript: Warning: Script Msg: -- Null obj
[2026.09.01-02.59.59:846][432]LogScript: Warning: Script Msg: -- Null obj
[2026.09.01-02.59.59:846][432]LogScript: Warning: Script Msg: -- Null obj
[2026.09.01-02.59.59:846][432]LogScript: Warning: Script Msg: -- Null obj
[2026.09.01-02.59.59:846][432]LogScript: Warning: Script Msg: -- Null obj
[2026.09.01-02.59.59:846][432]LogScript: Warning: Script Msg: -- Null obj
[2026.09.01-02.59.59:846][432]LogScript: Warning: Script Msg: -- Null obj
[2026.09.01-02.59.59:846][432]LogScript: Warning: Script Msg: -- Null obj
[2026.09.01-02.59.59:846][432]LogScript: Warning: Script Msg: -- Null obj
[2026.09.01-02.59.59:846][432]LogScript: Warning: Script Msg: -- Null obj
[2026.09.01-02.59.59:846][432]LogScript: Warning: Script Msg: -- Null obj
[2026.09.01-02.59.59:846][432]LogScript: Warning: Script Msg: -- Null obj
[2026.09.01-02.59.59:846][432]LogScript: Warning: Script Msg: -- Null obj
[2026.09.01-02.59.59:847][432]LogScript: Warning: Script Msg: -- No world: None.None:None.None.PortalWarsUIPlayerRankViewModel_2147472945
[2026.09.01-02.59.59:854][432]LogScript: Warning: Script Msg: -- Null obj
[2026.09.01-02.59.59:854][432]LogScript: Warning: Script Msg: -- Null obj
[2026.09.01-02.59.59:854][432]LogScript: Warning: Script Msg: -- Null obj
[2026.09.01-02.59.59:854][432]LogScript: Warning: Script Msg: -- Null obj
[2026.09.01-02.59.59:854][432]LogScript: Warning: Script Msg: -- Null obj
[2026.09.01-02.59.59:854][432]LogScript: Warning: Script Msg: -- Null obj
[2026.09.01-02.59.59:854][432]LogScript: Warning: Script Msg: -- Null obj
[2026.09.01-02.59.59:854][432]LogScript: Warning: Script Msg: -- Null obj
[2026.09.01-02.59.59:854][432]LogScript: Warning: Script Msg: -- Null obj
[2026.09.01-02.59.59:854][432]LogScript: Warning: Script Msg: -- Null obj
[2026.09.01-02.59.59:854][432]LogScript: Warning: Script Msg: -- Null obj
[2026.09.01-02.59.59:854][432]LogScript: Warning: Script Msg: -- Null obj
[2026.09.01-02.59.59:854][432]LogScript: Warning: Script Msg: -- Null obj
[2026.09.01-02.59.59:856][432]LogScript: Warning: Script Msg: -- Null obj
[2026.09.01-02.59.59:856][432]LogScript: Warning: Script Msg: -- Null obj
[2026.09.01-02.59.59:897][432]LogDemo: Cleaned up 0 splitscreen connections, owner deletion: enabled
[2026.09.01-02.59.59:910][432]LogExit: Game engine shut down
[2026.09.01-03.00.00:254][432]LogExit: Object subsystem successfully closed.
[2026.09.01-03.00.00:277][432]LogRHI: FPipelineFileCacheManager Incremental saved 10 total, 8 new, 0 removed, 0 cons .upipelinecache (took   4.34ms): C:/USERS/REDACTED/AppData/Local/PortalWars2/Saved/PortalWars2_PCD3D_SM6.upipelinecache.
[2026.09.01-03.00.00:301][432]LogStreamline: UnregisterStreamlineReflexHooks Enter
[2026.09.01-03.00.00:301][432]LogStreamline: UnregisterStreamlineReflexHooks Leave
[2026.09.01-03.00.00:301][432]LogStreamline: FStreamlineCoreModule::ShutdownModule Enter
[2026.09.01-03.00.00:301][432]LogStreamline: UnregisterStreamlineReflexHooks Enter
[2026.09.01-03.00.00:301][432]LogStreamline: FStreamlineMaxTickRateHandler::Initialize sl::ReflexState::lowLatencyAvailable=1
[2026.09.01-03.00.00:301][432]LogStreamline: FStreamlineMaxTickRateHandler::Initialize sl::ReflexState::latencyReportAvailable=1
[2026.09.01-03.00.00:301][432]LogStreamline: FStreamlineLatencyMarkers::Initialize sl::ReflexState::flashIndicatorDriverControlled=1
[2026.09.01-03.00.00:301][432]LogStreamline: UnregisterStreamlineReflexHooks Leave
[2026.09.01-03.00.00:301][432]LogStreamline: FStreamlineCoreModule::ShutdownModule Leave
[2026.09.01-03.00.00:301][432]LogNIS: FNISCoreModule::ShutdownModule Enter
[2026.09.01-03.00.00:301][432]LogNIS: FNISCoreModule::ShutdownModule Leave
[2026.09.01-03.00.00:301][432]LogDLSS: FDLSSModule::ShutdownModule Enter
[2026.09.01-03.00.00:301][432]LogDLSS: FDLSSDenoiserWrapper(Active) unwrapping ScreenSpaceDenoiser
[2026.09.01-03.00.00:301][432]LogDLSSNGXD3D12RHI: FNGXD3D12RHI::~FNGXD3D12RHI Enter
[2026.09.01-03.00.00:301][432]LogDLSSNGXRHI: NGXRHI::ReleaseAllocatedFeatures Enter
[2026.09.01-03.00.00:301][432]LogDLSSNGXRHI: Destroying NGX DLSS Feature SrcRect=[0x0->1281x721], DestRect=[0x0->1920x1080], ScaleX=0.667188, ScaleY=0.667593, NGXDLSSPreset=Preset C(3), NGXDLSSRRPreset=Default(0), NGXPerfQuality=MaxQuality(2), bHighResolutionMotionVectors=1, bNonZeroSharpness=0, bUseAutoExposure=1, bEnableAlphaUpscaling=0, bReleaseMemoryOnDelete=1, GPUNode=0, GPUVisibility=0x1, DenoiseMode=Off 
[2026.09.01-03.00.00:301][432]LogDLSSNGXRHI: NGXRHI::ReleaseAllocatedFeatures Leave
[2026.09.01-03.00.00:301][432]LogDLSSNGXD3D12RHI: NVSDK_NGX_D3D12_DestroyParameters -> (1 NVSDK_NGX_Result_Success)
[2026.09.01-03.00.00:301][432]LogDLSSNGXD3D12RHI: FNGXD3D12RHI::~FNGXD3D12RHI Leave
[2026.09.01-03.00.00:301][432]LogDLSSNGXRHI: NGXRHI::~NGXRHI Enter
[2026.09.01-03.00.00:301][432]LogDLSSNGXRHI: NGXRHI::~NGXRHI Leave
[2026.09.01-03.00.00:301][432]LogDLSS: FDLSSModule::ShutdownModule Leave
[2026.09.01-03.00.00:301][432]LogDLSSNGXRHI: FNGXRHIModule::ShutdownModule Enter
[2026.09.01-03.00.00:301][432]LogDLSSNGXRHI: FNGXRHIModule::ShutdownModule Leave
[2026.09.01-03.00.00:567][432]LogNats: Warning: Nats Connection Disconnected. Will attempt reconnect. Reason: 
[2026.09.01-03.00.00:568][432]LogNats: Warning: Nats Connection Closed. Reason: 
[2026.09.01-03.00.00:573][432]LogSteamShared: Warning: There are still 1 additional Steam instances in use. These must be shutdown before unloading the module!
[2026.09.01-03.00.00:573][432]LogSteamShared: Freeing the Steam Loaded Modules...
[2026.09.01-03.00.00:573][432]LogGauntlet: Gauntlet Shutdown
[2026.09.01-03.00.00:573][432]LogWwiseNiagara: Display: Shutting down default Niagara.
[2026.09.01-03.00.00:580][432]LogAkAudio: Skipping AkComponentCallback because we don't have an audio device
[2026.09.01-03.00.00:581][432]LogWwiseFileHandler: Error: FWwiseStreamedMediaFileState::CloseFile 805038750 (Mus_LockerRoom_A.wav): TryUnsetMedia of prefetch failed: 102 (The component being used is not initialized. Most likely AK::SoundEngine::Init() was not called yet, or AK::SoundEngine::Term was called too early.). Leaking.
[2026.09.01-03.00.00:581][432]LogAkAudio: Skipping AkComponentCallback because we don't have an audio device
[2026.09.01-03.00.00:583][432]LogAkAudio: Audiokinetic Audio Device terminated.
[2026.09.01-03.00.00:583][432]LogWwiseConcurrency: Display: Shutting down default Concurrency.
[2026.09.01-03.00.00:583][432]LogWwiseProcessing: Display: Shutting down default Processing.
[2026.09.01-03.00.00:584][432]LogWwiseResourceLoader: Display: Shutting down default Resource Loader.
[2026.09.01-03.00.00:584][432]LogWwiseSoundEngine: Unloading Wwise Sound Engine
[2026.09.01-03.00.00:585][432]LogStreamlineRHI: FStreamlineRHIModule::ShutdownModule Enter
[2026.09.01-03.00.00:585][432]LogStreamlineD3D12RHI: FStreamlineD3D12RHI::~FStreamlineD3D12RHI Enter
[2026.09.01-03.00.00:585][432]LogStreamlineD3D12RHI: FStreamlineD3D12RHI::~FStreamlineD3D12RHI Leave
[2026.09.01-03.00.00:585][432]LogStreamlineRHI: FStreamlineRHI::~FStreamlineRHI Enter
[2026.09.01-03.00.00:585][432]LogStreamlineRHI: FStreamlineRHI::~FStreamlineRHI Leave
[2026.09.01-03.00.00:585][432]LogStreamlineRHI: FStreamlineRHIModule::ShutdownModule Leave
[2026.09.01-03.00.00:585][432]LogStreamlineD3D12RHI: FStreamlineD3D12RHIModule::ShutdownModule Enter
[2026.09.01-03.00.00:585][432]LogStreamlineD3D12RHI: FStreamlineD3D12RHIModule::ShutdownModule Leave
[2026.09.01-03.00.00:585][432]LogOnline: Display: STEAM: OnlineSubsystemSteam::Shutdown()
[2026.09.01-03.00.00:585][432]LogOnline: STEAM: AUTH: Revoking all tickets.
[2026.09.01-03.00.00:586][432]LogOnline: Display: STEAM: OnlineSubsystemSteam::Shutdown()
[2026.09.01-03.00.00:587][432]LogEOSSDK: LogEOSRTC: LibRTCCore: Shutting down LibRTC...
[2026.09.01-03.00.01:117][432]LogEOSSDK: FEOSSDKManager::Shutdown EOS_Shutdown Result=[EOS_Success]
[2026.09.01-03.00.01:117][432]LogDLSSNGXVulkanRHIPreInit: FNGXVulkanRHIPreInitModule::ShutdownModule Enter
