Log file open, 08/30/26 01:25:03
LogWindows: Enabling Tpause support
LogWindows: Custom abort handler registered for crash reporting.
LogPakFile: Initializing PakPlatformFile
LogIoDispatcher: Display: Reading toc: ../../../PortalWars2/Content/Paks/global.utoc
LogIoDispatcher: Display: Toc loaded : ../../../PortalWars2/Content/Paks/global.utoc, Id=ffffffffffffffff, Order=0, EntryCount=1, SignatureHash=AE045688AE36419CC829A72853488542C51FF998
LogIoDispatcher: Display: Mounting container '../../../PortalWars2/Content/Paks/global.utoc' in location slot 0
LogPakFile: Display: Initialized I/O dispatcher file backend. Mounted the global container: ../../../PortalWars2/Content/Paks/global.utoc
LogPakFile: Display: Found Pak file ../../../PortalWars2/Content/Paks/pakchunk500-WindowsClient.pak attempting to mount.
LogPakFile: Display: Mounting pak file ../../../PortalWars2/Content/Paks/pakchunk500-WindowsClient.pak.
LogIoDispatcher: Display: Reading toc: ../../../PortalWars2/Content/Paks/pakchunk500-WindowsClient.utoc
LogIoDispatcher: Display: Toc loaded : ../../../PortalWars2/Content/Paks/pakchunk500-WindowsClient.utoc, Id=1a8afa7cf7d1d9e2, Order=3, EntryCount=33418, SignatureHash=20287D2807E85AD4A6159C3A440E98D8BEC9DC33
LogIoDispatcher: Display: Mounting container '../../../PortalWars2/Content/Paks/pakchunk500-WindowsClient.utoc' in location slot 0
LogPakFile: Display: Mounted IoStore container "../../../PortalWars2/Content/Paks/pakchunk500-WindowsClient.utoc"
LogFilePackageStore: Mounting container: Id=1a8afa7cf7d1d9e2, Order=3, NumPackages=17440
LogPakFile: Display: Mounted Pak file '../../../PortalWars2/Content/Paks/pakchunk500-WindowsClient.pak', mount point: '../../../PortalWars2/Content/Localization/'
LogPakFile: Display: Found Pak file ../../../PortalWars2/Content/Paks/pakchunk400optional-WindowsClient.pak attempting to mount.
LogPakFile: Display: Mounting pak file ../../../PortalWars2/Content/Paks/pakchunk400optional-WindowsClient.pak.
LogIoDispatcher: Display: Reading toc: ../../../PortalWars2/Content/Paks/pakchunk400optional-WindowsClient.utoc
LogIoDispatcher: Display: Toc loaded : ../../../PortalWars2/Content/Paks/pakchunk400optional-WindowsClient.utoc, Id=c51501c428664866, Order=3, EntryCount=6, SignatureHash=3FD6ED91585C4160EE9BC6B9C882ED1C939A1830
LogIoDispatcher: Display: Mounting container '../../../PortalWars2/Content/Paks/pakchunk400optional-WindowsClient.utoc' in location slot 0
LogPakFile: Display: Mounted IoStore container "../../../PortalWars2/Content/Paks/pakchunk400optional-WindowsClient.utoc"
LogFilePackageStore: Mounting container: Id=c51501c428664866, Order=3, NumPackages=0
LogPakFile: Display: Mounted Pak file '../../../PortalWars2/Content/Paks/pakchunk400optional-WindowsClient.pak', mount point: '/'
LogPakFile: Display: Found Pak file ../../../PortalWars2/Content/Paks/pakchunk400-WindowsClient.pak attempting to mount.
LogPakFile: Display: Mounting pak file ../../../PortalWars2/Content/Paks/pakchunk400-WindowsClient.pak.
LogIoDispatcher: Display: Reading toc: ../../../PortalWars2/Content/Paks/pakchunk400-WindowsClient.utoc
LogIoDispatcher: Display: Toc loaded : ../../../PortalWars2/Content/Paks/pakchunk400-WindowsClient.utoc, Id=a2c7444dd12d0f55, Order=3, EntryCount=44455, SignatureHash=0D563056491775C913FB7480507ED6751BA21CC5
LogIoDispatcher: Display: Mounting container '../../../PortalWars2/Content/Paks/pakchunk400-WindowsClient.utoc' in location slot 0
LogPakFile: Display: Mounted IoStore container "../../../PortalWars2/Content/Paks/pakchunk400-WindowsClient.utoc"
LogFilePackageStore: Mounting container: Id=a2c7444dd12d0f55, Order=3, NumPackages=25162
LogPakFile: Display: Mounted Pak file '../../../PortalWars2/Content/Paks/pakchunk400-WindowsClient.pak', mount point: '../../../PortalWars2/Content/'
LogPakFile: Display: Found Pak file ../../../PortalWars2/Content/Paks/pakchunk300-WindowsClient.pak attempting to mount.
LogPakFile: Display: Mounting pak file ../../../PortalWars2/Content/Paks/pakchunk300-WindowsClient.pak.
LogIoDispatcher: Display: Reading toc: ../../../PortalWars2/Content/Paks/pakchunk300-WindowsClient.utoc
LogIoDispatcher: Display: Toc loaded : ../../../PortalWars2/Content/Paks/pakchunk300-WindowsClient.utoc, Id=756a660c232092cb, Order=3, EntryCount=53932, SignatureHash=E01926CD6E3DFF162E845B939C220E1F6B045EEE
LogIoDispatcher: Display: Mounting container '../../../PortalWars2/Content/Paks/pakchunk300-WindowsClient.utoc' in location slot 0
LogPakFile: Display: Mounted IoStore container "../../../PortalWars2/Content/Paks/pakchunk300-WindowsClient.utoc"
LogFilePackageStore: Mounting container: Id=756a660c232092cb, Order=3, NumPackages=32237
LogPakFile: Display: Mounted Pak file '../../../PortalWars2/Content/Paks/pakchunk300-WindowsClient.pak', mount point: '../../../PortalWars2/Content/Localization/'
LogPakFile: Display: Found Pak file ../../../PortalWars2/Content/Paks/pakchunk200-WindowsClient.pak attempting to mount.
LogPakFile: Display: Mounting pak file ../../../PortalWars2/Content/Paks/pakchunk200-WindowsClient.pak.
LogIoDispatcher: Display: Reading toc: ../../../PortalWars2/Content/Paks/pakchunk200-WindowsClient.utoc
LogIoDispatcher: Display: Toc loaded : ../../../PortalWars2/Content/Paks/pakchunk200-WindowsClient.utoc, Id=967bebf20dd35d41, Order=3, EntryCount=1139, SignatureHash=4352F1A2A4DE110863E0B0B411F6028DD5BFBB02
LogIoDispatcher: Display: Mounting container '../../../PortalWars2/Content/Paks/pakchunk200-WindowsClient.utoc' in location slot 0
LogPakFile: Display: Mounted IoStore container "../../../PortalWars2/Content/Paks/pakchunk200-WindowsClient.utoc"
LogFilePackageStore: Mounting container: Id=967bebf20dd35d41, Order=3, NumPackages=821
LogPakFile: Display: Mounted Pak file '../../../PortalWars2/Content/Paks/pakchunk200-WindowsClient.pak', mount point: '../../../PortalWars2/Content/Localization/'
LogPakFile: Display: Found Pak file ../../../PortalWars2/Content/Paks/pakchunk100-WindowsClient.pak attempting to mount.
LogPakFile: Display: Mounting pak file ../../../PortalWars2/Content/Paks/pakchunk100-WindowsClient.pak.
LogIoDispatcher: Display: Reading toc: ../../../PortalWars2/Content/Paks/pakchunk100-WindowsClient.utoc
LogIoDispatcher: Display: Toc loaded : ../../../PortalWars2/Content/Paks/pakchunk100-WindowsClient.utoc, Id=fdc424ad5b740403, Order=3, EntryCount=34524, SignatureHash=845168480A3A4E5336054E6241D63C2F925EB5DC
LogIoDispatcher: Display: Mounting container '../../../PortalWars2/Content/Paks/pakchunk100-WindowsClient.utoc' in location slot 0
LogPakFile: Display: Mounted IoStore container "../../../PortalWars2/Content/Paks/pakchunk100-WindowsClient.utoc"
LogFilePackageStore: Mounting container: Id=fdc424ad5b740403, Order=3, NumPackages=28234
LogPakFile: Display: Mounted Pak file '../../../PortalWars2/Content/Paks/pakchunk100-WindowsClient.pak', mount point: '../../../PortalWars2/Content/Localization/'
LogPakFile: Display: Found Pak file ../../../PortalWars2/Content/Paks/pakchunk0-WindowsClient.pak attempting to mount.
LogPakFile: Display: Mounting pak file ../../../PortalWars2/Content/Paks/pakchunk0-WindowsClient.pak.
LogIoDispatcher: Display: Reading toc: ../../../PortalWars2/Content/Paks/pakchunk0-WindowsClient.utoc
LogIoDispatcher: Display: Toc loaded : ../../../PortalWars2/Content/Paks/pakchunk0-WindowsClient.utoc, Id=83763e54e454e452, Order=3, EntryCount=17006, SignatureHash=65C06236BC576B3857CE72C970A4A8B0D2E62025
LogIoDispatcher: Display: Mounting container '../../../PortalWars2/Content/Paks/pakchunk0-WindowsClient.utoc' in location slot 0
LogPakFile: Display: Mounted IoStore container "../../../PortalWars2/Content/Paks/pakchunk0-WindowsClient.utoc"
LogFilePackageStore: Mounting container: Id=83763e54e454e452, Order=3, NumPackages=10626
LogPakFile: Display: Mounted Pak file '../../../PortalWars2/Content/Paks/pakchunk0-WindowsClient.pak', mount point: '../../../'
LogIris: FNetObjectFactoryRegistry::UnregisterFactory is unregistering factory: None name: NetActorFactory id: 0
LogIris: FNetObjectFactoryRegistry::UnregisterFactory is unregistering factory: None name: NetSubObjectFactory id: 1
LogICUInternationalization: ICU TimeZone Detection - Raw Offset: -8:00, Platform Override: ''
LogInit: Session CrashGUID >====================================================
         Session CrashGUID >   UECC-Windows-<CRASH_GUID_REDACTED>
         Session CrashGUID >====================================================
LogConfig: No local boot hotfix file found at: [C:/Users/<USER>/AppData/Local/PortalWars2/Saved/PersistentDownloadDir/HotfixForNextBoot.txt]
LogAudio: Display: Pre-Initializing Audio Device Manager...
LogAudio: Display: AudioInfo: 'OPUS' Registered
LogAudioDebug: Display: Lib vorbis DLL was dynamically loaded.
LogAudio: Display: AudioInfo: 'OGG' Registered
LogAudio: Display: AudioInfo: 'ADPCM' Registered
LogAudio: Display: AudioInfo: 'PCM' Registered
LogAudio: Display: AudioInfo: 'BINKA' Registered
LogAudio: Display: AudioInfo: 'RADA' Registered
LogAudio: Display: Audio Device Manager Pre-Initialized
LogPluginManager: Mounting Project plugin AIFramework1047
LogPluginManager: Mounting Project plugin AudioFramework1047
LogPluginManager: Mounting Project plugin AutomatedTests1047
LogPluginManager: Mounting Project plugin Core1047
LogPluginManager: Mounting Project plugin CreativeCore1047
LogPluginManager: Mounting Project plugin CreativeFramework1047
LogPluginManager: Mounting Project plugin EditorTools1047
LogPluginManager: Mounting Project plugin GameFramework1047
LogPluginManager: Mounting Project plugin MerlinAntiCheat
LogPluginManager: Mounting Project plugin CoreOnline1047
LogPluginManager: Mounting Project plugin MaverickSdk
LogPluginManager: Mounting Project plugin OnlineFramework1047
LogPluginManager: Mounting Project plugin OnlineNetworkUtils1047
LogPluginManager: Mounting Project plugin OnlineServices1047
LogPluginManager: Mounting Project plugin RenderFramework1047
LogPluginManager: Mounting Project plugin ShooterCore1047
LogPluginManager: Mounting Project plugin StageNexus1047
LogPluginManager: Mounting Project plugin TheaterFramework1047
LogPluginManager: Mounting Project plugin UI1047
LogPluginManager: Mounting Project plugin AutoNavLinkGenerator
LogPluginManager: Mounting Project plugin CommonLoadingScreen
LogPluginManager: Mounting Project plugin AvirImageResizing
LogPluginManager: Mounting Project plugin ContentAudit
LogPluginManager: Mounting Project plugin GameplayMessageRouter
LogPluginManager: Mounting Project plugin GameplayTagDataTable
LogPluginManager: Mounting Project plugin PortalWarsLegacy
LogPluginManager: Mounting Project plugin InGameCollisionDebugger
LogPluginManager: Mounting Project plugin NavLinkHelper
LogPluginManager: Mounting Engine plugin AISupport
LogPluginManager: Mounting Engine plugin EnvironmentQueryEditor
LogPluginManager: Mounting Engine plugin HTN
LogPluginManager: Mounting Engine plugin ACLPlugin
LogPluginManager: Mounting Engine plugin AnimationData
LogPluginManager: Mounting Engine plugin AnimationLocomotionLibrary
LogPluginManager: Mounting Engine plugin AnimationModifierLibrary
LogPluginManager: Mounting Engine plugin AnimationWarping
LogPluginManager: Mounting Engine plugin BlendStack
LogPluginManager: Mounting Engine plugin ControlRigModules
LogPluginManager: Mounting Engine plugin ControlRigSpline
LogPluginManager: Mounting Engine plugin ControlRig
LogPluginManager: Mounting Engine plugin DeformerGraph
LogPluginManager: Mounting Engine plugin GameplayInsights
LogPluginManager: Mounting Engine plugin IKRig
LogPluginManager: Mounting Engine plugin LiveLink
LogPluginManager: Mounting Engine plugin RigLogic
LogPluginManager: Mounting Engine plugin VertexAnimationManager
LogPluginManager: Mounting Engine plugin AudioGameplayVolume
LogPluginManager: Mounting Engine plugin AudioGameplay
LogPluginManager: Mounting Engine plugin ToxMod
LogPluginManager: Mounting Engine plugin WwiseNiagara
LogPluginManager: Mounting Engine plugin Wwise
LogPluginManager: Mounting Engine plugin Bridge
LogPluginManager: Mounting Engine plugin CameraShakePreviewer
LogPluginManager: Mounting Engine plugin EngineCameras
LogPluginManager: Mounting Engine plugin GameplayCameras
LogPluginManager: Mounting Engine plugin ChaosClothAsset
LogPluginManager: Mounting Engine plugin ChaosCloth
LogPluginManager: Mounting Engine plugin ChaosVD
LogPluginManager: Mounting Engine plugin Chooser
LogPluginManager: Mounting Engine plugin OpenColorIO
LogPluginManager: Mounting Engine plugin OodleNetwork
LogPluginManager: Mounting Engine plugin Sentry
LogPluginManager: Mounting Engine plugin AnimationSharing
LogPluginManager: Mounting Engine plugin ConcertMain
LogPluginManager: Mounting Engine plugin ConcertSyncClient
LogPluginManager: Mounting Engine plugin ConcertSyncCore
LogPluginManager: Mounting Engine plugin ConcertSharedSlate
LogPluginManager: Mounting Engine plugin Gridly
LogPluginManager: Mounting Engine plugin PluginUtils
LogPluginManager: Mounting Engine plugin RenderDocPlugin
LogPluginManager: Mounting Engine plugin AssetManagerEditor
LogPluginManager: Mounting Engine plugin AssetReferenceRestrictions
LogPluginManager: Mounting Engine plugin AssetSearch
LogPluginManager: Mounting Engine plugin BlueprintHeaderView
LogPluginManager: Mounting Engine plugin BlueprintMaterialTextureNodes
LogPluginManager: Mounting Engine plugin ColorGrading
LogPluginManager: Mounting Engine plugin ConsoleVariables
LogPluginManager: Mounting Engine plugin ContentBrowserAssetDataSource
LogPluginManager: Mounting Engine plugin CryptoKeys
LogPluginManager: Mounting Engine plugin DataValidation
LogPluginManager: Mounting Engine plugin EditorScriptingUtilities
LogPluginManager: Mounting Engine plugin ElectronicNodes
LogPluginManager: Mounting Engine plugin EngineAssetDefinitions
LogPluginManager: Mounting Engine plugin GameplayTagsEditor
LogPluginManager: Mounting Engine plugin GeometryMode
LogPluginManager: Mounting Engine plugin ModelingToolsEditorMode
LogPluginManager: Mounting Engine plugin LightMixer
LogPluginManager: Mounting Engine plugin ObjectMixer
LogPluginManager: Mounting Engine plugin PluginBrowser
LogPluginManager: Mounting Engine plugin ProxyLODPlugin
LogPluginManager: Mounting Engine plugin ScriptableToolsEditorMode
LogPluginManager: Mounting Engine plugin SequencerAnimTools
LogPluginManager: Mounting Engine plugin SpeedTreeImporter
LogPluginManager: Mounting Engine plugin UMGWidgetPreview
LogPluginManager: Mounting Engine plugin UVEditor
LogPluginManager: Mounting Engine plugin EnhancedInput
LogPluginManager: Mounting Engine plugin DatasmithContent
LogPluginManager: Mounting Engine plugin VariantManagerContent
LogPluginManager: Mounting Engine plugin VariantManager
LogPluginManager: Mounting Engine plugin AbilitySystemGameFeatureActions
LogPluginManager: Mounting Engine plugin SkeletalMeshModelingTools
LogPluginManager: Mounting Engine plugin AutomationUtils
LogPluginManager: Mounting Engine plugin BackChannel
LogPluginManager: Mounting Engine plugin ChaosCaching
LogPluginManager: Mounting Engine plugin ChaosEditor
LogPluginManager: Mounting Engine plugin ChaosNiagara
LogPluginManager: Mounting Engine plugin ChaosSolverPlugin
LogPluginManager: Mounting Engine plugin ChaosUserDataPT
LogPluginManager: Mounting Engine plugin CharacterAI
LogPluginManager: Mounting Engine plugin HoldoutComposite
LogPluginManager: Mounting Engine plugin Dataflow
LogPluginManager: Mounting Engine plugin EditorDataStorage
LogPluginManager: Mounting Engine plugin FastGeoStreaming5.5
LogPluginManager: Mounting Engine plugin FieldSystemPlugin
LogPluginManager: Mounting Engine plugin Fracture
LogPluginManager: Mounting Engine plugin FullBodyIK
LogPluginManager: Mounting Engine plugin TargetingSystem
LogPluginManager: Mounting Engine plugin Gauntlet
LogPluginManager: Mounting Engine plugin GeometryCacheAbcFile
LogPluginManager: Mounting Engine plugin GeometryCollectionPlugin
LogPluginManager: Mounting Engine plugin ImpostorBaker
LogPluginManager: Mounting Engine plugin Iris
LogPluginManager: Mounting Engine plugin JWT
LogPluginManager: Mounting Engine plugin Landmass
LogPluginManager: Mounting Engine plugin LandscapePatch
LogPluginManager: Mounting Engine plugin LocalizableMessage
LogPluginManager: Mounting Engine plugin MeshModelingToolsetExp
LogPluginManager: Mounting Engine plugin MetaHumanSDK
LogPluginManager: Mounting Engine plugin ModularGameplayActors
LogPluginManager: Mounting Engine plugin NFORDenoise
LogPluginManager: Mounting Engine plugin PlanarCut
LogPluginManager: Mounting Engine plugin PlatformCrypto
LogPluginManager: Mounting Engine plugin PluginAudit
LogPluginManager: Mounting Engine plugin PluginReferenceViewer
LogPluginManager: Mounting Engine plugin PythonScriptPlugin
LogPluginManager: Mounting Engine plugin StudioTelemetry
LogPluginManager: Mounting Engine plugin TextToSpeech
LogPluginManager: Mounting Engine plugin ToolPresets
LogPluginManager: Mounting Engine plugin Volumetrics
LogPluginManager: Mounting Engine plugin Water
LogPluginManager: Mounting Engine plugin CascadeToNiagaraConverter
LogPluginManager: Mounting Engine plugin NiagaraFluids
LogPluginManager: Mounting Engine plugin NiagaraSimCaching
LogPluginManager: Mounting Engine plugin NiagaraUIRenderer
LogPluginManager: Mounting Engine plugin Niagara
LogPluginManager: Mounting Engine plugin SideFX_Labs
LogPluginManager: Mounting Engine plugin Fab
LogPluginManager: Mounting Engine plugin AlembicImporter
LogPluginManager: Mounting Engine plugin InterchangeAssets
LogPluginManager: Mounting Engine plugin InterchangeEditor
LogPluginManager: Mounting Engine plugin Interchange
LogPluginManager: Mounting Engine plugin BlockoutToolsPlugin
LogPluginManager: Mounting Engine plugin FSR3
LogPluginManager: Mounting Engine plugin DLSS
LogPluginManager: Mounting Engine plugin NIS
LogPluginManager: Mounting Engine plugin StreamlineCore
LogPluginManager: Mounting Engine plugin StreamlineDLSSG
LogPluginManager: Mounting Engine plugin StreamlineReflex
LogPluginManager: Mounting Engine plugin GeometricTools
LogPluginManager: Mounting Engine plugin BinkMedia
LogPluginManager: Mounting Engine plugin HardwareEncoders
LogPluginManager: Mounting Engine plugin ImgMedia
LogPluginManager: Mounting Engine plugin MediaCompositing
LogPluginManager: Mounting Engine plugin MediaPlate
LogPluginManager: Mounting Engine plugin MeshPainting
LogPluginManager: Mounting Engine plugin TcpMessaging
LogPluginManager: Mounting Engine plugin UdpMessaging
LogPluginManager: Mounting Engine plugin ActorSequence
LogPluginManager: Mounting Engine plugin CustomizableSequencerTracks
LogPluginManager: Mounting Engine plugin LevelSequenceEditor
LogPluginManager: Mounting Engine plugin MoviePipelineMaskRenderPass
LogPluginManager: Mounting Engine plugin MovieRenderPipeline
LogPluginManager: Mounting Engine plugin SequencerScripting
LogPluginManager: Mounting Engine plugin TemplateSequence
LogPluginManager: Mounting Engine plugin DiscordPartnerSDK
LogPluginManager: Mounting Engine plugin EOSShared
LogPluginManager: Mounting Engine plugin OnlineBase
LogPluginManager: Mounting Engine plugin OnlineServicesEOSGS
LogPluginManager: Mounting Engine plugin OnlineServicesEOS
LogPluginManager: Mounting Engine plugin OnlineServicesOSSAdapter
LogPluginManager: Mounting Engine plugin OnlineServices
LogPluginManager: Mounting Engine plugin OnlineSubsystemNull
LogPluginManager: Mounting Engine plugin OnlineSubsystemSteam
LogPluginManager: Mounting Engine plugin OnlineSubsystemUtils
LogPluginManager: Mounting Engine plugin OnlineSubsystem
LogPluginManager: Mounting Engine plugin SocketSubsystemEOS
LogPluginManager: Mounting Engine plugin PCG
LogPluginManager: Mounting Engine plugin LauncherChunkInstaller
LogPluginManager: Mounting Engine plugin ActorLayerUtilities
LogPluginManager: Mounting Engine plugin AnimationBudgetAllocator
LogPluginManager: Mounting Engine plugin AssetTags
LogPluginManager: Mounting Engine plugin AudioCapture
LogPluginManager: Mounting Engine plugin AudioSynesthesia
LogPluginManager: Mounting Engine plugin AudioWidgets
LogPluginManager: Mounting Engine plugin CableComponent
LogPluginManager: Mounting Engine plugin ChunkDownloader
LogPluginManager: Mounting Engine plugin ComputeFramework
LogPluginManager: Mounting Engine plugin CustomMeshComponent
LogPluginManager: Mounting Engine plugin DataRegistry
LogPluginManager: Mounting Engine plugin SQLiteCore
LogPluginManager: Mounting Engine plugin ExampleDeviceProfileSelector
LogPluginManager: Mounting Engine plugin GameFeatures
LogPluginManager: Mounting Engine plugin GameplayAbilities
LogPluginManager: Mounting Engine plugin GameplayStateTree
LogPluginManager: Mounting Engine plugin GeometryCache
LogPluginManager: Mounting Engine plugin GeometryProcessing
LogPluginManager: Mounting Engine plugin GeometryScripting
LogPluginManager: Mounting Engine plugin HairStrands
LogPluginManager: Mounting Engine plugin HoudiniEngine
LogPluginManager: Mounting Engine plugin MeshModelingToolset
LogPluginManager: Mounting Engine plugin Metasound
LogPluginManager: Mounting Engine plugin ModularGameplay
LogPluginManager: Mounting Engine plugin Reflex
LogPluginManager: Mounting Engine plugin DTLSHandlerComponent
LogPluginManager: Mounting Engine plugin ProceduralMeshComponent
LogPluginManager: Mounting Engine plugin PropertyAccessEditor
LogPluginManager: Mounting Engine plugin RigVM
LogPluginManager: Mounting Engine plugin ScriptableToolsFramework
LogPluginManager: Mounting Engine plugin SignificanceManager
LogPluginManager: Mounting Engine plugin StateTree
LogPluginManager: Mounting Engine plugin SteamShared
LogPluginManager: Mounting Engine plugin SunPosition
LogPluginManager: Mounting Engine plugin USDCore
LogPluginManager: Mounting Engine plugin WaveTable
LogPluginManager: Mounting Engine plugin WindowsDeviceProfileSelector
LogPluginManager: Mounting Engine plugin WindowsMoviePlayer
LogPluginManager: Mounting Engine plugin XInputDevice
LogPluginManager: Mounting Engine plugin SlateInsights
LogPluginManager: Mounting Engine plugin FunctionalTestingEditor
LogPluginManager: Mounting Engine plugin InterchangeTests
LogPluginManager: Mounting Engine plugin TraceUtilities
LogPluginManager: Mounting Engine plugin MDFastBinding
LogPluginManager: Mounting Engine plugin ImGui
LogPluginManager: Mounting Engine plugin UbaController
LogPluginManager: Mounting Engine plugin Takes
LogPluginManager: Mounting Engine plugin WorldMetrics
LogConfig: Applying CVar settings from Section [/Script/FFXFSR3Settings.FFXFSR3Settings] File [Engine]
LogConfig: Set CVar [[r.FidelityFX.FSR3.Enabled:0]]
LogNFORDenoise: NFORDenoise function starting up
LogFSR3: FSR3 Temporal Upscaling Module Started
LogFFXFI: FFX Frame Interpolation Module Started
LogDLSSBlueprint: Loaded DLSS-SR plugin version 4.0.2-NGX310.2.1.0
LogDLSSNGXVulkanRHIPreInit: FNGXVulkanRHIPreInitModule::StartupModule Enter
LogRHI: Using Default RHI: D3D12
LogRHI: Using Highest Feature Level of D3D12: SM6
LogRHI: Loading RHI module D3D12RHI
LogRHI: Checking if RHI D3D12 with Feature Level SM6 is supported by your system.
LogAssetRegistry: Premade AssetRegistry loaded from '../../../PortalWars2/AssetRegistry.bin'
LogD3D12RHI: Found D3D12 adapter 0: NVIDIA GeForce RTX 5080 (VendorId: 10de, DeviceId: 2c02, SubSysId: 53111028, Revision: 00a1
LogD3D12RHI:   Max supported Feature Level 12_2, shader model 6.7, binding tier 3, wave ops supported, atomic64 supported
LogD3D12RHI:   Adapter has 15977MB of dedicated video memory, 0MB of dedicated system memory, and 16233MB of shared system memory, 3 output[s]
LogD3D12RHI:   Driver Version: 610.88 (internal:32.0.16.1088, unified:610.88)
LogD3D12RHI:      Driver Date: 7-22-2026
LogD3D12RHI: Found D3D12 adapter 1: Microsoft Basic Render Driver (VendorId: 1414, DeviceId: 008c, SubSysId: 0000, Revision: 0000
LogD3D12RHI:   Max supported Feature Level 12_1, shader model 6.7, binding tier 3, wave ops supported, atomic64 supported
LogD3D12RHI:   Adapter has 0MB of dedicated video memory, 0MB of dedicated system memory, and 16233MB of shared system memory, 0 output[s]
LogD3D12RHI: DirectX Agility SDK runtime found.
LogD3D12RHI: Chosen D3D12 Adapter Id = 0
LogRHI: RHI D3D12 with Feature Level SM6 is supported and will be used.
LogDLSSNGXVulkanRHIPreInit: GetSelectedDynamicRHIModuleName = D3D12RHI
LogDLSSNGXVulkanRHIPreInit: VulkanRHI is not the active DynamicRHI; skipping of pregistering the required NGX DLSS Vulkan device and instance extensions via the VulkanRHIBridge
LogDLSSNGXVulkanRHIPreInit: FNGXVulkanRHIPreInitModule::StartupModule Leave
LogStreamlineShaders: Loaded Streamline plugin version 4.0.2-SL2.7.30
LogWindows: Failed to load 'amfrt64.dll' (GetLastError=126)
LogWindows: File 'amfrt64.dll' does not exist
LogRHI: Using Default RHI: D3D12
LogRHI: Using Highest Feature Level of D3D12: SM6
LogRHI: Loading RHI module D3D12RHI
LogRHI: Checking if RHI D3D12 with Feature Level SM6 is supported by your system.
LogRHI: RHI D3D12 with Feature Level SM6 is supported and will be used.
LogCUDA: Display: CUDA module ready pending PostEngineInit.
LogEOSSDK: Initializing EOSSDK Version:1.17.0-39599718
LogOnlineServices: Warning: [LoadEOSPlatformConfig] Using legacy config from OnlineServices.EOS, use EOSShared named config instead.
LogEOSSDK: LogEOS: [Boot] EOSSDK Version 1.17.0-39599718 booting at 2026-08-30T08:25:08.641Z using C
LogEOSSDK: LogEOS: [Boot] EOSSDK Platform Properties [OS=Windows/10.0.26100.8972.64bit, ClientId=xyza78919KNKdlzlh2AOVyGMbikN5eYh, ProductId=18bcfc329f53414dbcd8ec38f4c86b81, SandboxId=p-zsvtpcrgz8c2egaauuj94t38d6556x, DeploymentId=ed79c80450894a3cac128f8f3469e26d, ProductName=PortalWars2, ProductVersion=PortalWars2-CL-600100, IsServer=false, Flags=EnableD3D9Overlay+EnableD3D10Overlay+EnableOpenGLOverlay]
LogEOSSDK: LogEOSAnalytics: Start Session (User: ...)
LogEOSSDK: LogEOSOverlay: OverlayPath registry key found in HKLM
LogEOSSDK: LogEOSOverlay: Overlay library loaded, version ++EOSSDK+Release-Overlay-CL-45834608
LogEOSSDK: LogEOSOverlay: Beginning dxgi factory detour
LogEOSSDK: LogEOSOverlay: Factory detour complete
LogEOSSDK: LogEOSOverlay: Beginning swap chain detour
LogEOSSDK: LogEOSOverlay: Attempting to create swap chain using D3D11
LogEOSSDK: LogEOSOverlay: Successfully created swap chain using D3D11 with feature level b000
LogEOSSDK: LogEOSOverlay: Swapchain detour complete
LogEOSSDK: LogEOSOverlay: Overlay loaded and initialized
LogEOSSDK: Warning: LogEOSUI: Hot key event ignored because there are no known users.
LogEOSSDK: LogEOSAntiCheat: [AntiCheatClient] Anti-cheat client not available. Verify that the game was started using the anti-cheat bootstrapper if you intend to use it.
LogEOSSDK: LogEOSRTC: LibRTCCore: Initializing LibRTC...
LogEOSSDK: LogEOS: SetApplicationStatus - OldStatus: EOS_AS_Foreground, NewStatus: EOS_AS_Foreground, Current Time: 0001.01.01-00.00.00
LogEOSSDK: LogEOS: SetNetworkStatus - OldStatus: EOS_NS_Online, NewStatus: EOS_NS_Online
LogEOSSDK: LogEOS: Updating Platform SDK Config, Time: 0.000065
LogInit: Using libcurl 8.4.0
LogInit:  - built for Windows
LogInit:  - supports SSL with OpenSSL/1.1.1t
LogInit:  - supports HTTP deflate (compression) using libz 1.3
LogInit:  - other features:
LogInit:      CURL_VERSION_SSL
LogInit:      CURL_VERSION_LIBZ
LogInit:      CURL_VERSION_IPV6
LogInit:      CURL_VERSION_ASYNCHDNS
LogInit:      CURL_VERSION_LARGEFILE
LogInit:      CURL_VERSION_HTTP2
LogInit:  CurlRequestOptions (configurable via config and command line):
LogInit:  - bVerifyPeer = true  - Libcurl will verify peer certificate
LogInit:  - bUseHttpProxy = false  - Libcurl will NOT use HTTP proxy
LogInit:  - bDontReuseConnections = true  - Libcurl will NOT reuse connections
LogInit:  - MaxHostConnections = 16  - Libcurl will limit the number of connections to a host
LogInit:  - LocalHostAddr = Default
LogInit:  - BufferSize = 65536
LogInit: CreateHttpThread using FCurlMultiPollEventLoopHttpThread
LogInit: Creating http thread with maximum 2147483647 concurrent requests
LogInit: WinSock: version 1.1 (2.2), MaxSocks=32767, MaxUdp=65467
LogOnline: OSS: Created online subsystem instance for: NULL
LogOnline: OSS: TryLoadSubsystemAndSetDefault: Loaded subsystem for type [NULL]
LogInit: ExecutableName: PortalWars2Client-Win64-Shipping.exe
LogInit: Build: PortalWars2-CL-600100
LogInit: Platform=WindowsClient
LogInit: MachineId=<MACHINEID_REDACTED>
LogInit: DeviceId=
LogInit: Engine Version: 5.5.4-600100+++PortalWars2+Release-3.1
LogInit: Compatible Engine Version: 5.5.4-591413+++PortalWars2+Release-3.1
LogInit: Net CL: 591413
LogInit: OS: Windows 11 (25H2) [10.0.26200.9168] (), CPU: Intel(R) Core(TM) Ultra 9 285K, GPU: NVIDIA GeForce RTX 5080
LogInit: Compiled (64-bit): Apr  6 2026 21:37:29
LogInit: Architecture: x64
LogInit: Compiled with Visual C++: 19.38.33145.00
LogInit: Build Configuration: Shipping
LogInit: Branch Name: ++PortalWars2+Release-3.1
LogInit: Command Line: 
LogInit: Base Directory: C:/Program Files (x86)/Steam/steamapps/common/Splitgate 2/PortalWars2/Binaries/Win64/
LogInit: Allocator: Binned2
LogInit: Installed Engine Build: 1
LogInit: This binary is optimized with LTO: yes, PGO: no, instrumented for PGO data collection: no
LogInit: UTC Start time: 2026-08-30T08:25:03.097Z
LogInit: Game Version: 0.3.1.0 (9)
LogConfig: Branch 'Lightmass' had been unloaded. Reloading on-demand took 0.16ms
LogConfig: Branch 'EditorTools1047' had been unloaded. Reloading on-demand took 0.03ms
LogConfig: Branch 'MerlinAntiCheat' had been unloaded. Reloading on-demand took 0.02ms
LogConfig: Branch 'CoreOnline1047' had been unloaded. Reloading on-demand took 0.02ms
LogConfig: Branch 'MaverickSdk' had been unloaded. Reloading on-demand took 0.03ms
LogConfig: Branch 'OnlineFramework1047' had been unloaded. Reloading on-demand took 0.03ms
LogConfig: Branch 'OnlineNetworkUtils1047' had been unloaded. Reloading on-demand took 0.02ms
LogConfig: Branch 'OnlineServices1047' had been unloaded. Reloading on-demand took 0.03ms
LogConfig: Branch 'StageNexus1047' had been unloaded. Reloading on-demand took 0.02ms
LogConfig: Branch 'AutoNavLinkGenerator' had been unloaded. Reloading on-demand took 0.02ms
LogConfig: Branch 'CommonLoadingScreen' had been unloaded. Reloading on-demand took 0.02ms
LogConfig: Branch 'AvirImageResizing' had been unloaded. Reloading on-demand took 0.02ms
LogConfig: Branch 'ContentAudit' had been unloaded. Reloading on-demand took 0.02ms
LogConfig: Branch 'GameplayMessageRouter' had been unloaded. Reloading on-demand took 0.02ms
LogConfig: Branch 'GameplayTagDataTable' had been unloaded. Reloading on-demand took 0.02ms
LogConfig: Branch 'PortalWarsLegacy' had been unloaded. Reloading on-demand took 0.02ms
LogConfig: Branch 'InGameCollisionDebugger' had been unloaded. Reloading on-demand took 0.03ms
LogConfig: Branch 'NavLinkHelper' had been unloaded. Reloading on-demand took 0.02ms
LogConfig: Branch 'AISupport' had been unloaded. Reloading on-demand took 0.02ms
LogConfig: Branch 'EnvironmentQueryEditor' had been unloaded. Reloading on-demand took 0.03ms
LogConfig: Branch 'HTN' had been unloaded. Reloading on-demand took 0.02ms
LogConfig: Branch 'ACLPlugin' had been unloaded. Reloading on-demand took 0.02ms
LogConfig: Branch 'AnimationData' had been unloaded. Reloading on-demand took 0.02ms
LogConfig: Branch 'AnimationLocomotionLibrary' had been unloaded. Reloading on-demand took 0.02ms
LogConfig: Branch 'AnimationModifierLibrary' had been unloaded. Reloading on-demand took 0.02ms
LogConfig: Branch 'AnimationWarping' had been unloaded. Reloading on-demand took 0.02ms
LogConfig: Branch 'ControlRigModules' had been unloaded. Reloading on-demand took 0.02ms
LogConfig: Branch 'ControlRigSpline' had been unloaded. Reloading on-demand took 0.02ms
LogConfig: Branch 'GameplayInsights' had been unloaded. Reloading on-demand took 0.03ms
LogConfig: Branch 'RigLogic' had been unloaded. Reloading on-demand took 0.02ms
LogConfig: Branch 'VertexAnimationManager' had been unloaded. Reloading on-demand took 0.02ms
LogConfig: Branch 'AudioGameplay' had been unloaded. Reloading on-demand took 0.02ms
LogConfig: Branch 'ToxMod' had been unloaded. Reloading on-demand took 0.02ms
LogConfig: Branch 'WwiseNiagara' had been unloaded. Reloading on-demand took 0.02ms
LogConfig: Branch 'Bridge' had been unloaded. Reloading on-demand took 0.02ms
LogConfig: Branch 'CameraShakePreviewer' had been unloaded. Reloading on-demand took 0.02ms
LogConfig: Branch 'EngineCameras' had been unloaded. Reloading on-demand took 0.02ms
LogConfig: Branch 'ChaosClothAsset' had been unloaded. Reloading on-demand took 0.02ms
LogConfig: Branch 'ChaosCloth' had been unloaded. Reloading on-demand took 0.02ms
LogConfig: Branch 'Chooser' had been unloaded. Reloading on-demand took 0.02ms
LogConfig: Branch 'OodleNetwork' had been unloaded. Reloading on-demand took 0.02ms
LogConfig: Branch 'Sentry' had been unloaded. Reloading on-demand took 0.02ms
LogConfig: Branch 'AnimationSharing' had been unloaded. Reloading on-demand took 0.02ms
LogConfig: Branch 'ConcertMain' had been unloaded. Reloading on-demand took 0.02ms
LogConfig: Branch 'ConcertSyncClient' had been unloaded. Reloading on-demand took 0.02ms
LogConfig: Branch 'ConcertSharedSlate' had been unloaded. Reloading on-demand took 0.02ms
LogConfig: Branch 'Gridly' had been unloaded. Reloading on-demand took 0.02ms
LogConfig: Branch 'PluginUtils' had been unloaded. Reloading on-demand took 0.02ms
LogConfig: Branch 'RenderDocPlugin' had been unloaded. Reloading on-demand took 0.02ms
LogConfig: Branch 'AssetManagerEditor' had been unloaded. Reloading on-demand took 0.02ms
LogConfig: Branch 'AssetReferenceRestrictions' had been unloaded. Reloading on-demand took 0.02ms
LogConfig: Branch 'AssetSearch' had been unloaded. Reloading on-demand took 0.02ms
LogConfig: Branch 'BlueprintHeaderView' had been unloaded. Reloading on-demand took 0.03ms
LogConfig: Branch 'BlueprintMaterialTextureNodes' had been unloaded. Reloading on-demand took 0.03ms
LogConfig: Branch 'ColorGrading' had been unloaded. Reloading on-demand took 0.02ms
LogConfig: Branch 'ContentBrowserAssetDataSource' had been unloaded. Reloading on-demand took 0.03ms
LogConfig: Branch 'CryptoKeys' had been unloaded. Reloading on-demand took 0.02ms
LogConfig: Branch 'DataValidation' had been unloaded. Reloading on-demand took 0.02ms
LogConfig: Branch 'ElectronicNodes' had been unloaded. Reloading on-demand took 0.02ms
LogConfig: Branch 'EngineAssetDefinitions' had been unloaded. Reloading on-demand took 0.02ms
LogConfig: Branch 'GameplayTagsEditor' had been unloaded. Reloading on-demand took 0.02ms
LogConfig: Branch 'GeometryMode' had been unloaded. Reloading on-demand took 0.02ms
LogConfig: Branch 'ModelingToolsEditorMode' had been unloaded. Reloading on-demand took 0.02ms
LogConfig: Branch 'LightMixer' had been unloaded. Reloading on-demand took 0.02ms
LogConfig: Branch 'ObjectMixer' had been unloaded. Reloading on-demand took 0.02ms
LogConfig: Branch 'PluginBrowser' had been unloaded. Reloading on-demand took 0.02ms
LogConfig: Branch 'ProxyLODPlugin' had been unloaded. Reloading on-demand took 0.03ms
LogConfig: Branch 'ScriptableToolsEditorMode' had been unloaded. Reloading on-demand took 0.02ms
LogConfig: Branch 'SequencerAnimTools' had been unloaded. Reloading on-demand took 0.02ms
LogConfig: Branch 'SpeedTreeImporter' had been unloaded. Reloading on-demand took 0.02ms
LogConfig: Branch 'UMGWidgetPreview' had been unloaded. Reloading on-demand took 0.02ms
LogConfig: Branch 'UVEditor' had been unloaded. Reloading on-demand took 0.02ms
LogConfig: Branch 'VariantManager' had been unloaded. Reloading on-demand took 0.02ms
LogConfig: Branch 'AbilitySystemGameFeatureActions' had been unloaded. Reloading on-demand took 0.02ms
LogConfig: Branch 'SkeletalMeshModelingTools' had been unloaded. Reloading on-demand took 0.02ms
LogConfig: Branch 'AutomationUtils' had been unloaded. Reloading on-demand took 0.02ms
LogConfig: Branch 'BackChannel' had been unloaded. Reloading on-demand took 0.02ms
LogConfig: Branch 'ChaosCaching' had been unloaded. Reloading on-demand took 0.03ms
LogConfig: Branch 'ChaosEditor' had been unloaded. Reloading on-demand took 0.02ms
LogConfig: Branch 'ChaosNiagara' had been unloaded. Reloading on-demand took 0.02ms
LogConfig: Branch 'ChaosSolverPlugin' had been unloaded. Reloading on-demand took 0.02ms
LogConfig: Branch 'ChaosUserDataPT' had been unloaded. Reloading on-demand took 0.02ms
LogConfig: Branch 'CharacterAI' had been unloaded. Reloading on-demand took 0.02ms
LogConfig: Branch 'Dataflow' had been unloaded. Reloading on-demand took 0.02ms
LogConfig: Branch 'EditorDataStorage' had been unloaded. Reloading on-demand took 0.02ms
LogConfig: Branch 'FastGeoStreaming5.5' had been unloaded. Reloading on-demand took 0.02ms
LogConfig: Branch 'FieldSystemPlugin' had been unloaded. Reloading on-demand took 0.02ms
LogConfig: Branch 'Fracture' had been unloaded. Reloading on-demand took 0.02ms
LogConfig: Branch 'TargetingSystem' had been unloaded. Reloading on-demand took 0.03ms
LogConfig: Branch 'Gauntlet' had been unloaded. Reloading on-demand took 0.02ms
LogConfig: Branch 'GeometryCacheAbcFile' had been unloaded. Reloading on-demand took 0.02ms
LogConfig: Branch 'GeometryCollectionPlugin' had been unloaded. Reloading on-demand took 0.02ms
LogConfig: Branch 'ImpostorBaker' had been unloaded. Reloading on-demand took 0.09ms
LogConfig: Branch 'Iris' had been unloaded. Reloading on-demand took 0.02ms
LogConfig: Branch 'JWT' had been unloaded. Reloading on-demand took 0.02ms
LogConfig: Branch 'Landmass' had been unloaded. Reloading on-demand took 0.02ms
LogConfig: Branch 'LandscapePatch' had been unloaded. Reloading on-demand took 0.02ms
LogConfig: Branch 'LocalizableMessage' had been unloaded. Reloading on-demand took 0.02ms
LogConfig: Branch 'MeshModelingToolsetExp' had been unloaded. Reloading on-demand took 0.02ms
LogConfig: Branch 'ModularGameplayActors' had been unloaded. Reloading on-demand took 0.03ms
LogConfig: Branch 'NFORDenoise' had been unloaded. Reloading on-demand took 0.02ms
LogConfig: Branch 'PlanarCut' had been unloaded. Reloading on-demand took 0.02ms
LogConfig: Branch 'PlatformCrypto' had been unloaded. Reloading on-demand took 0.02ms
LogConfig: Branch 'PluginAudit' had been unloaded. Reloading on-demand took 0.02ms
LogConfig: Branch 'PluginReferenceViewer' had been unloaded. Reloading on-demand took 0.02ms
LogConfig: Branch 'PythonScriptPlugin' had been unloaded. Reloading on-demand took 0.02ms
LogConfig: Branch 'StudioTelemetry' had been unloaded. Reloading on-demand took 0.02ms
LogConfig: Branch 'TextToSpeech' had been unloaded. Reloading on-demand took 0.02ms
LogConfig: Branch 'Volumetrics' had been unloaded. Reloading on-demand took 0.02ms
LogConfig: Branch 'Water' had been unloaded. Reloading on-demand took 0.02ms
LogConfig: Branch 'CascadeToNiagaraConverter' had been unloaded. Reloading on-demand took 0.02ms
LogCoreRedirects: AddRedirect(C:/Users/<USER>/AppData/Local/PortalWars2/Saved/Config/WindowsClient/NiagaraFluids.ini) has wildcard redirect /NiagaraSimulationStages/, these are very slow and should be resolved as soon as possible! Please refer to the documentation in Engine/Config/BaseEngine.ini.
LogConfig: Branch 'NiagaraSimCaching' had been unloaded. Reloading on-demand took 0.02ms
LogConfig: Branch 'NiagaraUIRenderer' had been unloaded. Reloading on-demand took 0.02ms
LogConfig: Branch 'SideFX_Labs' had been unloaded. Reloading on-demand took 0.02ms
LogConfig: Branch 'AlembicImporter' had been unloaded. Reloading on-demand took 0.02ms
LogConfig: Branch 'InterchangeEditor' had been unloaded. Reloading on-demand took 0.03ms
LogConfig: Branch 'BlockoutToolsPlugin' had been unloaded. Reloading on-demand took 0.03ms
LogConfig: Branch 'FSR3' had been unloaded. Reloading on-demand took 0.02ms
LogConfig: Branch 'DLSS' had been unloaded. Reloading on-demand took 0.02ms
LogConfig: Branch 'NIS' had been unloaded. Reloading on-demand took 0.02ms
LogConfig: Branch 'GeometricTools' had been unloaded. Reloading on-demand took 0.02ms
LogConfig: Branch 'BinkMedia' had been unloaded. Reloading on-demand took 0.02ms
LogConfig: Branch 'HardwareEncoders' had been unloaded. Reloading on-demand took 0.02ms
LogConfig: Branch 'ImgMedia' had been unloaded. Reloading on-demand took 0.02ms
LogConfig: Branch 'MediaCompositing' had been unloaded. Reloading on-demand took 0.02ms
LogConfig: Branch 'MediaPlate' had been unloaded. Reloading on-demand took 0.02ms
LogConfig: Branch 'MeshPainting' had been unloaded. Reloading on-demand took 0.02ms
LogConfig: Branch 'TcpMessaging' had been unloaded. Reloading on-demand took 0.02ms
LogConfig: Branch 'UdpMessaging' had been unloaded. Reloading on-demand took 0.02ms
LogConfig: Branch 'ActorSequence' had been unloaded. Reloading on-demand took 0.02ms
LogConfig: Branch 'CustomizableSequencerTracks' had been unloaded. Reloading on-demand took 0.03ms
LogConfig: Branch 'LevelSequenceEditor' had been unloaded. Reloading on-demand took 0.02ms
LogConfig: Branch 'MoviePipelineMaskRenderPass' had been unloaded. Reloading on-demand took 0.02ms
LogConfig: Branch 'SequencerScripting' had been unloaded. Reloading on-demand took 0.02ms
LogConfig: Branch 'TemplateSequence' had been unloaded. Reloading on-demand took 0.02ms
LogConfig: Branch 'EOSShared' had been unloaded. Reloading on-demand took 0.02ms
LogConfig: Branch 'OnlineBase' had been unloaded. Reloading on-demand took 0.02ms
LogConfig: Branch 'OnlineServicesEOSGS' had been unloaded. Reloading on-demand took 0.02ms
LogConfig: Branch 'OnlineServicesEOS' had been unloaded. Reloading on-demand took 0.02ms
LogConfig: Branch 'OnlineServicesOSSAdapter' had been unloaded. Reloading on-demand took 0.02ms
LogConfig: Branch 'OnlineServices' had been unloaded. Reloading on-demand took 0.02ms
LogConfig: Branch 'OnlineSubsystemNull' had been unloaded. Reloading on-demand took 0.02ms
LogConfig: Branch 'OnlineSubsystemSteam' had been unloaded. Reloading on-demand took 0.02ms
LogConfig: Branch 'OnlineSubsystemUtils' had been unloaded. Reloading on-demand took 0.02ms
LogConfig: Branch 'OnlineSubsystem' had been unloaded. Reloading on-demand took 0.02ms
LogConfig: Branch 'SocketSubsystemEOS' had been unloaded. Reloading on-demand took 0.02ms
LogConfig: Branch 'LauncherChunkInstaller' had been unloaded. Reloading on-demand took 0.02ms
LogConfig: Branch 'ActorLayerUtilities' had been unloaded. Reloading on-demand took 0.02ms
LogConfig: Branch 'AnimationBudgetAllocator' had been unloaded. Reloading on-demand took 0.02ms
LogConfig: Branch 'AssetTags' had been unloaded. Reloading on-demand took 0.02ms
LogConfig: Branch 'AudioCapture' had been unloaded. Reloading on-demand took 0.02ms
LogConfig: Branch 'AudioSynesthesia' had been unloaded. Reloading on-demand took 0.02ms
LogConfig: Branch 'AudioWidgets' had been unloaded. Reloading on-demand took 0.02ms
LogConfig: Branch 'CableComponent' had been unloaded. Reloading on-demand took 0.02ms
LogConfig: Branch 'ChunkDownloader' had been unloaded. Reloading on-demand took 0.02ms
LogConfig: Branch 'ComputeFramework' had been unloaded. Reloading on-demand took 0.02ms
LogConfig: Branch 'CustomMeshComponent' had been unloaded. Reloading on-demand took 0.02ms
LogConfig: Branch 'DataRegistry' had been unloaded. Reloading on-demand took 0.02ms
LogConfig: Branch 'SQLiteCore' had been unloaded. Reloading on-demand took 0.03ms
LogConfig: Branch 'ExampleDeviceProfileSelector' had been unloaded. Reloading on-demand took 0.02ms
LogConfig: Branch 'GameFeatures' had been unloaded. Reloading on-demand took 0.02ms
LogConfig: Branch 'GeometryCache' had been unloaded. Reloading on-demand took 0.02ms
LogConfig: Branch 'GeometryProcessing' had been unloaded. Reloading on-demand took 0.02ms
LogConfig: Branch 'GeometryScripting' had been unloaded. Reloading on-demand took 0.02ms
LogConfig: Branch 'MeshModelingToolset' had been unloaded. Reloading on-demand took 0.02ms
LogConfig: Branch 'ModularGameplay' had been unloaded. Reloading on-demand took 0.02ms
LogConfig: Branch 'Reflex' had been unloaded. Reloading on-demand took 0.02ms
LogConfig: Branch 'DTLSHandlerComponent' had been unloaded. Reloading on-demand took 0.03ms
LogConfig: Branch 'ProceduralMeshComponent' had been unloaded. Reloading on-demand took 0.02ms
LogConfig: Branch 'PropertyAccessEditor' had been unloaded. Reloading on-demand took 0.02ms
LogConfig: Branch 'ScriptableToolsFramework' had been unloaded. Reloading on-demand took 0.02ms
LogConfig: Branch 'SignificanceManager' had been unloaded. Reloading on-demand took 0.02ms
LogConfig: Branch 'SteamShared' had been unloaded. Reloading on-demand took 0.02ms
LogConfig: Branch 'SunPosition' had been unloaded. Reloading on-demand took 0.02ms
LogConfig: Branch 'WaveTable' had been unloaded. Reloading on-demand took 0.02ms
LogConfig: Branch 'WindowsDeviceProfileSelector' had been unloaded. Reloading on-demand took 0.02ms
LogConfig: Branch 'WindowsMoviePlayer' had been unloaded. Reloading on-demand took 0.02ms
LogConfig: Branch 'XInputDevice' had been unloaded. Reloading on-demand took 0.02ms
LogConfig: Branch 'SlateInsights' had been unloaded. Reloading on-demand took 0.02ms
LogConfig: Branch 'FunctionalTestingEditor' had been unloaded. Reloading on-demand took 0.02ms
LogConfig: Branch 'InterchangeTests' had been unloaded. Reloading on-demand took 0.02ms
LogConfig: Branch 'ImGui' had been unloaded. Reloading on-demand took 0.02ms
LogConfig: Branch 'UbaController' had been unloaded. Reloading on-demand took 0.02ms
LogConfig: Branch 'WorldMetrics' had been unloaded. Reloading on-demand took 0.02ms
LogInit: Presizing for max 2097152 objects, including 1 objects not considered by GC.
LogStreaming: Display: AsyncLoading2 - Created: Event Driven Loader: false, Async Loading Thread: true, Async Post Load: true
LogStreaming: Display: AsyncLoading2 - Initialized
LogInit: Object subsystem initialized
LogConfig: Set CVar [[Slate.EnableGlobalInvalidation:1]]
LogConfig: Set CVar [[Slate.AllowTooltipsWithHiddenCursor:1]]
LogConfig: Set CVar [[a.Budget.BudgetMs:0.5]]
LogConfig: Set CVar [[UMG.FlushAnimationsAtEndOfFrame:1]]
LogConfig: Set CVar [[net.SubObjects.DefaultUseSubObjectReplicationList:1]]
LogConfig: Set CVar [[net.Iris.PushModelMode:1]]
LogConfig: Set CVar [[net.IsPushModelEnabled:1]]
LogConfig: Set CVar [[net.Iris.UseIrisReplication:1]]
LogConfig: Set CVar [[1047.net.IrisDelay:1]]
LogConfig: Set CVar [[1047.net.IrisDelay.MaxTimeProcessingBatches:0.004]]
LogConfig: Set CVar [[1047.net.IrisDelay.MaxInitialReadTime:0.002]]
LogConfig: Set CVar [[1047.net.IrisDelay.MaxPendingQueueSizeForTimeSlice:96]]
LogConfig: Set CVar [[r.AllowStaticLightingInWorldPartitionMaps:1]]
LogConfig: Set CVar [[1047.cosmetics.1p.BoundsScale:2.0]]
LogConfig: Set CVar [[1047.streaming.CosmeticsPreviewBoost:3.0]]
LogConfig: Set CVar [[1047.streaming.CosmeticsPreviewForceLOD:1]]
LogConfig: Set CVar [[1047.teams.UseStaticTeamColorsAsSpectator:1]]
LogConfig: Set CVar [[1047.player.OverrideMaxViewDistance:5000000]]
LogConfig: Set CVar [[1047.RTC.Enable:1]]
[2026.08.30-08.25.12:050][  0]LogConfig: Set CVar [[1047.engine.StreamingPauseRendering:0]]
[2026.08.30-08.25.12:050][  0]LogConfig: Set CVar [[r.setres:1280x720]]
[2026.08.30-08.25.12:050][  0]LogConfig: Set CVar [[fx.NiagaraAllowRuntimeScalabilityChanges:1]]
[2026.08.30-08.25.12:050][  0]LogConfig: Set CVar [[r.Nanite.Streaming.ReservedResources:1]]
[2026.08.30-08.25.12:050][  0]LogConfig: Set CVar [[r.Nanite.Streaming.AsyncCompute:0	; Temporary workaround for Nanite geometry corruption (FORT-805141)]]
[2026.08.30-08.25.12:050][  0]LogConfig: Set CVar [[D3D12.Bindless.ResourceDescriptorHeapSize:32768]]
[2026.08.30-08.25.12:050][  0]LogConfig: Set CVar [[D3D12.Bindless.SamplerDescriptorHeapSize:2048]]
[2026.08.30-08.25.12:050][  0]LogConfig: Set CVar [[r.PSOPrecache.GlobalShaders:1]]
[2026.08.30-08.25.12:050][  0]LogConfig: Set CVar [[r.DynamicRes.DynamicFrameTime:1]]
[2026.08.30-08.25.12:050][  0]LogConfig: Set CVar [[r.VRS.EnableSoftware:1]]
[2026.08.30-08.25.12:050][  0]LogConfig: Set CVar [[r.VRS.ContrastAdaptiveShading:1]]
[2026.08.30-08.25.12:050][  0]LogConfig: Applying CVar settings from Section [/Script/Engine.RendererSettings] File [Engine]
[2026.08.30-08.25.12:050][  0]LogConfig: Set CVar [[r.GPUCrashDebugging:0]]
[2026.08.30-08.25.12:050][  0]LogConfig: Set CVar [[r.AllowGlobalClipPlane:1]]
[2026.08.30-08.25.12:050][  0]LogConfig: Set CVar [[r.CustomDepth:3]]
[2026.08.30-08.25.12:050][  0]LogConfig: Set CVar [[r.ForwardShading:0]]
[2026.08.30-08.25.12:050][  0]LogConfig: Set CVar [[r.DefaultFeature.AmbientOcclusion:1]]
[2026.08.30-08.25.12:050][  0]LogConfig: Set CVar [[r.EarlyZPass:2]]
[2026.08.30-08.25.12:050][  0]LogConfig: Set CVar [[r.ReflectionCaptureResolution:128]]
[2026.08.30-08.25.12:050][  0]LogConfig: Set CVar [[r.ReflectionEnvironment.UseEncodedHDR:1]]
[2026.08.30-08.25.12:050][  0]LogConfig: Set CVar [[r.SeparateTranslucency:0]]
[2026.08.30-08.25.12:050][  0]LogConfig: Set CVar [[r.SelectiveBasePassOutputs:1]]
[2026.08.30-08.25.12:050][  0]LogConfig: Set CVar [[r.EnableDebugSpam_GetObjectPositionAndScale:0]]
[2026.08.30-08.25.12:050][  0]LogConfig: Set CVar [[r.PostProcessing.PropagateAlpha:0]]
[2026.08.30-08.25.12:050][  0]LogConfig: Set CVar [[r.PostProcessing.QuarterResolutionDownsample:1]]
[2026.08.30-08.25.12:050][  0]LogConfig: Set CVar [[r.SkyAtmosphere.SampleLightShadowmap:0]]
[2026.08.30-08.25.12:050][  0]LogConfig: Set CVar [[r.EarlyZPassOnlyMaterialMasking:1]]
[2026.08.30-08.25.12:050][  0]LogConfig: Set CVar [[r.ClearStencilForLighting:0]]
[2026.08.30-08.25.12:050][  0]LogConfig: Set CVar [[r.DefaultFeature.AutoExposure.Bias:1.000000]]
[2026.08.30-08.25.12:050][  0]LogConfig: Set CVar [[r.Shadow.WholeSceneShadowCacheMb:200]]
[2026.08.30-08.25.12:050][  0]LogConfig: Set CVar [[r.Shadow.LODDistanceFactor:2]]
[2026.08.30-08.25.12:050][  0]LogConfig: Set CVar [[r.SupportSkyAtmosphereAffectsHeightFog:1]]
[2026.08.30-08.25.12:050][  0]LogConfig: Set CVar [[r.SupportStationarySkylight:0]]
[2026.08.30-08.25.12:050][  0]LogConfig: Set CVar [[r.SupportSkyAtmosphere:1]]
[2026.08.30-08.25.12:050][  0]LogConfig: Set CVar [[r.SupportPointLightWholeSceneShadows:1]]
[2026.08.30-08.25.12:050][  0]LogConfig: Set CVar [[r.SupportLowQualityLightmaps:0]]
[2026.08.30-08.25.12:050][  0]LogConfig: Set CVar [[r.Mobile.EnableStaticAndCSMShadowReceivers:0]]
[2026.08.30-08.25.12:050][  0]LogConfig: Set CVar [[r.Mobile.AllowDistanceFieldShadows:0]]
[2026.08.30-08.25.12:050][  0]LogConfig: Set CVar [[r.DiscardUnusedQuality:0]]
[2026.08.30-08.25.12:050][  0]LogConfig: Set CVar [[r.DefaultFeature.LightUnits:2]]
[2026.08.30-08.25.12:050][  0]LogConfig: Set CVar [[r.ReflectionMethod:3]]
[2026.08.30-08.25.12:050][  0]LogConfig: Set CVar [[r.Composite.TemporalUpsampleDepth:1]]
[2026.08.30-08.25.12:050][  0]LogConfig: Set CVar [[r.GenerateMeshDistanceFields:0]]
[2026.08.30-08.25.12:050][  0]LogConfig: Set CVar [[r.DistanceFields.MaxPerMeshResolution:128]]
[2026.08.30-08.25.12:050][  0]LogConfig: Set CVar [[r.DistanceFields.DefaultVoxelDensity:.1]]
[2026.08.30-08.25.12:050][  0]LogConfig: Set CVar [[r.DistanceFields.ParallelUpdate:1]]
[2026.08.30-08.25.12:050][  0]LogConfig: Set CVar [[r.DistanceFields.BrickAtlasSizeXYInBricks:64]]
[2026.08.30-08.25.12:050][  0]LogConfig: Set CVar [[r.DynamicGlobalIlluminationMethod:4]]
[2026.08.30-08.25.12:050][  0]LogConfig: Set CVar [[r.AllowStaticLighting:1]]
[2026.08.30-08.25.12:050][  0]LogConfig: Set CVar [[r.DefaultFeature.LensFlare:0]]
[2026.08.30-08.25.12:050][  0]LogConfig: Set CVar [[r.SkinCache.CompileShaders:0]]
[2026.08.30-08.25.12:050][  0]LogConfig: Set CVar [[r.HairStrands.Enable:0]]
[2026.08.30-08.25.12:050][  0]LogConfig: Set CVar [[r.RayTracing:0]]
[2026.08.30-08.25.12:050][  0]LogConfig: Set CVar [[r.Lumen.HardwareRayTracing:0]]
[2026.08.30-08.25.12:050][  0]LogConfig: Set CVar [[r.ClearCoatNormal:0]]
[2026.08.30-08.25.12:050][  0]LogConfig: Set CVar [[r.IrisNormal:0]]
[2026.08.30-08.25.12:050][  0]LogConfig: Set CVar [[vr.InstancedStereo:0]]
[2026.08.30-08.25.12:050][  0]LogConfig: Set CVar [[r.VirtualTextures:1]]
[2026.08.30-08.25.12:050][  0]LogConfig: Set CVar [[r.LensFlareMethod:1]]
[2026.08.30-08.25.12:050][  0]LogConfig: Set CVar [[r.VRS.Enable:1]]
[2026.08.30-08.25.12:050][  0]LogConfig: Set CVar [[r.VRS.SSAO:1]]
[2026.08.30-08.25.12:050][  0]LogConfig: Set CVar [[r.VRS.MinimumTextureQuality:2]]
[2026.08.30-08.25.12:050][  0]LogConfig: Set CVar [[r.VRS.ReflectionEnvironmentSky:0]]
[2026.08.30-08.25.12:050][  0]LogConfig: Set CVar [[r.Nanite.SoftwareVRS:0]]
[2026.08.30-08.25.12:050][  0]LogConfig: Set CVar [[r.CapsuleShadows.Downscale:2]]
[2026.08.30-08.25.12:050][  0]LogConfig: Set CVar [[r.SubsurfaceScattering:0]]
[2026.08.30-08.25.12:050][  0]LogConfig: Set CVar [[r.VolumetricFog.LimitRes:1920]]
[2026.08.30-08.25.12:050][  0]LogConfig: Set CVar [[r.AmbientOcclusion.Compute:1]]
[2026.08.30-08.25.12:050][  0]LogConfig: Set CVar [[r.Nanite:0]]
[2026.08.30-08.25.12:050][  0]LogConfig: Set CVar [[r.Nanite.ProjectEnabled:0]]
[2026.08.30-08.25.12:050][  0]LogConfig: Set CVar [[r.Lumen.Supported:False ; Toggle it on for ProtoLumen in future]]
[2026.08.30-08.25.12:050][  0]LogConfig: Set CVar [[r.Lumen.TranslucencyReflections.FrontLayer.EnableForProject:1]]
[2026.08.30-08.25.12:050][  0]LogConfig: Set CVar [[r.Lumen.ScreenProbeGather.MaxRayIntensity:2]]
[2026.08.30-08.25.12:050][  0]LogConfig: Set CVar [[r.Lumen.ScreenProbeGather.Temporal.MaxFramesAccumulated:32]]
[2026.08.30-08.25.12:050][  0]LogConfig: Set CVar [[r.Lumen.ScreenProbeGather.TemporalFilterProbes:1]]
[2026.08.30-08.25.12:050][  0]LogConfig: Set CVar [[r.Lumen.Reflections.MaxRayIntensity:4]]
[2026.08.30-08.25.12:050][  0]LogConfig: Set CVar [[r.Lumen.Reflections.SmoothBias:0.3]]
[2026.08.30-08.25.12:050][  0]LogConfig: Set CVar [[r.Lumen.SoftwareRayTracingSupported:0]]
[2026.08.30-08.25.12:050][  0]LogConfig: Set CVar [[r.GPUScene.ParallelUpdate:1]]
[2026.08.30-08.25.12:050][  0]LogConfig: Set CVar [[r.NumBufferedOcclusionQueries:2]]
[2026.08.30-08.25.12:050][  0]LogConfig: Set CVar [[r.ApproximateOcclusionQueries:1]]
[2026.08.30-08.25.12:050][  0]LogConfig: Set CVar [[r.RHICmd.ParallelTranslate.CombineSingleAndParallel:1]]
[2026.08.30-08.25.12:050][  0]LogConfig: Set CVar [[r.Translucency.ScreenPercentage.SceneCapture:0]]
[2026.08.30-08.25.12:050][  0]LogConfig: Set CVar [[r.Translucency.ScreenPercentage.Max:100]]
[2026.08.30-08.25.12:050][  0]LogConfig: Set CVar [[r.AntiAliasingMethod:2]]
[2026.08.30-08.25.12:050][  0]LogConfig: Set CVar [[r.PSOPrecache.CustomDepth:1]]
[2026.08.30-08.25.12:050][  0]LogConfig: Set CVar [[r.PSOPrecache.LightMapPolicyMode:2]]
[2026.08.30-08.25.12:050][  0]LogConfig: Set CVar [[r.PSOPrecache.PrecacheAlphaColorChannel:0]]
[2026.08.30-08.25.12:050][  0]LogConfig: Set CVar [[r.MeshCardRepresentation:0]]
[2026.08.30-08.25.12:050][  0]LogConfig: Set CVar [[r.RenderTargetPool.ReleaseDeferFrames:60]]
[2026.08.30-08.25.12:050][  0]LogConfig: Set CVar [[r.SceneCapture.RDG.TransientAllocator:1]]
[2026.08.30-08.25.12:050][  0]LogConfig: Set CVar [[r.VirtualTexturedLightmaps:1]]
[2026.08.30-08.25.12:050][  0]LogConfig: Set CVar [[r.Shadow.Virtual.Enable:0]]
[2026.08.30-08.25.12:050][  0]LogConfig: Set CVar [[r.CalcLocalPlayerCachedLODDistanceFactor:0]]
[2026.08.30-08.25.12:050][  0]LogConfig: Set CVar [[landscape.SupportGPUCulling:0]]
[2026.08.30-08.25.12:050][  0]LogConfig: Set CVar [[r.NormalMapsForStaticLighting:0]]
[2026.08.30-08.25.12:050][  0]LogConfig: Set CVar [[r.SupportDepthOnlyIndexBuffers:0]]
[2026.08.30-08.25.12:050][  0]LogConfig: Set CVar [[r.SupportReversedIndexBuffers:0]]
[2026.08.30-08.25.12:050][  0]LogConfig: Set CVar [[r.KeepOverrideVertexColorsOnCPU:0]]
[2026.08.30-08.25.12:050][  0]LogConfig: Set CVar [[r.FreeSkeletalMeshBuffers:1]]
[2026.08.30-08.25.12:050][  0]LogConfig: Set CVar [[r.LightFunctionAtlas.Size:5]]
[2026.08.30-08.25.12:050][  0]LogConfig: Set CVar [[r.VolumetricCloud:0]]
[2026.08.30-08.25.12:050][  0]LogConfig: Set CVar [[r.MeshStreaming:1]]
[2026.08.30-08.25.12:050][  0]LogConfig: Set CVar [[r.VT.Residency.ReleaseUnusedSpaces:1]]
[2026.08.30-08.25.12:050][  0]LogConfig: Set CVar [[r.VT.MaxTilesProducedPerFrame.SlowMode:1]]
[2026.08.30-08.25.12:050][  0]LogConfig: Set CVar [[r.VT.RVT.LandscapeWithQuad:1]]
[2026.08.30-08.25.12:050][  0]LogConfig: Set CVar [[r.VT.RVT.HighQualityPerPixelHeight:0]]
[2026.08.30-08.25.12:050][  0]LogConfig: Set CVar [[r.SceneDepthHZBAsyncCompute:1]]
[2026.08.30-08.25.12:050][  0]LogConfig: Set CVar [[r.SkyAtmosphereASyncCompute:2]]
[2026.08.30-08.25.12:050][  0]LogConfig: Set CVar [[r.Viewport.EnableSelectionOutlineColors:1]]
[2026.08.30-08.25.12:050][  0]LogConfig: Set CVar [[r.StencilForLODDither:1]]
[2026.08.30-08.25.12:050][  0]LogConfig: Set CVar [[r.VT.RVT.EnableBaseColor:0]]
[2026.08.30-08.25.12:050][  0]LogConfig: Set CVar [[r.VT.RVT.EnableBaseColorRoughness:0]]
[2026.08.30-08.25.12:050][  0]LogConfig: Set CVar [[r.VT.RVT.EnableBaseColorSpecular:0]]
[2026.08.30-08.25.12:050][  0]LogConfig: Set CVar [[r.VT.RVT.EnableMask4:0]]
[2026.08.30-08.25.12:050][  0]LogConfig: Set CVar [[r.VT.RVT.EnableWorldHeight:0]]
[2026.08.30-08.25.12:050][  0]LogConfig: Set CVar [[r.VT.RVT.EnableDisplacement:0]]
[2026.08.30-08.25.12:050][  0]LogConfig: Set CVar [[r.VT.RVT.EnableSubsurfaceColorMask4:0]]
[2026.08.30-08.25.12:050][  0]LogConfig: Set CVar [[r.VT.SyncProduceLockedTiles:0]]
[2026.08.30-08.25.12:050][  0]LogConfig: Set CVar [[r.VT.PageFreeThreshold:30]]
[2026.08.30-08.25.12:050][  0]LogConfig: Set CVar [[r.Water.SingleLayer.DistanceFieldShadow:0]]
[2026.08.30-08.25.12:050][  0]LogConfig: Set CVar [[r.Water.SingleLayer.ShadersSupportDistanceFieldShadow:0]]
[2026.08.30-08.25.12:050][  0]LogConfig: Set CVar [[r.Water.SingleLayer.VSMFiltering:0]]
[2026.08.30-08.25.12:050][  0]LogConfig: Set CVar [[r.Water.SingleLayer.ShadersSupportVSMFiltering:0]]
[2026.08.30-08.25.12:050][  0]LogConfig: Set CVar [[r.Water.SingleLayerWater.SupportCloudShadow:0]]
[2026.08.30-08.25.12:050][  0]LogConfig: Set CVar [[r.SkyAtmosphere.CacheLUTs:1]]
[2026.08.30-08.25.12:050][  0]LogConfig: Set CVar [[r.SkyAtmosphere.CacheLUTs.WorldUnitsMarginXY:100]]
[2026.08.30-08.25.12:050][  0]LogConfig: Set CVar [[r.SkyAtmosphere.CacheLUTs.WorldUnitsMarginZ:2000]]
[2026.08.30-08.25.12:050][  0]LogConfig: Set CVar [[r.DefaultFeature.MotionBlur:1]]
[2026.08.30-08.25.12:050][  0]LogConfig: Set CVar [[r.MotionBlur.ForegroundOnly:1]]
[2026.08.30-08.25.12:050][  0]LogConfig: Set CVar [[r.MotionBlur.Scale:0.15]]
[2026.08.30-08.25.12:050][  0]LogConfig: Set CVar [[r.MotionBlur.Amount:0 ; Disabled by default, can be activated in Video settings]]
[2026.08.30-08.25.12:050][  0]LogConfig: Set CVar [[r.NGX.Enable:1]]
[2026.08.30-08.25.12:050][  0]LogConfig: Set CVar [[r.NGX.DLSS.Enable:0]]
[2026.08.30-08.25.12:050][  0]LogConfig: Set CVar [[r.NGX.Enable.AllowCommandLine:1]]
[2026.08.30-08.25.12:050][  0]LogConfig: Set CVar [[r.Streamline.DLSSG.Enable:0]]
[2026.08.30-08.25.12:050][  0]LogConfig: Set CVar [[r.FidelityFX.FSR3.UseNativeDX12:1]]
[2026.08.30-08.25.12:050][  0]LogConfig: Set CVar [[r.FidelityFX.FSR3.UseRHI:0]]
[2026.08.30-08.25.12:050][  0]LogConfig: Set CVar [[r.FidelityFX.FSR3.DeDither:1]]
[2026.08.30-08.25.12:050][  0]LogConfig: Set CVar [[r.FidelityFX.FSR3.CreateReactiveMask:0]]
[2026.08.30-08.25.12:050][  0]LogConfig: Set CVar [[r.FidelityFX.FSR3.ForceVertexDeformationOutputsVelocity:0]]
[2026.08.30-08.25.12:050][  0]LogConfig: Set CVar [[r.FidelityFX.FI.Enabled:0]]
[2026.08.30-08.25.12:050][  0]LogConfig: Set CVar [[r.FidelityFX.FI.OverrideSwapChainDX12:1]]
[2026.08.30-08.25.12:050][  0]LogConfig: Set CVar [[r.FidelityFX.FI.AllowAsyncWorkloads:1]]
[2026.08.30-08.25.12:050][  0]LogConfig: Set CVar [[r.FidelityFX.FI.UpdateGlobalFrameTime:0]]
[2026.08.30-08.25.12:050][  0]LogConfig: Set CVar [[portal.BufferComposition:1]]
[2026.08.30-08.25.12:050][  0]LogConfig: Set CVar [[portal.optimizations.DepthPrePass:0]]
[2026.08.30-08.25.12:050][  0]LogConfig: Set CVar [[portal.optimizations.VisibilityReuse:0]]
[2026.08.30-08.25.12:050][  0]LogConfig: Set CVar [[portal.optimizations.ScreenPercentageAllowed:0]]
[2026.08.30-08.25.12:050][  0]LogConfig: Set CVar [[r.Shaders.RemoveUnusedInterpolators:1]]
[2026.08.30-08.25.12:050][  0]LogConfig: Set CVar [[r.Shadow.DetectVertexShaderLayerAtRuntime:1]]
[2026.08.30-08.25.12:050][  0]LogConfig: Applying CVar settings from Section [/Script/Engine.RendererOverrideSettings] File [Engine]
[2026.08.30-08.25.12:050][  0]LogConfig: Applying CVar settings from Section [/Script/Engine.StreamingSettings] File [Engine]
[2026.08.30-08.25.12:050][  0]LogConfig: Set CVar [[s.MinBulkDataSizeForAsyncLoading:131072]]
[2026.08.30-08.25.12:050][  0]LogConfig: Set CVar [[s.AsyncLoadingThreadEnabled:1]]
[2026.08.30-08.25.12:050][  0]LogConfig: Set CVar [[s.EventDrivenLoaderEnabled:1]]
[2026.08.30-08.25.12:050][  0]LogConfig: Set CVar [[s.WarnIfTimeLimitExceeded:0]]
[2026.08.30-08.25.12:050][  0]LogConfig: Set CVar [[s.TimeLimitExceededMultiplier:1.5]]
[2026.08.30-08.25.12:050][  0]LogConfig: Set CVar [[s.TimeLimitExceededMinTime:0.005]]
[2026.08.30-08.25.12:050][  0]LogConfig: Set CVar [[s.UseBackgroundLevelStreaming:1]]
[2026.08.30-08.25.12:050][  0]LogConfig: Set CVar [[s.PriorityAsyncLoadingExtraTime:40]]
[2026.08.30-08.25.12:050][  0]LogConfig: Set CVar [[s.LevelStreamingActorsUpdateTimeLimit:5.0]]
[2026.08.30-08.25.12:050][  0]LogConfig: Set CVar [[s.PriorityLevelStreamingActorsUpdateExtraTime:5.0]]
[2026.08.30-08.25.12:050][  0]LogConfig: Set CVar [[s.LevelStreamingComponentsRegistrationGranularity:10]]
[2026.08.30-08.25.12:050][  0]LogConfig: Set CVar [[s.UnregisterComponentsTimeLimit:1.0]]
[2026.08.30-08.25.12:050][  0]LogConfig: Set CVar [[s.LevelStreamingComponentsUnregistrationGranularity:5]]
[2026.08.30-08.25.12:050][  0]LogConfig: Set CVar [[s.FlushStreamingOnExit:1]]
[2026.08.30-08.25.12:050][  0]LogConfig: Set CVar [[s.ProcessPrestreamingRequests:1]]
[2026.08.30-08.25.12:050][  0]LogConfig: Set CVar [[r.Streaming.AllowParallelStreamingRenderAssets:1]]
[2026.08.30-08.25.12:050][  0]LogConfig: Applying CVar settings from Section [/Script/Engine.GarbageCollectionSettings] File [Engine]
[2026.08.30-08.25.12:050][  0]LogConfig: Set CVar [[gc.MaxObjectsNotConsideredByGC:1]]
[2026.08.30-08.25.12:050][  0]LogConfig: Set CVar [[gc.FlushStreamingOnGC:0]]
[2026.08.30-08.25.12:050][  0]LogConfig: Set CVar [[gc.NumRetriesBeforeForcingGC:10]]
[2026.08.30-08.25.12:050][  0]LogConfig: Set CVar [[gc.AllowParallelGC:1]]
[2026.08.30-08.25.12:050][  0]LogConfig: Set CVar [[gc.TimeBetweenPurgingPendingKillObjects:61.1]]
[2026.08.30-08.25.12:050][  0]LogConfig: Set CVar [[gc.MaxObjectsInEditor:25165824]]
[2026.08.30-08.25.12:050][  0]LogConfig: Set CVar [[gc.IncrementalBeginDestroyEnabled:1]]
[2026.08.30-08.25.12:050][  0]LogConfig: Set CVar [[gc.CreateGCClusters:1]]
[2026.08.30-08.25.12:050][  0]LogConfig: Set CVar [[gc.MinGCClusterSize:5]]
[2026.08.30-08.25.12:050][  0]LogConfig: Set CVar [[gc.AssetClustreringEnabled:0]]
[2026.08.30-08.25.12:051][  0]LogConfig: Set CVar [[gc.ActorClusteringEnabled:0]]
[2026.08.30-08.25.12:051][  0]LogConfig: Set CVar [[gc.VerifyUObjectsAreNotFGCObjects:0]]
[2026.08.30-08.25.12:051][  0]LogConfig: Set CVar [[gc.GarbageEliminationEnabled:1]]
[2026.08.30-08.25.12:051][  0]LogConfig: Applying CVar settings from Section [/Script/Engine.NetworkSettings] File [Engine]
[2026.08.30-08.25.12:051][  0]LogInit: Setting process to per monitor DPI aware
[2026.08.30-08.25.12:087][  0]LogConfig: Applying CVar settings from Section [ViewDistanceQuality@3] File [Scalability]
[2026.08.30-08.25.12:087][  0]LogConfig: Set CVar [[r.SkeletalMeshLODBias:0]]
[2026.08.30-08.25.12:087][  0]LogConfig: Set CVar [[r.ViewDistanceScale:1.0]]
[2026.08.30-08.25.12:087][  0]LogConfig: Set CVar [[r.StaticMeshLODDistanceScale:1]]
[2026.08.30-08.25.12:087][  0]LogConfig: Set CVar [[r.Decal.FadeScreenSizeMult:1.0]]
[2026.08.30-08.25.12:087][  0]LogConfig: Set CVar [[r.ExpandAllOcclusionTestedBBoxesAmount:50]]
[2026.08.30-08.25.12:087][  0]LogConfig: Set CVar [[1047.cosmetics.AttachmentDropThirdPersonMaxDistance:1000]]
[2026.08.30-08.25.12:087][  0]LogConfig: Set CVar [[1047.UI.WidgetRenderer.TimeScale:1.0]]
[2026.08.30-08.25.12:087][  0]LogConfig: Set CVar [[1047.cosmetics.DisableThirdPersonWeaponAnimations:0		; Third person weapon animations]]
[2026.08.30-08.25.12:087][  0]LogConfig: Set CVar [[1047.cosmetics.DisableThirdPersonFireAnimation:0		; Third person character animations]]
[2026.08.30-08.25.12:087][  0]LogConfig: Set CVar [[1047.cosmetics.ThirdPersonUsePickupMeshes:0				; Use skeletal mesh for TPP weapon]]
[2026.08.30-08.25.12:087][  0]LogConfig: Set CVar [[significance.budget.Character:5,10,10,35]]
[2026.08.30-08.25.12:087][  0]LogConfig: Set CVar [[1047.worldpartition.SourceMultiplier:1]]
[2026.08.30-08.25.12:087][  0]LogConfig: Applying CVar settings from Section [AntiAliasingQuality@3] File [Scalability]
[2026.08.30-08.25.12:087][  0]LogConfig: Set CVar [[r.FXAA.Quality:4]]
[2026.08.30-08.25.12:087][  0]LogConfig: Set CVar [[r.TemporalAA.Quality:2]]
[2026.08.30-08.25.12:087][  0]LogConfig: Set CVar [[r.TSR.History.R11G11B10:1]]
[2026.08.30-08.25.12:087][  0]LogConfig: Set CVar [[r.TSR.History.ScreenPercentage:200]]
[2026.08.30-08.25.12:087][  0]LogConfig: Set CVar [[r.TSR.History.UpdateQuality:3]]
[2026.08.30-08.25.12:087][  0]LogConfig: Set CVar [[r.TSR.ShadingRejection.Flickering:1]]
[2026.08.30-08.25.12:087][  0]LogConfig: Set CVar [[r.TSR.RejectionAntiAliasingQuality:2]]
[2026.08.30-08.25.12:087][  0]LogConfig: Set CVar [[r.TSR.ReprojectionField:1]]
[2026.08.30-08.25.12:087][  0]LogConfig: Set CVar [[r.TSR.Resurrection:1]]
[2026.08.30-08.25.12:087][  0]LogConfig: Applying CVar settings from Section [ShadowQuality@3] File [Scalability]
[2026.08.30-08.25.12:087][  0]LogConfig: Set CVar [[r.LightFunctionQuality:1]]
[2026.08.30-08.25.12:087][  0]LogConfig: Set CVar [[r.ShadowQuality:5]]
[2026.08.30-08.25.12:087][  0]LogConfig: Set CVar [[r.Shadow.CSM.MaxCascades:10]]
[2026.08.30-08.25.12:087][  0]LogConfig: Set CVar [[r.Shadow.MaxResolution:2048]]
[2026.08.30-08.25.12:087][  0]LogConfig: Set CVar [[r.Shadow.MaxCSMResolution:2048]]
[2026.08.30-08.25.12:087][  0]LogConfig: Set CVar [[r.Shadow.RadiusThreshold:0.01]]
[2026.08.30-08.25.12:087][  0]LogConfig: Set CVar [[r.Shadow.DistanceScale:1.0]]
[2026.08.30-08.25.12:087][  0]LogConfig: Set CVar [[r.Shadow.CSM.TransitionScale:1.0]]
[2026.08.30-08.25.12:087][  0]LogConfig: Set CVar [[r.Shadow.PreShadowResolutionFactor:1.0]]
[2026.08.30-08.25.12:087][  0]LogConfig: Set CVar [[r.DistanceFieldShadowing:1]]
[2026.08.30-08.25.12:087][  0]LogConfig: Set CVar [[r.VolumetricFog:1]]
[2026.08.30-08.25.12:087][  0]LogConfig: Set CVar [[r.VolumetricFog.GridPixelSize:16]]
[2026.08.30-08.25.12:087][  0]LogConfig: Set CVar [[r.VolumetricFog.GridSizeZ:50]]
[2026.08.30-08.25.12:087][  0]LogConfig: Set CVar [[r.VolumetricFog.HistoryMissSupersampleCount:4]]
[2026.08.30-08.25.12:087][  0]LogConfig: Set CVar [[r.LightMaxDrawDistanceScale:1]]
[2026.08.30-08.25.12:087][  0]LogConfig: Set CVar [[r.CapsuleShadows:1]]
[2026.08.30-08.25.12:087][  0]LogConfig: Set CVar [[r.Shadow.Virtual.MaxPhysicalPages:4096]]
[2026.08.30-08.25.12:087][  0]LogConfig: Set CVar [[r.Shadow.Virtual.ResolutionLodBiasDirectional:-1.5]]
[2026.08.30-08.25.12:087][  0]LogConfig: Set CVar [[r.Shadow.Virtual.ResolutionLodBiasDirectionalMoving:-1.5]]
[2026.08.30-08.25.12:087][  0]LogConfig: Set CVar [[r.Shadow.Virtual.ResolutionLodBiasLocal:0.0]]
[2026.08.30-08.25.12:087][  0]LogConfig: Set CVar [[r.Shadow.Virtual.ResolutionLodBiasLocalMoving:1.0]]
[2026.08.30-08.25.12:087][  0]LogConfig: Set CVar [[r.Shadow.Virtual.SMRT.RayCountDirectional:8]]
[2026.08.30-08.25.12:087][  0]LogConfig: Set CVar [[r.Shadow.Virtual.SMRT.SamplesPerRayDirectional:4]]
[2026.08.30-08.25.12:087][  0]LogConfig: Set CVar [[r.Shadow.Virtual.SMRT.RayCountLocal:8]]
[2026.08.30-08.25.12:087][  0]LogConfig: Set CVar [[r.Shadow.Virtual.SMRT.SamplesPerRayLocal:4]]
[2026.08.30-08.25.12:087][  0]LogConfig: Set CVar [[r.CapsuleMinScreenSize:0.0002]]
[2026.08.30-08.25.12:087][  0]LogConfig: Set CVar [[r.ContactShadows:1]]
[2026.08.30-08.25.12:087][  0]LogConfig: Set CVar [[r.Shadow.InsetDownscaleFactor:1]]
[2026.08.30-08.25.12:087][  0]LogConfig: Set CVar [[portal.features.DynamicShadows:1]]
[2026.08.30-08.25.12:087][  0]LogConfig: Set CVar [[1047.lighting.DisableILCForSmallObjects:0]]
[2026.08.30-08.25.12:087][  0]LogConfig: Set CVar [[1047.cosmetics.3p.ShadowsMode:1]]
[2026.08.30-08.25.12:087][  0]LogConfig: Applying CVar settings from Section [GlobalIlluminationQuality@3] File [Scalability]
[2026.08.30-08.25.12:087][  0]LogConfig: Set CVar [[r.DistanceFieldAO:1]]
[2026.08.30-08.25.12:087][  0]LogConfig: Set CVar [[r.AOQuality:2]]
[2026.08.30-08.25.12:087][  0]LogConfig: Set CVar [[r.Lumen.DiffuseIndirect.Allow:1]]
[2026.08.30-08.25.12:087][  0]LogConfig: Set CVar [[r.LumenScene.Radiosity.ProbeSpacing:4]]
[2026.08.30-08.25.12:087][  0]LogConfig: Set CVar [[r.LumenScene.Radiosity.HemisphereProbeResolution:4]]
[2026.08.30-08.25.12:087][  0]LogConfig: Set CVar [[r.Lumen.TraceMeshSDFs.Allow:1]]
[2026.08.30-08.25.12:087][  0]LogConfig: Set CVar [[r.Lumen.ScreenProbeGather.RadianceCache.ProbeResolution:32]]
[2026.08.30-08.25.12:087][  0]LogConfig: Set CVar [[r.Lumen.ScreenProbeGather.RadianceCache.NumProbesToTraceBudget:300]]
[2026.08.30-08.25.12:087][  0]LogConfig: Set CVar [[r.Lumen.ScreenProbeGather.DownsampleFactor:16]]
[2026.08.30-08.25.12:087][  0]LogConfig: Set CVar [[r.Lumen.ScreenProbeGather.TracingOctahedronResolution:8]]
[2026.08.30-08.25.12:087][  0]LogConfig: Set CVar [[r.Lumen.ScreenProbeGather.IrradianceFormat:0]]
[2026.08.30-08.25.12:087][  0]LogConfig: Set CVar [[r.Lumen.ScreenProbeGather.StochasticInterpolation:0]]
[2026.08.30-08.25.12:087][  0]LogConfig: Set CVar [[r.Lumen.ScreenProbeGather.FullResolutionJitterWidth:1]]
[2026.08.30-08.25.12:087][  0]LogConfig: Set CVar [[r.Lumen.ScreenProbeGather.TwoSidedFoliageBackfaceDiffuse:1]]
[2026.08.30-08.25.12:087][  0]LogConfig: Set CVar [[r.Lumen.ScreenProbeGather.ScreenTraces.HZBTraversal.FullResDepth:1]]
[2026.08.30-08.25.12:087][  0]LogConfig: Set CVar [[r.Lumen.ScreenProbeGather.ShortRangeAO.HardwareRayTracing:0]]
[2026.08.30-08.25.12:087][  0]LogConfig: Set CVar [[r.Lumen.TranslucencyVolume.GridPixelSize:32]]
[2026.08.30-08.25.12:087][  0]LogConfig: Set CVar [[r.Lumen.TranslucencyVolume.TraceFromVolume:1]]
[2026.08.30-08.25.12:087][  0]LogConfig: Set CVar [[r.Lumen.TranslucencyVolume.TracingOctahedronResolution:3]]
[2026.08.30-08.25.12:087][  0]LogConfig: Set CVar [[r.Lumen.TranslucencyVolume.RadianceCache.ProbeResolution:8]]
[2026.08.30-08.25.12:087][  0]LogConfig: Set CVar [[r.Lumen.TranslucencyVolume.RadianceCache.NumProbesToTraceBudget:200]]
[2026.08.30-08.25.12:087][  0]LogConfig: Set CVar [[r.SkyLight.RealTimeReflectionCapture:1]]
[2026.08.30-08.25.12:087][  0]LogConfig: Applying CVar settings from Section [ReflectionQuality@3] File [Scalability]
[2026.08.30-08.25.12:087][  0]LogConfig: Set CVar [[r.SSR.Quality:3]]
[2026.08.30-08.25.12:087][  0]LogConfig: Set CVar [[r.SSR.HalfResSceneColor:0]]
[2026.08.30-08.25.12:087][  0]LogConfig: Set CVar [[r.Lumen.Reflections.Allow:1]]
[2026.08.30-08.25.12:087][  0]LogConfig: Set CVar [[r.Lumen.Reflections.DownsampleFactor:1]]
[2026.08.30-08.25.12:087][  0]LogConfig: Set CVar [[r.Lumen.Reflections.MaxRoughnessToTraceForFoliage:0.4]]
[2026.08.30-08.25.12:087][  0]LogConfig: Set CVar [[r.Lumen.ScreenProbeGather.MaxRoughnessToEvaluateRoughSpecularForFoliage:0.8]]
[2026.08.30-08.25.12:087][  0]LogConfig: Set CVar [[r.Lumen.Reflections.ScreenSpaceReconstruction.TonemapMode:1]]
[2026.08.30-08.25.12:087][  0]LogConfig: Set CVar [[r.Lumen.Reflections.ScreenSpaceReconstruction.MinWeight:0]]
[2026.08.30-08.25.12:087][  0]LogConfig: Set CVar [[r.Lumen.TranslucencyReflections.FrontLayer.Allow:1]]
[2026.08.30-08.25.12:087][  0]LogConfig: Set CVar [[r.Lumen.TranslucencyReflections.FrontLayer.Enable:0]]
[2026.08.30-08.25.12:087][  0]LogConfig: Set CVar [[r.PlanarReflections.ResolutionScale:1.0]]
[2026.08.30-08.25.12:087][  0]LogConfig: Applying CVar settings from Section [PostProcessQuality@3] File [Scalability]
[2026.08.30-08.25.12:087][  0]LogConfig: Set CVar [[r.MotionBlurQuality:3]]
[2026.08.30-08.25.12:087][  0]LogConfig: Set CVar [[r.MotionBlur.HalfResGather:0]]
[2026.08.30-08.25.12:087][  0]LogConfig: Set CVar [[r.AmbientOcclusionMipLevelFactor:0.4]]
[2026.08.30-08.25.12:087][  0]LogConfig: Set CVar [[r.AmbientOcclusionMaxQuality:100]]
[2026.08.30-08.25.12:087][  0]LogConfig: Set CVar [[r.AmbientOcclusionLevels:-1]]
[2026.08.30-08.25.12:087][  0]LogConfig: Set CVar [[r.AmbientOcclusionRadiusScale:1.0]]
[2026.08.30-08.25.12:087][  0]LogConfig: Set CVar [[r.DepthOfFieldQuality:2]]
[2026.08.30-08.25.12:087][  0]LogConfig: Set CVar [[r.RenderTargetPoolMin:400]]
[2026.08.30-08.25.12:087][  0]LogConfig: Set CVar [[r.LensFlareQuality:0]]
[2026.08.30-08.25.12:087][  0]LogConfig: Set CVar [[r.SceneColorFringeQuality:1]]
[2026.08.30-08.25.12:087][  0]LogConfig: Set CVar [[r.EyeAdaptationQuality:2]]
[2026.08.30-08.25.12:087][  0]LogConfig: Set CVar [[r.BloomQuality:5]]
[2026.08.30-08.25.12:087][  0]LogConfig: Set CVar [[r.Bloom.ScreenPercentage:50.000]]
[2026.08.30-08.25.12:087][  0]LogConfig: Set CVar [[r.FastBlurThreshold:100]]
[2026.08.30-08.25.12:087][  0]LogConfig: Set CVar [[r.Upscale.Quality:3]]
[2026.08.30-08.25.12:087][  0]LogConfig: Set CVar [[r.LightShaftQuality:0]]
[2026.08.30-08.25.12:087][  0]LogConfig: Set CVar [[r.Filter.SizeScale:1]]
[2026.08.30-08.25.12:087][  0]LogConfig: Set CVar [[r.Tonemapper.Quality:5]]
[2026.08.30-08.25.12:087][  0]LogConfig: Set CVar [[r.DOF.Gather.ResolutionDivisor:2         ; lower gathering resolution]]
[2026.08.30-08.25.12:087][  0]LogConfig: Set CVar [[r.DOF.Gather.AccumulatorQuality:1        ; higher gathering accumulator quality]]
[2026.08.30-08.25.12:087][  0]LogConfig: Set CVar [[r.DOF.Gather.PostfilterMethod:1          ; Median3x3 postfilering method]]
[2026.08.30-08.25.12:087][  0]LogConfig: Set CVar [[r.DOF.Gather.EnableBokehSettings:0       ; no bokeh simulation when gathering]]
[2026.08.30-08.25.12:087][  0]LogConfig: Set CVar [[r.DOF.Gather.RingCount:4                 ; medium number of samples when gathering]]
[2026.08.30-08.25.12:087][  0]LogConfig: Set CVar [[r.DOF.Scatter.ForegroundCompositing:1    ; additive foreground scattering]]
[2026.08.30-08.25.12:087][  0]LogConfig: Set CVar [[r.DOF.Scatter.BackgroundCompositing:1 ; no background occlusion]]
[2026.08.30-08.25.12:087][  0]LogConfig: Set CVar [[r.DOF.Scatter.EnableBokehSettings:1      ; bokeh simulation when scattering]]
[2026.08.30-08.25.12:087][  0]LogConfig: Set CVar [[r.DOF.Scatter.MaxSpriteRatio:0.1         ; only a maximum of 10% of scattered bokeh]]
[2026.08.30-08.25.12:087][  0]LogConfig: Set CVar [[r.DOF.Recombine.Quality:0             ; no slight out of focus]]
[2026.08.30-08.25.12:087][  0]LogConfig: Set CVar [[r.DOF.Recombine.EnableBokehSettings:0    ; no bokeh simulation on slight out of focus]]
[2026.08.30-08.25.12:087][  0]LogConfig: Set CVar [[r.DOF.TemporalAAQuality:0             ; faster temporal accumulation]]
[2026.08.30-08.25.12:087][  0]LogConfig: Set CVar [[r.DOF.Kernel.MaxForegroundRadius:0.025]]
[2026.08.30-08.25.12:087][  0]LogConfig: Set CVar [[r.DOF.Kernel.MaxBackgroundRadius:0.025]]
[2026.08.30-08.25.12:087][  0]LogConfig: Applying CVar settings from Section [TextureQuality@3] File [Scalability]
[2026.08.30-08.25.12:087][  0]LogConfig: Set CVar [[r.Streaming.MipBias:0]]
[2026.08.30-08.25.12:087][  0]LogConfig: Set CVar [[r.Streaming.AmortizeCPUToGPUCopy:0]]
[2026.08.30-08.25.12:087][  0]LogConfig: Set CVar [[r.Streaming.MaxNumTexturesToStreamPerFrame:0]]
[2026.08.30-08.25.12:087][  0]LogConfig: Set CVar [[r.Streaming.Boost:1.0]]
[2026.08.30-08.25.12:087][  0]LogConfig: Set CVar [[r.MaxAnisotropy:8]]
[2026.08.30-08.25.12:087][  0]LogConfig: Set CVar [[r.VT.MaxAnisotropy:8]]
[2026.08.30-08.25.12:087][  0]LogConfig: Set CVar [[r.Streaming.LimitPoolSizeToVRAM:0]]
[2026.08.30-08.25.12:087][  0]LogConfig: Set CVar [[r.Streaming.PoolSize:1200]]
[2026.08.30-08.25.12:087][  0]LogConfig: Set CVar [[r.Streaming.MaxEffectiveScreenSize:0]]
[2026.08.30-08.25.12:087][  0]LogConfig: Set CVar [[r.VT.PoolSizeScale:1.0]]
[2026.08.30-08.25.12:087][  0]LogConfig: Set CVar [[r.VT.RVT.TileCountBias:0]]
[2026.08.30-08.25.12:087][  0]LogConfig: Set CVar [[r.VT.MaxTilesProducedPerFrame:18]]
[2026.08.30-08.25.12:087][  0]LogConfig: Set CVar [[r.VT.MaxUploadsPerFrame:8]]
[2026.08.30-08.25.12:087][  0]LogConfig: Set CVar [[r.VT.MaxReleasedPerFrame:5]]
[2026.08.30-08.25.12:087][  0]LogConfig: Set CVar [[r.Streaming.PoolSizeForMeshes:400]]
[2026.08.30-08.25.12:087][  0]LogConfig: Set CVar [[1047.UI.WidgetRenderer.ResolutionScale:1.0]]
[2026.08.30-08.25.12:087][  0]LogConfig: Set CVar [[1047.VTScale.Memory.Reference:12]]
[2026.08.30-08.25.12:087][  0]LogConfig: Applying CVar settings from Section [EffectsQuality@3] File [Scalability]
[2026.08.30-08.25.12:087][  0]LogConfig: Set CVar [[r.TranslucencyLightingVolumeDim:64]]
[2026.08.30-08.25.12:087][  0]LogConfig: Set CVar [[r.RefractionQuality:2]]
[2026.08.30-08.25.12:087][  0]LogConfig: Set CVar [[r.SceneColorFormat:3]]
[2026.08.30-08.25.12:087][  0]LogConfig: Set CVar [[r.DetailMode:3 ; Epic quality]]
[2026.08.30-08.25.12:087][  0]LogConfig: Set CVar [[r.TranslucencyVolumeBlur:1]]
[2026.08.30-08.25.12:087][  0]LogConfig: Set CVar [[r.MaterialQualityLevel:3 ; Epic quality]]
[2026.08.30-08.25.12:087][  0]LogConfig: Set CVar [[r.SSS.Scale:1]]
[2026.08.30-08.25.12:087][  0]LogConfig: Set CVar [[r.SSS.SampleSet:1]]
[2026.08.30-08.25.12:087][  0]LogConfig: Set CVar [[r.SSS.Quality:-1]]
[2026.08.30-08.25.12:087][  0]LogConfig: Set CVar [[r.SSS.HalfRes:1]]
[2026.08.30-08.25.12:087][  0]LogConfig: Set CVar [[r.SSGI.Quality:3]]
[2026.08.30-08.25.12:087][  0]LogConfig: Set CVar [[r.EmitterSpawnRateScale:1.0]]
[2026.08.30-08.25.12:087][  0]LogConfig: Set CVar [[r.ParticleLightQuality:2]]
[2026.08.30-08.25.12:087][  0]LogConfig: Set CVar [[r.SkyAtmosphere.AerialPerspectiveLUT.FastApplyOnOpaque:1 ; Always have FastSkyLUT 1 in this case to avoid wrong sky]]
[2026.08.30-08.25.12:087][  0]LogConfig: Set CVar [[r.SkyAtmosphere.AerialPerspectiveLUT.SampleCountMaxPerSlice:4]]
[2026.08.30-08.25.12:087][  0]LogConfig: Set CVar [[r.SkyAtmosphere.AerialPerspectiveLUT.DepthResolution:16]]
[2026.08.30-08.25.12:087][  0]LogConfig: Set CVar [[r.SkyAtmosphere.FastSkyLUT:1]]
[2026.08.30-08.25.12:087][  0]LogConfig: Set CVar [[r.SkyAtmosphere.FastSkyLUT.SampleCountMin:4.0]]
[2026.08.30-08.25.12:087][  0]LogConfig: Set CVar [[r.SkyAtmosphere.FastSkyLUT.SampleCountMax:128.0]]
[2026.08.30-08.25.12:087][  0]LogConfig: Set CVar [[r.SkyAtmosphere.SampleCountMin:4.0]]
[2026.08.30-08.25.12:087][  0]LogConfig: Set CVar [[r.SkyAtmosphere.SampleCountMax:128.0]]
[2026.08.30-08.25.12:087][  0]LogConfig: Set CVar [[r.SkyAtmosphere.TransmittanceLUT.UseSmallFormat:0]]
[2026.08.30-08.25.12:087][  0]LogConfig: Set CVar [[r.SkyAtmosphere.TransmittanceLUT.SampleCount:10.0]]
[2026.08.30-08.25.12:087][  0]LogConfig: Set CVar [[r.SkyAtmosphere.MultiScatteringLUT.SampleCount:15.0]]
[2026.08.30-08.25.12:087][  0]LogConfig: Set CVar [[fx.Niagara.QualityLevel:3]]
[2026.08.30-08.25.12:087][  0]LogConfig: Set CVar [[r.Refraction.OffsetQuality:1]]
[2026.08.30-08.25.12:087][  0]LogConfig: Set CVar [[r.HeterogeneousVolumes.DownsampleFactor:1]]
[2026.08.30-08.25.12:087][  0]LogConfig: Set CVar [[r.HeterogeneousVolumes.MaxStepCount:512]]
[2026.08.30-08.25.12:087][  0]LogConfig: Set CVar [[r.HeterogeneousVolumes.Shadows.Resolution:512]]
[2026.08.30-08.25.12:087][  0]LogConfig: Set CVar [[r.MSAA.CompositingSampleCount:4]]
[2026.08.30-08.25.12:087][  0]LogConfig: Set CVar [[r.LightFunctionAtlas.SlotResolution:128]]
[2026.08.30-08.25.12:087][  0]LogConfig: Set CVar [[r.Forward.MaxCulledReflectionCapturesPerCell:20]]
[2026.08.30-08.25.12:087][  0]LogConfig: Set CVar [[r.Forward.MaxCulledLightsPerCell:20]]
[2026.08.30-08.25.12:087][  0]LogConfig: Set CVar [[r.SkyAtmosphere.FastSkyLUT.Width:192]]
[2026.08.30-08.25.12:087][  0]LogConfig: Set CVar [[r.SkyAtmosphere.FastSkyLUT.Height:104]]
[2026.08.30-08.25.12:087][  0]LogConfig: Set CVar [[portal.features.AO:1]]
[2026.08.30-08.25.12:087][  0]LogConfig: Set CVar [[portal.features.SSR:1]]
[2026.08.30-08.25.12:087][  0]LogConfig: Set CVar [[umg.MaxPostBufferBlurStrength:16]]
[2026.08.30-08.25.12:087][  0]LogConfig: Set CVar [[r.Cache.LightingCacheMovableObjectAllocationSize:5]]
[2026.08.30-08.25.12:087][  0]LogConfig: Set CVar [[r.Cache.StaticObject.MinSize:3]]
[2026.08.30-08.25.12:087][  0]LogConfig: Set CVar [[r.Cache.StaticObject.MaxSize:5]]
[2026.08.30-08.25.12:087][  0]LogConfig: Set CVar [[r.Cache.LightingCacheDimension:96]]
[2026.08.30-08.25.12:087][  0]LogConfig: Applying CVar settings from Section [FoliageQuality@3] File [Scalability]
[2026.08.30-08.25.12:087][  0]LogConfig: Set CVar [[foliage.DensityScale:1.0]]
[2026.08.30-08.25.12:087][  0]LogConfig: Set CVar [[grass.DensityScale:1.0]]
[2026.08.30-08.25.12:087][  0]LogConfig: Set CVar [[foliage.CullDistanceScale:1]]
[2026.08.30-08.25.12:087][  0]LogConfig: Set CVar [[foliage.LODDistanceScale:1]]
[2026.08.30-08.25.12:087][  0]LogConfig: Applying CVar settings from Section [ShadingQuality@3] File [Scalability]
[2026.08.30-08.25.12:087][  0]LogConfig: Set CVar [[r.HairStrands.SkyLighting.IntegrationType:2]]
[2026.08.30-08.25.12:087][  0]LogConfig: Set CVar [[r.HairStrands.SkyAO.SampleCount:4]]
[2026.08.30-08.25.12:087][  0]LogConfig: Set CVar [[r.HairStrands.Visibility.MSAA.SamplePerPixel:4]]
[2026.08.30-08.25.12:087][  0]LogConfig: Set CVar [[r.AnisotropicMaterials:1]]
[2026.08.30-08.25.12:087][  0]LogConfig: Applying CVar settings from Section [LandscapeQuality@3] File [Scalability]
[2026.08.30-08.25.12:087][  0]LogRHI: Using Default RHI: D3D12
[2026.08.30-08.25.12:087][  0]LogRHI: Using Highest Feature Level of D3D12: SM6
[2026.08.30-08.25.12:087][  0]LogRHI: Loading RHI module D3D12RHI
[2026.08.30-08.25.12:087][  0]LogRHI: Checking if RHI D3D12 with Feature Level SM6 is supported by your system.
[2026.08.30-08.25.12:087][  0]LogRHI: RHI D3D12 with Feature Level SM6 is supported and will be used.
[2026.08.30-08.25.12:087][  0]LogInit: Selected Device Profile: [WindowsClient]
[2026.08.30-08.25.12:087][  0]LogHAL: Display: Platform has ~ 32 GB [34043850752 / 34359738368 / 32], which maps to Largest [LargestMinGB=32, LargerMinGB=12, DefaultMinGB=8, SmallerMinGB=6, SmallestMinGB=0)
[2026.08.30-08.25.12:087][  0]LogDeviceProfileManager: Going up to parent DeviceProfile [Windows]
[2026.08.30-08.25.12:087][  0]LogDeviceProfileManager: Going up to parent DeviceProfile []
[2026.08.30-08.25.12:087][  0]LogDeviceProfileManager: Pushing Device Profile CVar: [[UI.SlateSDFText.RasterizationMode:Bitmap -> Msdf]]
[2026.08.30-08.25.12:087][  0]LogDeviceProfileManager: Pushing Device Profile CVar: [[UI.SlateSDFText.ResolutionLevel:2 -> 2]]
[2026.08.30-08.25.12:087][  0]LogDeviceProfileManager: Pushing Device Profile CVar: [[r.PSOPrecaching:1 -> 1]]
[2026.08.30-08.25.12:087][  0]LogDeviceProfileManager: Pushing Device Profile CVar: [[r.PSOPrecache.ProxyCreationWhenPSOReady:1 -> 1]]
[2026.08.30-08.25.12:087][  0]LogDeviceProfileManager: Creating unregistered Device Profile CVar: [[r.PSOPrecache.GlobalComputeShaders:1]]
[2026.08.30-08.25.12:087][  0]LogDeviceProfileManager: Pushing Device Profile CVar: [[r.PSOPrecache.Components:1 -> 1]]
[2026.08.30-08.25.12:087][  0]LogDeviceProfileManager: Pushing Device Profile CVar: [[r.PSOPrecache.Resources:0 -> 1]]
[2026.08.30-08.25.12:087][  0]LogDeviceProfileManager: Pushing Device Profile CVar: [[r.SkipDrawOnPSOPrecaching:0 -> 1]]
[2026.08.30-08.25.12:087][  0]LogDeviceProfileManager: Pushing Device Profile CVar: [[r.ShaderPipelineCache.Enabled:1 -> 1]]
[2026.08.30-08.25.12:087][  0]LogDeviceProfileManager: Pushing Device Profile CVar: [[r.ShaderPipelineCache.ExcludePrecachePSO:0 -> 1]]
[2026.08.30-08.25.12:087][  0]LogDeviceProfileManager: Pushing Device Profile CVar: [[r.pso.PrecompileThreadPoolPercentOfHardwareThreads:75 -> 75]]
[2026.08.30-08.25.12:087][  0]LogDeviceProfileManager: Pushing Device Profile CVar: [[r.pso.PrecompileThreadPoolSizeMin:2 -> 2]]
[2026.08.30-08.25.12:087][  0]LogDeviceProfileManager: Pushing Device Profile CVar: [[r.ShaderPipelineCache.GameFileMaskEnabled:0 -> 1]]
[2026.08.30-08.25.12:087][  0]LogDeviceProfileManager: Pushing Device Profile CVar: [[r.ShaderPipelineCache.UserCacheUnusedElementCheckPeriod:-1 -> 1]]
[2026.08.30-08.25.12:087][  0]LogDeviceProfileManager: Pushing Device Profile CVar: [[r.ShaderPipelineCache.UserCacheUnusedElementRetainDays:30 -> 14]]
[2026.08.30-08.25.12:087][  0]LogDeviceProfileManager: Pushing Device Profile CVar: [[r.PSOPrecache.Validation:0 -> 1]]
[2026.08.30-08.25.12:087][  0]LogDeviceProfileManager: Pushing Device Profile CVar: [[r.DynamicRes.OperationMode:0 -> 1]]
[2026.08.30-08.25.12:087][  0]LogDeviceProfileManager: Pushing Device Profile CVar: [[r.DynamicRes.FrameTimeBudget:33.3 -> 16.66]]
[2026.08.30-08.25.12:087][  0]LogDeviceProfileManager: Pushing Device Profile CVar: [[r.DynamicRes.MinScreenPercentage:50 -> 70.0]]
[2026.08.30-08.25.12:087][  0]LogDeviceProfileManager: Pushing Device Profile CVar: [[r.DynamicRes.MaxScreenPercentage:100 -> 100]]
[2026.08.30-08.25.12:087][  0]LogDeviceProfileManager: Pushing Device Profile CVar: [[r.DynamicRes.TargetedGPUHeadRoomPercentage:10 -> 10]]
[2026.08.30-08.25.12:087][  0]LogDeviceProfileManager: Pushing Device Profile CVar: [[r.TemporalAA.Upsampling:1 -> 1]]
[2026.08.30-08.25.12:087][  0]LogDeviceProfileManager: Pushing Device Profile CVar: [[r.Translucency.ScreenPercentage.Basis:0 -> 1]]
[2026.08.30-08.25.12:087][  0]LogDeviceProfileManager: Pushing Device Profile CVar: [[r.Translucency.DynamicRes.TimeBudget:0 -> 0.5]]
[2026.08.30-08.25.12:087][  0]LogDeviceProfileManager: Pushing Device Profile CVar: [[r.Translucency.DynamicRes.MinScreenPercentage:50 -> 40]]
[2026.08.30-08.25.12:087][  0]LogDeviceProfileManager: Pushing Device Profile CVar: [[r.Translucency.DynamicRes.MaxScreenPercentage:100 -> 100]]
[2026.08.30-08.25.12:087][  0]LogConfig: Applying CVar settings from Section [GlobalIlluminationQuality@0] File [Scalability]
[2026.08.30-08.25.12:087][  0]LogConfig: Set CVar [[r.DistanceFieldAO:0]]
[2026.08.30-08.25.12:087][  0]LogConfig: Set CVar [[r.Lumen.DiffuseIndirect.Allow:0]]
[2026.08.30-08.25.12:087][  0]LogConfig: Set CVar [[r.SkyLight.RealTimeReflectionCapture:0]]
[2026.08.30-08.25.12:087][  0]LogConfig: Applying CVar settings from Section [ConsoleVariables] File [Engine]
[2026.08.30-08.25.12:087][  0]LogConfig: Set CVar [[memory.MemoryPressureCriticalThresholdMB:512]]
[2026.08.30-08.25.12:087][  0]LogConfig: Set CVar [[CommonLoadingScreen.HoldLoadingScreenAdditionalSecs:0.500000]]
[2026.08.30-08.25.12:087][  0]LogConfig: Set CVar [[net.MaxRPCPerNetUpdate:10]]
[2026.08.30-08.25.12:087][  0]LogConfig: Set CVar [[net.AllowAsyncLoading:1]]
[2026.08.30-08.25.12:087][  0]LogConfig: Set CVar [[net.DelayUnmappedRPCs:1]]
[2026.08.30-08.25.12:087][  0]LogConfig: Set CVar [[a.Budget.Enabled:1]]
[2026.08.30-08.25.12:087][  0]LogConfig: Set CVar [[r.Shaders.RemoveDeadCode:1]]
[2026.08.30-08.25.12:087][  0]LogConfig: Set CVar [[demo.RecordHz:60]]
[2026.08.30-08.25.12:087][  0]LogConfig: Set CVar [[demo.MinRecordHz:60]]
[2026.08.30-08.25.12:087][  0]LogConfig: Set CVar [[demo.RecordUnicastRPCs:1]]
[2026.08.30-08.25.12:087][  0]LogConfig: Set CVar [[demo.UseAdaptiveReplayUpdateFrequency:0]]
[2026.08.30-08.25.12:087][  0]LogConfig: Set CVar [[demo.QueueCheckpointChannels:0]]
[2026.08.30-08.25.12:087][  0]LogConfig: Set CVar [[tick.AllowBatchedTicks:1]]
[2026.08.30-08.25.12:087][  0]LogConfig: Set CVar [[AllowAsyncRenderThreadUpdatesEditorGameWorld:1]]
[2026.08.30-08.25.12:087][  0]LogConfig: Set CVar [[p.RecentlyRenderedRequiresOnScreen:1]]
[2026.08.30-08.25.12:087][  0]LogConfig: Set CVar [[fx.Budget.Enabled:1]]
[2026.08.30-08.25.12:087][  0]LogConfig: Set CVar [[fx.Budget.GameThread:1.0]]
[2026.08.30-08.25.12:087][  0]LogConfig: Set CVar [[fx.Budget.RenderThread:1.0]]
[2026.08.30-08.25.12:087][  0]LogConfig: Set CVar [[fx.Budget.HistoryFrames:240]]
[2026.08.30-08.25.12:087][  0]LogConfig: Set CVar [[fx.Budget.GameThreadConcurrent:3.0]]
[2026.08.30-08.25.12:087][  0]LogConfig: Set CVar [[fx.Budget.AdjustedUsageMax:1.0]]
[2026.08.30-08.25.12:088][  0]LogConfig: Set CVar [[fx.Niagara.WorldManager.FirstHighPriTickGroup:1]]
[2026.08.30-08.25.12:089][  0]LogConfig: Set CVar [[fx.Niagara.TaskPriorities.TickGroupPriority:TG_PrePhysics:2,TG_StartPhysics:2,TG_DuringPhysics:2,TG_LastDemotable:0]]
[2026.08.30-08.25.12:089][  0]LogConfig: Set CVar [[fx.Niagara.SystemSimulation.SkipTickDeltaSeconds:0.00001]]
[2026.08.30-08.25.12:089][  0]LogConfig: Set CVar [[FX.BatchAsync:1]]
[2026.08.30-08.25.12:089][  0]LogConfig: Set CVar [[fx.AllowFastPathFunctionLibrary:1]]
[2026.08.30-08.25.12:089][  0]LogConfig: Set CVar [[fx.Niagara.DataChannels.AllowAsyncLoad:0]]
[2026.08.30-08.25.12:089][  0]LogConfig: Set CVar [[fx.PSCMan.Enable:0]]
[2026.08.30-08.25.12:089][  0]LogConfig: Set CVar [[p.RigidBodyNode.MaxSubSteps:1]]
[2026.08.30-08.25.12:089][  0]LogConfig: Set CVar [[p.RigidBodyNode.DeferredSimulationDefault:1]]
[2026.08.30-08.25.12:089][  0]LogConfig: Set CVar [[p.RigidBodyNode.TaskPriority.Simulation:2]]
[2026.08.30-08.25.12:089][  0]LogConfig: Set CVar [[p.Chaos.TriMeshPerPolySupport:0]]
[2026.08.30-08.25.12:089][  0]LogConfig: Set CVar [[p.Chaos.UseRBANForDefaultPhysicsAssetSolverType:1]]
[2026.08.30-08.25.12:089][  0]LogConfig: Set CVar [[p.Chaos.Convex.SimplifyUnion:1]]
[2026.08.30-08.25.12:089][  0]LogConfig: Set CVar [[p.Chaos.EnableAsyncInitBody:1]]
[2026.08.30-08.25.12:089][  0]LogConfig: Set CVar [[p.Chaos.AsyncPhysicsStateTask.TimeBudgetMS:1.0]]
[2026.08.30-08.25.12:089][  0]LogConfig: Set CVar [[Slate.CopyBackbufferToSlatePostRenderTargets:1]]
[2026.08.30-08.25.12:089][  0]LogConfig: Set CVar [[Slate.EnableRetainedRendering:0]]
[2026.08.30-08.25.12:089][  0]LogConfig: Set CVar [[Slate.Font.AsyncLazyLoad:1]]
[2026.08.30-08.25.12:089][  0]LogConfig: Set CVar [[Slate.MaxFontAtlasPagesBeforeFlush:2]]
[2026.08.30-08.25.12:089][  0]LogConfig: Set CVar [[wp.Runtime.EnableServerStreaming:2]]
[2026.08.30-08.25.12:089][  0]LogConfig: Set CVar [[wp.Runtime.BlockOnSlowStreaming:0]]
[2026.08.30-08.25.12:089][  0]LogConfig: Set CVar [[wp.Runtime.LevelStreamingContinuouslyIncrementalGCWhileLevelsPendingPurgeForWP:16]]
[2026.08.30-08.25.12:089][  0]LogConfig: Set CVar [[wp.Runtime.HLOD.ForceDisableShadows:1]]
[2026.08.30-08.25.12:089][  0]LogConfig: Set CVar [[Sequencer.NetSyncThreshold:100]]
[2026.08.30-08.25.12:089][  0]LogConfig: Set CVar [[Sequencer.SmoothedNetSyncDeviationThreshold:100]]
[2026.08.30-08.25.12:089][  0]LogConfig: Set CVar [[CurveTable.RemoveRedundantKeys:0]]
[2026.08.30-08.25.12:089][  0]LogConfig: Set CVar [[r.InstanceCulling.OcclusionCull:1]]
[2026.08.30-08.25.12:089][  0]LogConfig: Set CVar [[r.IndirectLightingCache:0]]
[2026.08.30-08.25.12:089][  0]LogConfig: Set CVar [[r.Cache.SampleTransitionSpeed:3200]]
[2026.08.30-08.25.12:089][  0]LogConfig: Set CVar [[r.Cache.MaxBlockUpdatesPerFrame:30]]
[2026.08.30-08.25.12:089][  0]LogConfig: Set CVar [[gc.AllowIncrementalReachability:1]]
[2026.08.30-08.25.12:089][  0]LogConfig: Set CVar [[gc.AllowIncrementalGather:1]]
[2026.08.30-08.25.12:089][  0]LogConfig: Set CVar [[gc.IncrementalReachabilityTimeLimit:0.002]]
[2026.08.30-08.25.12:089][  0]LogConfig: Set CVar [[gc.LowMemory.MemoryThresholdMB:300]]
[2026.08.30-08.25.12:089][  0]LogConfig: Set CVar [[gc.LowMemory.TimeBetweenPurgingPendingKillObjects:15]]
[2026.08.30-08.25.12:089][  0]LogConfig: Set CVar [[gc.LowMemory.IncrementalGCTimePerFrame:0.004]]
[2026.08.30-08.25.12:089][  0]LogConfig: Set CVar [[p.DeferCharacterMeshMovement:1]]
[2026.08.30-08.25.12:089][  0]LogConfig: Set CVar [[Controller.IsPushBased:1]]
[2026.08.30-08.25.12:089][  0]LogConfig: Set CVar [[PlayerController.IsPushBased:1]]
[2026.08.30-08.25.12:089][  0]LogConfig: Set CVar [[ControlRig.EnableAnimNodePerformanceOptimizations:1]]
[2026.08.30-08.25.12:089][  0]LogConfig: Set CVar [[1047.engine.AllowMapBuildDataActors:0]]
[2026.08.30-08.25.12:089][  0]LogConfig: Set CVar [[1047.engine.OnDemandComponentTransforms:1]]
[2026.08.30-08.25.12:089][  0]LogConfig: Set CVar [[1047.engine.OnDemandComponentTransformsServer:0]]
[2026.08.30-08.25.12:089][  0]LogConfig: Set CVar [[1047.engine.ParallelEndOfFrameTransformUpdate:1]]
[2026.08.30-08.25.12:089][  0]LogConfig: Set CVar [[1047.engine.OnDemandKinematicBoneUpdates:1]]
[2026.08.30-08.25.12:089][  0]LogConfig: Set CVar [[1047.pool.Enabled:0]]
[2026.08.30-08.25.12:089][  0]LogConfig: Set CVar [[1047.settings.SkipCalibrationForNvidia5000:0]]
[2026.08.30-08.25.12:089][  0]LogConfig: Set CVar [[s.UseUnifiedTimeBudgetForStreaming:1]]
[2026.08.30-08.25.12:089][  0]LogConfig: Set CVar [[LevelStreaming.AsyncRegisterLevelContext.Enabled:1]]
[2026.08.30-08.25.12:089][  0]LogConfig: Set CVar [[LevelStreaming.AllowIncrementalPreRegisterComponents:1]]
[2026.08.30-08.25.12:089][  0]LogConfig: Set CVar [[LevelStreaming.AllowIncrementalPreUnregisterComponents:1]]
[2026.08.30-08.25.12:089][  0]LogConfig: Set CVar [[LevelStreaming.MaximumMakingVisibleLevels:2]]
[2026.08.30-08.25.12:089][  0]LogConfig: Set CVar [[LevelStreaming.MaximumMakingInvisibleLevels:2]]
[2026.08.30-08.25.12:089][  0]LogConfig: Set CVar [[s.LevelStreamingRouteActorEndPlayForRemoveFromWorldGranularity:10]]
[2026.08.30-08.25.12:089][  0]LogConfig: Set CVar [[s.AsyncLoadingTimeLimit:1]]
[2026.08.30-08.25.12:089][  0]LogConfig: Set CVar [[s.LevelStreamingActorsUpdateTimeLimit:1]]
[2026.08.30-08.25.12:089][  0]LogConfig: Set CVar [[r.Streaming.AllowParallelRenderAssetStreamingManagerIncrementalUpdate:1]]
[2026.08.30-08.25.12:089][  0]LogConfig: Set CVar [[r.Streaming.EnableTexturesSamplingStreamingCache:1]]
[2026.08.30-08.25.12:089][  0]LogConfig: Set CVar [[FastGeo.AsyncRenderStateTask.TimeBudgetMS:1]]
[2026.08.30-08.25.12:089][  0]LogConfig: Set CVar [[FastGeo.AsyncRenderStateTask.ParallelWorkerCount:4]]
[2026.08.30-08.25.12:089][  0]LogConfig: Set CVar [[s.StreamableAssets.UseSimpleStreamableAssetManager:1]]
[2026.08.30-08.25.12:089][  0]LogConfig: Set CVar [[1047.net.PortalReplicationViewDistance:10000]]
[2026.08.30-08.25.12:089][  0]LogConfig: Set CVar [[1047.spectator.ViewTransitions:1]]
[2026.08.30-08.25.12:089][  0]LogConfig: Set CVar [[r.StaticMesh.StripMinLodDataDuringCooking:1]]
[2026.08.30-08.25.12:089][  0]LogConfig: Set CVar [[r.SkeletalMesh.StripMinLodDataDuringCooking:1]]
[2026.08.30-08.25.12:089][  0]LogConfig: Set CVar [[r.GPUCsvStatsEnabled:1]]
[2026.08.30-08.25.12:089][  0]LogConfig: Set CVar [[1047.ai.HTNTimeBudget:0.005]]
[2026.08.30-08.25.12:089][  0]LogConfig: Set CVar [[p.FindTeleportSpotPathTestEnabled:1]]
[2026.08.30-08.25.12:089][  0]LogConfig: Set CVar [[r.PSOPrecache.KeepInMemoryUntilUsed:2]]
[2026.08.30-08.25.12:089][  0]LogConfig: Set CVar [[1047.char.EnableWallRun:0]]
[2026.08.30-08.25.12:089][  0]LogConfig: Set CVar [[1047.char.EnableWallJump:0]]
[2026.08.30-08.25.12:089][  0]LogInit: Computer: TYE_TYE
[2026.08.30-08.25.12:089][  0]LogInit: User: <USER>
[2026.08.30-08.25.12:089][  0]LogInit: CPU Page size=4096, Cores=24
[2026.08.30-08.25.12:089][  0]LogInit: High frequency timer resolution =10.000000 MHz
[2026.08.30-08.25.12:369][  0]LogMemory: Process is running as part of a Windows Job with separate resource limits
[2026.08.30-08.25.12:369][  0]LogMemory: Memory total: Physical=31.7GB (32GB approx) Virtual=50.7GB
[2026.08.30-08.25.12:369][  0]LogMemory: Platform Memory Stats for WindowsClient
[2026.08.30-08.25.12:369][  0]LogMemory: Process Physical Memory: 640.57 MB used, 4660.61 MB peak
[2026.08.30-08.25.12:369][  0]LogMemory: Process Virtual Memory: 550.02 MB used, 596.70 MB peak
[2026.08.30-08.25.12:369][  0]LogMemory: Physical Memory: 18583.07 MB used,  13883.68 MB free, 32466.75 MB total
[2026.08.30-08.25.12:369][  0]LogMemory: Virtual Memory: 28682.81 MB used,  23239.94 MB free, 51922.75 MB total
[2026.08.30-08.25.12:376][  0]LogWindows: WindowsPlatformFeatures enabled
[2026.08.30-08.25.12:376][  0]LogInit: Physics initialised using underlying interface: Chaos
[2026.08.30-08.25.12:377][  0]LogInit: Using OS detected language (en-US).
[2026.08.30-08.25.12:377][  0]LogInit: Using OS detected locale (en-US).
[2026.08.30-08.25.12:379][  0]LogTextLocalizationManager: No specific localization for 'en-US' exists, so 'en' will be used for the language.
[2026.08.30-08.25.12:432][  0]LogWindowsTextInputMethodSystem: Available input methods:
[2026.08.30-08.25.12:432][  0]LogWindowsTextInputMethodSystem:   - English (United States) - (Keyboard).
[2026.08.30-08.25.12:432][  0]LogWindowsTextInputMethodSystem: Activated input method: English (United States) - (Keyboard).
[2026.08.30-08.25.12:441][  0]LogSlate: New Slate User Created. Platform User Id 0, User Index 0, Is Virtual User: 0
[2026.08.30-08.25.12:441][  0]LogSlate: Slate User Registered.  User Index 0, Is Virtual User: 0
[2026.08.30-08.25.12:454][  0]LogRHI: Using Default RHI: D3D12
[2026.08.30-08.25.12:454][  0]LogRHI: Using Highest Feature Level of D3D12: SM6
[2026.08.30-08.25.12:454][  0]LogRHI: Loading RHI module D3D12RHI
[2026.08.30-08.25.12:454][  0]LogRHI: Checking if RHI D3D12 with Feature Level SM6 is supported by your system.
[2026.08.30-08.25.12:454][  0]LogRHI: RHI D3D12 with Feature Level SM6 is supported and will be used.
[2026.08.30-08.25.12:454][  0]LogD3D12RHI: Display: Creating D3D12 RHI with Max Feature Level SM6
[2026.08.30-08.25.12:454][  0]LogWindows: Attached monitors:
[2026.08.30-08.25.12:454][  0]LogWindows:     resolution: 3440x1440, work area: (0, 0) -> (3440, 1392), device: '\\.\DISPLAY1' [PRIMARY]
[2026.08.30-08.25.12:454][  0]LogWindows:     resolution: 1080x1920, work area: (3440, -209) -> (4520, 1663), device: '\\.\DISPLAY2'
[2026.08.30-08.25.12:454][  0]LogWindows:     resolution: 1080x1920, work area: (-1080, -206) -> (0, 1666), device: '\\.\DISPLAY3'
[2026.08.30-08.25.12:454][  0]LogWindows: Found 3 attached monitors.
[2026.08.30-08.25.12:454][  0]LogWindows: Gathering driver information using Windows Setup API
[2026.08.30-08.25.12:455][  0]LogRHI: RHI Adapter Info:
[2026.08.30-08.25.12:455][  0]LogRHI:             Name: NVIDIA GeForce RTX 5080
[2026.08.30-08.25.12:455][  0]LogRHI:   Driver Version: 610.88 (internal:32.0.16.1088, unified:610.88)
[2026.08.30-08.25.12:455][  0]LogRHI:      Driver Date: 7-22-2026
[2026.08.30-08.25.12:455][  0]LogD3D12RHI: Display: Loaded shaders cache version: 6, current version: 6
[2026.08.30-08.25.12:455][  0]LogD3D12RHI:     GPU DeviceId: 0x2c02 (for the marketing name, search the web for "GPU Device Id")
[2026.08.30-08.25.12:455][  0]LogD3D12RHI: InitD3DDevice: -D3DDebug = off -D3D12GPUValidation = off
[2026.08.30-08.25.12:807][  0]LogNvidiaAftermath: Aftermath initialized
[2026.08.30-08.25.14:790][  0]LogNvidiaAftermath: Aftermath enabled. Active feature flags: 
[2026.08.30-08.25.14:790][  0]LogNvidiaAftermath:  - Feature: EnableResourceTracking
[2026.08.30-08.25.14:790][  0]LogD3D12RHI: ID3D12Device1 is supported.
[2026.08.30-08.25.14:790][  0]LogD3D12RHI: ID3D12Device2 is supported.
[2026.08.30-08.25.14:790][  0]LogD3D12RHI: ID3D12Device3 is supported.
[2026.08.30-08.25.14:790][  0]LogD3D12RHI: ID3D12Device4 is supported.
[2026.08.30-08.25.14:790][  0]LogD3D12RHI: ID3D12Device5 is supported.
[2026.08.30-08.25.14:790][  0]LogD3D12RHI: ID3D12Device6 is supported.
[2026.08.30-08.25.14:790][  0]LogD3D12RHI: ID3D12Device7 is supported.
[2026.08.30-08.25.14:790][  0]LogD3D12RHI: ID3D12Device8 is supported.
[2026.08.30-08.25.14:790][  0]LogD3D12RHI: ID3D12Device9 is supported.
[2026.08.30-08.25.14:790][  0]LogD3D12RHI: ID3D12Device10 is supported.
[2026.08.30-08.25.14:790][  0]LogD3D12RHI: ID3D12Device11 is supported.
[2026.08.30-08.25.14:790][  0]LogD3D12RHI: ID3D12Device12 is supported.
[2026.08.30-08.25.14:790][  0]LogD3D12RHI: Bindless resources are supported
[2026.08.30-08.25.14:790][  0]LogD3D12RHI: Stencil ref from pixel shader is not supported
[2026.08.30-08.25.14:790][  0]LogD3D12RHI: Raster order views are supported
[2026.08.30-08.25.14:790][  0]LogD3D12RHI: Wave Operations are supported (wave size: min=32 max=32).
[2026.08.30-08.25.14:790][  0]LogD3D12RHI: Mesh shader tier 1.0 is supported
[2026.08.30-08.25.14:790][  0]LogD3D12RHI: AtomicInt64OnTypedResource is supported
[2026.08.30-08.25.14:790][  0]LogD3D12RHI: AtomicInt64OnGroupShared is supported
[2026.08.30-08.25.14:790][  0]LogD3D12RHI: AtomicInt64OnDescriptorHeapResource is supported
[2026.08.30-08.25.14:790][  0]LogD3D12RHI: Shader Model 6.6 atomic64 is supported
[2026.08.30-08.25.14:790][  0]LogD3D12RHI: Work Graphs are supported
[2026.08.30-08.25.14:863][  0]LogD3D12RHI: [GPUBreadCrumb] Successfully setup breadcrumb resource for DiagnosticBuffer (Queue: 0x000002729BF9DC80)
[2026.08.30-08.25.14:863][  0]LogD3D12RHI: [GPUBreadCrumb] Successfully setup breadcrumb resource for DiagnosticBuffer (Queue: 0x000002729BF9DF00)
[2026.08.30-08.25.14:863][  0]LogD3D12RHI: [GPUBreadCrumb] Successfully setup breadcrumb resource for DiagnosticBuffer (Queue: 0x000002729BF9E180)
[2026.08.30-08.25.14:863][  0]LogD3D12RHI: Display: Not using pipeline state disk cache per r.D3D12.PSO.DiskCache=0
[2026.08.30-08.25.14:863][  0]LogD3D12RHI: Display: Not using driver-optimized pipeline state disk cache per r.D3D12.PSO.DriverOptimizedDiskCache=0
[2026.08.30-08.25.14:872][  0]LogRHI: Texture pool is 9581 MB (70% of 13688 MB)
[2026.08.30-08.25.14:872][  0]LogD3D12RHI: Async texture creation enabled
[2026.08.30-08.25.14:872][  0]LogD3D12RHI: RHI has support for 64 bit atomics
[2026.08.30-08.25.14:872][  0]LogD3D12RHI: HDR output is supported on adapter 0, display 0:
[2026.08.30-08.25.14:872][  0]LogD3D12RHI: 		MinLuminance = 0.000200
[2026.08.30-08.25.14:872][  0]LogD3D12RHI: 		MaxLuminance = 455.523193
[2026.08.30-08.25.14:872][  0]LogD3D12RHI: 		MaxFullFrameLuminance = 265.057098
[2026.08.30-08.25.14:879][  0]LogVRS: Current RHI supports per-draw and screenspace Variable Rate Shading
[2026.08.30-08.25.14:880][  0]LogInit: Initializing FReadOnlyCVARCache
[2026.08.30-08.25.14:885][  0]LogRendererCore: Ray tracing is disabled. Reason: disabled through project setting (r.RayTracing=0).
[2026.08.30-08.25.14:886][  0]LogShaderLibrary: Display: Using IoDispatcher for shader code library Global. Total 4072 unique shaders.
[2026.08.30-08.25.14:886][  0]LogShaderLibrary: Display: Cooked Context: Using Shared Shader Library Global
[2026.08.30-08.25.14:886][  0]LogShaderLibrary: Display: Logical shader library 'Global' has been created as a monolithic library
[2026.08.30-08.25.14:887][  0]LogTemp: Display: Clearing the OS Cache
[2026.08.30-08.25.14:892][  0]LogInit: XR: Instanced Stereo Rendering is Disabled
[2026.08.30-08.25.14:892][  0]LogInit: XR: MultiViewport is Disabled
[2026.08.30-08.25.14:892][  0]LogInit: XR: Mobile Multiview is Disabled
[2026.08.30-08.25.14:898][  0]LogSlate: Using FreeType 2.10.0
[2026.08.30-08.25.14:898][  0]LogSlate: SlateFontServices - WITH_FREETYPE: 1, WITH_HARFBUZZ: 1
[2026.08.30-08.25.14:924][  0]LogStreamlineRHI: FStreamlineRHIModule::StartupModule Enter
[2026.08.30-08.25.14:924][  0]LogStreamlineRHI: Using Streamline production binaries from ../../../Engine/Plugins/Marketplace/NVIDIA/StreamlineCore/Binaries/ThirdParty/Win64/. Can be overridden via -slbinaries={production,development,debug} command line switches for non-shipping builds
[2026.08.30-08.25.14:924][  0]LogStreamlineRHI: loading core Streamline functions from Streamline interposer at ../../../Engine/Plugins/Marketplace/NVIDIA/StreamlineCore/Binaries/ThirdParty/Win64/sl.interposer.dll
[2026.08.30-08.25.14:939][  0]LogStreamlineRHI: File '..\..\..\Engine\Plugins\Marketplace\NVIDIA\StreamlineCore\Binaries\ThirdParty\Win64\sl.interposer.dll' is signed by NVIDIA and the signature was verified.
[2026.08.30-08.25.14:942][  0]LogStreamlineRHI: SLInterPoserLibrary = 00007FFBE87A0000
[2026.08.30-08.25.14:942][  0]LogStreamlineRHI: slInit = 00007FFBE87A6A70
[2026.08.30-08.25.14:942][  0]LogStreamlineRHI: slShutdown = 00007FFBE87A6E30
[2026.08.30-08.25.14:942][  0]LogStreamlineRHI: slIsFeatureSupported = 00007FFBE87A87A0
[2026.08.30-08.25.14:942][  0]LogStreamlineRHI: slIsFeatureLoaded = 00007FFBE87A70E0
[2026.08.30-08.25.14:942][  0]LogStreamlineRHI: slSetFeatureLoaded = 00007FFBE87A7130
[2026.08.30-08.25.14:942][  0]LogStreamlineRHI: slEvaluateFeature = 00007FFBE87A7900
[2026.08.30-08.25.14:942][  0]LogStreamlineRHI: slAllocateResources = 00007FFBE87A7680
[2026.08.30-08.25.14:942][  0]LogStreamlineRHI: slFreeResources = 00007FFBE87A77D0
[2026.08.30-08.25.14:942][  0]LogStreamlineRHI: slSetTag = 00007FFBE87A7230
[2026.08.30-08.25.14:942][  0]LogStreamlineRHI: slGetFeatureRequirements = 00007FFBE87A97E0
[2026.08.30-08.25.14:942][  0]LogStreamlineRHI: slGetFeatureVersion = 00007FFBE87A9260
[2026.08.30-08.25.14:942][  0]LogStreamlineRHI: slUpgradeInterface = 00007FFBE87A7E50
[2026.08.30-08.25.14:942][  0]LogStreamlineRHI: slSetConstants = 00007FFBE87A7620
[2026.08.30-08.25.14:942][  0]LogStreamlineRHI: slGetNativeInterface = 00007FFBE87A7BD0
[2026.08.30-08.25.14:942][  0]LogStreamlineRHI: slGetFeatureFunction = 00007FFBE87AAEC0
[2026.08.30-08.25.14:942][  0]LogStreamlineRHI: slGetNewFrameToken = 00007FFBE87AB060
[2026.08.30-08.25.14:942][  0]LogStreamlineRHI: slSetD3DDevice = 00007FFBE87A7A10
[2026.08.30-08.25.14:942][  0]LogStreamlineRHI: PlatformCreateStreamlineRHI Enter
[2026.08.30-08.25.14:942][  0]LogStreamlineRHI: GDynamicRHIName NVIDIA D3D12
[2026.08.30-08.25.14:942][  0]LogStreamlineD3D12RHI: FStreamlineD3D12RHIModule::StartupModule Enter
[2026.08.30-08.25.14:942][  0]LogStreamlineRHI: DLSS plugin enabled, adding DLSS plugin binary search paths to Streamline init paths
[2026.08.30-08.25.14:942][  0]LogStreamlineRHI: NVIDIA Streamline interposer plugin sl.interposer.dll found in search path C:/Program Files (x86)/Steam/steamapps/common/Splitgate 2/Engine/Plugins/Marketplace/NVIDIA/StreamlineCore/Binaries/ThirdParty/Win64
[2026.08.30-08.25.14:942][  0]LogStreamlineRHI: NVIDIA NGX DLSS binary nvngx_dlss.dll not found in search path C:/Program Files (x86)/Steam/steamapps/common/Splitgate 2/Engine/Plugins/Marketplace/NVIDIA/StreamlineCore/Binaries/ThirdParty/Win64
[2026.08.30-08.25.14:942][  0]LogStreamlineRHI: NVIDIA Streamline interposer plugin sl.interposer.dll not found in search path C:/Program Files (x86)/Steam/steamapps/common/Splitgate 2/PortalWars2/Binaries/ThirdParty/NVIDIA/NGX/Win64
[2026.08.30-08.25.14:942][  0]LogStreamlineRHI: NVIDIA NGX DLSS binary nvngx_dlss.dll not found in search path C:/Program Files (x86)/Steam/steamapps/common/Splitgate 2/PortalWars2/Binaries/ThirdParty/NVIDIA/NGX/Win64
[2026.08.30-08.25.14:942][  0]LogStreamlineRHI: NVIDIA Streamline interposer plugin sl.interposer.dll not found in search path C:/Program Files (x86)/Steam/steamapps/common/Splitgate 2/PortalWars2/Binaries/Win64/Binaries/ThirdParty/NVIDIA/NGX/Win64
[2026.08.30-08.25.14:942][  0]LogStreamlineRHI: NVIDIA NGX DLSS binary nvngx_dlss.dll not found in search path C:/Program Files (x86)/Steam/steamapps/common/Splitgate 2/PortalWars2/Binaries/Win64/Binaries/ThirdParty/NVIDIA/NGX/Win64
[2026.08.30-08.25.14:942][  0]LogStreamlineRHI: NVIDIA Streamline interposer plugin sl.interposer.dll not found in search path C:/Program Files (x86)/Steam/steamapps/common/Splitgate 2/Engine/Plugins/Marketplace/NVIDIA/DLSS/Binaries/ThirdParty/Win64
[2026.08.30-08.25.14:942][  0]LogStreamlineRHI: NVIDIA NGX DLSS binary nvngx_dlss.dll found in search path C:/Program Files (x86)/Steam/steamapps/common/Splitgate 2/Engine/Plugins/Marketplace/NVIDIA/DLSS/Binaries/ThirdParty/Win64
[2026.08.30-08.25.14:942][  0]LogStreamlineRHI: Loading Streamline Reflex since the corresponding cvar r.Streamline.Load.Reflex is set to true
[2026.08.30-08.25.14:942][  0]LogStreamlineRHI: Skipping loading Streamline Latewarp since the corresponding UE StreamlineLatewarp plugin is not enabled
[2026.08.30-08.25.14:942][  0]LogStreamlineRHI: Loading Streamline DLSS-FG since the corresponding cvar r.Streamline.Load.DLSSG is set to true
[2026.08.30-08.25.14:942][  0]LogStreamlineRHI: Skipping loading Streamline DeepDVC since the corresponding UE StreamlineDeepDVC plugin is not enabled
[2026.08.30-08.25.14:942][  0]LogStreamlineRHI: Initializing Streamline
[2026.08.30-08.25.14:942][  0]LogStreamlineRHI: sl::Preferences::logLevel    = 1. Can be overridden via -slloglevel={0,1,2} command line switches
[2026.08.30-08.25.14:942][  0]LogStreamlineRHI: sl::Preferences::showConsole = 0. Can be overridden via -sllogconsole={0,1} command line switches
[2026.08.30-08.25.14:942][  0]LogStreamlineRHI: sl::Preferences::featuresToLoad = {kFeatureReflex (3), kFeatureDLSS_G (1000)}. Feature loading can be overridden on the command line and console variables:
[2026.08.30-08.25.14:942][  0]LogStreamlineRHI: command line -sl{no}reflex, -sl{no}dlssg -sl{no}debugoverlay (non-shipping)
[2026.08.30-08.25.14:942][  0]LogStreamlineRHI: console/config r.Streamline.Load.Reflex, r.Streamline.Load.DLSSG
[2026.08.30-08.25.14:945][  0]LogStreamlineAPI: [Info]: [01-25-14][streamline][info][tid:39416][0s:004ms:085us]pluginManager.cpp:489[setHostSDKVersion] Streamline v2.7.30.afa89bde - built on Mon Mar 31 10:49:36 2025 - host SDK v2.7.30
[2026.08.30-08.25.14:955][  0]LogStreamlineAPI: [Info]: [01-25-14][streamline][info][tid:39416][0s:014ms:273us]ota.cpp:382[checkForOTA] Requesting optional updates!
[2026.08.30-08.25.14:955][  0]LogStreamlineAPI: [Info]: [01-25-14][streamline][info][tid:39416][0s:014ms:638us]pluginManager.cpp:618[findPlugins] Looking for plugins in C:/Program Files (x86)/Steam/steamapps/common/Splitgate 2/Engine/Plugins/Marketplace/NVIDIA/StreamlineCore/Binaries/ThirdParty/Win64 ...
[2026.08.30-08.25.14:955][  0]LogStreamlineAPI: [Info]: [01-25-14][streamline][info][tid:39416][0s:014ms:764us]pluginManager.cpp:1087[loadPlugins] Searching for OTA'd plugins...
[2026.08.30-08.25.14:955][  0]LogStreamlineAPI: [Info]: [01-25-14][streamline][info][tid:39416][0s:014ms:925us]pluginManager.cpp:1093[loadPlugins] Found plugin: C:\ProgramData/NVIDIA/NGX/models/sl_reflex_0/versions/134273/files/1B0_E658703.dll
[2026.08.30-08.25.14:956][  0]LogStreamlineAPI: [Info]: [01-25-14][streamline][info][tid:39416][0s:015ms:752us]pluginManager.cpp:1093[loadPlugins] Found plugin: C:\ProgramData/NVIDIA/NGX/models/sl_dlss_g_0/versions/134273/files/1B0_E658703.dll
[2026.08.30-08.25.14:956][  0]LogStreamlineAPI: [Info]: [01-25-14][streamline][info][tid:39416][0s:015ms:943us]pluginManager.cpp:1093[loadPlugins] Found plugin: C:\ProgramData/NVIDIA/NGX/models/sl_common_0/versions/134273/files/1B0_E658703.dll
[2026.08.30-08.25.14:956][  0]LogStreamlineAPI: [Info]: [01-25-14][streamline][info][tid:39416][0s:016ms:065us]pluginManager.cpp:1093[loadPlugins] Found plugin: C:\ProgramData/NVIDIA/NGX/models/sl_pcl_0/versions/134273/files/1B0_E658703.dll
[2026.08.30-08.25.14:972][  0]LogStreamlineAPI: [Info]: [01-25-14][streamline][info][tid:39416][0s:031ms:257us]plugin.cpp:94[isAppDenylisted] Plugin path: C:\ProgramData\NVIDIA\NGX\models\sl_common_0\versions\134273\files\
[2026.08.30-08.25.14:972][  0]LogStreamlineAPI: [Info]: [01-25-14][streamline][info][tid:39416][0s:031ms:541us]ota.cpp:805[readServerMappings] Reading SL mapping file at: C:\ProgramData\NVIDIA/NGX/models/config\versions\1\files\nvngx_mapping.json
[2026.08.30-08.25.14:972][  0]LogStreamlineAPI: [Info]: [01-25-14][streamline][info][tid:39416][0s:031ms:810us]plugin.cpp:154[isAppDenylisted] Checking SL OTA denylist for appid=0x600e37b
[2026.08.30-08.25.14:972][  0]LogStreamlineAPI: [Info]: [01-25-14][streamline][info][tid:39416][0s:031ms:897us]ota.cpp:779[readServerDenylist] Reading SL denylist file at: C:\ProgramData\NVIDIA/NGX/models/config\versions\1\files\nvngx_deny_list.txt
[2026.08.30-08.25.14:972][  0]LogStreamlineAPI: [Info]: [01-25-14][streamline][info][tid:39416][0s:031ms:958us]commonInterface.cpp:168[getSystemCaps] Enumerating up to 8 adapters but only one of them can be used to create a device - no mGPU support in this SDK
[2026.08.30-08.25.14:986][  0]LogStreamlineAPI: [Info]: [01-25-14][streamline][info][tid:39416][0s:045ms:113us]commonInterface.cpp:290[getSystemCaps] >-----------------------------------------
[2026.08.30-08.25.14:986][  0]LogStreamlineAPI: [Info]: [01-25-14][streamline][info][tid:39416][0s:045ms:145us]commonInterface.cpp:293[getSystemCaps] NVIDIA driver 610.88
[2026.08.30-08.25.14:986][  0]LogStreamlineAPI: [Info]: [01-25-14][streamline][info][tid:39416][0s:046ms:037us]commonInterface.cpp:318[getSystemCaps] Adapter 0 architecture 0x1b0 implementation 0x3 revision 0xa1 - bit 0x1 - LUID 0.96030
[2026.08.30-08.25.14:986][  0]LogStreamlineAPI: [Info]: [01-25-14][streamline][info][tid:39416][0s:046ms:052us]commonInterface.cpp:324[getSystemCaps] -----------------------------------------<
[2026.08.30-08.25.14:987][  0]LogStreamlineAPI: [Info]: [01-25-14][streamline][info][tid:39416][0s:046ms:694us]commonEntry.cpp:1944[getOSVersionAndUpdateTimerResolution] Changed high resolution timer resolution to 5000 [100 ns units].
[2026.08.30-08.25.14:987][  0]LogStreamlineAPI: [Info]: [01-25-14][streamline][info][tid:39416][0s:046ms:725us]commonEntry.cpp:2023[updateEmbeddedJSON] Detected Windows OS version 10.0.26200
[2026.08.30-08.25.14:987][  0]LogStreamlineAPI: [Info]: [01-25-14][streamline][info][tid:39416][0s:046ms:835us]pluginManager.cpp:1002[mapPlugins] Loaded plugin 'sl.common' - version 2.12.129.bca58954d - id 4294967295 - priority 0 - adapter mask 0x1 - interposer 'no'
[2026.08.30-08.25.15:011][  0]LogStreamlineAPI: [Info]: [01-25-15][streamline][info][tid:39416][0s:070ms:380us]pluginManager.cpp:830[mapPlugins] Detected two plugins with the same id 1B0_E658703 - sl.common
[2026.08.30-08.25.15:011][  0]LogStreamlineAPI: Warning: [Warn]: [01-25-15][streamline][warn][tid:39416][0s:070ms:404us]pluginManager.cpp:892[mapPlugins] Ignoring plugin 'sl.common' since it has duplicated unique id
[2026.08.30-08.25.15:021][  0]LogStreamlineAPI: [Info]: [01-25-15][streamline][info][tid:39416][0s:080ms:986us]plugin.cpp:117[isAppDenylisted] Plugin is already checked for OTA denylist - returning cached result: 0
[2026.08.30-08.25.15:042][  0]LogStreamlineAPI: Warning: [Warn]: [01-25-15][streamline][warn][tid:39416][0s:101ms:488us]pluginManager.cpp:887[mapPlugins] Ignoring plugin 'sl.deepdvc' since it is was not requested by the host
[2026.08.30-08.25.15:532][  0]LogStreamlineAPI: [Info]: [01-25-15][streamline][info][tid:39416][0s:591ms:308us]commonEntry.cpp:999[getNGXFeatureRequirements] NGX feature 11 requirements - minOS 10.0.19041 minHW 0x190
[2026.08.30-08.25.15:532][  0]LogStreamlineAPI: Warning: [Warn]: [01-25-15][streamline][warn][tid:39416][0s:591ms:380us]dlss_gEntry.cpp:327[updateEmbeddedJSON] Disabling DLSS-G since it is not supported on current hardware
[2026.08.30-08.25.15:532][  0]LogStreamlineAPI: [Info]: [01-25-15][streamline][info][tid:39416][0s:591ms:499us]pluginManager.cpp:1002[mapPlugins] Loaded plugin 'sl.dlss_g' - version 2.7.30.afa89bde - id 1000 - priority 1000 - adapter mask 0x1 - interposer 'no'
[2026.08.30-08.25.15:542][  0]LogStreamlineAPI: [Info]: [01-25-15][streamline][info][tid:39416][0s:601ms:852us]pluginManager.cpp:1002[mapPlugins] Loaded plugin 'sl.pcl' - version 2.7.30.afa89bde - id 4 - priority 2 - adapter mask 0x1 - interposer 'no'
[2026.08.30-08.25.15:551][  0]LogStreamlineAPI: [Info]: [01-25-15][streamline][info][tid:39416][0s:610ms:954us]pluginManager.cpp:1002[mapPlugins] Loaded plugin 'sl.reflex' - version 2.7.30.afa89bde - id 3 - priority 100 - adapter mask 0x1 - interposer 'no'
[2026.08.30-08.25.15:561][  0]LogStreamlineAPI: [Info]: [01-25-15][streamline][info][tid:39416][0s:620ms:195us]plugin.cpp:94[isAppDenylisted] Plugin path: C:\ProgramData\NVIDIA\NGX\models\sl_reflex_0\versions\134273\files\
[2026.08.30-08.25.15:561][  0]LogStreamlineAPI: [Info]: [01-25-15][streamline][info][tid:39416][0s:620ms:518us]pluginManager.cpp:830[mapPlugins] Detected two plugins with the same id sl.reflex - 1B0_E658703
[2026.08.30-08.25.15:561][  0]LogStreamlineAPI: [Info]: [01-25-15][streamline][info][tid:39416][0s:620ms:533us]pluginManager.cpp:874[mapPlugins] Plugin sl.reflex is newer (2.12.129) will choose that
[2026.08.30-08.25.15:561][  0]LogStreamlineAPI: [Info]: [01-25-15][streamline][info][tid:39416][0s:620ms:539us]pluginManager.cpp:981[mapPlugins] A duplicate was found, but a newer plugin version was available
[2026.08.30-08.25.15:561][  0]LogStreamlineAPI: [Info]: [01-25-15][streamline][info][tid:39416][0s:620ms:545us]pluginManager.cpp:987[mapPlugins] Removing plugin with name: sl.reflex superseded by plugin sl.reflex
[2026.08.30-08.25.15:561][  0]LogStreamlineAPI: [Info]: [01-25-15][streamline][info][tid:39416][0s:620ms:646us]pluginManager.cpp:1002[mapPlugins] Loaded plugin 'sl.reflex' - version 2.12.129.bca58954d - id 3 - priority 100 - adapter mask 0x1 - interposer 'no'
[2026.08.30-08.25.15:571][  0]LogStreamlineAPI: [Info]: [01-25-15][streamline][info][tid:39416][0s:630ms:748us]plugin.cpp:94[isAppDenylisted] Plugin path: C:\ProgramData\NVIDIA\NGX\models\sl_dlss_g_0\versions\134273\files\
[2026.08.30-08.25.15:574][  0]LogStreamlineAPI: [Info]: [01-25-15][streamline][info][tid:39416][0s:633ms:225us]pluginManager.cpp:830[mapPlugins] Detected two plugins with the same id sl.dlss_g - 1B0_E658703
[2026.08.30-08.25.15:574][  0]LogStreamlineAPI: [Info]: [01-25-15][streamline][info][tid:39416][0s:633ms:247us]pluginManager.cpp:874[mapPlugins] Plugin sl.dlss_g is newer (2.12.129) will choose that
[2026.08.30-08.25.15:574][  0]LogStreamlineAPI: [Info]: [01-25-15][streamline][info][tid:39416][0s:633ms:261us]pluginManager.cpp:987[mapPlugins] Removing plugin with name: sl.dlss_g superseded by plugin sl.dlss_g
[2026.08.30-08.25.15:574][  0]LogStreamlineAPI: [Info]: [01-25-15][streamline][info][tid:39416][0s:633ms:636us]pluginManager.cpp:1002[mapPlugins] Loaded plugin 'sl.dlss_g' - version 2.12.129.bca58954d - id 1000 - priority 1000 - adapter mask 0x1 - interposer 'no'
[2026.08.30-08.25.15:583][  0]LogStreamlineAPI: [Info]: [01-25-15][streamline][info][tid:39416][0s:642ms:638us]plugin.cpp:94[isAppDenylisted] Plugin path: C:\ProgramData\NVIDIA\NGX\models\sl_pcl_0\versions\134273\files\
[2026.08.30-08.25.15:583][  0]LogStreamlineAPI: [Info]: [01-25-15][streamline][info][tid:39416][0s:642ms:996us]pluginManager.cpp:830[mapPlugins] Detected two plugins with the same id sl.pcl - 1B0_E658703
[2026.08.30-08.25.15:583][  0]LogStreamlineAPI: [Info]: [01-25-15][streamline][info][tid:39416][0s:643ms:014us]pluginManager.cpp:874[mapPlugins] Plugin sl.pcl is newer (2.12.129) will choose that
[2026.08.30-08.25.15:583][  0]LogStreamlineAPI: [Info]: [01-25-15][streamline][info][tid:39416][0s:643ms:027us]pluginManager.cpp:987[mapPlugins] Removing plugin with name: sl.pcl superseded by plugin sl.pcl
[2026.08.30-08.25.15:584][  0]LogStreamlineAPI: [Info]: [01-25-15][streamline][info][tid:39416][0s:643ms:119us]pluginManager.cpp:1002[mapPlugins] Loaded plugin 'sl.pcl' - version 2.12.129.bca58954d - id 4 - priority 2 - adapter mask 0x1 - interposer 'no'
[2026.08.30-08.25.15:584][  0]LogStreamlineAPI: Warning: [Warn]: [01-25-15][streamline][warn][tid:39416][0s:643ms:138us]pluginManager.cpp:1141[loadPlugins] Ignoring plugin 'sl.dlss_g' since it is not supported on this platform
[2026.08.30-08.25.15:584][  0]LogStreamlineAPI: [Info]: [01-25-15][streamline][info][tid:39416][0s:643ms:544us]pluginManager.cpp:1241[loadPlugins] Plugin execution order based on priority:
[2026.08.30-08.25.15:584][  0]LogStreamlineAPI: [Info]: [01-25-15][streamline][info][tid:39416][0s:643ms:564us]pluginManager.cpp:1244[loadPlugins] P0 - sl.common
[2026.08.30-08.25.15:584][  0]LogStreamlineAPI: [Info]: [01-25-15][streamline][info][tid:39416][0s:643ms:579us]pluginManager.cpp:1244[loadPlugins] P2 - sl.pcl
[2026.08.30-08.25.15:584][  0]LogStreamlineAPI: [Info]: [01-25-15][streamline][info][tid:39416][0s:643ms:585us]pluginManager.cpp:1244[loadPlugins] P100 - sl.reflex
[2026.08.30-08.25.15:584][  0]LogStreamlineAPI: [Info]: [01-25-15][streamline][info][tid:39416][0s:643ms:590us]pluginManager.cpp:1436[initializePlugins] Initializing plugins - api 0.0.1 - application ID 100721531
[2026.08.30-08.25.15:585][  0]LogStreamlineAPI: [Info]: [01-25-15][streamline][info][tid:39416][0s:644ms:363us]commonEntry.cpp:1467[slOnPluginStartup] At least one plugin requires NGX, trying to initialize ...
[2026.08.30-08.25.15:585][  0]LogStreamlineAPI: [Info]: [01-25-15][streamline][info][tid:39416][0s:644ms:479us]commonEntry.cpp:1267[ngxLog] [Unknown(32764)] [2026-08-30 01:25:15] [NGXSafeInitializeLog:148] App logging hooks successfully initialized
[2026.08.30-08.25.15:585][  0]LogStreamlineAPI: [Info]: [01-25-15][streamline][info][tid:39416][0s:644ms:579us]commonEntry.cpp:1267[ngxLog] [Unknown(32765)] [2026-08-30 01:25:15] [NGXSafeInitializeLog:139] App logging hooks successfully initialized
[2026.08.30-08.25.15:586][  0]LogStreamlineAPI: [Info]: [01-25-15][streamline][info][tid:39416][0s:645ms:346us]commonEntry.cpp:1267[ngxLog] [Unknown(32765)] [2026-08-30 01:25:15] [NGXGetPathUsingQAI:512] Path to driverStore found using QAI: C:\windows\System32\DriverStore\FileRepository\nvddi.inf_amd64_dabe455c4b5cf6f0
[2026.08.30-08.25.15:586][  0]LogStreamlineAPI: [Info]: [01-25-15][streamline][info][tid:39416][0s:645ms:365us]commonEntry.cpp:1267[ngxLog] [Unknown(32765)] [2026-08-30 01:25:15] [NGXGetPath:1045] using path for models: C:\ProgramData\NVIDIA\NGX\models
[2026.08.30-08.25.15:604][  0]LogStreamlineAPI: [Info]: [01-25-15][streamline][info][tid:39416][0s:663ms:808us]commonEntry.cpp:1267[ngxLog] [Unknown(32765)] [2026-08-30 01:25:15] [ModifyExistingFolderDACL:211] updated access control list for NGX cache (NGX cache should now be usable by all authenticated users)
[2026.08.30-08.25.15:604][  0]LogStreamlineAPI: [Info]: [01-25-15][streamline][info][tid:39416][0s:663ms:838us]commonEntry.cpp:1267[ngxLog] [Unknown(32765)] [2026-08-30 01:25:15] [NGXCreateModelsFolder:1072] model folder created: C:\ProgramData\NVIDIA\NGX\models
[2026.08.30-08.25.15:604][  0]LogStreamlineAPI: [Info]: [01-25-15][streamline][info][tid:39416][0s:663ms:900us]commonEntry.cpp:1267[ngxLog] [Unknown(32765)] [2026-08-30 01:25:15] [NGXLoadConfig:1144] [sl_sdk_0]
[2026.08.30-08.25.15:604][  0]LogStreamlineAPI: [Info]: [01-25-15][streamline][info][tid:39416][0s:663ms:907us]commonEntry.cpp:1267[ngxLog] [Unknown(32765)] [2026-08-30 01:25:15] [NGXLoadConfig:1150] app_E658703=2.12.129
[2026.08.30-08.25.15:604][  0]LogStreamlineAPI: [Info]: [01-25-15][streamline][info][tid:39416][0s:663ms:913us]commonEntry.cpp:1267[ngxLog] [Unknown(32765)] [2026-08-30 01:25:15] [NGXLoadConfig:1144] [sl_common_0]
[2026.08.30-08.25.15:604][  0]LogStreamlineAPI: [Info]: [01-25-15][streamline][info][tid:39416][0s:663ms:937us]commonEntry.cpp:1267[ngxLog] [Unknown(32765)] [2026-08-30 01:25:15] [NGXLoadConfig:1144] [sl_deepdvc_0]
[2026.08.30-08.25.15:604][  0]LogStreamlineAPI: [Info]: [01-25-15][streamline][info][tid:39416][0s:663ms:947us]commonEntry.cpp:1267[ngxLog] [Unknown(32765)] [2026-08-30 01:25:15] [NGXLoadConfig:1144] [sl_dlss_0]
[2026.08.30-08.25.15:604][  0]LogStreamlineAPI: [Info]: [01-25-15][streamline][info][tid:39416][0s:663ms:954us]commonEntry.cpp:1267[ngxLog] [Unknown(32765)] [2026-08-30 01:25:15] [NGXLoadConfig:1144] [sl_dlss_d_0]
[2026.08.30-08.25.15:604][  0]LogStreamlineAPI: [Info]: [01-25-15][streamline][info][tid:39416][0s:663ms:961us]commonEntry.cpp:1267[ngxLog] [Unknown(32765)] [2026-08-30 01:25:15] [NGXLoadConfig:1144] [sl_dlss_g_0]
[2026.08.30-08.25.15:604][  0]LogStreamlineAPI: [Info]: [01-25-15][streamline][info][tid:39416][0s:663ms:967us]commonEntry.cpp:1267[ngxLog] [Unknown(32765)] [2026-08-30 01:25:15] [NGXLoadConfig:1144] [sl_nis_0]
[2026.08.30-08.25.15:604][  0]LogStreamlineAPI: [Info]: [01-25-15][streamline][info][tid:39416][0s:663ms:974us]commonEntry.cpp:1267[ngxLog] [Unknown(32765)] [2026-08-30 01:25:15] [NGXLoadConfig:1144] [sl_nvperf_0]
[2026.08.30-08.25.15:604][  0]LogStreamlineAPI: [Info]: [01-25-15][streamline][info][tid:39416][0s:663ms:980us]commonEntry.cpp:1267[ngxLog] [Unknown(32765)] [2026-08-30 01:25:15] [NGXLoadConfig:1144] [nvbcast_afx_bnr_v0_9]
[2026.08.30-08.25.15:604][  0]LogStreamlineAPI: [Info]: [01-25-15][streamline][info][tid:39416][0s:663ms:984us]commonEntry.cpp:1267[ngxLog] [Unknown(32765)] [2026-08-30 01:25:15] [NGXLoadConfig:1150] app_E658703=0.9.5
[2026.08.30-08.25.15:604][  0]LogStreamlineAPI: [Info]: [01-25-15][streamline][info][tid:39416][0s:663ms:987us]commonEntry.cpp:1267[ngxLog] [Unknown(32765)] [2026-08-30 01:25:15] [NGXLoadConfig:1144] [sl_pcl_0]
[2026.08.30-08.25.15:604][  0]LogStreamlineAPI: [Info]: [01-25-15][streamline][info][tid:39416][0s:663ms:995us]commonEntry.cpp:1267[ngxLog] [Unknown(32765)] [2026-08-30 01:25:15] [NGXLoadConfig:1144] [nvbcast_ar_gw_v0_9]
[2026.08.30-08.25.15:604][  0]LogStreamlineAPI: [Info]: [01-25-15][streamline][info][tid:39416][0s:664ms:001us]commonEntry.cpp:1267[ngxLog] [Unknown(32765)] [2026-08-30 01:25:15] [NGXLoadConfig:1150] app_E658703=0.9.0
[2026.08.30-08.25.15:604][  0]LogStreamlineAPI: [Info]: [01-25-15][streamline][info][tid:39416][0s:664ms:004us]commonEntry.cpp:1267[ngxLog] [Unknown(32765)] [2026-08-30 01:25:15] [NGXLoadConfig:1144] [sl_reflex_0]
[2026.08.30-08.25.15:604][  0]LogStreamlineAPI: [Info]: [01-25-15][streamline][info][tid:39416][0s:664ms:011us]commonEntry.cpp:1267[ngxLog] [Unknown(32765)] [2026-08-30 01:25:15] [NGXLoadConfig:1144] [dlss_override]
[2026.08.30-08.25.15:604][  0]LogStreamlineAPI: [Info]: [01-25-15][streamline][info][tid:39416][0s:664ms:015us]commonEntry.cpp:1267[ngxLog] [Unknown(32765)] [2026-08-30 01:25:15] [NGXLoadConfig:1150] app_E658700=310.7.129
[2026.08.30-08.25.15:604][  0]LogStreamlineAPI: [Info]: [01-25-15][streamline][info][tid:39416][0s:664ms:018us]commonEntry.cpp:1267[ngxLog] [Unknown(32765)] [2026-08-30 01:25:15] [NGXLoadConfig:1144] [nvbcast]
[2026.08.30-08.25.15:604][  0]LogStreamlineAPI: [Info]: [01-25-15][streamline][info][tid:39416][0s:664ms:026us]commonEntry.cpp:1267[ngxLog] [Unknown(32765)] [2026-08-30 01:25:15] [NGXLoadConfig:1144] [dlssg]
[2026.08.30-08.25.15:604][  0]LogStreamlineAPI: [Info]: [01-25-15][streamline][info][tid:39416][0s:664ms:033us]commonEntry.cpp:1267[ngxLog] [Unknown(32765)] [2026-08-30 01:25:15] [NGXLoadConfig:1144] [nvbcast_vfx_lld_v0_9]
[2026.08.30-08.25.15:604][  0]LogStreamlineAPI: [Info]: [01-25-15][streamline][info][tid:39416][0s:664ms:039us]commonEntry.cpp:1267[ngxLog] [Unknown(32765)] [2026-08-30 01:25:15] [NGXLoadConfig:1144] [dlss]
[2026.08.30-08.25.15:604][  0]LogStreamlineAPI: [Info]: [01-25-15][streamline][info][tid:39416][0s:664ms:043us]commonEntry.cpp:1267[ngxLog] [Unknown(32765)] [2026-08-30 01:25:15] [NGXLoadConfig:1150] app_B9DB4F4=1.0.108
[2026.08.30-08.25.15:604][  0]LogStreamlineAPI: [Info]: [01-25-15][streamline][info][tid:39416][0s:664ms:048us]commonEntry.cpp:1267[ngxLog] [Unknown(32765)] [2026-08-30 01:25:15] [NGXLoadConfig:1150] app_E99B5EC=1.2.109
[2026.08.30-08.25.15:604][  0]LogStreamlineAPI: [Info]: [01-25-15][streamline][info][tid:39416][0s:664ms:053us]commonEntry.cpp:1267[ngxLog] [Unknown(32765)] [2026-08-30 01:25:15] [NGXLoadConfig:1150] app_B9D48D0=1.0.108
[2026.08.30-08.25.15:604][  0]LogStreamlineAPI: [Info]: [01-25-15][streamline][info][tid:39416][0s:664ms:056us]commonEntry.cpp:1267[ngxLog] [Unknown(32765)] [2026-08-30 01:25:15] [NGXLoadConfig:1150] app_B9C3560=2.1.201
[2026.08.30-08.25.15:604][  0]LogStreamlineAPI: [Info]: [01-25-15][streamline][info][tid:39416][0s:664ms:060us]commonEntry.cpp:1267[ngxLog] [Unknown(32765)] [2026-08-30 01:25:15] [NGXLoadConfig:1150] app_F7361DC=2.1.28
[2026.08.30-08.25.15:604][  0]LogStreamlineAPI: [Info]: [01-25-15][streamline][info][tid:39416][0s:664ms:064us]commonEntry.cpp:1267[ngxLog] [Unknown(32765)] [2026-08-30 01:25:15] [NGXLoadConfig:1150] app_B9FD6C0=1.0.108
[2026.08.30-08.25.15:604][  0]LogStreamlineAPI: [Info]: [01-25-15][streamline][info][tid:39416][0s:664ms:068us]commonEntry.cpp:1267[ngxLog] [Unknown(32765)] [2026-08-30 01:25:15] [NGXLoadConfig:1150] app_E658702=0.0.0
[2026.08.30-08.25.15:604][  0]LogStreamlineAPI: [Info]: [01-25-15][streamline][info][tid:39416][0s:664ms:072us]commonEntry.cpp:1267[ngxLog] [Unknown(32765)] [2026-08-30 01:25:15] [NGXLoadConfig:1150] app_E658701=0.0.0
[2026.08.30-08.25.15:604][  0]LogStreamlineAPI: [Info]: [01-25-15][streamline][info][tid:39416][0s:664ms:076us]commonEntry.cpp:1267[ngxLog] [Unknown(32765)] [2026-08-30 01:25:15] [NGXLoadConfig:1150] app_B9FEB50=1.0.108
[2026.08.30-08.25.15:604][  0]LogStreamlineAPI: [Info]: [01-25-15][streamline][info][tid:39416][0s:664ms:084us]commonEntry.cpp:1267[ngxLog] [Unknown(32765)] [2026-08-30 01:25:15] [NGXLoadConfig:1150] app_B9FF4BC=1.0.108
[2026.08.30-08.25.15:604][  0]LogStreamlineAPI: [Info]: [01-25-15][streamline][info][tid:39416][0s:664ms:087us]commonEntry.cpp:1267[ngxLog] [Unknown(32765)] [2026-08-30 01:25:15] [NGXLoadConfig:1150] app_B9FD524=1.0.108
[2026.08.30-08.25.15:604][  0]LogStreamlineAPI: [Info]: [01-25-15][streamline][info][tid:39416][0s:664ms:091us]commonEntry.cpp:1267[ngxLog] [Unknown(32765)] [2026-08-30 01:25:15] [NGXLoadConfig:1150] app_B9CB0B8=1.0.108
[2026.08.30-08.25.15:604][  0]LogStreamlineAPI: [Info]: [01-25-15][streamline][info][tid:39416][0s:664ms:094us]commonEntry.cpp:1267[ngxLog] [Unknown(32765)] [2026-08-30 01:25:15] [NGXLoadConfig:1150] app_B9E26B0=2.1.28
[2026.08.30-08.25.15:604][  0]LogStreamlineAPI: [Info]: [01-25-15][streamline][info][tid:39416][0s:664ms:097us]commonEntry.cpp:1267[ngxLog] [Unknown(32765)] [2026-08-30 01:25:15] [NGXLoadConfig:1150] app_B9DFA64=1.0.108
[2026.08.30-08.25.15:604][  0]LogStreamlineAPI: [Info]: [01-25-15][streamline][info][tid:39416][0s:664ms:100us]commonEntry.cpp:1267[ngxLog] [Unknown(32765)] [2026-08-30 01:25:15] [NGXLoadConfig:1150] app_B9D6F08=1.0.108
[2026.08.30-08.25.15:605][  0]LogStreamlineAPI: [Info]: [01-25-15][streamline][info][tid:39416][0s:664ms:104us]commonEntry.cpp:1267[ngxLog] [Unknown(32765)] [2026-08-30 01:25:15] [NGXLoadConfig:1150] app_B9DF510=1.3.106
[2026.08.30-08.25.15:605][  0]LogStreamlineAPI: [Info]: [01-25-15][streamline][info][tid:39416][0s:664ms:106us]commonEntry.cpp:1267[ngxLog] [Unknown(32765)] [2026-08-30 01:25:15] [NGXLoadConfig:1150] app_B9D2F5C=1.2.110
[2026.08.30-08.25.15:605][  0]LogStreamlineAPI: [Info]: [01-25-15][streamline][info][tid:39416][0s:664ms:111us]commonEntry.cpp:1267[ngxLog] [Unknown(32765)] [2026-08-30 01:25:15] [NGXLoadConfig:1150] app_B9D7388=1.0.108
[2026.08.30-08.25.15:605][  0]LogStreamlineAPI: [Info]: [01-25-15][streamline][info][tid:39416][0s:664ms:114us]commonEntry.cpp:1267[ngxLog] [Unknown(32765)] [2026-08-30 01:25:15] [NGXLoadConfig:1150] app_B9F5618=2.1.29
[2026.08.30-08.25.15:605][  0]LogStreamlineAPI: [Info]: [01-25-15][streamline][info][tid:39416][0s:664ms:117us]commonEntry.cpp:1267[ngxLog] [Unknown(32765)] [2026-08-30 01:25:15] [NGXLoadConfig:1150] app_B9DAE68=1.2.109
[2026.08.30-08.25.15:605][  0]LogStreamlineAPI: [Info]: [01-25-15][streamline][info][tid:39416][0s:664ms:120us]commonEntry.cpp:1267[ngxLog] [Unknown(32765)] [2026-08-30 01:25:15] [NGXLoadConfig:1150] app_B9CF688=2.2.15
[2026.08.30-08.25.15:605][  0]LogStreamlineAPI: [Info]: [01-25-15][streamline][info][tid:39416][0s:664ms:123us]commonEntry.cpp:1267[ngxLog] [Unknown(32765)] [2026-08-30 01:25:15] [NGXLoadConfig:1150] app_B9D8C54=1.2.109
[2026.08.30-08.25.15:605][  0]LogStreamlineAPI: [Info]: [01-25-15][streamline][info][tid:39416][0s:664ms:127us]commonEntry.cpp:1267[ngxLog] [Unknown(32765)] [2026-08-30 01:25:15] [NGXLoadConfig:1150] app_B9D3EF0=2.1.28
[2026.08.30-08.25.15:605][  0]LogStreamlineAPI: [Info]: [01-25-15][streamline][info][tid:39416][0s:664ms:130us]commonEntry.cpp:1267[ngxLog] [Unknown(32765)] [2026-08-30 01:25:15] [NGXLoadConfig:1150] app_B9FACDC=2.1.201
[2026.08.30-08.25.15:605][  0]LogStreamlineAPI: [Info]: [01-25-15][streamline][info][tid:39416][0s:664ms:133us]commonEntry.cpp:1267[ngxLog] [Unknown(32765)] [2026-08-30 01:25:15] [NGXLoadConfig:1150] app_B9BF564=2.1.201
[2026.08.30-08.25.15:605][  0]LogStreamlineAPI: [Info]: [01-25-15][streamline][info][tid:39416][0s:664ms:136us]commonEntry.cpp:1267[ngxLog] [Unknown(32765)] [2026-08-30 01:25:15] [NGXLoadConfig:1150] app_B9B0430=2.1.28
[2026.08.30-08.25.15:605][  0]LogStreamlineAPI: [Info]: [01-25-15][streamline][info][tid:39416][0s:664ms:140us]commonEntry.cpp:1267[ngxLog] [Unknown(32765)] [2026-08-30 01:25:15] [NGXLoadConfig:1150] app_B9DB490=2.3.4
[2026.08.30-08.25.15:605][  0]LogStreamlineAPI: [Info]: [01-25-15][streamline][info][tid:39416][0s:664ms:143us]commonEntry.cpp:1267[ngxLog] [Unknown(32765)] [2026-08-30 01:25:15] [NGXLoadConfig:1144] [dlssd]
[2026.08.30-08.25.15:605][  0]LogStreamlineAPI: [Info]: [01-25-15][streamline][info][tid:39416][0s:664ms:150us]commonEntry.cpp:1267[ngxLog] [Unknown(32765)] [2026-08-30 01:25:15] [NGXLoadConfig:1144] [nvbcast_vfx_gs_v0_9]
[2026.08.30-08.25.15:605][  0]LogStreamlineAPI: [Info]: [01-25-15][streamline][info][tid:39416][0s:664ms:156us]commonEntry.cpp:1267[ngxLog] [Unknown(32765)] [2026-08-30 01:25:15] [NGXLoadConfig:1144] [nvbcast_ar_fd_v0_9]
[2026.08.30-08.25.15:605][  0]LogStreamlineAPI: [Info]: [01-25-15][streamline][info][tid:39416][0s:664ms:162us]commonEntry.cpp:1267[ngxLog] [Unknown(32765)] [2026-08-30 01:25:15] [NGXLoadConfig:1144] [nvbcast_afx_rec_v0_9]
[2026.08.30-08.25.15:605][  0]LogStreamlineAPI: [Info]: [01-25-15][streamline][info][tid:39416][0s:664ms:167us]commonEntry.cpp:1267[ngxLog] [Unknown(32765)] [2026-08-30 01:25:15] [NGXLoadConfig:1144] [nvbcast_afx_bnrrec_v0_9]
[2026.08.30-08.25.15:605][  0]LogStreamlineAPI: [Info]: [01-25-15][streamline][info][tid:39416][0s:664ms:173us]commonEntry.cpp:1267[ngxLog] [Unknown(32765)] [2026-08-30 01:25:15] [NGXLoadConfig:1144] [nvbcast_afx_stdvoice_v0_9]
[2026.08.30-08.25.15:605][  0]LogStreamlineAPI: [Info]: [01-25-15][streamline][info][tid:39416][0s:664ms:178us]commonEntry.cpp:1267[ngxLog] [Unknown(32765)] [2026-08-30 01:25:15] [NGXLoadConfig:1144] [nvbcast_vfx_rl_v0_9]
[2026.08.30-08.25.15:605][  0]LogStreamlineAPI: [Info]: [01-25-15][streamline][info][tid:39416][0s:664ms:184us]commonEntry.cpp:1267[ngxLog] [Unknown(32765)] [2026-08-30 01:25:15] [NGXLoadConfig:1144] [dlisp]
[2026.08.30-08.25.15:605][  0]LogStreamlineAPI: [Info]: [01-25-15][streamline][info][tid:39416][0s:664ms:191us]commonEntry.cpp:1267[ngxLog] [Unknown(32765)] [2026-08-30 01:25:15] [NGXLoadConfig:1150] app_E658703=310.0.0
[2026.08.30-08.25.15:605][  0]LogStreamlineAPI: [Info]: [01-25-15][streamline][info][tid:39416][0s:664ms:195us]commonEntry.cpp:1267[ngxLog] [Unknown(32765)] [2026-08-30 01:25:15] [NGXLoadConfig:1150] app_B9CF688=2.1.15
[2026.08.30-08.25.15:605][  0]LogStreamlineAPI: [Info]: [01-25-15][streamline][info][tid:39416][0s:664ms:198us]commonEntry.cpp:1267[ngxLog] [Unknown(32765)] [2026-08-30 01:25:15] [NGXLoadConfig:1150] app_B9D8C54=1.2.106
[2026.08.30-08.25.15:605][  0]LogStreamlineAPI: [Info]: [01-25-15][streamline][info][tid:39416][0s:664ms:201us]commonEntry.cpp:1267[ngxLog] [Unknown(32765)] [2026-08-30 01:25:15] [NGXLoadConfig:1150] app_B9D2F5C=1.2.106
[2026.08.30-08.25.15:605][  0]LogStreamlineAPI: [Info]: [01-25-15][streamline][info][tid:39416][0s:664ms:204us]commonEntry.cpp:1267[ngxLog] [Unknown(32765)] [2026-08-30 01:25:15] [NGXLoadConfig:1150] app_B9DF510=1.3.101
[2026.08.30-08.25.15:605][  0]LogStreamlineAPI: [Info]: [01-25-15][streamline][info][tid:39416][0s:664ms:207us]commonEntry.cpp:1267[ngxLog] [Unknown(32765)] [2026-08-30 01:25:15] [NGXLoadConfig:1150] app_E99B5EC=1.2.102
[2026.08.30-08.25.15:605][  0]LogStreamlineAPI: [Info]: [01-25-15][streamline][info][tid:39416][0s:664ms:211us]commonEntry.cpp:1267[ngxLog] [Unknown(32765)] [2026-08-30 01:25:15] [NGXLoadConfig:1150] app_B9DAE68=1.2.106
[2026.08.30-08.25.15:605][  0]LogStreamlineAPI: [Info]: [01-25-15][streamline][info][tid:39416][0s:664ms:214us]commonEntry.cpp:1267[ngxLog] [Unknown(32765)] [2026-08-30 01:25:15] [`anonymous-namespace'::LoadMappingFileData:221] Member file in JSON file is not array, invalid data
[2026.08.30-08.25.15:680][  0]LogStreamlineAPI: [Info]: [01-25-15][streamline][info][tid:39416][0s:739ms:197us]commonEntry.cpp:1267[ngxLog] [Unknown(32765)] [2026-08-30 01:25:15] [NGXDRSInit:182] NvAPI_DRS_FindApplicationByName -166
[2026.08.30-08.25.15:689][  0]LogStreamlineAPI: [Info]: [01-25-15][streamline][info][tid:39416][0s:748ms:544us]commonEntry.cpp:1267[ngxLog] [Unknown(32765)] [2026-08-30 01:25:15] [NGXInitContext:245] called from module 1B0_E658703.dll at C:\ProgramData\NVIDIA\NGX\models\sl_common_0\versions\134273\files
[2026.08.30-08.25.15:689][  0]LogStreamlineAPI: [Info]: [01-25-15][streamline][info][tid:39416][0s:748ms:719us]commonEntry.cpp:1267[ngxLog] [Unknown(32765)] [2026-08-30 01:25:15] [`anonymous-namespace'::SnippetLocationInfo::load:713] NGXLoadFromPath failed: -1160773628
[2026.08.30-08.25.15:689][  0]LogStreamlineAPI: [Info]: [01-25-15][streamline][info][tid:39416][0s:748ms:841us]commonEntry.cpp:1267[ngxLog] [Unknown(32765)] [2026-08-30 01:25:15] [NGXReportStatusFeedback:1076] Override shared memory was opened successfully
[2026.08.30-08.25.15:689][  0]LogStreamlineAPI: [Info]: [01-25-15][streamline][info][tid:39416][0s:748ms:857us]commonEntry.cpp:1267[ngxLog] [Unknown(32765)] [2026-08-30 01:25:15] [NGXReportStatusFeedback:1088] Override shared memory was mapped successfully
[2026.08.30-08.25.15:769][  0]LogStreamlineAPI: [Info]: [01-25-15][streamline][info][tid:39416][0s:828ms:798us]commonEntry.cpp:1267[ngxLog] [Unknown(32765)] [2026-08-30 01:25:15] [NGXSecureLoadFeature:1345] Feature dlss failed to load (cmsid 241534723) from cache (location: C:\ProgramData\NVIDIA\NGX\models\dlss\versions\0\files, name: 160_E658703.bin)
[2026.08.30-08.25.15:906][  0]LogStreamlineAPI: [Info]: [01-25-15][streamline][info][tid:39416][0s:965ms:520us]commonEntry.cpp:1267[ngxLog] [Unknown(32765)] [2026-08-30 01:25:15] [NGXSecureLoadFeature:1459] app E658702 feature dlss snippet: C:/Program Files (x86)/Steam/steamapps/common/Splitgate 2/Engine/Plugins/Marketplace/NVIDIA/DLSS/Binaries/ThirdParty/Win64/nvngx_dlss.dll version: 310.2.1
[2026.08.30-08.25.15:921][  0]LogStreamlineAPI: [Info]: [01-25-15][streamline][info][tid:39416][0s:980ms:649us]commonEntry.cpp:1267[ngxLog] [Unknown(32765)] [2026-08-30 01:25:15] [NGXSecureLoadFeature:1345] Feature dlssg failed to load (cmsid 241534723) from cache (location: C:\ProgramData\NVIDIA\NGX\models\dlssg\versions\0\files, name: 160_E658703.bin)
[2026.08.30-08.25.16:056][  0]LogStreamlineAPI: [Info]: [01-25-16][streamline][info][tid:39416][1s:115ms:318us]commonEntry.cpp:1267[ngxLog] [Unknown(32765)] [2026-08-30 01:25:16] [NGXSecureLoadFeature:1381] Found dlssg driver fallback snippet at C:\windows\System32\DriverStore\FileRepository\nvddi.inf_amd64_dabe455c4b5cf6f0
[2026.08.30-08.25.16:056][  0]LogStreamlineAPI: [Info]: [01-25-16][streamline][info][tid:39416][1s:115ms:356us]commonEntry.cpp:1267[ngxLog] [Unknown(32765)] [2026-08-30 01:25:16] [NGXSecureLoadFeature:1459] app E658702 feature dlssg snippet: C:/Program Files (x86)/Steam/steamapps/common/Splitgate 2/Engine/Plugins/Marketplace/NVIDIA/StreamlineCore/Binaries/ThirdParty/Win64/nvngx_dlssg.dll version: 310.2.1
[2026.08.30-08.25.16:065][  0]LogStreamlineAPI: [Info]: [01-25-16][streamline][info][tid:39416][1s:124ms:473us]commonEntry.cpp:1267[ngxLog] [Unknown(32765)] [2026-08-30 01:25:16] [`anonymous-namespace'::SnippetLocationInfo::load:713] NGXLoadFromPath failed: -1160773628
[2026.08.30-08.25.16:065][  0]LogStreamlineAPI: [Info]: [01-25-16][streamline][info][tid:39416][1s:124ms:500us]commonEntry.cpp:1267[ngxLog] [Unknown(32765)] [2026-08-30 01:25:16] [NGXSecureLoadFeature:1345] Feature deepdvc failed to load (cmsid 241534723) from cache (location: C:\ProgramData\NVIDIA\NGX\models\deepdvc\versions\0\files, name: 160_E658703.bin)
[2026.08.30-08.25.16:065][  0]LogStreamlineAPI: [Info]: [01-25-16][streamline][info][tid:39416][1s:124ms:511us]commonEntry.cpp:1267[ngxLog] [Unknown(32765)] [2026-08-30 01:25:16] [NGXSecureLoadFeature:1459] app E658702 feature deepdvc snippet: C:/Program Files (x86)/Steam/steamapps/common/Splitgate 2/Engine/Plugins/Marketplace/NVIDIA/StreamlineCore/Binaries/ThirdParty/Win64/nvngx_deepdvc.dll version: 310.2.0
[2026.08.30-08.25.16:165][  0]LogStreamlineAPI: [Info]: [01-25-16][streamline][info][tid:39416][1s:224ms:708us]commonEntry.cpp:1267[ngxLog] [Unknown(32765)] [2026-08-30 01:25:16] [NGXSecureLoadFeature:1345] Feature dlssd failed to load (cmsid 241534723) from cache (location: C:\ProgramData\NVIDIA\NGX\models\dlssd\versions\0\files, name: 160_E658703.bin)
[2026.08.30-08.25.16:287][  0]LogStreamlineAPI: [Info]: [01-25-16][streamline][info][tid:39416][1s:346ms:661us]commonEntry.cpp:1267[ngxLog] [Unknown(32765)] [2026-08-30 01:25:16] [NGXSecureLoadFeature:1459] app E658702 feature dlssd snippet: C:/Program Files (x86)/Steam/steamapps/common/Splitgate 2/Engine/Plugins/Marketplace/NVIDIA/DLSS/Binaries/ThirdParty/Win64/nvngx_dlssd.dll version: 310.2.1
[2026.08.30-08.25.16:422][  0]LogStreamlineAPI: [Info]: [01-25-16][streamline][info][tid:39416][1s:481ms:219us]commonEntry.cpp:1267[ngxLog] [SuperSampling] [2026-08-30 01:25:16] [tid:39416][NGXInitLog:219] App logging hooks successfully initialized
[2026.08.30-08.25.16:422][  0]LogStreamlineAPI: [Info]: [01-25-16][streamline][info][tid:39416][1s:481ms:252us]commonEntry.cpp:1267[ngxLog] [SuperSampling] [2026-08-30 01:25:16] [tid:39416][NGXInitLog:226] Built with APP_NAME = default_nda
[2026.08.30-08.25.16:422][  0]LogStreamlineAPI: [Info]: [01-25-16][streamline][info][tid:39416][1s:481ms:430us]commonEntry.cpp:1267[ngxLog] [SuperSampling] [2026-08-30 01:25:16] [tid:39416][NGXCubinD3D12::Init:116] Enabling texmode_raw
[2026.08.30-08.25.16:422][  0]LogStreamlineAPI: [Info]: [01-25-16][streamline][info][tid:39416][1s:481ms:494us]commonEntry.cpp:1267[ngxLog] [SuperSampling] [2026-08-30 01:25:16] [tid:39416][NGXCubinD3D12::Init:212] Driver supports Fatbins + PTX
[2026.08.30-08.25.16:422][  0]LogStreamlineAPI: [Info]: [01-25-16][streamline][info][tid:39416][1s:481ms:506us]commonEntry.cpp:1267[ngxLog] [SuperSampling] [2026-08-30 01:25:16] [tid:39416][NGXCubinKernelMap::InitCubins:45] Loading NGXCubin kernels
[2026.08.30-08.25.16:422][  0]LogStreamlineAPI: [Info]: [01-25-16][streamline][info][tid:39416][1s:481ms:733us]commonEntry.cpp:1267[ngxLog] [SuperSampling] [2026-08-30 01:25:16] [tid:39416][NGXCubinGeneric::SetGPUArch:394] SetGPUArch:: Gpu count = 1, luid: 0x1771e
[2026.08.30-08.25.16:423][  0]LogStreamlineAPI: [Info]: [01-25-16][streamline][info][tid:39416][1s:482ms:367us]commonEntry.cpp:1267[ngxLog] [SuperSampling] [2026-08-30 01:25:16] [tid:39416][NGXCubinGeneric::SetGPUArch:449] m_gpuArch = 0x1b0
[2026.08.30-08.25.16:423][  0]LogStreamlineAPI: [Info]: [01-25-16][streamline][info][tid:39416][1s:482ms:386us]commonEntry.cpp:1267[ngxLog] [SuperSampling] [2026-08-30 01:25:16] [tid:39416][NGXCubinGeneric::SetGPUArch:460] m_smArch  = 0x5
[2026.08.30-08.25.16:423][  0]LogStreamlineAPI: [Info]: [01-25-16][streamline][info][tid:39416][1s:482ms:394us]commonEntry.cpp:1267[ngxLog] [SuperSampling] [2026-08-30 01:25:16] [tid:39416][NGXCubinGeneric::genericPostInit:145] Fast UAV clear: supported
[2026.08.30-08.25.16:423][  0]LogStreamlineAPI: [Info]: [01-25-16][streamline][info][tid:39416][1s:482ms:400us]commonEntry.cpp:1267[ngxLog] [SuperSampling] [2026-08-30 01:25:16] [tid:39416][DLSSCubinKernelMap::InitCubins:311] Setting DLAA Cubins
[2026.08.30-08.25.16:423][  0]LogStreamlineAPI: [Info]: [01-25-16][streamline][info][tid:39416][1s:482ms:404us]commonEntry.cpp:1267[ngxLog] [SuperSampling] [2026-08-30 01:25:16] [tid:39416][DLSSCubinKernelMap::InitCubins:311] Setting DLSS Debug Cubins
[2026.08.30-08.25.16:423][  0]LogStreamlineAPI: [Info]: [01-25-16][streamline][info][tid:39416][1s:482ms:409us]commonEntry.cpp:1267[ngxLog] [SuperSampling] [2026-08-30 01:25:16] [tid:39416][DLSSCubinKernelMap::InitCubins:311] Setting DLTSS Engine Cubins
[2026.08.30-08.25.16:423][  0]LogStreamlineAPI: [Info]: [01-25-16][streamline][info][tid:39416][1s:482ms:556us]commonEntry.cpp:1267[ngxLog] [SuperSampling] [2026-08-30 01:25:16] [tid:39416][DLSSCubinKernelMap::InitCubins:311] Setting DLTSS NW Cubins
[2026.08.30-08.25.16:423][  0]LogStreamlineAPI: [Info]: [01-25-16][streamline][info][tid:39416][1s:482ms:574us]commonEntry.cpp:1267[ngxLog] [SuperSampling] [2026-08-30 01:25:16] [tid:39416][DLSSCubinKernelMap::InitCubins:311] Setting DLTSS NW E5M3_SKIP Cubins
[2026.08.30-08.25.17:073][  0]LogStreamlineAPI: [Info]: [01-25-17][streamline][info][tid:39416][2s:132ms:686us]commonEntry.cpp:1267[ngxLog] [SuperSampling] [2026-08-30 01:25:17] [tid:39416][NGXInitLog:219] App logging hooks successfully initialized
[2026.08.30-08.25.17:073][  0]LogStreamlineAPI: [Info]: [01-25-17][streamline][info][tid:39416][2s:132ms:719us]commonEntry.cpp:1267[ngxLog] [SuperSampling] [2026-08-30 01:25:17] [tid:39416][NGXInitLog:226] Built with APP_NAME = app_transformer_dlssd
[2026.08.30-08.25.17:073][  0]LogStreamlineAPI: [Info]: [01-25-17][streamline][info][tid:39416][2s:132ms:921us]commonEntry.cpp:1267[ngxLog] [SuperSampling] [2026-08-30 01:25:17] [tid:39416][NGXCubinD3D12::Init:116] Enabling texmode_raw
[2026.08.30-08.25.17:073][  0]LogStreamlineAPI: [Info]: [01-25-17][streamline][info][tid:39416][2s:132ms:958us]commonEntry.cpp:1267[ngxLog] [SuperSampling] [2026-08-30 01:25:17] [tid:39416][NGXCubinD3D12::Init:212] Driver supports Fatbins + PTX
[2026.08.30-08.25.17:073][  0]LogStreamlineAPI: [Info]: [01-25-17][streamline][info][tid:39416][2s:132ms:964us]commonEntry.cpp:1267[ngxLog] [SuperSampling] [2026-08-30 01:25:17] [tid:39416][NGXCubinKernelMap::InitCubins:45] Loading NGXCubin kernels
[2026.08.30-08.25.17:074][  0]LogStreamlineAPI: [Info]: [01-25-17][streamline][info][tid:39416][2s:133ms:190us]commonEntry.cpp:1267[ngxLog] [SuperSampling] [2026-08-30 01:25:17] [tid:39416][NGXCubinGeneric::SetGPUArch:394] SetGPUArch:: Gpu count = 1, luid: 0x1771e
[2026.08.30-08.25.17:074][  0]LogStreamlineAPI: [Info]: [01-25-17][streamline][info][tid:39416][2s:134ms:035us]commonEntry.cpp:1267[ngxLog] [SuperSampling] [2026-08-30 01:25:17] [tid:39416][NGXCubinGeneric::SetGPUArch:449] m_gpuArch = 0x1b0
[2026.08.30-08.25.17:074][  0]LogStreamlineAPI: [Info]: [01-25-17][streamline][info][tid:39416][2s:134ms:052us]commonEntry.cpp:1267[ngxLog] [SuperSampling] [2026-08-30 01:25:17] [tid:39416][NGXCubinGeneric::SetGPUArch:460] m_smArch  = 0x5
[2026.08.30-08.25.17:074][  0]LogStreamlineAPI: [Info]: [01-25-17][streamline][info][tid:39416][2s:134ms:057us]commonEntry.cpp:1267[ngxLog] [SuperSampling] [2026-08-30 01:25:17] [tid:39416][NGXCubinGeneric::genericPostInit:145] Fast UAV clear: supported
[2026.08.30-08.25.17:074][  0]LogStreamlineAPI: [Info]: [01-25-17][streamline][info][tid:39416][2s:134ms:063us]commonEntry.cpp:1267[ngxLog] [SuperSampling] [2026-08-30 01:25:17] [tid:39416][DLSSCubinKernelMap::InitCubins:311] Setting DLAA Cubins
[2026.08.30-08.25.17:074][  0]LogStreamlineAPI: [Info]: [01-25-17][streamline][info][tid:39416][2s:134ms:067us]commonEntry.cpp:1267[ngxLog] [SuperSampling] [2026-08-30 01:25:17] [tid:39416][DLSSCubinKernelMap::InitCubins:311] Setting DLSS Debug Cubins
[2026.08.30-08.25.17:074][  0]LogStreamlineAPI: [Info]: [01-25-17][streamline][info][tid:39416][2s:134ms:072us]commonEntry.cpp:1267[ngxLog] [SuperSampling] [2026-08-30 01:25:17] [tid:39416][DldnCubinKernelMap::InitCubins:129] Setting DLDN Engine Pre / Post Cubins
[2026.08.30-08.25.17:075][  0]LogStreamlineAPI: [Info]: [01-25-17][streamline][info][tid:39416][2s:134ms:112us]commonEntry.cpp:1267[ngxLog] [SuperSampling] [2026-08-30 01:25:17] [tid:39416][DldnCubinKernelMap::InitCubins:162] Setting DLDN Engine Pre / Post Cubins
[2026.08.30-08.25.17:092][  0]LogStreamlineAPI: [Info]: [01-25-17][streamline][info][tid:39416][2s:151ms:367us]commonEntry.cpp:1654[slOnPluginStartup] At least one plugin requires DRS, trying to initialize ...
[2026.08.30-08.25.17:202][  0]LogStreamlineAPI: [Info]: [01-25-17][streamline][info][tid:39416][2s:261ms:844us]pluginManager.cpp:1544[mapPluginCallbacks] Callback sl.common:slSetData:0x0
[2026.08.30-08.25.17:202][  0]LogStreamlineAPI: [Info]: [01-25-17][streamline][info][tid:39416][2s:261ms:885us]pluginManager.cpp:1545[mapPluginCallbacks] Callback sl.common:slGetData:0x0
[2026.08.30-08.25.17:202][  0]LogStreamlineAPI: [Info]: [01-25-17][streamline][info][tid:39416][2s:261ms:895us]pluginManager.cpp:1546[mapPluginCallbacks] Callback sl.common:slAllocateResources:0x0
[2026.08.30-08.25.17:202][  0]LogStreamlineAPI: [Info]: [01-25-17][streamline][info][tid:39416][2s:261ms:902us]pluginManager.cpp:1547[mapPluginCallbacks] Callback sl.common:slFreeResources:0x0
[2026.08.30-08.25.17:202][  0]LogStreamlineAPI: [Info]: [01-25-17][streamline][info][tid:39416][2s:261ms:908us]pluginManager.cpp:1548[mapPluginCallbacks] Callback sl.common:slEvaluateFeature:0x7ffba7afa010
[2026.08.30-08.25.17:202][  0]LogStreamlineAPI: [Info]: [01-25-17][streamline][info][tid:39416][2s:261ms:913us]pluginManager.cpp:1549[mapPluginCallbacks] Callback sl.common:slSetTag:0x7ffba7af8af0
[2026.08.30-08.25.17:202][  0]LogStreamlineAPI: [Info]: [01-25-17][streamline][info][tid:39416][2s:261ms:918us]pluginManager.cpp:1550[mapPluginCallbacks] Callback sl.common:slSetTagForFrame:0x7ffba7af8c60
[2026.08.30-08.25.17:202][  0]LogStreamlineAPI: [Info]: [01-25-17][streamline][info][tid:39416][2s:261ms:923us]pluginManager.cpp:1551[mapPluginCallbacks] Callback sl.common:slSetConsts:0x7ffba7af9af0
[2026.08.30-08.25.17:202][  0]LogStreamlineAPI: [Info]: [01-25-17][streamline][info][tid:39416][2s:261ms:928us]pluginManager.cpp:1320[processPluginHooks] Hook sl.common:slHookVkPresent:before - skipped
[2026.08.30-08.25.17:202][  0]LogStreamlineAPI: [Info]: [01-25-17][streamline][info][tid:39416][2s:261ms:935us]pluginManager.cpp:1320[processPluginHooks] Hook sl.common:slHookVkAfterPresent:after - skipped
[2026.08.30-08.25.17:202][  0]LogStreamlineAPI: [Info]: [01-25-17][streamline][info][tid:39416][2s:261ms:940us]pluginManager.cpp:1320[processPluginHooks] Hook sl.common:slHookVkCmdBindPipeline:after - skipped
[2026.08.30-08.25.17:202][  0]LogStreamlineAPI: [Info]: [01-25-17][streamline][info][tid:39416][2s:261ms:944us]pluginManager.cpp:1320[processPluginHooks] Hook sl.common:slHookVkCmdBindDescriptorSets:after - skipped
[2026.08.30-08.25.17:202][  0]LogStreamlineAPI: [Info]: [01-25-17][streamline][info][tid:39416][2s:261ms:949us]pluginManager.cpp:1320[processPluginHooks] Hook sl.common:slHookVkBeginCommandBuffer:after - skipped
[2026.08.30-08.25.17:202][  0]LogStreamlineAPI: [Info]: [01-25-17][streamline][info][tid:39416][2s:261ms:953us]pluginManager.cpp:1344[processPluginHooks] Hook sl.common:slHookCreateSwapChain:before - OK
[2026.08.30-08.25.17:202][  0]LogStreamlineAPI: [Info]: [01-25-17][streamline][info][tid:39416][2s:261ms:957us]pluginManager.cpp:1344[processPluginHooks] Hook sl.common:slHookCreateSwapChainForHwnd:before - OK
[2026.08.30-08.25.17:202][  0]LogStreamlineAPI: [Info]: [01-25-17][streamline][info][tid:39416][2s:261ms:961us]pluginManager.cpp:1344[processPluginHooks] Hook sl.common:slHookCreateSwapChainForCoreWindow:before - OK
[2026.08.30-08.25.17:202][  0]LogStreamlineAPI: [Info]: [01-25-17][streamline][info][tid:39416][2s:261ms:967us]pluginManager.cpp:1344[processPluginHooks] Hook sl.common:slHookResizeSwapChainPre:before - OK
[2026.08.30-08.25.17:202][  0]LogStreamlineAPI: [Info]: [01-25-17][streamline][info][tid:39416][2s:261ms:971us]pluginManager.cpp:1344[processPluginHooks] Hook sl.common:slHookPresent:before - OK
[2026.08.30-08.25.17:202][  0]LogStreamlineAPI: [Info]: [01-25-17][streamline][info][tid:39416][2s:261ms:977us]pluginManager.cpp:1344[processPluginHooks] Hook sl.common:slHookAfterPresent:after - OK
[2026.08.30-08.25.17:202][  0]LogStreamlineAPI: [Info]: [01-25-17][streamline][info][tid:39416][2s:261ms:982us]pluginManager.cpp:1344[processPluginHooks] Hook sl.common:slHookPresent1:before - OK
[2026.08.30-08.25.17:202][  0]LogStreamlineAPI: [Info]: [01-25-17][streamline][info][tid:39416][2s:262ms:053us]pluginManager.cpp:1544[mapPluginCallbacks] Callback sl.pcl:slSetData:0x7ffbec6ab6c0
[2026.08.30-08.25.17:202][  0]LogStreamlineAPI: [Info]: [01-25-17][streamline][info][tid:39416][2s:262ms:071us]pluginManager.cpp:1545[mapPluginCallbacks] Callback sl.pcl:slGetData:0x7ffbec6ab6d0
[2026.08.30-08.25.17:202][  0]LogStreamlineAPI: [Info]: [01-25-17][streamline][info][tid:39416][2s:262ms:076us]pluginManager.cpp:1546[mapPluginCallbacks] Callback sl.pcl:slAllocateResources:0x0
[2026.08.30-08.25.17:202][  0]LogStreamlineAPI: [Info]: [01-25-17][streamline][info][tid:39416][2s:262ms:080us]pluginManager.cpp:1547[mapPluginCallbacks] Callback sl.pcl:slFreeResources:0x0
[2026.08.30-08.25.17:202][  0]LogStreamlineAPI: [Info]: [01-25-17][streamline][info][tid:39416][2s:262ms:084us]pluginManager.cpp:1548[mapPluginCallbacks] Callback sl.pcl:slEvaluateFeature:0x0
[2026.08.30-08.25.17:202][  0]LogStreamlineAPI: [Info]: [01-25-17][streamline][info][tid:39416][2s:262ms:088us]pluginManager.cpp:1549[mapPluginCallbacks] Callback sl.pcl:slSetTag:0x0
[2026.08.30-08.25.17:202][  0]LogStreamlineAPI: [Info]: [01-25-17][streamline][info][tid:39416][2s:262ms:094us]pluginManager.cpp:1550[mapPluginCallbacks] Callback sl.pcl:slSetTagForFrame:0x0
[2026.08.30-08.25.17:202][  0]LogStreamlineAPI: [Info]: [01-25-17][streamline][info][tid:39416][2s:262ms:097us]pluginManager.cpp:1551[mapPluginCallbacks] Callback sl.pcl:slSetConsts:0x0
[2026.08.30-08.25.17:203][  0]LogStreamlineAPI: [Info]: [01-25-17][streamline][info][tid:39416][2s:262ms:104us]pluginManager.cpp:1305[processPluginHooks] Plugin 'sl.pcl' has no registered hooks
[2026.08.30-08.25.17:203][  0]LogStreamlineAPI: [Info]: [01-25-17][streamline][info][tid:39416][2s:262ms:108us]pluginManager.cpp:1544[mapPluginCallbacks] Callback sl.reflex:slSetData:0x7ffc062ab800
[2026.08.30-08.25.17:203][  0]LogStreamlineAPI: [Info]: [01-25-17][streamline][info][tid:39416][2s:262ms:112us]pluginManager.cpp:1545[mapPluginCallbacks] Callback sl.reflex:slGetData:0x7ffc062ac160
[2026.08.30-08.25.17:203][  0]LogStreamlineAPI: [Info]: [01-25-17][streamline][info][tid:39416][2s:262ms:116us]pluginManager.cpp:1546[mapPluginCallbacks] Callback sl.reflex:slAllocateResources:0x0
[2026.08.30-08.25.17:203][  0]LogStreamlineAPI: [Info]: [01-25-17][streamline][info][tid:39416][2s:262ms:120us]pluginManager.cpp:1547[mapPluginCallbacks] Callback sl.reflex:slFreeResources:0x0
[2026.08.30-08.25.17:203][  0]LogStreamlineAPI: [Info]: [01-25-17][streamline][info][tid:39416][2s:262ms:124us]pluginManager.cpp:1548[mapPluginCallbacks] Callback sl.reflex:slEvaluateFeature:0x0
[2026.08.30-08.25.17:203][  0]LogStreamlineD3D12RHI: FStreamlineD3D12RHIModule::StartupModule Leave
[2026.08.30-08.25.17:203][  0]LogStreamlineAPI: [Info]: [01-25-17][streamline][info][tid:39416][2s:262ms:128us]pluginManager.cpp:1549[mapPluginCallbacks] Callback sl.reflex:slSetTag:0x0
[2026.08.30-08.25.17:203][  0]LogStreamlineAPI: [Info]: [01-25-17][streamline][info][tid:39416][2s:262ms:132us]pluginManager.cpp:1550[mapPluginCallbacks] Callback sl.reflex:slSetTagForFrame:0x0
[2026.08.30-08.25.17:203][  0]LogStreamlineAPI: [Info]: [01-25-17][streamline][info][tid:39416][2s:262ms:135us]pluginManager.cpp:1551[mapPluginCallbacks] Callback sl.reflex:slSetConsts:0x0
[2026.08.30-08.25.17:203][  0]LogStreamlineRHI: PluginBaseDir ../../../Engine/Plugins/Marketplace/NVIDIA/StreamlineCore
[2026.08.30-08.25.17:203][  0]LogStreamlineRHI: SLBinariesDir ../../../Engine/Plugins/Marketplace/NVIDIA/StreamlineCore/Binaries/ThirdParty/Win64/
[2026.08.30-08.25.17:203][  0]LogStreamlineAPI: [Info]: [01-25-17][streamline][info][tid:39416][2s:262ms:139us]pluginManager.cpp:1305[processPluginHooks] Plugin 'sl.reflex' has no registered hooks
[2026.08.30-08.25.17:203][  0]LogStreamlineRHI: FStreamlineRHI::FStreamlineRHI Enter
[2026.08.30-08.25.17:203][  0]LogStreamlineRHI: FStreamlineRHI::FStreamlineRHI Leave
[2026.08.30-08.25.17:203][  0]LogStreamlineD3D12RHI: FStreamlineD3D12RHI::FStreamlineD3D12RHI Enter
[2026.08.30-08.25.17:203][  0]LogStreamlineD3D12RHI: Skip registering IDXGISwapchainProvider, due to Swapchain proxy creation is disabled by config
[2026.08.30-08.25.17:203][  0]LogStreamlineD3D12RHI: FStreamlineD3D12RHI::FStreamlineD3D12RHI Leave
[2026.08.30-08.25.17:203][  0]LogStreamlineRHI: Streamline supported by the NVIDIA D3D12 RHI in the StreamlineD3D12RHI module at runtime
[2026.08.30-08.25.17:203][  0]LogStreamlineRHI: FStreamlineRHI::PostPlatformRHICreateInit Enter
[2026.08.30-08.25.17:203][  0]LogStreamlineRHI: RequestedFeatures = kFeatureReflex (3), kFeatureDLSS_G (1000))
[2026.08.30-08.25.17:203][  0]LogStreamlineRHI: LoadedFeatures = kFeatureReflex (3))
[2026.08.30-08.25.17:203][  0]LogStreamlineAPI: Error: [Error]: [01-25-17][streamline][error][tid:39416][2s:262ms:205us]sl.cpp:190[slValidateFeatureContext] 'kFeatureDLSS_G' is missing.
[2026.08.30-08.25.17:203][  0]LogStreamlineRHI: SupportedFeatures = kFeatureReflex (3))
[2026.08.30-08.25.17:203][  0]LogStreamlineRHI: FStreamlineRHI::PostPlatformRHICreateInit Leave
[2026.08.30-08.25.17:203][  0]LogStreamlineRHI: PlatformCreateStreamlineRHI Leave
[2026.08.30-08.25.17:203][  0]LogStreamlineRHI: FStreamlineRHIModule::StartupModule Leave
[2026.08.30-08.25.17:262][  0]LogShaderLibrary: Display: Using IoDispatcher for shader code library PortalWars2_Chunk500. Total 23244 unique shaders.
[2026.08.30-08.25.17:262][  0]LogShaderLibrary: Display: Cooked Context: Using Shared Shader Library PortalWars2_Chunk500
[2026.08.30-08.25.17:266][  0]LogShaderLibrary: Display: Using IoDispatcher for shader code library PortalWars2_Chunk400. Total 32964 unique shaders.
[2026.08.30-08.25.17:267][  0]LogShaderLibrary: Display: Cooked Context: Using Shared Shader Library PortalWars2_Chunk400
[2026.08.30-08.25.17:269][  0]LogShaderLibrary: Display: Using IoDispatcher for shader code library PortalWars2_Chunk300. Total 16144 unique shaders.
[2026.08.30-08.25.17:269][  0]LogShaderLibrary: Display: Cooked Context: Using Shared Shader Library PortalWars2_Chunk300
[2026.08.30-08.25.17:269][  0]LogShaderLibrary: Display: Using IoDispatcher for shader code library PortalWars2_Chunk200. Total 1498 unique shaders.
[2026.08.30-08.25.17:269][  0]LogShaderLibrary: Display: Cooked Context: Using Shared Shader Library PortalWars2_Chunk200
[2026.08.30-08.25.17:271][  0]LogShaderLibrary: Display: Using IoDispatcher for shader code library PortalWars2_Chunk100. Total 26849 unique shaders.
[2026.08.30-08.25.17:271][  0]LogShaderLibrary: Display: Cooked Context: Using Shared Shader Library PortalWars2_Chunk100
[2026.08.30-08.25.17:273][  0]LogShaderLibrary: Display: Using IoDispatcher for shader code library PortalWars2_Chunk0. Total 13899 unique shaders.
[2026.08.30-08.25.17:273][  0]LogShaderLibrary: Display: Cooked Context: Using Shared Shader Library PortalWars2_Chunk0
[2026.08.30-08.25.17:273][  0]LogShaderLibrary: Display: Logical shader library 'PortalWars2' has been created, components 6
[2026.08.30-08.25.17:273][  0]LogRHI: FPipelineCacheFile Header Game Version: 600100
[2026.08.30-08.25.17:273][  0]LogRHI: FPipelineCacheFile Header Engine Data Version: 28
[2026.08.30-08.25.17:273][  0]LogRHI: FPipelineCacheFile Header TOC Offset: 1168263
[2026.08.30-08.25.17:273][  0]LogRHI: FPipelineCacheFile File Size: 1852842 Bytes
[2026.08.30-08.25.17:277][  0]LogRHI: Opened FPipelineCacheFile: ../../../PortalWars2/Content/PipelineCaches/Windows/PortalWars2_PCD3D_SM6.stable.upipelinecache (GUID: 5EED44714FE017800348CB822798BF75) with 5517 entries.
[2026.08.30-08.25.17:278][  0]LogRHI: Display: FPipelineCacheFile[PortalWars2] opened PortalWars2, filename PortalWars2, guid 5EED44714FE017800348CB822798BF75. 
[2026.08.30-08.25.17:278][  0]LogRHI: FShaderPipelineCache::BeginNextPrecompileCacheTask() - PortalWars2 begining compile.
[2026.08.30-08.25.17:280][  0]LogRHI: Display: FShaderPipelineCache starting pipeline cache 'PortalWars2' and enqueued 5517 tasks for precompile. (cache contains 5517, 5517 eligible, 0 had missing shaders. 0 already compiled). BatchSize 50 and BatchTime 16.000000.
[2026.08.30-08.25.17:281][  0]LogRHI: Base name for record PSOs is C:/Users/<USER>/AppData/Local/PortalWars2/Saved/CollectedPSOs/++PortalWars2+Release-3.1-CL-600100-PortalWars2_PCD3D_SM6_B920EF5846E512A6D9EC25AF75392EA1.rec.upipelinecache
[2026.08.30-08.25.17:281][  0]LogRHI: FPipelineCacheFile: GarbageCollectUserCache() Begin
[2026.08.30-08.25.17:281][  0]LogRHI: Next GC on user cache is in 0.899 days.
[2026.08.30-08.25.17:281][  0]LogRHI: FPipelineCacheFile: GarbageCollectUserCache() End
[2026.08.30-08.25.17:281][  0]LogRHI: FPipelineCacheFile Header Game Version: 600100
[2026.08.30-08.25.17:281][  0]LogRHI: FPipelineCacheFile Header Engine Data Version: 28
[2026.08.30-08.25.17:281][  0]LogRHI: FPipelineCacheFile Header TOC Offset: 128246
[2026.08.30-08.25.17:281][  0]LogRHI: FPipelineCacheFile File Size: 171837 Bytes
[2026.08.30-08.25.17:282][  0]LogRHI: Opened FPipelineCacheFile: C:/Users/<USER>/AppData/Local/PortalWars2/Saved/PortalWars2_PCD3D_SM6.upipelinecache (GUID: 40BB974145AD2F3DF84B4595968609F1) with 325 entries.
[2026.08.30-08.25.17:282][  0]LogRHI: Display: FPipelineCacheFile User cache [key:PortalWars2_usr] opened 'PortalWars2'=1, filename PortalWars2, guid 40BB974145AD2F3DF84B4595968609F1. 
[2026.08.30-08.25.17:282][  0]LogRHI: Could not open FPipelineCacheFile: ../../../PortalWars2/Content/PipelineCaches/Windows/PortalWars2_Chunk500_PCD3D_SM6.stable.upipelinecache
[2026.08.30-08.25.17:282][  0]LogRHI: Could not open FPipelineCacheFile: ../../../PortalWars2/Content/PipelineCaches/Windows/PortalWars2_Chunk400_PCD3D_SM6.stable.upipelinecache
[2026.08.30-08.25.17:282][  0]LogRHI: Could not open FPipelineCacheFile: ../../../PortalWars2/Content/PipelineCaches/Windows/PortalWars2_Chunk300_PCD3D_SM6.stable.upipelinecache
[2026.08.30-08.25.17:283][  0]LogPakFile: New pak file ../../../PortalWars2/Content/Paks/pakchunk0-WindowsClient.pak added to pak precacher.
[2026.08.30-08.25.17:283][  0]LogRHI: Could not open FPipelineCacheFile: ../../../PortalWars2/Content/PipelineCaches/Windows/PortalWars2_Chunk200_PCD3D_SM6.stable.upipelinecache
[2026.08.30-08.25.17:283][  0]LogRHI: Could not open FPipelineCacheFile: ../../../PortalWars2/Content/PipelineCaches/Windows/PortalWars2_Chunk100_PCD3D_SM6.stable.upipelinecache
[2026.08.30-08.25.17:283][  0]LogRHI: Could not open FPipelineCacheFile: ../../../PortalWars2/Content/PipelineCaches/Windows/PortalWars2_Chunk0_PCD3D_SM6.stable.upipelinecache
[2026.08.30-08.25.17:283][  0]LogShaderLibrary: Display: Tried to open again shader library 'PortalWars2', but could not find new components for it (existing components: 6).
[2026.08.30-08.25.17:283][  0]LogInit: Using OS detected language (en-US).
[2026.08.30-08.25.17:283][  0]LogInit: Using OS detected locale (en-US).
[2026.08.30-08.25.17:285][  0]LogTextLocalizationManager: No specific localization for 'en-US' exists, so 'en' will be used for the language.
[2026.08.30-08.25.17:286][  0]LogAssetRegistry: FAssetRegistry took 0.0001 seconds to start up
[2026.08.30-08.25.17:389][  0]LogStreaming: Display: FlushAsyncLoading(1): 1 QueuedPackages, 0 AsyncPackages
[2026.08.30-08.25.17:400][  0]LogFilePackageStore: Updated: NewPackages=114520, OldPackages=0, TotalPackages=114520
[2026.08.30-08.25.17:401][  0]LogDeviceProfileManager: Active device profile: [00007FF472ACCED0][00000272C2B6C020 66] WindowsClient
[2026.08.30-08.25.17:411][  0]LogD3D12RHI: Error: Failed to create pipeline state with combined hash BB2C239E14F8A0B2, error 80070057.
[2026.08.30-08.25.17:411][  0]LogD3D12RHI: Error: Failed to create pipeline state with combined hash 259199E88F26F818, error 80070057.
[2026.08.30-08.25.17:411][  0]LogD3D12RHI: Error: Failed to create pipeline state with combined hash 368E5A9773DAF10F, error 80070057.
[2026.08.30-08.25.17:411][  0]LogD3D12RHI: Error: Failed to create pipeline state with combined hash B59ABD140F414BEF, error 80070057.
[2026.08.30-08.25.17:411][  0]LogD3D12RHI: Error: Failed to create pipeline state with combined hash F91074B8F941CE82, error 80070057.
[2026.08.30-08.25.17:411][  0]LogD3D12RHI: Error: Failed to create pipeline state with combined hash 460D4CEAF2F09C70, error 80070057.
[2026.08.30-08.25.17:411][  0]LogD3D12RHI: Error: Failed to create pipeline state with combined hash BA40EE02F3A859B2, error 80070057.
[2026.08.30-08.25.17:411][  0]LogD3D12RHI: Error: Failed to create pipeline state with combined hash 47C598F33FEABDCC, error 80070057.
[2026.08.30-08.25.17:412][  0]LogD3D12RHI: Error: Failed to create pipeline state with combined hash ADE4D3F673041F84, error 80070057.
[2026.08.30-08.25.17:412][  0]LogD3D12RHI: Error: Failed to create pipeline state with combined hash 4421AA64CF8F215C, error 80070057.
[2026.08.30-08.25.17:412][  0]LogD3D12RHI: Warning: Failed to create graphics PSO with combined hash 0x4421AA64CF8F215C:

[2026.08.30-08.25.17:412][  0]LogD3D12RHI: Error: Failed to create pipeline state with combined hash 0CDF38C5A09E6DEF, error 80070057.
[2026.08.30-08.25.17:412][  0]LogD3D12RHI: Warning: Failed to create graphics PSO with combined hash 0x0CDF38C5A09E6DEF:

[2026.08.30-08.25.17:412][  0]LogRHI: Error: Failed to create graphics pipeline, hashes: Vertex: 4E88ADABAFD7F87212A21D019A3AB233521EB5D1, Pipeline: 719EBE14C0457B3EC79BC0661D4DEEA96D0D8A36.
[2026.08.30-08.25.17:412][  0]LogRHI: Error: Failed to create graphics pipeline, hashes: Vertex: 4E88ADABAFD7F87212A21D019A3AB233521EB5D1, Pipeline: 719EBE14C0457B3EC79BC0661D4DEEA96D0D8A36.
[2026.08.30-08.25.17:412][  0]LogD3D12RHI: Error: Failed to create pipeline state with combined hash 194336E4D2A93552, error 80070057.
[2026.08.30-08.25.17:412][  0]LogD3D12RHI: Warning: Failed to create graphics PSO with combined hash 0x194336E4D2A93552:

[2026.08.30-08.25.17:412][  0]LogRHI: Error: Failed to create graphics pipeline, hashes: Vertex: 4E88ADABAFD7F87212A21D019A3AB233521EB5D1, Pipeline: 719EBE14C0457B3EC79BC0661D4DEEA96D0D8A36.
[2026.08.30-08.25.17:412][  0]LogD3D12RHI: Error: Failed to create pipeline state with combined hash 4AEBAB58002CC831, error 80070057.
[2026.08.30-08.25.17:412][  0]LogD3D12RHI: Warning: Failed to create graphics PSO with combined hash 0x4AEBAB58002CC831:

[2026.08.30-08.25.17:412][  0]LogRHI: Error: Failed to create graphics pipeline, hashes: Vertex: 4E88ADABAFD7F87212A21D019A3AB233521EB5D1, Pipeline: 719EBE14C0457B3EC79BC0661D4DEEA96D0D8A36.
[2026.08.30-08.25.17:412][  0]LogD3D12RHI: Error: Failed to create pipeline state with combined hash 45166A10FFDAA99C, error 80070057.
[2026.08.30-08.25.17:412][  0]LogD3D12RHI: Warning: Failed to create graphics PSO with combined hash 0x45166A10FFDAA99C:

[2026.08.30-08.25.17:412][  0]LogRHI: Error: Failed to create graphics pipeline, hashes: Vertex: 4E88ADABAFD7F87212A21D019A3AB233521EB5D1, Pipeline: 719EBE14C0457B3EC79BC0661D4DEEA96D0D8A36.
[2026.08.30-08.25.17:412][  0]LogD3D12RHI: Error: Failed to create pipeline state with combined hash 2D94B1A7D0A5543B, error 80070057.
[2026.08.30-08.25.17:412][  0]LogD3D12RHI: Warning: Failed to create graphics PSO with combined hash 0x2D94B1A7D0A5543B:

[2026.08.30-08.25.17:413][  0]LogRHI: Error: Failed to create graphics pipeline, hashes: Vertex: 4E88ADABAFD7F87212A21D019A3AB233521EB5D1, Pipeline: 719EBE14C0457B3EC79BC0661D4DEEA96D0D8A36.
[2026.08.30-08.25.17:413][  0]LogD3D12RHI: Error: Failed to create pipeline state with combined hash C3AF69D55E862E51, error 80070057.
[2026.08.30-08.25.17:413][  0]LogD3D12RHI: Warning: Failed to create graphics PSO with combined hash 0xC3AF69D55E862E51:

[2026.08.30-08.25.17:413][  0]LogD3D12RHI: Error: Failed to create pipeline state with combined hash 758FA38D2255EF3D, error 80070057.
[2026.08.30-08.25.17:413][  0]LogRHI: Error: Failed to create graphics pipeline, hashes: Vertex: 4E88ADABAFD7F87212A21D019A3AB233521EB5D1, Pipeline: 719EBE14C0457B3EC79BC0661D4DEEA96D0D8A36.
[2026.08.30-08.25.17:413][  0]LogD3D12RHI: Warning: Failed to create graphics PSO with combined hash 0x758FA38D2255EF3D:

[2026.08.30-08.25.17:413][  0]LogRHI: Error: Failed to create graphics pipeline, hashes: Vertex: 4E88ADABAFD7F87212A21D019A3AB233521EB5D1, Pipeline: 719EBE14C0457B3EC79BC0661D4DEEA96D0D8A36.
[2026.08.30-08.25.17:413][  0]LogD3D12RHI: Error: Failed to create pipeline state with combined hash 7415995B34D48FE5, error 80070057.
[2026.08.30-08.25.17:413][  0]LogD3D12RHI: Warning: Failed to create graphics PSO with combined hash 0x7415995B34D48FE5:

[2026.08.30-08.25.17:413][  0]LogRHI: Error: Failed to create graphics pipeline, hashes: Vertex: 34A814AD7D1B3471B7D5193B3589B48209CF9E70, Pipeline: 862E321AB4FD2BECAC811003F8E37DCCAD39B265.
[2026.08.30-08.25.17:413][  0]LogD3D12RHI: Error: Failed to create pipeline state with combined hash BE845798F866E60E, error 80070057.
[2026.08.30-08.25.17:413][  0]LogD3D12RHI: Warning: Failed to create graphics PSO with combined hash 0xBE845798F866E60E:

[2026.08.30-08.25.17:413][  0]LogRHI: Error: Failed to create graphics pipeline, hashes: Vertex: 353047380342EC037ECE383CCA21D8A058FCB425, Pipeline: 3F22356A568F01717FC15457E2F1BCDB5E1450DB.
[2026.08.30-08.25.17:413][  0]LogD3D12RHI: Error: Failed to create pipeline state with combined hash 6332B8665D2FAAAA, error 80070057.
[2026.08.30-08.25.17:413][  0]LogD3D12RHI: Warning: Failed to create graphics PSO with combined hash 0x6332B8665D2FAAAA:

[2026.08.30-08.25.17:413][  0]LogRHI: Error: Failed to create graphics pipeline, hashes: Vertex: 34A814AD7D1B3471B7D5193B3589B48209CF9E70, Pipeline: 862E321AB4FD2BECAC811003F8E37DCCAD39B265.
[2026.08.30-08.25.17:413][  0]LogD3D12RHI: Error: Failed to create pipeline state with combined hash 3898A8C77D151B07, error 80070057.
[2026.08.30-08.25.17:413][  0]LogD3D12RHI: Warning: Failed to create graphics PSO with combined hash 0x3898A8C77D151B07:

[2026.08.30-08.25.17:413][  0]LogRHI: Error: Failed to create graphics pipeline, hashes: Vertex: 353047380342EC037ECE383CCA21D8A058FCB425, Pipeline: 3F22356A568F01717FC15457E2F1BCDB5E1450DB.
[2026.08.30-08.25.17:413][  0]LogD3D12RHI: Error: Failed to create pipeline state with combined hash B51441CC38D241F4, error 80070057.
[2026.08.30-08.25.17:413][  0]LogD3D12RHI: Warning: Failed to create graphics PSO with combined hash 0xB51441CC38D241F4:

[2026.08.30-08.25.17:413][  0]LogRHI: Error: Failed to create graphics pipeline, hashes: Vertex: D01D829FBCC022EFA5C6B3E4620B3CBEC6928FC0, Pixel: D4B683997F4F2021680C7BA1C161613CDE189BF3, Pipeline: 78E439FD3D3C5956CE2DC048B7053B62AB1B2BA5.
[2026.08.30-08.25.17:413][  0]LogD3D12RHI: Error: Failed to create pipeline state with combined hash 6A0FAE1885A49E41, error 80070057.
[2026.08.30-08.25.17:413][  0]LogD3D12RHI: Warning: Failed to create graphics PSO with combined hash 0x6A0FAE1885A49E41:

[2026.08.30-08.25.17:413][  0]LogD3D12RHI: Error: Failed to create pipeline state with combined hash 0809371AFE042236, error 80070057.
[2026.08.30-08.25.17:413][  0]LogD3D12RHI: Warning: Failed to create graphics PSO with combined hash 0x0809371AFE042236:

[2026.08.30-08.25.17:413][  0]LogRHI: Error: Failed to create graphics pipeline, hashes: Vertex: 34A814AD7D1B3471B7D5193B3589B48209CF9E70, Pipeline: 862E321AB4FD2BECAC811003F8E37DCCAD39B265.
[2026.08.30-08.25.17:413][  0]LogRHI: Error: Failed to create graphics pipeline, hashes: Vertex: 353047380342EC037ECE383CCA21D8A058FCB425, Pipeline: 3F22356A568F01717FC15457E2F1BCDB5E1450DB.
[2026.08.30-08.25.17:413][  0]LogD3D12RHI: Error: Failed to create pipeline state with combined hash 5058D7D0CA8E3716, error 80070057.
[2026.08.30-08.25.17:413][  0]LogD3D12RHI: Warning: Failed to create graphics PSO with combined hash 0x5058D7D0CA8E3716:

[2026.08.30-08.25.17:413][  0]LogRHI: Error: Failed to create graphics pipeline, hashes: Vertex: D01D829FBCC022EFA5C6B3E4620B3CBEC6928FC0, Pixel: D4B683997F4F2021680C7BA1C161613CDE189BF3, Pipeline: 78E439FD3D3C5956CE2DC048B7053B62AB1B2BA5.
[2026.08.30-08.25.17:413][  0]LogD3D12RHI: Error: Failed to create pipeline state with combined hash 8BF57759B2A8CA83, error 80070057.
[2026.08.30-08.25.17:413][  0]LogD3D12RHI: Warning: Failed to create graphics PSO with combined hash 0x8BF57759B2A8CA83:

[2026.08.30-08.25.17:413][  0]LogD3D12RHI: Error: Failed to create pipeline state with combined hash 9DF894E12D4C437F, error 80070057.
[2026.08.30-08.25.17:413][  0]LogRHI: Error: Failed to create graphics pipeline, hashes: Vertex: B6BAECCAF5B08B2E9F72A9CA26D403BCFEF7AD37, Pixel: 746139FF9308FAD707961C196B1A950F11C185AF, Pipeline: BD93EDE49B622745E9EC1E1A107BEAB1F86D953A.
[2026.08.30-08.25.17:413][  0]LogD3D12RHI: Warning: Failed to create graphics PSO with combined hash 0x9DF894E12D4C437F:

[2026.08.30-08.25.17:413][  0]LogRHI: Error: Failed to create graphics pipeline, hashes: Vertex: 4E88ADABAFD7F87212A21D019A3AB233521EB5D1, Pipeline: 719EBE14C0457B3EC79BC0661D4DEEA96D0D8A36.
[2026.08.30-08.25.17:413][  0]LogD3D12RHI: Error: Failed to create pipeline state with combined hash 098F03ECD4D4607F, error 80070057.
[2026.08.30-08.25.17:413][  0]LogD3D12RHI: Warning: Failed to create graphics PSO with combined hash 0x098F03ECD4D4607F:

[2026.08.30-08.25.17:413][  0]LogRHI: Error: Failed to create graphics pipeline, hashes: Vertex: D01D829FBCC022EFA5C6B3E4620B3CBEC6928FC0, Pixel: D4B683997F4F2021680C7BA1C161613CDE189BF3, Pipeline: 78E439FD3D3C5956CE2DC048B7053B62AB1B2BA5.
[2026.08.30-08.25.17:414][  0]LogD3D12RHI: Error: Failed to create pipeline state with combined hash F9AF77DAAD95C858, error 80070057.
[2026.08.30-08.25.17:414][  0]LogD3D12RHI: Warning: Failed to create graphics PSO with combined hash 0xF9AF77DAAD95C858:

[2026.08.30-08.25.17:414][  0]LogRHI: Error: Failed to create graphics pipeline, hashes: Vertex: 755E1F56EFC9846E9D647167F97E5781D3CF54EC, Pixel: 29DB509F123935F266F38FE049927900A2361838, Pipeline: 407840A7C8AB33B2518F999448CE42E2D2B33AF5.
[2026.08.30-08.25.17:414][  0]LogD3D12RHI: Error: Failed to create pipeline state with combined hash 6B9D3EC6BA24C652, error 80070057.
[2026.08.30-08.25.17:414][  0]LogD3D12RHI: Error: Failed to create pipeline state with combined hash F97F808B5B2A1E38, error 80070057.
[2026.08.30-08.25.17:414][  0]LogD3D12RHI: Warning: Failed to create graphics PSO with combined hash 0x6B9D3EC6BA24C652:

[2026.08.30-08.25.17:414][  0]LogD3D12RHI: Warning: Failed to create graphics PSO with combined hash 0xF97F808B5B2A1E38:

[2026.08.30-08.25.17:414][  0]LogRHI: Error: Failed to create graphics pipeline, hashes: Vertex: 479BC90643BEE8E0F0752DA31397D01CCF7C0ED6, Pipeline: 21C19B7A5784F1DB1F2645F56206328D47420E45.
[2026.08.30-08.25.17:414][  0]LogRHI: Error: Failed to create graphics pipeline, hashes: Vertex: 755E1F56EFC9846E9D647167F97E5781D3CF54EC, Pixel: 08F466C936A4901813A4EEC19EB060DBDE110604, Pipeline: 2B09728B87729EB6E66287C3D08C3279797B801E.
[2026.08.30-08.25.17:414][  0]LogD3D12RHI: Error: Failed to create pipeline state with combined hash 7A410288022EC956, error 80070057.
[2026.08.30-08.25.17:414][  0]LogD3D12RHI: Error: Failed to create pipeline state with combined hash DA7A40E3155A0081, error 80070057.
[2026.08.30-08.25.17:414][  0]LogD3D12RHI: Warning: Failed to create graphics PSO with combined hash 0x7A410288022EC956:

[2026.08.30-08.25.17:414][  0]LogD3D12RHI: Warning: Failed to create graphics PSO with combined hash 0xDA7A40E3155A0081:

[2026.08.30-08.25.17:414][  0]LogD3D12RHI: Error: Failed to create pipeline state with combined hash 71C0857C9E9DFA64, error 80070057.
[2026.08.30-08.25.17:414][  0]LogD3D12RHI: Warning: Failed to create graphics PSO with combined hash 0x71C0857C9E9DFA64:

[2026.08.30-08.25.17:414][  0]LogRHI: Error: Failed to create graphics pipeline, hashes: Vertex: 479BC90643BEE8E0F0752DA31397D01CCF7C0ED6, Pipeline: 21C19B7A5784F1DB1F2645F56206328D47420E45.
[2026.08.30-08.25.17:414][  0]LogRHI: Error: Failed to create graphics pipeline, hashes: Vertex: 479BC90643BEE8E0F0752DA31397D01CCF7C0ED6, Pipeline: 21C19B7A5784F1DB1F2645F56206328D47420E45.
[2026.08.30-08.25.17:414][  0]LogRHI: Error: Failed to create graphics pipeline, hashes: Vertex: 479BC90643BEE8E0F0752DA31397D01CCF7C0ED6, Pipeline: 21C19B7A5784F1DB1F2645F56206328D47420E45.
[2026.08.30-08.25.17:414][  0]LogD3D12RHI: Error: Failed to create pipeline state with combined hash D74DE3DA359A010C, error 80070057.
[2026.08.30-08.25.17:414][  0]LogD3D12RHI: Warning: Failed to create graphics PSO with combined hash 0xD74DE3DA359A010C:

[2026.08.30-08.25.17:414][  0]LogD3D12RHI: Error: Failed to create pipeline state with combined hash 954719022E6C092E, error 80070057.
[2026.08.30-08.25.17:414][  0]LogD3D12RHI: Warning: Failed to create graphics PSO with combined hash 0x954719022E6C092E:

[2026.08.30-08.25.17:414][  0]LogRHI: Error: Failed to create graphics pipeline, hashes: Vertex: 479BC90643BEE8E0F0752DA31397D01CCF7C0ED6, Pipeline: 21C19B7A5784F1DB1F2645F56206328D47420E45.
[2026.08.30-08.25.17:414][  0]LogRHI: Error: Failed to create graphics pipeline, hashes: Vertex: 479BC90643BEE8E0F0752DA31397D01CCF7C0ED6, Pipeline: 21C19B7A5784F1DB1F2645F56206328D47420E45.
[2026.08.30-08.25.17:414][  0]LogD3D12RHI: Error: Failed to create pipeline state with combined hash 0E03FA36B3736A33, error 80070057.
[2026.08.30-08.25.17:414][  0]LogD3D12RHI: Warning: Failed to create graphics PSO with combined hash 0x0E03FA36B3736A33:

[2026.08.30-08.25.17:414][  0]LogRHI: Error: Failed to create graphics pipeline, hashes: Vertex: 479BC90643BEE8E0F0752DA31397D01CCF7C0ED6, Pipeline: 21C19B7A5784F1DB1F2645F56206328D47420E45.
[2026.08.30-08.25.17:414][  0]LogD3D12RHI: Error: Failed to create pipeline state with combined hash 13BF293540C142D5, error 80070057.
[2026.08.30-08.25.17:414][  0]LogD3D12RHI: Error: Failed to create pipeline state with combined hash F16013AE1CBBDFEF, error 80070057.
[2026.08.30-08.25.17:414][  0]LogD3D12RHI: Warning: Failed to create graphics PSO with combined hash 0xF16013AE1CBBDFEF:

[2026.08.30-08.25.17:414][  0]LogD3D12RHI: Warning: Failed to create graphics PSO with combined hash 0x13BF293540C142D5:

[2026.08.30-08.25.17:414][  0]LogRHI: Error: Failed to create graphics pipeline, hashes: Vertex: 479BC90643BEE8E0F0752DA31397D01CCF7C0ED6, Pipeline: 21C19B7A5784F1DB1F2645F56206328D47420E45.
[2026.08.30-08.25.17:414][  0]LogRHI: Error: Failed to create graphics pipeline, hashes: Vertex: 479BC90643BEE8E0F0752DA31397D01CCF7C0ED6, Pipeline: 21C19B7A5784F1DB1F2645F56206328D47420E45.
[2026.08.30-08.25.17:414][  0]LogD3D12RHI: Error: Failed to create pipeline state with combined hash 3B1A05DD4E16DD58, error 80070057.
[2026.08.30-08.25.17:414][  0]LogD3D12RHI: Warning: Failed to create graphics PSO with combined hash 0x3B1A05DD4E16DD58:

[2026.08.30-08.25.17:414][  0]LogRHI: Error: Failed to create graphics pipeline, hashes: Vertex: 479BC90643BEE8E0F0752DA31397D01CCF7C0ED6, Pipeline: 21C19B7A5784F1DB1F2645F56206328D47420E45.
[2026.08.30-08.25.17:414][  0]LogD3D12RHI: Error: Failed to create pipeline state with combined hash 0D9C6D7749BBFECB, error 80070057.
[2026.08.30-08.25.17:414][  0]LogD3D12RHI: Error: Failed to create pipeline state with combined hash 32E6F2B987077B6C, error 80070057.
[2026.08.30-08.25.17:414][  0]LogD3D12RHI: Error: Failed to create pipeline state with combined hash 849A4BF68D40BDD8, error 80070057.
[2026.08.30-08.25.17:414][  0]LogD3D12RHI: Warning: Failed to create graphics PSO with combined hash 0x32E6F2B987077B6C:

[2026.08.30-08.25.17:414][  0]LogD3D12RHI: Warning: Failed to create graphics PSO with combined hash 0x849A4BF68D40BDD8:

[2026.08.30-08.25.17:414][  0]LogD3D12RHI: Warning: Failed to create graphics PSO with combined hash 0x0D9C6D7749BBFECB:

[2026.08.30-08.25.17:414][  0]LogRHI: Error: Failed to create graphics pipeline, hashes: Vertex: 479BC90643BEE8E0F0752DA31397D01CCF7C0ED6, Pipeline: 21C19B7A5784F1DB1F2645F56206328D47420E45.
[2026.08.30-08.25.17:414][  0]LogD3D12RHI: Error: Failed to create pipeline state with combined hash 2A38A43BA3918E1D, error 80070057.
[2026.08.30-08.25.17:414][  0]LogRHI: Error: Failed to create graphics pipeline, hashes: Vertex: 479BC90643BEE8E0F0752DA31397D01CCF7C0ED6, Pipeline: 21C19B7A5784F1DB1F2645F56206328D47420E45.
[2026.08.30-08.25.17:414][  0]LogRHI: Error: Failed to create graphics pipeline, hashes: Vertex: 479BC90643BEE8E0F0752DA31397D01CCF7C0ED6, Pipeline: 21C19B7A5784F1DB1F2645F56206328D47420E45.
[2026.08.30-08.25.17:414][  0]LogD3D12RHI: Warning: Failed to create graphics PSO with combined hash 0x2A38A43BA3918E1D:

[2026.08.30-08.25.17:414][  0]LogRHI: Error: Failed to create graphics pipeline, hashes: Vertex: 479BC90643BEE8E0F0752DA31397D01CCF7C0ED6, Pipeline: 21C19B7A5784F1DB1F2645F56206328D47420E45.
[2026.08.30-08.25.17:414][  0]LogD3D12RHI: Error: Failed to create pipeline state with combined hash B9AAA2FB2CCDF179, error 80070057.
[2026.08.30-08.25.17:414][  0]LogD3D12RHI: Warning: Failed to create graphics PSO with combined hash 0xB9AAA2FB2CCDF179:

[2026.08.30-08.25.17:414][  0]LogRHI: Error: Failed to create graphics pipeline, hashes: Vertex: B294F53DAFF0D53668C0BB1DA09703BF9982B192, Pipeline: 477EF6A051C0EF5BE1BB104C929EF10951DF70F8.
[2026.08.30-08.25.17:414][  0]LogD3D12RHI: Error: Failed to create pipeline state with combined hash 391B0E79DA62FD89, error 80070057.
[2026.08.30-08.25.17:414][  0]LogD3D12RHI: Warning: Failed to create graphics PSO with combined hash 0x391B0E79DA62FD89:

[2026.08.30-08.25.17:414][  0]LogRHI: Error: Failed to create graphics pipeline, hashes: Vertex: 479BC90643BEE8E0F0752DA31397D01CCF7C0ED6, Pipeline: 21C19B7A5784F1DB1F2645F56206328D47420E45.
[2026.08.30-08.25.17:414][  0]LogD3D12RHI: Error: Failed to create pipeline state with combined hash 65BBBC3F24B7BB7C, error 80070057.
[2026.08.30-08.25.17:414][  0]LogD3D12RHI: Warning: Failed to create graphics PSO with combined hash 0x65BBBC3F24B7BB7C:

[2026.08.30-08.25.17:414][  0]LogRHI: Error: Failed to create graphics pipeline, hashes: Vertex: B294F53DAFF0D53668C0BB1DA09703BF9982B192, Pipeline: 477EF6A051C0EF5BE1BB104C929EF10951DF70F8.
[2026.08.30-08.25.17:414][  0]LogD3D12RHI: Error: Failed to create pipeline state with combined hash 7E7645020EAECA2B, error 80070057.
[2026.08.30-08.25.17:414][  0]LogD3D12RHI: Error: Failed to create pipeline state with combined hash 0166D1210AF66B49, error 80070057.
[2026.08.30-08.25.17:414][  0]LogD3D12RHI: Warning: Failed to create graphics PSO with combined hash 0x7E7645020EAECA2B:

[2026.08.30-08.25.17:414][  0]LogD3D12RHI: Warning: Failed to create graphics PSO with combined hash 0x0166D1210AF66B49:

[2026.08.30-08.25.17:414][  0]LogRHI: Error: Failed to create graphics pipeline, hashes: Vertex: AB93028AFDDB761EF82BF0FB4A0FD67854C130CD, Pipeline: 39F58C180ED46715547EB4C1136373DD4B1D3F28.
[2026.08.30-08.25.17:414][  0]LogRHI: Error: Failed to create graphics pipeline, hashes: Vertex: AB93028AFDDB761EF82BF0FB4A0FD67854C130CD, Pipeline: 39F58C180ED46715547EB4C1136373DD4B1D3F28.
[2026.08.30-08.25.17:414][  0]LogD3D12RHI: Error: Failed to create pipeline state with combined hash 9D3C2327A2872FF5, error 80070057.
[2026.08.30-08.25.17:414][  0]LogD3D12RHI: Warning: Failed to create graphics PSO with combined hash 0x9D3C2327A2872FF5:

[2026.08.30-08.25.17:414][  0]LogD3D12RHI: Error: Failed to create pipeline state with combined hash CF39C502F92F3BF8, error 80070057.
[2026.08.30-08.25.17:414][  0]LogD3D12RHI: Error: Failed to create pipeline state with combined hash DDCBF25706EB1F11, error 80070057.
[2026.08.30-08.25.17:414][  0]LogRHI: Error: Failed to create graphics pipeline, hashes: Vertex: 1708BED0D613201B22EE331BAE1BC64087D8B7F9, Pixel: D4B683997F4F2021680C7BA1C161613CDE189BF3, Pipeline: 16C34028DC2CA4437FFEFC20B5B7EC47D780D164.
[2026.08.30-08.25.17:414][  0]LogD3D12RHI: Warning: Failed to create graphics PSO with combined hash 0xCF39C502F92F3BF8:

[2026.08.30-08.25.17:414][  0]LogD3D12RHI: Warning: Failed to create graphics PSO with combined hash 0xDDCBF25706EB1F11:

[2026.08.30-08.25.17:414][  0]LogRHI: Error: Failed to create graphics pipeline, hashes: Vertex: B294F53DAFF0D53668C0BB1DA09703BF9982B192, Pipeline: 477EF6A051C0EF5BE1BB104C929EF10951DF70F8.
[2026.08.30-08.25.17:414][  0]LogRHI: Error: Failed to create graphics pipeline, hashes: Vertex: 1708BED0D613201B22EE331BAE1BC64087D8B7F9, Pixel: D4B683997F4F2021680C7BA1C161613CDE189BF3, Pipeline: 16C34028DC2CA4437FFEFC20B5B7EC47D780D164.
[2026.08.30-08.25.17:414][  0]LogD3D12RHI: Error: Failed to create pipeline state with combined hash 567794785E6EDF85, error 80070057.
[2026.08.30-08.25.17:414][  0]LogD3D12RHI: Warning: Failed to create graphics PSO with combined hash 0x567794785E6EDF85:

[2026.08.30-08.25.17:414][  0]LogRHI: Error: Failed to create graphics pipeline, hashes: Vertex: AB93028AFDDB761EF82BF0FB4A0FD67854C130CD, Pipeline: 39F58C180ED46715547EB4C1136373DD4B1D3F28.
[2026.08.30-08.25.17:414][  0]LogD3D12RHI: Error: Failed to create pipeline state with combined hash 3BB0DE7B27DF1E78, error 80070057.
[2026.08.30-08.25.17:414][  0]LogD3D12RHI: Warning: Failed to create graphics PSO with combined hash 0x3BB0DE7B27DF1E78:

[2026.08.30-08.25.17:414][  0]LogRHI: Error: Failed to create graphics pipeline, hashes: Vertex: 1708BED0D613201B22EE331BAE1BC64087D8B7F9, Pixel: D4B683997F4F2021680C7BA1C161613CDE189BF3, Pipeline: 16C34028DC2CA4437FFEFC20B5B7EC47D780D164.
[2026.08.30-08.25.17:414][  0]LogD3D12RHI: Error: Failed to create pipeline state with combined hash 02CA15250AF9E5F6, error 80070057.
[2026.08.30-08.25.17:414][  0]LogD3D12RHI: Warning: Failed to create graphics PSO with combined hash 0x02CA15250AF9E5F6:

[2026.08.30-08.25.17:414][  0]LogD3D12RHI: Error: Failed to create pipeline state with combined hash 4BD06CA48C73C162, error 80070057.
[2026.08.30-08.25.17:414][  0]LogD3D12RHI: Warning: Failed to create graphics PSO with combined hash 0x4BD06CA48C73C162:

[2026.08.30-08.25.17:414][  0]LogRHI: Error: Failed to create graphics pipeline, hashes: Vertex: C0463E627251FC84C2A1438A9F535FB76D35E856, Pixel: 746139FF9308FAD707961C196B1A950F11C185AF, Pipeline: D211CE97B1CE346E9CE3A1ECB3F9DB11C6C36190.
[2026.08.30-08.25.17:414][  0]LogRHI: Error: Failed to create graphics pipeline, hashes: Vertex: 80DEB39D4F078416775F3D50C27B381C50EB9A20, Pipeline: 7D97B8AB1344B739B765DA0F092A09800A5D3BFB.
[2026.08.30-08.25.17:414][  0]LogD3D12RHI: Error: Failed to create pipeline state with combined hash 06A42491A6A772DC, error 80070057.
[2026.08.30-08.25.17:414][  0]LogD3D12RHI: Error: Failed to create pipeline state with combined hash D9772F28534CC08E, error 80070057.
[2026.08.30-08.25.17:414][  0]LogD3D12RHI: Warning: Failed to create graphics PSO with combined hash 0x06A42491A6A772DC:

[2026.08.30-08.25.17:414][  0]LogD3D12RHI: Error: Failed to create pipeline state with combined hash 8A66C23F82DF84AF, error 80070057.
[2026.08.30-08.25.17:414][  0]LogD3D12RHI: Warning: Failed to create graphics PSO with combined hash 0xD9772F28534CC08E:

[2026.08.30-08.25.17:414][  0]LogD3D12RHI: Warning: Failed to create graphics PSO with combined hash 0x8A66C23F82DF84AF:

[2026.08.30-08.25.17:414][  0]LogD3D12RHI: Error: Failed to create pipeline state with combined hash 78368FDBAE59C195, error 80070057.
[2026.08.30-08.25.17:414][  0]LogRHI: Error: Failed to create graphics pipeline, hashes: Vertex: 80DEB39D4F078416775F3D50C27B381C50EB9A20, Pipeline: 7D97B8AB1344B739B765DA0F092A09800A5D3BFB.
[2026.08.30-08.25.17:414][  0]LogRHI: Error: Failed to create graphics pipeline, hashes: Vertex: 479BC90643BEE8E0F0752DA31397D01CCF7C0ED6, Pipeline: 21C19B7A5784F1DB1F2645F56206328D47420E45.
[2026.08.30-08.25.17:414][  0]LogRHI: Error: Failed to create graphics pipeline, hashes: Vertex: 81B03F83379123BFD8305C8436F1AE2E7219A0D5, Pixel: 08F466C936A4901813A4EEC19EB060DBDE110604, Pipeline: 21EDB39EF5755F19301685E289396E8FE14050DF.
[2026.08.30-08.25.17:414][  0]LogD3D12RHI: Error: Failed to create pipeline state with combined hash FBB3167814420E60, error 80070057.
[2026.08.30-08.25.17:414][  0]LogD3D12RHI: Warning: Failed to create graphics PSO with combined hash 0x78368FDBAE59C195:

[2026.08.30-08.25.17:414][  0]LogD3D12RHI: Warning: Failed to create graphics PSO with combined hash 0xFBB3167814420E60:

[2026.08.30-08.25.17:414][  0]LogD3D12RHI: Error: Failed to create pipeline state with combined hash EF3C72F0572CC515, error 80070057.
[2026.08.30-08.25.17:414][  0]LogRHI: Error: Failed to create graphics pipeline, hashes: Vertex: 80DEB39D4F078416775F3D50C27B381C50EB9A20, Pipeline: 7D97B8AB1344B739B765DA0F092A09800A5D3BFB.
[2026.08.30-08.25.17:414][  0]LogRHI: Error: Failed to create graphics pipeline, hashes: Vertex: 80DEB39D4F078416775F3D50C27B381C50EB9A20, Pipeline: 7D97B8AB1344B739B765DA0F092A09800A5D3BFB.
[2026.08.30-08.25.17:414][  0]LogD3D12RHI: Warning: Failed to create graphics PSO with combined hash 0xEF3C72F0572CC515:

[2026.08.30-08.25.17:414][  0]LogD3D12RHI: Error: Failed to create pipeline state with combined hash DA9DC95EA4FDA3EC, error 80070057.
[2026.08.30-08.25.17:414][  0]LogD3D12RHI: Warning: Failed to create graphics PSO with combined hash 0xDA9DC95EA4FDA3EC:

[2026.08.30-08.25.17:414][  0]LogRHI: Error: Failed to create graphics pipeline, hashes: Vertex: 81B03F83379123BFD8305C8436F1AE2E7219A0D5, Pixel: 29DB509F123935F266F38FE049927900A2361838, Pipeline: EAB7A4113AFF96F76FACAFFA579B17799712DEE2.
[2026.08.30-08.25.17:414][  0]LogRHI: Error: Failed to create graphics pipeline, hashes: Vertex: 80DEB39D4F078416775F3D50C27B381C50EB9A20, Pipeline: 7D97B8AB1344B739B765DA0F092A09800A5D3BFB.
[2026.08.30-08.25.17:414][  0]LogD3D12RHI: Error: Failed to create pipeline state with combined hash 91A274E1BF942561, error 80070057.
[2026.08.30-08.25.17:414][  0]LogD3D12RHI: Warning: Failed to create graphics PSO with combined hash 0x91A274E1BF942561:

[2026.08.30-08.25.17:414][  0]LogRHI: Error: Failed to create graphics pipeline, hashes: Vertex: 80DEB39D4F078416775F3D50C27B381C50EB9A20, Pipeline: 7D97B8AB1344B739B765DA0F092A09800A5D3BFB.
[2026.08.30-08.25.17:414][  0]LogD3D12RHI: Error: Failed to create pipeline state with combined hash 2651CD34CDC83007, error 80070057.
[2026.08.30-08.25.17:414][  0]LogD3D12RHI: Error: Failed to create pipeline state with combined hash 89D70E4CD62649E0, error 80070057.
[2026.08.30-08.25.17:414][  0]LogD3D12RHI: Warning: Failed to create graphics PSO with combined hash 0x89D70E4CD62649E0:

[2026.08.30-08.25.17:414][  0]LogD3D12RHI: Warning: Failed to create graphics PSO with combined hash 0x2651CD34CDC83007:

[2026.08.30-08.25.17:414][  0]LogD3D12RHI: Error: Failed to create pipeline state with combined hash 31F761FAE8BC121F, error 80070057.
[2026.08.30-08.25.17:414][  0]LogRHI: Error: Failed to create graphics pipeline, hashes: Vertex: 80DEB39D4F078416775F3D50C27B381C50EB9A20, Pipeline: 7D97B8AB1344B739B765DA0F092A09800A5D3BFB.
[2026.08.30-08.25.17:414][  0]LogD3D12RHI: Warning: Failed to create graphics PSO with combined hash 0x31F761FAE8BC121F:

[2026.08.30-08.25.17:414][  0]LogRHI: Error: Failed to create graphics pipeline, hashes: Vertex: 80DEB39D4F078416775F3D50C27B381C50EB9A20, Pipeline: 7D97B8AB1344B739B765DA0F092A09800A5D3BFB.
[2026.08.30-08.25.17:414][  0]LogRHI: Error: Failed to create graphics pipeline, hashes: Vertex: 80DEB39D4F078416775F3D50C27B381C50EB9A20, Pipeline: 7D97B8AB1344B739B765DA0F092A09800A5D3BFB.
[2026.08.30-08.25.17:414][  0]LogD3D12RHI: Error: Failed to create pipeline state with combined hash B76EC743180AD587, error 80070057.
[2026.08.30-08.25.17:414][  0]LogD3D12RHI: Warning: Failed to create graphics PSO with combined hash 0xB76EC743180AD587:

[2026.08.30-08.25.17:414][  0]LogRHI: Error: Failed to create graphics pipeline, hashes: Vertex: 80DEB39D4F078416775F3D50C27B381C50EB9A20, Pipeline: 7D97B8AB1344B739B765DA0F092A09800A5D3BFB.
[2026.08.30-08.25.17:414][  0]LogD3D12RHI: Error: Failed to create pipeline state with combined hash 93261283D92B49EE, error 80070057.
[2026.08.30-08.25.17:414][  0]LogD3D12RHI: Warning: Failed to create graphics PSO with combined hash 0x93261283D92B49EE:

[2026.08.30-08.25.17:414][  0]LogD3D12RHI: Error: Failed to create pipeline state with combined hash 599F4A44B04E2253, error 80070057.
[2026.08.30-08.25.17:414][  0]LogRHI: Error: Failed to create graphics pipeline, hashes: Vertex: 25602C801094E0923833622E6F0633E203305441, Pipeline: D2C4E0DFB6317403C69FF3D3ECDC26EEF2975BB9.
[2026.08.30-08.25.17:414][  0]LogD3D12RHI: Warning: Failed to create graphics PSO with combined hash 0x599F4A44B04E2253:

[2026.08.30-08.25.17:414][  0]LogD3D12RHI: Error: Failed to create pipeline state with combined hash 2CB8685CB54BAA46, error 80070057.
[2026.08.30-08.25.17:414][  0]LogD3D12RHI: Error: Failed to create pipeline state with combined hash 9F72F5DF9E10FDB5, error 80070057.
[2026.08.30-08.25.17:414][  0]LogRHI: Error: Failed to create graphics pipeline, hashes: Vertex: 80DEB39D4F078416775F3D50C27B381C50EB9A20, Pipeline: 7D97B8AB1344B739B765DA0F092A09800A5D3BFB.
[2026.08.30-08.25.17:414][  0]LogD3D12RHI: Warning: Failed to create graphics PSO with combined hash 0x2CB8685CB54BAA46:

[2026.08.30-08.25.17:414][  0]LogD3D12RHI: Warning: Failed to create graphics PSO with combined hash 0x9F72F5DF9E10FDB5:

[2026.08.30-08.25.17:414][  0]LogRHI: Error: Failed to create graphics pipeline, hashes: Vertex: 80DEB39D4F078416775F3D50C27B381C50EB9A20, Pipeline: 7D97B8AB1344B739B765DA0F092A09800A5D3BFB.
[2026.08.30-08.25.17:414][  0]LogRHI: Error: Failed to create graphics pipeline, hashes: Vertex: 25602C801094E0923833622E6F0633E203305441, Pipeline: D2C4E0DFB6317403C69FF3D3ECDC26EEF2975BB9.
[2026.08.30-08.25.17:414][  0]LogD3D12RHI: Error: Failed to create pipeline state with combined hash 07B33AEC3DD53931, error 80070057.
[2026.08.30-08.25.17:414][  0]LogD3D12RHI: Warning: Failed to create graphics PSO with combined hash 0x07B33AEC3DD53931:

[2026.08.30-08.25.17:414][  0]LogRHI: Error: Failed to create graphics pipeline, hashes: Vertex: 9195B4BD077CEF3479E60C398D0F988AA694CF8D, Pixel: D4B683997F4F2021680C7BA1C161613CDE189BF3, Pipeline: 87E8CA491A76C1EA3D44833A584737DACA0555A9.
[2026.08.30-08.25.17:414][  0]LogD3D12RHI: Error: Failed to create pipeline state with combined hash F7080FCB90B9194B, error 80070057.
[2026.08.30-08.25.17:414][  0]LogD3D12RHI: Warning: Failed to create graphics PSO with combined hash 0xF7080FCB90B9194B:

[2026.08.30-08.25.17:414][  0]LogRHI: Error: Failed to create graphics pipeline, hashes: Vertex: 80DEB39D4F078416775F3D50C27B381C50EB9A20, Pipeline: 7D97B8AB1344B739B765DA0F092A09800A5D3BFB.
[2026.08.30-08.25.17:414][  0]LogD3D12RHI: Error: Failed to create pipeline state with combined hash FDD22CF8D6C2A839, error 80070057.
[2026.08.30-08.25.17:414][  0]LogD3D12RHI: Warning: Failed to create graphics PSO with combined hash 0xFDD22CF8D6C2A839:

[2026.08.30-08.25.17:414][  0]LogRHI: Error: Failed to create graphics pipeline, hashes: Vertex: 80DEB39D4F078416775F3D50C27B381C50EB9A20, Pipeline: 7D97B8AB1344B739B765DA0F092A09800A5D3BFB.
[2026.08.30-08.25.17:414][  0]LogD3D12RHI: Error: Failed to create pipeline state with combined hash 47CF317CEB30690E, error 80070057.
[2026.08.30-08.25.17:414][  0]LogD3D12RHI: Warning: Failed to create graphics PSO with combined hash 0x47CF317CEB30690E:

[2026.08.30-08.25.17:414][  0]LogD3D12RHI: Error: Failed to create pipeline state with combined hash 97C7F1269FD1952F, error 80070057.
[2026.08.30-08.25.17:414][  0]LogD3D12RHI: Warning: Failed to create graphics PSO with combined hash 0x97C7F1269FD1952F:

[2026.08.30-08.25.17:414][  0]LogRHI: Error: Failed to create graphics pipeline, hashes: Vertex: ACC687F1F41CF8A00D4F84BB92D80386FEEA8427, Pipeline: 31DC4D844805E8A537217D3F853F9D71A5A3C7DB.
[2026.08.30-08.25.17:414][  0]LogRHI: Error: Failed to create graphics pipeline, hashes: Vertex: 9195B4BD077CEF3479E60C398D0F988AA694CF8D, Pixel: D4B683997F4F2021680C7BA1C161613CDE189BF3, Pipeline: 87E8CA491A76C1EA3D44833A584737DACA0555A9.
[2026.08.30-08.25.17:414][  0]LogD3D12RHI: Error: Failed to create pipeline state with combined hash 6923DDC55757F244, error 80070057.
[2026.08.30-08.25.17:414][  0]LogD3D12RHI: Warning: Failed to create graphics PSO with combined hash 0x6923DDC55757F244:

[2026.08.30-08.25.17:414][  0]LogRHI: Error: Failed to create graphics pipeline, hashes: Vertex: ACC687F1F41CF8A00D4F84BB92D80386FEEA8427, Pipeline: 31DC4D844805E8A537217D3F853F9D71A5A3C7DB.
[2026.08.30-08.25.17:414][  0]LogD3D12RHI: Error: Failed to create pipeline state with combined hash 36599155241BF6B3, error 80070057.
[2026.08.30-08.25.17:414][  0]LogD3D12RHI: Warning: Failed to create graphics PSO with combined hash 0x36599155241BF6B3:

[2026.08.30-08.25.17:414][  0]LogRHI: Error: Failed to create graphics pipeline, hashes: Vertex: 25602C801094E0923833622E6F0633E203305441, Pipeline: D2C4E0DFB6317403C69FF3D3ECDC26EEF2975BB9.
[2026.08.30-08.25.17:414][  0]LogD3D12RHI: Error: Failed to create pipeline state with combined hash 3EF6043EB22734F0, error 80070057.
[2026.08.30-08.25.17:414][  0]LogD3D12RHI: Warning: Failed to create graphics PSO with combined hash 0x3EF6043EB22734F0:

[2026.08.30-08.25.17:414][  0]LogRHI: Error: Failed to create graphics pipeline, hashes: Vertex: 9195B4BD077CEF3479E60C398D0F988AA694CF8D, Pixel: D4B683997F4F2021680C7BA1C161613CDE189BF3, Pipeline: 87E8CA491A76C1EA3D44833A584737DACA0555A9.
[2026.08.30-08.25.17:414][  0]LogD3D12RHI: Error: Failed to create pipeline state with combined hash FA0A01010D5D8253, error 80070057.
[2026.08.30-08.25.17:414][  0]LogD3D12RHI: Warning: Failed to create graphics PSO with combined hash 0xFA0A01010D5D8253:

[2026.08.30-08.25.17:414][  0]LogRHI: Error: Failed to create graphics pipeline, hashes: Vertex: 80DEB39D4F078416775F3D50C27B381C50EB9A20, Pipeline: 7D97B8AB1344B739B765DA0F092A09800A5D3BFB.
[2026.08.30-08.25.17:414][  0]LogD3D12RHI: Error: Failed to create pipeline state with combined hash 1DA0CFE23969BF15, error 80070057.
[2026.08.30-08.25.17:414][  0]LogD3D12RHI: Warning: Failed to create graphics PSO with combined hash 0x1DA0CFE23969BF15:

[2026.08.30-08.25.17:414][  0]LogRHI: Error: Failed to create graphics pipeline, hashes: Vertex: 1ED3FECE4469C1A2F429FCB71D09F2A5EF8F1674, Pixel: 746139FF9308FAD707961C196B1A950F11C185AF, Pipeline: 0A35026B6E0757B6963B8399A7689C3A21F26FB5.
[2026.08.30-08.25.17:414][  0]LogD3D12RHI: Error: Failed to create pipeline state with combined hash 8F1825E02CC33D9D, error 80070057.
[2026.08.30-08.25.17:414][  0]LogD3D12RHI: Error: Failed to create pipeline state with combined hash F9B063B88475F61B, error 80070057.
[2026.08.30-08.25.17:414][  0]LogD3D12RHI: Warning: Failed to create graphics PSO with combined hash 0x8F1825E02CC33D9D:

[2026.08.30-08.25.17:414][  0]LogD3D12RHI: Warning: Failed to create graphics PSO with combined hash 0xF9B063B88475F61B:

[2026.08.30-08.25.17:414][  0]LogRHI: Error: Failed to create graphics pipeline, hashes: Vertex: ACC687F1F41CF8A00D4F84BB92D80386FEEA8427, Pipeline: 31DC4D844805E8A537217D3F853F9D71A5A3C7DB.
[2026.08.30-08.25.17:414][  0]LogRHI: Error: Failed to create graphics pipeline, hashes: Vertex: 80DEB39D4F078416775F3D50C27B381C50EB9A20, Pipeline: 7D97B8AB1344B739B765DA0F092A09800A5D3BFB.
[2026.08.30-08.25.17:416][  0]LogD3D12RHI: Warning: Failed to create graphics PSO with combined hash 0xBB2C239E14F8A0B2:
AlphaToCoverageEnable = 0
IndependentBlendEnable = 1
SampleMask = 0xFFFFFFFF
FillMode = 3
CullMode = 2
FrontCounterClockwise = 1
DepthBias = 0
DepthBiasClamp = 0.000000
SlopeScaledDepthBias = 0.000000
DepthClipEnable = 1
MultisampleEnable = 1
AntialiasedLineEnable = 0
ForcedSampleCount = 0
ConservativeRaster = 0
DepthEnable = 1
DepthWriteMask = 1
DepthFunc = 7
StencilEnable = 1
StencilReadMask = 0xFF
StencilWriteMask = 0xFF
FrontFace = { 1, 1, 1, 8 }
BackFace  = { 1, 1, 1, 8 }
InputLayout.NumElements = 12
InputLayout[0] = { "ATTRIBUTE", 0, 0x6, 0, 0, 0x0, 0 }
InputLayout[1] = { "ATTRIBUTE", 1, 0x1F, 1, 0, 0x0, 0 }
InputLayout[2] = { "ATTRIBUTE", 3, 0x1E, 3, 0, 0x0, 0 }
InputLayout[3] = { "ATTRIBUTE", 14, 0x1E, 4, 0, 0x0, 0 }
InputLayout[4] = { "ATTRIBUTE", 4, 0x1C, 5, 0, 0x0, 0 }
InputLayout[5] = { "ATTRIBUTE", 15, 0x1C, 6, 0, 0x0, 0 }
InputLayout[6] = { "ATTRIBUTE", 5, 0xA, 7, 0, 0x0, 0 }
InputLayout[7] = { "ATTRIBUTE", 6, 0xA, 8, 0, 0x0, 0 }
InputLayout[8] = { "ATTRIBUTE", 13, 0x57, 9, 0, 0x0, 0 }
InputLayout[9] = { "ATTRIBUTE", 9, 0x6, 10, 0, 0x0, 0 }
InputLayout[10] = { "ATTRIBUTE", 16, 0x2A, 10, 0, 0x1, 1 }
InputLayout[11] = { "ATTRIBUTE", 10, 0x6, 11, 0, 0x0, 0 }
IBStripCutValue = 0x0
PrimitiveTopologyType = 0x3
NumRenderTargets = 0
DSVFormat = 0x14
SampleDesc = { 1, 0 }
NodeMask = 0x1
Flags = 0x0

[2026.08.30-08.25.17:416][  0]LogRHI: Error: Failed to create graphics pipeline, hashes: Vertex: 4E88ADABAFD7F87212A21D019A3AB233521EB5D1, Pipeline: 719EBE14C0457B3EC79BC0661D4DEEA96D0D8A36.
[2026.08.30-08.25.17:416][  0]LogD3D12RHI: Warning: Failed to create graphics PSO with combined hash 0xBA40EE02F3A859B2:
AlphaToCoverageEnable = 0
IndependentBlendEnable = 1
SampleMask = 0xFFFFFFFF
FillMode = 3
CullMode = 3
FrontCounterClockwise = 1
DepthBias = 0
DepthBiasClamp = 0.000000
SlopeScaledDepthBias = 0.000000
DepthClipEnable = 1
MultisampleEnable = 1
AntialiasedLineEnable = 0
ForcedSampleCount = 0
ConservativeRaster = 0
DepthEnable = 1
DepthWriteMask = 1
DepthFunc = 7
StencilEnable = 1
StencilReadMask = 0x40
StencilWriteMask = 0xFF
FrontFace = { 1, 1, 1, 6 }
BackFace  = { 1, 1, 1, 6 }
InputLayout.NumElements = 12
InputLayout[0] = { "ATTRIBUTE", 0, 0x6, 0, 0, 0x0, 0 }
InputLayout[1] = { "ATTRIBUTE", 1, 0x1F, 1, 0, 0x0, 0 }
InputLayout[2] = { "ATTRIBUTE", 3, 0x1E, 3, 0, 0x0, 0 }
InputLayout[3] = { "ATTRIBUTE", 14, 0x1E, 4, 0, 0x0, 0 }
InputLayout[4] = { "ATTRIBUTE", 4, 0x1C, 5, 0, 0x0, 0 }
InputLayout[5] = { "ATTRIBUTE", 15, 0x1C, 6, 0, 0x0, 0 }
InputLayout[6] = { "ATTRIBUTE", 5, 0xA, 7, 0, 0x0, 0 }
InputLayout[7] = { "ATTRIBUTE", 6, 0xA, 8, 0, 0x0, 0 }
InputLayout[8] = { "ATTRIBUTE", 13, 0x57, 9, 0, 0x0, 0 }
InputLayout[9] = { "ATTRIBUTE", 9, 0x6, 10, 0, 0x0, 0 }
InputLayout[10] = { "ATTRIBUTE", 16, 0x2A, 10, 0, 0x1, 1 }
InputLayout[11] = { "ATTRIBUTE", 10, 0x6, 11, 0, 0x0, 0 }
IBStripCutValue = 0x0
PrimitiveTopologyType = 0x3
NumRenderTargets = 0
DSVFormat = 0x14
SampleDesc = { 1, 0 }
NodeMask = 0x1
Flags = 0x0

[2026.08.30-08.25.17:416][  0]LogRHI: Error: Failed to create graphics pipeline, hashes: Vertex: 4E88ADABAFD7F87212A21D019A3AB233521EB5D1, Pipeline: 719EBE14C0457B3EC79BC0661D4DEEA96D0D8A36.
[2026.08.30-08.25.17:416][  0]LogD3D12RHI: Warning: Failed to create graphics PSO with combined hash 0xF91074B8F941CE82:
AlphaToCoverageEnable = 0
IndependentBlendEnable = 1
SampleMask = 0xFFFFFFFF
FillMode = 3
CullMode = 1
FrontCounterClockwise = 1
DepthBias = 0
DepthBiasClamp = 0.000000
SlopeScaledDepthBias = 0.000000
DepthClipEnable = 1
MultisampleEnable = 1
AntialiasedLineEnable = 0
ForcedSampleCount = 0
ConservativeRaster = 0
DepthEnable = 1
DepthWriteMask = 1
DepthFunc = 7
StencilEnable = 1
StencilReadMask = 0x40
StencilWriteMask = 0xFF
FrontFace = { 1, 1, 1, 6 }
BackFace  = { 1, 1, 1, 6 }
InputLayout.NumElements = 12
InputLayout[0] = { "ATTRIBUTE", 0, 0x6, 0, 0, 0x0, 0 }
InputLayout[1] = { "ATTRIBUTE", 1, 0x1F, 1, 0, 0x0, 0 }
InputLayout[2] = { "ATTRIBUTE", 3, 0x1E, 3, 0, 0x0, 0 }
InputLayout[3] = { "ATTRIBUTE", 14, 0x1E, 4, 0, 0x0, 0 }
InputLayout[4] = { "ATTRIBUTE", 4, 0x1C, 5, 0, 0x0, 0 }
InputLayout[5] = { "ATTRIBUTE", 15, 0x1C, 6, 0, 0x0, 0 }
InputLayout[6] = { "ATTRIBUTE", 5, 0xA, 7, 0, 0x0, 0 }
InputLayout[7] = { "ATTRIBUTE", 6, 0xA, 8, 0, 0x0, 0 }
InputLayout[8] = { "ATTRIBUTE", 13, 0x57, 9, 0, 0x0, 0 }
InputLayout[9] = { "ATTRIBUTE", 9, 0x6, 10, 0, 0x0, 0 }
InputLayout[10] = { "ATTRIBUTE", 16, 0x2A, 10, 0, 0x1, 1 }
InputLayout[11] = { "ATTRIBUTE", 10, 0x6, 11, 0, 0x0, 0 }
IBStripCutValue = 0x0
PrimitiveTopologyType = 0x3
NumRenderTargets = 0
DSVFormat = 0x14
SampleDesc = { 1, 0 }
NodeMask = 0x1
Flags = 0x0

[2026.08.30-08.25.17:416][  0]LogRHI: Error: Failed to create graphics pipeline, hashes: Vertex: 4E88ADABAFD7F87212A21D019A3AB233521EB5D1, Pipeline: 719EBE14C0457B3EC79BC0661D4DEEA96D0D8A36.
[2026.08.30-08.25.17:417][  0]LogD3D12RHI: Error: Failed to create pipeline state with combined hash 3F87F3CBD63F7115, error 80070057.
[2026.08.30-08.25.17:417][  0]LogD3D12RHI: Error: Failed to create pipeline state with combined hash AE545EBA34F1DD3C, error 80070057.
[2026.08.30-08.25.17:417][  0]LogD3D12RHI: Error: Failed to create pipeline state with combined hash E3C215F0DC0880E5, error 80070057.
[2026.08.30-08.25.17:417][  0]LogD3D12RHI: Warning: Failed to create graphics PSO with combined hash 0x3F87F3CBD63F7115:

[2026.08.30-08.25.17:417][  0]LogD3D12RHI: Warning: Failed to create graphics PSO with combined hash 0xE3C215F0DC0880E5:

[2026.08.30-08.25.17:417][  0]LogD3D12RHI: Warning: Failed to create graphics PSO with combined hash 0xAE545EBA34F1DD3C:

[2026.08.30-08.25.17:417][  0]LogRHI: Error: Failed to create graphics pipeline, hashes: Vertex: B0C3FFE9664A36CBDD797424CF9A73769A9A7E89, Pipeline: C672E4AC58AD099470043F65A46681128E652CF9.
[2026.08.30-08.25.17:417][  0]LogD3D12RHI: Error: Failed to create pipeline state with combined hash 93C76B1D8EA83D60, error 80070057.
[2026.08.30-08.25.17:417][  0]LogRHI: Error: Failed to create graphics pipeline, hashes: Vertex: 12444E8BA4F236D3A2A310C51A03855D63CD73EA, Pixel: 08F466C936A4901813A4EEC19EB060DBDE110604, Pipeline: B9B0BB224A7C034C6A8DF85CA78E0E203006137D.
[2026.08.30-08.25.17:417][  0]LogRHI: Error: Failed to create graphics pipeline, hashes: Vertex: 12444E8BA4F236D3A2A310C51A03855D63CD73EA, Pixel: 29DB509F123935F266F38FE049927900A2361838, Pipeline: 69B043A385A081E4EBE003DBEBC4673A9789DDA3.
[2026.08.30-08.25.17:417][  0]LogD3D12RHI: Warning: Failed to create graphics PSO with combined hash 0x93C76B1D8EA83D60:

[2026.08.30-08.25.17:417][  0]LogConfig: Branch 'EditorPerProjectUserSettings' had been unloaded. Reloading on-demand took 0.10ms
[2026.08.30-08.25.17:417][  0]LogRHI: Error: Failed to create graphics pipeline, hashes: Vertex: B0C3FFE9664A36CBDD797424CF9A73769A9A7E89, Pipeline: C672E4AC58AD099470043F65A46681128E652CF9.
[2026.08.30-08.25.17:417][  0]LogD3D12RHI: Warning: Failed to create graphics PSO with combined hash 0xB59ABD140F414BEF:
AlphaToCoverageEnable = 0
IndependentBlendEnable = 1
SampleMask = 0xFFFFFFFF
FillMode = 3
CullMode = 1
FrontCounterClockwise = 1
DepthBias = 0
DepthBiasClamp = 0.000000
SlopeScaledDepthBias = 0.000000
DepthClipEnable = 1
MultisampleEnable = 1
AntialiasedLineEnable = 0
ForcedSampleCount = 0
ConservativeRaster = 0
DepthEnable = 1
DepthWriteMask = 1
DepthFunc = 7
StencilEnable = 1
StencilReadMask = 0x41
StencilWriteMask = 0x1
FrontFace = { 1, 1, 1, 3 }
BackFace  = { 1, 1, 1, 3 }
InputLayout.NumElements = 12
InputLayout[0] = { "ATTRIBUTE", 0, 0x6, 0, 0, 0x0, 0 }
InputLayout[1] = { "ATTRIBUTE", 1, 0x1F, 1, 0, 0x0, 0 }
InputLayout[2] = { "ATTRIBUTE", 3, 0x1E, 3, 0, 0x0, 0 }
InputLayout[3] = { "ATTRIBUTE", 14, 0x1E, 4, 0, 0x0, 0 }
InputLayout[4] = { "ATTRIBUTE", 4, 0x1C, 5, 0, 0x0, 0 }
InputLayout[5] = { "ATTRIBUTE", 15, 0x1C, 6, 0, 0x0, 0 }
InputLayout[6] = { "ATTRIBUTE", 5, 0xA, 7, 0, 0x0, 0 }
InputLayout[7] = { "ATTRIBUTE", 6, 0xA, 8, 0, 0x0, 0 }
InputLayout[8] = { "ATTRIBUTE", 13, 0x57, 9, 0, 0x0, 0 }
InputLayout[9] = { "ATTRIBUTE", 9, 0x6, 10, 0, 0x0, 0 }
InputLayout[10] = { "ATTRIBUTE", 16, 0x2A, 10, 0, 0x1, 1 }
InputLayout[11] = { "ATTRIBUTE", 10, 0x6, 11, 0, 0x0, 0 }
IBStripCutValue = 0x0
PrimitiveTopologyType = 0x3
NumRenderTargets = 0
DSVFormat = 0x14
SampleDesc = { 1, 0 }
NodeMask = 0x1
Flags = 0x0

[2026.08.30-08.25.17:417][  0]LogRHI: Error: Failed to create graphics pipeline, hashes: Vertex: 4E88ADABAFD7F87212A21D019A3AB233521EB5D1, Pipeline: 719EBE14C0457B3EC79BC0661D4DEEA96D0D8A36.
[2026.08.30-08.25.17:417][  0]LogD3D12RHI: Error: Failed to create pipeline state with combined hash 821AC389EE70007F, error 80070057.
[2026.08.30-08.25.17:417][  0]LogD3D12RHI: Warning: Failed to create graphics PSO with combined hash 0x821AC389EE70007F:

[2026.08.30-08.25.17:417][  0]LogRHI: Error: Failed to create graphics pipeline, hashes: Vertex: B0C3FFE9664A36CBDD797424CF9A73769A9A7E89, Pipeline: C672E4AC58AD099470043F65A46681128E652CF9.
[2026.08.30-08.25.17:417][  0]LogD3D12RHI: Error: Failed to create pipeline state with combined hash E4EC4B92DEC9C6EE, error 80070057.
[2026.08.30-08.25.17:417][  0]LogD3D12RHI: Error: Failed to create pipeline state with combined hash F9DDCB18807A3A53, error 80070057.
[2026.08.30-08.25.17:417][  0]LogD3D12RHI: Warning: Failed to create graphics PSO with combined hash 0xF9DDCB18807A3A53:

[2026.08.30-08.25.17:417][  0]LogD3D12RHI: Error: Failed to create pipeline state with combined hash 96409C1703F70200, error 80070057.
[2026.08.30-08.25.17:417][  0]LogD3D12RHI: Warning: Failed to create graphics PSO with combined hash 0xE4EC4B92DEC9C6EE:

[2026.08.30-08.25.17:417][  0]LogD3D12RHI: Warning: Failed to create graphics PSO with combined hash 0x96409C1703F70200:

[2026.08.30-08.25.17:417][  0]LogD3D12RHI: Error: Failed to create pipeline state with combined hash F87CA5CFDE8F6ACC, error 80070057.
[2026.08.30-08.25.17:417][  0]LogRHI: Error: Failed to create graphics pipeline, hashes: Vertex: B0C3FFE9664A36CBDD797424CF9A73769A9A7E89, Pipeline: C672E4AC58AD099470043F65A46681128E652CF9.
[2026.08.30-08.25.17:417][  0]LogD3D12RHI: Warning: Failed to create graphics PSO with combined hash 0xF87CA5CFDE8F6ACC:

[2026.08.30-08.25.17:417][  0]LogD3D12RHI: Error: Failed to create pipeline state with combined hash 20870A00F804F45F, error 80070057.
[2026.08.30-08.25.17:417][  0]LogD3D12RHI: Error: Failed to create pipeline state with combined hash 5364757487830F26, error 80070057.
[2026.08.30-08.25.17:417][  0]LogRHI: Error: Failed to create graphics pipeline, hashes: Vertex: B0C3FFE9664A36CBDD797424CF9A73769A9A7E89, Pipeline: C672E4AC58AD099470043F65A46681128E652CF9.
[2026.08.30-08.25.17:417][  0]LogD3D12RHI: Warning: Failed to create graphics PSO with combined hash 0x5364757487830F26:

[2026.08.30-08.25.17:417][  0]LogRHI: Error: Failed to create graphics pipeline, hashes: Vertex: B0C3FFE9664A36CBDD797424CF9A73769A9A7E89, Pipeline: C672E4AC58AD099470043F65A46681128E652CF9.
[2026.08.30-08.25.17:417][  0]LogD3D12RHI: Warning: Failed to create graphics PSO with combined hash 0x20870A00F804F45F:

[2026.08.30-08.25.17:417][  0]LogD3D12RHI: Error: Failed to create pipeline state with combined hash CF6D2E477F9C7A77, error 80070057.
[2026.08.30-08.25.17:417][  0]LogRHI: Error: Failed to create graphics pipeline, hashes: Vertex: B0C3FFE9664A36CBDD797424CF9A73769A9A7E89, Pipeline: C672E4AC58AD099470043F65A46681128E652CF9.
[2026.08.30-08.25.17:417][  0]LogD3D12RHI: Error: Failed to create pipeline state with combined hash 8E6D91D35505A5FD, error 80070057.
[2026.08.30-08.25.17:417][  0]LogD3D12RHI: Warning: Failed to create graphics PSO with combined hash 0xCF6D2E477F9C7A77:

[2026.08.30-08.25.17:417][  0]LogD3D12RHI: Warning: Failed to create graphics PSO with combined hash 0x8E6D91D35505A5FD:

[2026.08.30-08.25.17:417][  0]LogRHI: Error: Failed to create graphics pipeline, hashes: Vertex: B0C3FFE9664A36CBDD797424CF9A73769A9A7E89, Pipeline: C672E4AC58AD099470043F65A46681128E652CF9.
[2026.08.30-08.25.17:417][  0]LogRHI: Error: Failed to create graphics pipeline, hashes: Vertex: B0C3FFE9664A36CBDD797424CF9A73769A9A7E89, Pipeline: C672E4AC58AD099470043F65A46681128E652CF9.
[2026.08.30-08.25.17:417][  0]LogD3D12RHI: Error: Failed to create pipeline state with combined hash EEFF3EE201D6BB95, error 80070057.
[2026.08.30-08.25.17:417][  0]LogRHI: Error: Failed to create graphics pipeline, hashes: Vertex: B0C3FFE9664A36CBDD797424CF9A73769A9A7E89, Pipeline: C672E4AC58AD099470043F65A46681128E652CF9.
[2026.08.30-08.25.17:417][  0]LogD3D12RHI: Warning: Failed to create graphics PSO with combined hash 0xEEFF3EE201D6BB95:

[2026.08.30-08.25.17:417][  0]LogRHI: Error: Failed to create graphics pipeline, hashes: Vertex: B0C3FFE9664A36CBDD797424CF9A73769A9A7E89, Pipeline: C672E4AC58AD099470043F65A46681128E652CF9.
[2026.08.30-08.25.17:417][  0]LogRHI: Error: Failed to create graphics pipeline, hashes: Vertex: B0C3FFE9664A36CBDD797424CF9A73769A9A7E89, Pipeline: C672E4AC58AD099470043F65A46681128E652CF9.
[2026.08.30-08.25.17:417][  0]LogD3D12RHI: Error: Failed to create pipeline state with combined hash 44E0687043C893ED, error 80070057.
[2026.08.30-08.25.17:417][  0]LogD3D12RHI: Warning: Failed to create graphics PSO with combined hash 0x44E0687043C893ED:

[2026.08.30-08.25.17:417][  0]LogRHI: Error: Failed to create graphics pipeline, hashes: Vertex: B0C3FFE9664A36CBDD797424CF9A73769A9A7E89, Pipeline: C672E4AC58AD099470043F65A46681128E652CF9.
[2026.08.30-08.25.17:417][  0]LogD3D12RHI: Error: Failed to create pipeline state with combined hash 922A709AB5C9BE48, error 80070057.
[2026.08.30-08.25.17:417][  0]LogD3D12RHI: Warning: Failed to create graphics PSO with combined hash 0x922A709AB5C9BE48:

[2026.08.30-08.25.17:417][  0]LogRHI: Error: Failed to create graphics pipeline, hashes: Vertex: B0C3FFE9664A36CBDD797424CF9A73769A9A7E89, Pipeline: C672E4AC58AD099470043F65A46681128E652CF9.
[2026.08.30-08.25.17:417][  0]LogD3D12RHI: Error: Failed to create pipeline state with combined hash 93F0F960478FEA65, error 80070057.
[2026.08.30-08.25.17:417][  0]LogD3D12RHI: Warning: Failed to create graphics PSO with combined hash 0x93F0F960478FEA65:

[2026.08.30-08.25.17:417][  0]LogRHI: Error: Failed to create graphics pipeline, hashes: Vertex: B0C3FFE9664A36CBDD797424CF9A73769A9A7E89, Pipeline: C672E4AC58AD099470043F65A46681128E652CF9.
[2026.08.30-08.25.17:417][  0]LogD3D12RHI: Error: Failed to create pipeline state with combined hash D672BF5EDE766D01, error 80070057.
[2026.08.30-08.25.17:417][  0]LogD3D12RHI: Warning: Failed to create graphics PSO with combined hash 0xD672BF5EDE766D01:

[2026.08.30-08.25.17:417][  0]LogRHI: Error: Failed to create graphics pipeline, hashes: Vertex: 4307B0B7A4755A0FEB4578285A59DA5CF5B393FA, Pixel: D4B683997F4F2021680C7BA1C161613CDE189BF3, Pipeline: 622C15B4E93953D4B4B1E7A178DF1159B2368BB9.
[2026.08.30-08.25.17:417][  0]LogD3D12RHI: Error: Failed to create pipeline state with combined hash 402C042FCF56686B, error 80070057.
[2026.08.30-08.25.17:417][  0]LogD3D12RHI: Error: Failed to create pipeline state with combined hash 3303EBE14CE861FE, error 80070057.
[2026.08.30-08.25.17:417][  0]LogD3D12RHI: Error: Failed to create pipeline state with combined hash 6B8B18BD30A2673B, error 80070057.
[2026.08.30-08.25.17:417][  0]LogD3D12RHI: Error: Failed to create pipeline state with combined hash 7BE92A2C5FC4BB54, error 80070057.
[2026.08.30-08.25.17:417][  0]LogD3D12RHI: Warning: Failed to create graphics PSO with combined hash 0x7BE92A2C5FC4BB54:

[2026.08.30-08.25.17:417][  0]LogD3D12RHI: Warning: Failed to create graphics PSO with combined hash 0x402C042FCF56686B:

[2026.08.30-08.25.17:417][  0]LogRHI: Error: Failed to create graphics pipeline, hashes: Vertex: B2210A53D502E68DF6EB330DDC3A77AF023F0748, Pipeline: 418BE34480DB1AC15D31B5FD4BAC4339DF7200C5.
[2026.08.30-08.25.17:417][  0]LogD3D12RHI: Warning: Failed to create graphics PSO with combined hash 0x6B8B18BD30A2673B:

[2026.08.30-08.25.17:417][  0]LogRHI: Error: Failed to create graphics pipeline, hashes: Vertex: B2210A53D502E68DF6EB330DDC3A77AF023F0748, Pipeline: 418BE34480DB1AC15D31B5FD4BAC4339DF7200C5.
[2026.08.30-08.25.17:417][  0]LogD3D12RHI: Error: Failed to create pipeline state with combined hash F6D28F14BB97504E, error 80070057.
[2026.08.30-08.25.17:417][  0]LogD3D12RHI: Warning: Failed to create graphics PSO with combined hash 0x3303EBE14CE861FE:

[2026.08.30-08.25.17:417][  0]LogD3D12RHI: Error: Failed to create pipeline state with combined hash 11C5B7D257413851, error 80070057.
[2026.08.30-08.25.17:417][  0]LogD3D12RHI: Warning: Failed to create graphics PSO with combined hash 0xF6D28F14BB97504E:

[2026.08.30-08.25.17:417][  0]LogD3D12RHI: Error: Failed to create pipeline state with combined hash 585BBAF1B29558F4, error 80070057.
[2026.08.30-08.25.17:417][  0]LogRHI: Error: Failed to create graphics pipeline, hashes: Vertex: FAE7DCCB05A84768D6B46D071A70B1765DC05A3D, Pipeline: 869736595625C2475696E32F96DBCD1B409DDE19.
[2026.08.30-08.25.17:417][  0]LogRHI: Error: Failed to create graphics pipeline, hashes: Vertex: FAE7DCCB05A84768D6B46D071A70B1765DC05A3D, Pipeline: 869736595625C2475696E32F96DBCD1B409DDE19.
[2026.08.30-08.25.17:417][  0]LogD3D12RHI: Warning: Failed to create graphics PSO with combined hash 0x11C5B7D257413851:

[2026.08.30-08.25.17:417][  0]LogD3D12RHI: Warning: Failed to create graphics PSO with combined hash 0x585BBAF1B29558F4:

[2026.08.30-08.25.17:417][  0]LogRHI: Error: Failed to create graphics pipeline, hashes: Vertex: FAE7DCCB05A84768D6B46D071A70B1765DC05A3D, Pipeline: 869736595625C2475696E32F96DBCD1B409DDE19.
[2026.08.30-08.25.17:417][  0]LogRHI: Error: Failed to create graphics pipeline, hashes: Vertex: 4307B0B7A4755A0FEB4578285A59DA5CF5B393FA, Pixel: D4B683997F4F2021680C7BA1C161613CDE189BF3, Pipeline: 622C15B4E93953D4B4B1E7A178DF1159B2368BB9.
[2026.08.30-08.25.17:417][  0]LogRHI: Error: Failed to create graphics pipeline, hashes: Vertex: 4307B0B7A4755A0FEB4578285A59DA5CF5B393FA, Pixel: D4B683997F4F2021680C7BA1C161613CDE189BF3, Pipeline: 622C15B4E93953D4B4B1E7A178DF1159B2368BB9.
[2026.08.30-08.25.17:417][  0]LogD3D12RHI: Error: Failed to create pipeline state with combined hash DFDAAEF184A25535, error 80070057.
[2026.08.30-08.25.17:417][  0]LogD3D12RHI: Error: Failed to create pipeline state with combined hash 7EF98FBF5578C462, error 80070057.
[2026.08.30-08.25.17:417][  0]LogD3D12RHI: Error: Failed to create pipeline state with combined hash DB1FB17879DCD6C3, error 80070057.
[2026.08.30-08.25.17:417][  0]LogD3D12RHI: Warning: Failed to create graphics PSO with combined hash 0xDFDAAEF184A25535:

[2026.08.30-08.25.17:417][  0]LogRHI: Error: Failed to create graphics pipeline, hashes: Vertex: 0DCB8C2D2434EF041366F3B57A5C28526F94FF21, Pixel: 746139FF9308FAD707961C196B1A950F11C185AF, Pipeline: BC84181476EAA62512D0D353343A0BB757AB6D77.
[2026.08.30-08.25.17:417][  0]LogD3D12RHI: Warning: Failed to create graphics PSO with combined hash 0x7EF98FBF5578C462:

[2026.08.30-08.25.17:417][  0]LogD3D12RHI: Warning: Failed to create graphics PSO with combined hash 0xDB1FB17879DCD6C3:

[2026.08.30-08.25.17:417][  0]LogRHI: Error: Failed to create graphics pipeline, hashes: Vertex: B0C3FFE9664A36CBDD797424CF9A73769A9A7E89, Pipeline: C672E4AC58AD099470043F65A46681128E652CF9.
[2026.08.30-08.25.17:417][  0]LogRHI: Error: Failed to create graphics pipeline, hashes: Vertex: B2210A53D502E68DF6EB330DDC3A77AF023F0748, Pipeline: 418BE34480DB1AC15D31B5FD4BAC4339DF7200C5.
[2026.08.30-08.25.17:417][  0]LogD3D12RHI: Warning: Failed to create graphics PSO with combined hash 0x368E5A9773DAF10F:
AlphaToCoverageEnable = 0
IndependentBlendEnable = 1
SampleMask = 0xFFFFFFFF
FillMode = 3
CullMode = 1
FrontCounterClockwise = 1
DepthBias = 0
DepthBiasClamp = 0.000000
SlopeScaledDepthBias = 0.000000
DepthClipEnable = 1
MultisampleEnable = 1
AntialiasedLineEnable = 0
ForcedSampleCount = 0
ConservativeRaster = 0
DepthEnable = 1
DepthWriteMask = 1
DepthFunc = 7
StencilEnable = 1
StencilReadMask = 0xFF
StencilWriteMask = 0xFF
FrontFace = { 1, 1, 1, 8 }
BackFace  = { 1, 1, 1, 8 }
InputLayout.NumElements = 12
InputLayout[0] = { "ATTRIBUTE", 0, 0x6, 0, 0, 0x0, 0 }
InputLayout[1] = { "ATTRIBUTE", 1, 0x1F, 1, 0, 0x0, 0 }
InputLayout[2] = { "ATTRIBUTE", 3, 0x1E, 3, 0, 0x0, 0 }
InputLayout[3] = { "ATTRIBUTE", 14, 0x1E, 4, 0, 0x0, 0 }
InputLayout[4] = { "ATTRIBUTE", 4, 0x1C, 5, 0, 0x0, 0 }
InputLayout[5] = { "ATTRIBUTE", 15, 0x1C, 6, 0, 0x0, 0 }
InputLayout[6] = { "ATTRIBUTE", 5, 0xA, 7, 0, 0x0, 0 }
InputLayout[7] = { "ATTRIBUTE", 6, 0xA, 8, 0, 0x0, 0 }
InputLayout[8] = { "ATTRIBUTE", 13, 0x57, 9, 0, 0x0, 0 }
InputLayout[9] = { "ATTRIBUTE", 9, 0x6, 10, 0, 0x0, 0 }
InputLayout[10] = { "ATTRIBUTE", 16, 0x2A, 10, 0, 0x1, 1 }
InputLayout[11] = { "ATTRIBUTE", 10, 0x6, 11, 0, 0x0, 0 }
IBStripCutValue = 0x0
PrimitiveTopologyType = 0x3
NumRenderTargets = 0
DSVFormat = 0x14
SampleDesc = { 1, 0 }
NodeMask = 0x1
Flags = 0x0

[2026.08.30-08.25.17:417][  0]LogRHI: Error: Failed to create graphics pipeline, hashes: Vertex: 4E88ADABAFD7F87212A21D019A3AB233521EB5D1, Pipeline: 719EBE14C0457B3EC79BC0661D4DEEA96D0D8A36.
[2026.08.30-08.25.17:418][  0]LogD3D12RHI: Warning: Failed to create graphics PSO with combined hash 0xADE4D3F673041F84:
AlphaToCoverageEnable = 0
IndependentBlendEnable = 1
SampleMask = 0xFFFFFFFF
FillMode = 3
CullMode = 3
FrontCounterClockwise = 1
DepthBias = 0
DepthBiasClamp = 0.000000
SlopeScaledDepthBias = 0.000000
DepthClipEnable = 1
MultisampleEnable = 1
AntialiasedLineEnable = 0
ForcedSampleCount = 0
ConservativeRaster = 0
DepthEnable = 1
DepthWriteMask = 1
DepthFunc = 7
StencilEnable = 1
StencilReadMask = 0xFF
StencilWriteMask = 0xFF
FrontFace = { 1, 1, 1, 8 }
BackFace  = { 1, 1, 1, 8 }
InputLayout.NumElements = 12
InputLayout[0] = { "ATTRIBUTE", 0, 0x6, 0, 0, 0x0, 0 }
InputLayout[1] = { "ATTRIBUTE", 1, 0x1F, 1, 0, 0x0, 0 }
InputLayout[2] = { "ATTRIBUTE", 3, 0x1E, 3, 0, 0x0, 0 }
InputLayout[3] = { "ATTRIBUTE", 14, 0x1E, 4, 0, 0x0, 0 }
InputLayout[4] = { "ATTRIBUTE", 4, 0x1C, 5, 0, 0x0, 0 }
InputLayout[5] = { "ATTRIBUTE", 15, 0x1C, 6, 0, 0x0, 0 }
InputLayout[6] = { "ATTRIBUTE", 5, 0xA, 7, 0, 0x0, 0 }
InputLayout[7] = { "ATTRIBUTE", 6, 0xA, 8, 0, 0x0, 0 }
InputLayout[8] = { "ATTRIBUTE", 13, 0x57, 9, 0, 0x0, 0 }
InputLayout[9] = { "ATTRIBUTE", 9, 0x6, 10, 0, 0x0, 0 }
InputLayout[10] = { "ATTRIBUTE", 16, 0x2A, 10, 0, 0x1, 1 }
InputLayout[11] = { "ATTRIBUTE", 10, 0x6, 11, 0, 0x0, 0 }
IBStripCutValue = 0x0
PrimitiveTopologyType = 0x3
NumRenderTargets = 0
DSVFormat = 0x14
SampleDesc = { 1, 0 }
NodeMask = 0x1
Flags = 0x0

[2026.08.30-08.25.17:418][  0]LogRHI: Error: Failed to create graphics pipeline, hashes: Vertex: 4E88ADABAFD7F87212A21D019A3AB233521EB5D1, Pipeline: 719EBE14C0457B3EC79BC0661D4DEEA96D0D8A36.
[2026.08.30-08.25.17:418][  0]LogD3D12RHI: Warning: Failed to create graphics PSO with combined hash 0x259199E88F26F818:
AlphaToCoverageEnable = 0
IndependentBlendEnable = 1
RenderTarget[0] = { 0, 0, 0x2, 0x1, 0x1, 0x2, 0x1, 0x1, 0x0, 0x0 }
SampleMask = 0xFFFFFFFF
FillMode = 3
CullMode = 1
FrontCounterClockwise = 1
DepthBias = 0
DepthBiasClamp = 0.000000
SlopeScaledDepthBias = 0.000000
DepthClipEnable = 1
MultisampleEnable = 1
AntialiasedLineEnable = 0
ForcedSampleCount = 0
ConservativeRaster = 0
DepthEnable = 1
DepthWriteMask = 0
DepthFunc = 7
StencilEnable = 1
StencilReadMask = 0x7
StencilWriteMask = 0x7
FrontFace = { 1, 1, 1, 8 }
BackFace  = { 1, 1, 1, 8 }
InputLayout.NumElements = 12
InputLayout[0] = { "ATTRIBUTE", 0, 0x6, 0, 0, 0x0, 0 }
InputLayout[1] = { "ATTRIBUTE", 1, 0x1F, 1, 0, 0x0, 0 }
InputLayout[2] = { "ATTRIBUTE", 3, 0x1E, 3, 0, 0x0, 0 }
InputLayout[3] = { "ATTRIBUTE", 14, 0x1E, 4, 0, 0x0, 0 }
InputLayout[4] = { "ATTRIBUTE", 4, 0x1C, 5, 0, 0x0, 0 }
InputLayout[5] = { "ATTRIBUTE", 15, 0x1C, 6, 0, 0x0, 0 }
InputLayout[6] = { "ATTRIBUTE", 5, 0xA, 7, 0, 0x0, 0 }
InputLayout[7] = { "ATTRIBUTE", 6, 0xA, 8, 0, 0x0, 0 }
InputLayout[8] = { "ATTRIBUTE", 13, 0x57, 9, 0, 0x0, 0 }
InputLayout[9] = { "ATTRIBUTE", 9, 0x6, 10, 0, 0x0, 0 }
InputLayout[10] = { "ATTRIBUTE", 16, 0x2A, 10, 0, 0x1, 1 }
InputLayout[11] = { "ATTRIBUTE", 10, 0x6, 11, 0, 0x0, 0 }
IBStripCutValue = 0x0
PrimitiveTopologyType = 0x3
NumRenderTargets = 1
RTVFormats[0] = 0x57
DSVFormat = 0x14
SampleDesc = { 1, 0 }
NodeMask = 0x1
Flags = 0x0

[2026.08.30-08.25.17:419][  0]LogRHI: Error: Failed to create graphics pipeline, hashes: Vertex: 4E88ADABAFD7F87212A21D019A3AB233521EB5D1, Pipeline: 719EBE14C0457B3EC79BC0661D4DEEA96D0D8A36.
[2026.08.30-08.25.17:419][  0]LogD3D12RHI: Warning: Failed to create graphics PSO with combined hash 0x460D4CEAF2F09C70:
AlphaToCoverageEnable = 0
IndependentBlendEnable = 1
RenderTarget[0] = { 0, 0, 0x2, 0x1, 0x1, 0x2, 0x1, 0x1, 0x0, 0xF }
RenderTarget[1] = { 0, 0, 0x2, 0x1, 0x1, 0x2, 0x1, 0x1, 0x0, 0xF }
RenderTarget[2] = { 0, 0, 0x2, 0x1, 0x1, 0x2, 0x1, 0x1, 0x0, 0xF }
RenderTarget[3] = { 0, 0, 0x2, 0x1, 0x1, 0x2, 0x1, 0x1, 0x0, 0xF }
RenderTarget[4] = { 0, 0, 0x2, 0x1, 0x1, 0x2, 0x1, 0x1, 0x0, 0xF }
RenderTarget[5] = { 0, 0, 0x2, 0x1, 0x1, 0x2, 0x1, 0x1, 0x0, 0xF }
SampleMask = 0xFFFFFFFF
FillMode = 3
CullMode = 3
FrontCounterClockwise = 1
DepthBias = 0
DepthBiasClamp = 0.000000
SlopeScaledDepthBias = 0.000000
DepthClipEnable = 1
MultisampleEnable = 1
AntialiasedLineEnable = 0
ForcedSampleCount = 0
ConservativeRaster = 0
DepthEnable = 1
DepthWriteMask = 0
DepthFunc = 7
StencilEnable = 1
StencilReadMask = 0x40
StencilWriteMask = 0xBE
FrontFace = { 1, 1, 1, 6 }
BackFace  = { 1, 1, 1, 6 }
InputLayout.NumElements = 12
InputLayout[0] = { "ATTRIBUTE", 0, 0x6, 0, 0, 0x0, 0 }
InputLayout[1] = { "ATTRIBUTE", 1, 0x1F, 1, 0, 0x0, 0 }
InputLayout[2] = { "ATTRIBUTE", 3, 0x1E, 3, 0, 0x0, 0 }
InputLayout[3] = { "ATTRIBUTE", 14, 0x1E, 4, 0, 0x0, 0 }
InputLayout[4] = { "ATTRIBUTE", 4, 0x1C, 5, 0, 0x0, 0 }
InputLayout[5] = { "ATTRIBUTE", 15, 0x1C, 6, 0, 0x0, 0 }
InputLayout[6] = { "ATTRIBUTE", 5, 0xA, 7, 0, 0x0, 0 }
InputLayout[7] = { "ATTRIBUTE", 6, 0xA, 8, 0, 0x0, 0 }
InputLayout[8] = { "ATTRIBUTE", 13, 0x57, 9, 0, 0x0, 0 }
InputLayout[9] = { "ATTRIBUTE", 9, 0x6, 10, 0, 0x0, 0 }
InputLayout[10] = { "ATTRIBUTE", 16, 0x2A, 10, 0, 0x1, 1 }
InputLayout[11] = { "ATTRIBUTE", 10, 0x6, 11, 0, 0x0, 0 }
IBStripCutValue = 0x0
PrimitiveTopologyType = 0x3
NumRenderTargets = 6
RTVFormats[0] = 0x1A
RTVFormats[1] = 0x18
RTVFormats[2] = 0x57
RTVFormats[3] = 0x5B
RTVFormats[4] = 0x57
RTVFormats[5] = 0x57
DSVFormat = 0x14
SampleDesc = { 1, 0 }
NodeMask = 0x1
Flags = 0x0

[2026.08.30-08.25.17:419][  0]LogRHI: Error: Failed to create graphics pipeline, hashes: Vertex: EC4D89357559AA2A3C74C13542E407ACF21D5524, Pixel: 29DB509F123935F266F38FE049927900A2361838, Pipeline: 92FCB85339EF8E583829FE06B2D6E98FEF8D76A3.
[2026.08.30-08.25.17:420][  0]LogD3D12RHI: Warning: Failed to create graphics PSO with combined hash 0x47C598F33FEABDCC:
AlphaToCoverageEnable = 0
IndependentBlendEnable = 1
RenderTarget[0] = { 0, 0, 0x2, 0x1, 0x1, 0x2, 0x1, 0x1, 0x0, 0xF }
RenderTarget[1] = { 0, 0, 0x2, 0x1, 0x1, 0x2, 0x1, 0x1, 0x0, 0xF }
RenderTarget[2] = { 0, 0, 0x2, 0x1, 0x1, 0x2, 0x1, 0x1, 0x0, 0xF }
RenderTarget[3] = { 0, 0, 0x2, 0x1, 0x1, 0x2, 0x1, 0x1, 0x0, 0xF }
RenderTarget[4] = { 0, 0, 0x2, 0x1, 0x1, 0x2, 0x1, 0x1, 0x0, 0xF }
RenderTarget[5] = { 0, 0, 0x2, 0x1, 0x1, 0x2, 0x1, 0x1, 0x0, 0xF }
SampleMask = 0xFFFFFFFF
FillMode = 3
CullMode = 3
FrontCounterClockwise = 1
DepthBias = 0
DepthBiasClamp = 0.000000
SlopeScaledDepthBias = 0.000000
DepthClipEnable = 1
MultisampleEnable = 1
AntialiasedLineEnable = 0
ForcedSampleCount = 0
ConservativeRaster = 0
DepthEnable = 1
DepthWriteMask = 0
DepthFunc = 7
StencilEnable = 1
StencilReadMask = 0x40
StencilWriteMask = 0xBE
FrontFace = { 1, 1, 1, 6 }
BackFace  = { 1, 1, 1, 6 }
InputLayout.NumElements = 12
InputLayout[0] = { "ATTRIBUTE", 0, 0x6, 0, 0, 0x0, 0 }
InputLayout[1] = { "ATTRIBUTE", 1, 0x1F, 1, 0, 0x0, 0 }
InputLayout[2] = { "ATTRIBUTE", 3, 0x1E, 3, 0, 0x0, 0 }
InputLayout[3] = { "ATTRIBUTE", 14, 0x1E, 4, 0, 0x0, 0 }
InputLayout[4] = { "ATTRIBUTE", 4, 0x1C, 5, 0, 0x0, 0 }
InputLayout[5] = { "ATTRIBUTE", 15, 0x1C, 6, 0, 0x0, 0 }
InputLayout[6] = { "ATTRIBUTE", 5, 0xA, 7, 0, 0x0, 0 }
InputLayout[7] = { "ATTRIBUTE", 6, 0xA, 8, 0, 0x0, 0 }
InputLayout[8] = { "ATTRIBUTE", 13, 0x57, 9, 0, 0x0, 0 }
InputLayout[9] = { "ATTRIBUTE", 9, 0x6, 10, 0, 0x0, 0 }
InputLayout[10] = { "ATTRIBUTE", 16, 0x2A, 10, 0, 0x1, 1 }
InputLayout[11] = { "ATTRIBUTE", 10, 0x6, 11, 0, 0x0, 0 }
IBStripCutValue = 0x0
PrimitiveTopologyType = 0x3
NumRenderTargets = 6
RTVFormats[0] = 0x1A
RTVFormats[1] = 0x18
RTVFormats[2] = 0x57
RTVFormats[3] = 0x5B
RTVFormats[4] = 0x57
RTVFormats[5] = 0x57
DSVFormat = 0x14
SampleDesc = { 1, 0 }
NodeMask = 0x1
Flags = 0x0

[2026.08.30-08.25.17:420][  0]LogRHI: Error: Failed to create graphics pipeline, hashes: Vertex: EC4D89357559AA2A3C74C13542E407ACF21D5524, Pixel: 08F466C936A4901813A4EEC19EB060DBDE110604, Pipeline: F15D7F52E76B1984CEF1DBA7283F2EAFFB6BC467.
[2026.08.30-08.25.17:423][  0]LogD3D12RHI: Error: Failed to create pipeline state with combined hash C712265347AFAFAE, error 80070057.
[2026.08.30-08.25.17:423][  0]LogD3D12RHI: Warning: Failed to create graphics PSO with combined hash 0xC712265347AFAFAE:

[2026.08.30-08.25.17:423][  0]LogRHI: Error: Failed to create graphics pipeline, hashes: Vertex: 065A6E225A1329F2F1432DFA752C8DED0CD4E39D, Pixel: 9986C9BBA9916DB2AE9DAAEBC6FC4A4AF3EF41B4, Pipeline: 0F7FAB63707255446473AABEE758F8C7A5896F6D.
[2026.08.30-08.25.17:423][  0]LogD3D12RHI: Error: Failed to create pipeline state with combined hash 3DA4DE9EB5F51A15, error 80070057.
[2026.08.30-08.25.17:423][  0]LogD3D12RHI: Warning: Failed to create graphics PSO with combined hash 0x3DA4DE9EB5F51A15:

[2026.08.30-08.25.17:423][  0]LogRHI: Error: Failed to create graphics pipeline, hashes: Vertex: 84DFB8060A712867812F4441805E968B7C8FC1B9, Pixel: 9986C9BBA9916DB2AE9DAAEBC6FC4A4AF3EF41B4, Pipeline: 35D94842EA683DD44AF0BE36A16C43C90A52291D.
[2026.08.30-08.25.17:425][  0]LogD3D12RHI: Error: Failed to create pipeline state with combined hash 4CEF2C086267F284, error 80070057.
[2026.08.30-08.25.17:425][  0]LogD3D12RHI: Warning: Failed to create graphics PSO with combined hash 0x4CEF2C086267F284:

[2026.08.30-08.25.17:425][  0]LogRHI: Error: Failed to create graphics pipeline, hashes: Vertex: 88330D96BE01F0A92B52CB297B7CDC9D55A34909, Pixel: 9986C9BBA9916DB2AE9DAAEBC6FC4A4AF3EF41B4, Pipeline: 639183A9683C590A72C3FD68D8669389BC0DEAA6.
[2026.08.30-08.25.17:425][  0]LogD3D12RHI: Error: Failed to create pipeline state with combined hash 6F8CFAD0085804CF, error 80070057.
[2026.08.30-08.25.17:425][  0]LogD3D12RHI: Warning: Failed to create graphics PSO with combined hash 0x6F8CFAD0085804CF:

[2026.08.30-08.25.17:425][  0]LogRHI: Error: Failed to create graphics pipeline, hashes: Vertex: EEA71DB9242DDAD95708BB76DEBE569081796F1F, Pixel: 9986C9BBA9916DB2AE9DAAEBC6FC4A4AF3EF41B4, Pipeline: C58699B5205BA6EC96CCB2E94BE3D96D966F5748.
[2026.08.30-08.25.17:425][  0]LogD3D12RHI: Error: Failed to create pipeline state with combined hash E339B96AD556B199, error 80070057.
[2026.08.30-08.25.17:425][  0]LogD3D12RHI: Warning: Failed to create graphics PSO with combined hash 0xE339B96AD556B199:

[2026.08.30-08.25.17:425][  0]LogRHI: Error: Failed to create graphics pipeline, hashes: Vertex: 2DD402F3E486DC38328AF6AF2D23BC28921C46A9, Pixel: 4C0E73E217F0039DC4048ED2569ECD7BBB469D7D, Pipeline: 4293E73624E4240CBF3006A62840695990F7CC6F.
[2026.08.30-08.25.17:425][  0]LogD3D12RHI: Error: Failed to create pipeline state with combined hash 5EBC9BEA5529500E, error 80070057.
[2026.08.30-08.25.17:425][  0]LogD3D12RHI: Warning: Failed to create graphics PSO with combined hash 0x5EBC9BEA5529500E:

[2026.08.30-08.25.17:425][  0]LogRHI: Error: Failed to create graphics pipeline, hashes: Vertex: 9088E77B515A4442320BFC2450491915283A8852, Pixel: D845586CB814D3A4813EE267EA9BCA6C1A2F400C, Pipeline: B41C5E1D77B780E1D3C46FA824125202E1B84723.
[2026.08.30-08.25.17:426][  0]LogD3D12RHI: Error: Failed to create pipeline state with combined hash 97849E58EF7AB173, error 80070057.
[2026.08.30-08.25.17:426][  0]LogD3D12RHI: Error: Failed to create pipeline state with combined hash 6261DE04A1D17C3A, error 80070057.
[2026.08.30-08.25.17:426][  0]LogD3D12RHI: Warning: Failed to create graphics PSO with combined hash 0x6261DE04A1D17C3A:

[2026.08.30-08.25.17:426][  0]LogD3D12RHI: Warning: Failed to create graphics PSO with combined hash 0x97849E58EF7AB173:

[2026.08.30-08.25.17:426][  0]LogRHI: Error: Failed to create graphics pipeline, hashes: Vertex: 05D20340F5DEC143D305FE28CE361E24FB92F6BA, Pixel: AFBC3395938685DF6C59F36099D79130EFB5A19D, Pipeline: 6825E0598A20EAE205B81D374633559012703E11.
[2026.08.30-08.25.17:426][  0]LogRHI: Error: Failed to create graphics pipeline, hashes: Vertex: 05D20340F5DEC143D305FE28CE361E24FB92F6BA, Pixel: 7D541B16E298EAC86B799E3FD30441146C3770A9, Pipeline: 4DD7926B076CA00071A9C79B8688012E3C07A18E.
[2026.08.30-08.25.17:426][  0]LogD3D12RHI: Error: Failed to create pipeline state with combined hash CD6C127A86C7DCCD, error 80070057.
[2026.08.30-08.25.17:426][  0]LogD3D12RHI: Warning: Failed to create graphics PSO with combined hash 0xCD6C127A86C7DCCD:

[2026.08.30-08.25.17:426][  0]LogRHI: Error: Failed to create graphics pipeline, hashes: Vertex: 05D20340F5DEC143D305FE28CE361E24FB92F6BA, Pixel: 8533779CE82D8C4B79F59AB2607F9DF1F76E6F4E, Pipeline: C8EC647DD846CEFFDC34B568CAD88A28F530869D.
[2026.08.30-08.25.17:426][  0]LogD3D12RHI: Error: Failed to create pipeline state with combined hash 3134E0BAC9FF33EC, error 80070057.
[2026.08.30-08.25.17:426][  0]LogD3D12RHI: Warning: Failed to create graphics PSO with combined hash 0x3134E0BAC9FF33EC:

[2026.08.30-08.25.17:426][  0]LogRHI: Error: Failed to create graphics pipeline, hashes: Vertex: 94CB8A6F7E9E3D887BAA91A42D73DFBBEA310822, Pixel: 02524B0DEBFE636505DCAD1E01EEDCDB90E527E0, Pipeline: 227005BE9A55E7DAC5297111E0876F4FDDB530AF.
[2026.08.30-08.25.17:440][  0]LogPackageLocalizationCache: Processed 106 localized package path(s) for 2 prioritized culture(s) in 0.000411 seconds
[2026.08.30-08.25.17:444][  0]LogConfig: Branch 'GameplayTagsList' had been unloaded. Reloading on-demand took 0.20ms
[2026.08.30-08.25.17:449][  0]LogConfig: Branch 'Mass' had been unloaded. Reloading on-demand took 0.12ms
[2026.08.30-08.25.17:474][  0]LogConfig: Branch 'Debug' had been unloaded. Reloading on-demand took 0.13ms
[2026.08.30-08.25.17:482][  0]LogStats: UGameplayTagsManager::InitializeManager -  0.008 s
[2026.08.30-08.25.17:505][  0]LogConfig: Branch 'AnimBudgeter' had been unloaded. Reloading on-demand took 0.11ms
[2026.08.30-08.25.17:509][  0]LogConfig: Branch 'FastGeoStreaming' had been unloaded. Reloading on-demand took 0.17ms
[2026.08.30-08.25.17:583][  0]LogAudioCaptureCore: Display: No Audio Capture implementations found. Audio input will be silent.
[2026.08.30-08.25.17:583][  0]LogAudioCaptureCore: Display: No Audio Capture implementations found. Audio input will be silent.
[2026.08.30-08.25.17:589][  0]LogConfig: Branch 'BlockoutTools' had been unloaded. Reloading on-demand took 0.10ms
[2026.08.30-08.25.17:590][  0]LogMetaSound: Display: MetaSound Page Target Initialized to 'Default'
[2026.08.30-08.25.17:607][  0]LogWwise: WwiseModule: Loading AkAudio
[2026.08.30-08.25.17:607][  0]LogLoad: Loading WwiseSoundEngine module: WwiseSoundEngine
[2026.08.30-08.25.17:607][  0]LogWwiseSoundEngine: Display: Loading Wwise SoundEngine 2023.1.8 (Integration 2023.1)
[2026.08.30-08.25.17:607][  0]LogAkAudio: FAkAudioModule::UpdateWwiseResourceLoaderSettings : Updating Resource Loader settings.
[2026.08.30-08.25.17:607][  0]LogLoad: Loading WwiseResourceLoader module: WwiseResourceLoader
[2026.08.30-08.25.17:607][  0]LogWwiseResourceLoader: Display: Initializing default Resource Loader.
[2026.08.30-08.25.17:607][  0]LogAkAudio: Wwise(R) SDK Version 2023.1.8 Build 8601 [Release(StaticCRT)]. (C) 2006-2024. Audiokinetic Inc. All rights reserved.
[2026.08.30-08.25.17:607][  0]LogLoad: Loading WwiseFileHandler module: WwiseFileHandler
[2026.08.30-08.25.17:607][  0]LogLoad: Loading WwiseProcessing module: WwiseProcessing
[2026.08.30-08.25.17:607][  0]LogWwiseProcessing: Display: Initializing default Processing.
[2026.08.30-08.25.17:607][  0]LogAkAudio: Wwise plug-in DLL path: C:/Program Files (x86)/Steam/steamapps/common/Splitgate 2/Engine/Plugins/Audio/Wwise/ThirdParty/x64_vc170/Release/bin/
[2026.08.30-08.25.17:609][  0]LogAkAudio: Wwise SoundEngine successfully initialized.
[2026.08.30-08.25.17:609][  0]LogAkAudio: Initialization complete.
[2026.08.30-08.25.17:609][  0]LogAkAudio: Audiokinetic Audio Device initialized.
[2026.08.30-08.25.17:609][  0]LogLoad: Loading WwiseConcurrency module: WwiseConcurrency
[2026.08.30-08.25.17:609][  0]LogWwiseConcurrency: Display: Initializing default Concurrency.
[2026.08.30-08.25.17:679][  0]LogAkAudio: FAkAudioDevice::LoadDelayedObjects: Loading 7 delayed Wwise Objects after initialization.
[2026.08.30-08.25.17:918][  0]LogMoviePlayer: Initializing movie player
[2026.08.30-08.25.17:971][  0]LogWwiseNiagara: Display: Initializing default Niagara.
[2026.08.30-08.25.17:972][  0]LogGauntlet: Display: Gauntlet Initialized
[2026.08.30-08.25.17:981][  0]LogAudio: Display: Registering Engine Module Parameter Interfaces...
[2026.08.30-08.25.17:982][  0]LogMetaSound: MetaSound Engine Initialized
[2026.08.30-08.25.17:982][  0]LogSteamShared: Display: Loading Steam SDK 1.57
[2026.08.30-08.25.17:986][  0]LogSteamShared: Steam SDK Loaded!
[2026.08.30-08.25.17:990][  0]AudioGameplayLog: FAudioGameplayModule::StartupModule
[2026.08.30-08.25.17:990][  0]LogToxMod: Display: ToxMod Core SDK Version: 1.8.3
[2026.08.30-08.25.18:014][  0]LogUObjectArray: 46936 objects as part of root set at end of initial load.
[2026.08.30-08.25.18:014][  0]LogUObjectArray: 833 objects are not in the root set, but can never be destroyed because they are in the DisregardForGC set.
[2026.08.30-08.25.18:014][  0]LogUObjectArray: CloseDisregardForGC: 46936/46936 objects in disregard for GC pool
[2026.08.30-08.25.18:025][  0]LogStreaming: Display: AsyncLoading2 - NotifyRegistrationComplete: Registered 44818 public script object entries (1185.80 KB)
[2026.08.30-08.25.18:027][  0]LogStreaming: Display: AsyncLoading2 - Thread Started: true, IsInitialLoad: false
[2026.08.30-08.25.18:092][  0]LogEngine: Initializing Engine...
[2026.08.30-08.25.18:092][  0]LogGameFeatures: Initializing game features subsystem
[2026.08.30-08.25.18:092][  0]LogSentrySdk: Sentry plugin auto initialization: false
[2026.08.30-08.25.18:092][  0]LogCore1047Crash: Initializing sentry crash backend
[2026.08.30-08.25.18:093][  0]LogSentrySdk: using database path "C:\Users\<USER>\AppData\Local\PortalWars2\.sentry-native"
[2026.08.30-08.25.18:140][  0]LogSentrySdk: started crashpad client handler
[2026.08.30-08.25.18:150][  0]LogSentrySdk: Sentry initialization completed with result 0 (0 on success).
[2026.08.30-08.25.18:150][  0]LogWindows: Attached monitors:
[2026.08.30-08.25.18:150][  0]LogWindows:     resolution: 3440x1440, work area: (0, 0) -> (3440, 1392), device: '\\.\DISPLAY1' [PRIMARY]
[2026.08.30-08.25.18:150][  0]LogWindows:     resolution: 1080x1920, work area: (3440, -209) -> (4520, 1663), device: '\\.\DISPLAY2'
[2026.08.30-08.25.18:150][  0]LogWindows:     resolution: 1080x1920, work area: (-1080, -206) -> (0, 1666), device: '\\.\DISPLAY3'
[2026.08.30-08.25.18:150][  0]LogWindows: Found 3 attached monitors.
[2026.08.30-08.25.18:150][  0]LogWindows: Gathering driver information using Windows Setup API
[2026.08.30-08.25.18:151][  0]LogCore1047Crash: Crash context user id is 930e9d064bddb699da3ce6b1bb2e60c5
[2026.08.30-08.25.18:157][  0]LogWindows: Attached monitors:
[2026.08.30-08.25.18:157][  0]LogWindows:     resolution: 3440x1440, work area: (0, 0) -> (3440, 1392), device: '\\.\DISPLAY1' [PRIMARY]
[2026.08.30-08.25.18:157][  0]LogWindows:     resolution: 1080x1920, work area: (3440, -209) -> (4520, 1663), device: '\\.\DISPLAY2'
[2026.08.30-08.25.18:157][  0]LogWindows:     resolution: 1080x1920, work area: (-1080, -206) -> (0, 1666), device: '\\.\DISPLAY3'
[2026.08.30-08.25.18:157][  0]LogWindows: Found 3 attached monitors.
[2026.08.30-08.25.18:157][  0]LogWindows: Gathering driver information using Windows Setup API
[2026.08.30-08.25.18:159][  0]LogGF1047GameFeatureActivation: Not updating feature states, new features match current state
[2026.08.30-08.25.18:169][  0]LogAssetManager: Display: Ignoring PrimaryAssetType LoadoutItem - Conflicts with DependentLoadoutItem - Asset: ID_Unarmed
[2026.08.30-08.25.18:170][  0]LogAssetManager: Display: Ignoring PrimaryAssetType DependentLoadoutItem - Conflicts with LoadoutItem - Asset: CharmID_Empty
[2026.08.30-08.25.18:178][  0]LogGameFeatures: Scanning for built-in game feature plugins
[2026.08.30-08.25.18:178][  0]LogGameFeatures: Loading 681 builtins
[2026.08.30-08.25.18:181][  0]LogShaderLibrary: Display: Opening a chunked shader library for plugin 'SOC_S3' is ignored. Chunked libraries for plugins are not supported.
[2026.08.30-08.25.18:184][  0]LogPluginManager: Mounting plugin localization for 'SOC_S3'...
[2026.08.30-08.25.18:185][  0]LogGameFeatures: Display: Game feature 'SOC_S3' transitioned successfully. Ending state: Active [Active, Active]
[2026.08.30-08.25.18:185][  0]LogShaderLibrary: Display: Opening a chunked shader library for plugin 'SOC_S2' is ignored. Chunked libraries for plugins are not supported.
[2026.08.30-08.25.18:187][  0]LogPluginManager: Mounting plugin localization for 'SOC_S2'...
[2026.08.30-08.25.18:188][  0]LogGameFeatures: Display: Game feature 'SOC_S2' transitioned successfully. Ending state: Active [Active, Active]
[2026.08.30-08.25.18:188][  0]LogShaderLibrary: Display: Opening a chunked shader library for plugin 'SOC_S1' is ignored. Chunked libraries for plugins are not supported.
[2026.08.30-08.25.18:190][  0]LogPluginManager: Mounting plugin localization for 'SOC_S1'...
[2026.08.30-08.25.18:192][  0]LogGameFeatures: Display: Game feature 'SOC_S1' transitioned successfully. Ending state: Active [Active, Active]
[2026.08.30-08.25.18:192][  0]LogShaderLibrary: Display: Opening a chunked shader library for plugin 'POW_SpeedBoost' is ignored. Chunked libraries for plugins are not supported.
[2026.08.30-08.25.18:194][  0]LogPluginManager: Mounting plugin localization for 'POW_SpeedBoost'...
[2026.08.30-08.25.18:194][  0]LogGameFeatures: Display: Game feature 'POW_SpeedBoost' transitioned successfully. Ending state: Active [Active, Active]
[2026.08.30-08.25.18:194][  0]LogShaderLibrary: Display: Opening a chunked shader library for plugin 'POW_Overshield' is ignored. Chunked libraries for plugins are not supported.
[2026.08.30-08.25.18:196][  0]LogPluginManager: Mounting plugin localization for 'POW_Overshield'...
[2026.08.30-08.25.18:196][  0]LogGameFeatures: Display: Game feature 'POW_Overshield' transitioned successfully. Ending state: Active [Active, Active]
[2026.08.30-08.25.18:196][  0]LogShaderLibrary: Display: Opening a chunked shader library for plugin 'PSK_WarpFracture' is ignored. Chunked libraries for plugins are not supported.
[2026.08.30-08.25.18:197][  0]LogPluginManager: Mounting plugin localization for 'PSK_WarpFracture'...
[2026.08.30-08.25.18:197][  0]LogGameFeatures: Display: Game feature 'PSK_WarpFracture' transitioned successfully. Ending state: Active [Active, Active]
[2026.08.30-08.25.18:197][  0]LogShaderLibrary: Display: Opening a chunked shader library for plugin 'PSK_Template' is ignored. Chunked libraries for plugins are not supported.
[2026.08.30-08.25.18:198][  0]LogPluginManager: Mounting plugin localization for 'PSK_Template'...
[2026.08.30-08.25.18:198][  0]LogGameFeatures: Display: Game feature 'PSK_Template' transitioned successfully. Ending state: Active [Active, Active]
[2026.08.30-08.25.18:198][  0]LogShaderLibrary: Display: Opening a chunked shader library for plugin 'PSK_Space' is ignored. Chunked libraries for plugins are not supported.
[2026.08.30-08.25.18:200][  0]LogPluginManager: Mounting plugin localization for 'PSK_Space'...
[2026.08.30-08.25.18:200][  0]LogGameFeatures: Display: Game feature 'PSK_Space' transitioned successfully. Ending state: Active [Active, Active]
[2026.08.30-08.25.18:201][  0]LogShaderLibrary: Display: Opening a chunked shader library for plugin 'PSK_Shield' is ignored. Chunked libraries for plugins are not supported.
[2026.08.30-08.25.18:202][  0]LogPluginManager: Mounting plugin localization for 'PSK_Shield'...
[2026.08.30-08.25.18:202][  0]LogGameFeatures: Display: Game feature 'PSK_Shield' transitioned successfully. Ending state: Active [Active, Active]
[2026.08.30-08.25.18:202][  0]LogShaderLibrary: Display: Opening a chunked shader library for plugin 'PSK_SeventySeven' is ignored. Chunked libraries for plugins are not supported.
[2026.08.30-08.25.18:203][  0]LogPluginManager: Mounting plugin localization for 'PSK_SeventySeven'...
[2026.08.30-08.25.18:203][  0]LogGameFeatures: Display: Game feature 'PSK_SeventySeven' transitioned successfully. Ending state: Active [Active, Active]
[2026.08.30-08.25.18:203][  0]LogShaderLibrary: Display: Opening a chunked shader library for plugin 'PSK_SeasonFinale' is ignored. Chunked libraries for plugins are not supported.
[2026.08.30-08.25.18:204][  0]LogPluginManager: Mounting plugin localization for 'PSK_SeasonFinale'...
[2026.08.30-08.25.18:204][  0]LogGameFeatures: Display: Game feature 'PSK_SeasonFinale' transitioned successfully. Ending state: Active [Active, Active]
[2026.08.30-08.25.18:204][  0]LogShaderLibrary: Display: Opening a chunked shader library for plugin 'PSK_NanoNurse' is ignored. Chunked libraries for plugins are not supported.
[2026.08.30-08.25.18:205][  0]LogPluginManager: Mounting plugin localization for 'PSK_NanoNurse'...
[2026.08.30-08.25.18:205][  0]LogGameFeatures: Display: Game feature 'PSK_NanoNurse' transitioned successfully. Ending state: Active [Active, Active]
[2026.08.30-08.25.18:205][  0]LogShaderLibrary: Display: Opening a chunked shader library for plugin 'PSK_MetalGrinder' is ignored. Chunked libraries for plugins are not supported.
[2026.08.30-08.25.18:206][  0]LogPluginManager: Mounting plugin localization for 'PSK_MetalGrinder'...
[2026.08.30-08.25.18:206][  0]LogGameFeatures: Display: Game feature 'PSK_MetalGrinder' transitioned successfully. Ending state: Active [Active, Active]
[2026.08.30-08.25.18:206][  0]LogShaderLibrary: Display: Opening a chunked shader library for plugin 'PSK_Glitch' is ignored. Chunked libraries for plugins are not supported.
[2026.08.30-08.25.18:207][  0]LogPluginManager: Mounting plugin localization for 'PSK_Glitch'...
[2026.08.30-08.25.18:208][  0]LogGameFeatures: Display: Game feature 'PSK_Glitch' transitioned successfully. Ending state: Active [Active, Active]
[2026.08.30-08.25.18:208][  0]LogShaderLibrary: Display: Opening a chunked shader library for plugin 'PSK_GamerGirl' is ignored. Chunked libraries for plugins are not supported.
[2026.08.30-08.25.18:210][  0]LogPluginManager: Mounting plugin localization for 'PSK_GamerGirl'...
[2026.08.30-08.25.18:210][  0]LogGameFeatures: Display: Game feature 'PSK_GamerGirl' transitioned successfully. Ending state: Active [Active, Active]
[2026.08.30-08.25.18:210][  0]LogShaderLibrary: Display: Opening a chunked shader library for plugin 'PSK_Executive' is ignored. Chunked libraries for plugins are not supported.
[2026.08.30-08.25.18:210][  0]LogCoreRedirects: AddRedirect(C:/Users/<USER>/AppData/Local/PortalWars2/Saved/Config/WindowsClient/PSK_Executive.ini) has wildcard redirect /PSK-Executive/, these are very slow and should be resolved as soon as possible! Please refer to the documentation in Engine/Config/BaseEngine.ini.
[2026.08.30-08.25.18:211][  0]LogPluginManager: Mounting plugin localization for 'PSK_Executive'...
[2026.08.30-08.25.18:211][  0]LogGameFeatures: Display: Game feature 'PSK_Executive' transitioned successfully. Ending state: Active [Active, Active]
[2026.08.30-08.25.18:211][  0]LogShaderLibrary: Display: Opening a chunked shader library for plugin 'PSK_Equalizer' is ignored. Chunked libraries for plugins are not supported.
[2026.08.30-08.25.18:213][  0]LogPluginManager: Mounting plugin localization for 'PSK_Equalizer'...
[2026.08.30-08.25.18:213][  0]LogGameFeatures: Display: Game feature 'PSK_Equalizer' transitioned successfully. Ending state: Active [Active, Active]
[2026.08.30-08.25.18:213][  0]LogShaderLibrary: Display: Opening a chunked shader library for plugin 'PSK_Cowgirl' is ignored. Chunked libraries for plugins are not supported.
[2026.08.30-08.25.18:214][  0]LogPluginManager: Mounting plugin localization for 'PSK_Cowgirl'...
[2026.08.30-08.25.18:214][  0]LogGameFeatures: Display: Game feature 'PSK_Cowgirl' transitioned successfully. Ending state: Active [Active, Active]
[2026.08.30-08.25.18:214][  0]LogShaderLibrary: Display: Opening a chunked shader library for plugin 'PSK_COCO' is ignored. Chunked libraries for plugins are not supported.
[2026.08.30-08.25.18:214][  0]LogPluginManager: Mounting plugin localization for 'PSK_COCO'...
[2026.08.30-08.25.18:215][  0]LogGameFeatures: Display: Game feature 'PSK_COCO' transitioned successfully. Ending state: Active [Active, Active]
[2026.08.30-08.25.18:215][  0]LogShaderLibrary: Display: Opening a chunked shader library for plugin 'PSK_Bug' is ignored. Chunked libraries for plugins are not supported.
[2026.08.30-08.25.18:215][  0]LogPluginManager: Mounting plugin localization for 'PSK_Bug'...
[2026.08.30-08.25.18:215][  0]LogGameFeatures: Display: Game feature 'PSK_Bug' transitioned successfully. Ending state: Active [Active, Active]
[2026.08.30-08.25.18:215][  0]LogShaderLibrary: Display: Opening a chunked shader library for plugin 'PSK_BadLuck' is ignored. Chunked libraries for plugins are not supported.
[2026.08.30-08.25.18:216][  0]LogPluginManager: Mounting plugin localization for 'PSK_BadLuck'...
[2026.08.30-08.25.18:217][  0]LogGameFeatures: Display: Game feature 'PSK_BadLuck' transitioned successfully. Ending state: Active [Active, Active]
[2026.08.30-08.25.18:217][  0]LogShaderLibrary: Display: Opening a chunked shader library for plugin 'PSK_Astra' is ignored. Chunked libraries for plugins are not supported.
[2026.08.30-08.25.18:217][  0]LogPluginManager: Mounting plugin localization for 'PSK_Astra'...
[2026.08.30-08.25.18:218][  0]LogGameFeatures: Display: Game feature 'PSK_Astra' transitioned successfully. Ending state: Active [Active, Active]
[2026.08.30-08.25.18:218][  0]LogShaderLibrary: Display: Opening a chunked shader library for plugin 'PSK_1047' is ignored. Chunked libraries for plugins are not supported.
[2026.08.30-08.25.18:219][  0]LogPluginManager: Mounting plugin localization for 'PSK_1047'...
[2026.08.30-08.25.18:219][  0]LogGameFeatures: Display: Game feature 'PSK_1047' transitioned successfully. Ending state: Active [Active, Active]
[2026.08.30-08.25.18:219][  0]LogShaderLibrary: Display: Opening a chunked shader library for plugin 'PRK_Wayfinder' is ignored. Chunked libraries for plugins are not supported.
[2026.08.30-08.25.18:220][  0]LogPluginManager: Mounting plugin localization for 'PRK_Wayfinder'...
[2026.08.30-08.25.18:220][  0]LogGameFeatures: Display: Game feature 'PRK_Wayfinder' transitioned successfully. Ending state: Active [Active, Active]
[2026.08.30-08.25.18:220][  0]LogShaderLibrary: Display: Opening a chunked shader library for plugin 'PRK_SpeedySlayer' is ignored. Chunked libraries for plugins are not supported.
[2026.08.30-08.25.18:221][  0]LogPluginManager: Mounting plugin localization for 'PRK_SpeedySlayer'...
[2026.08.30-08.25.18:221][  0]LogGameFeatures: Display: Game feature 'PRK_SpeedySlayer' transitioned successfully. Ending state: Active [Active, Active]
[2026.08.30-08.25.18:221][  0]LogShaderLibrary: Display: Opening a chunked shader library for plugin 'PRK_Slide' is ignored. Chunked libraries for plugins are not supported.
[2026.08.30-08.25.18:222][  0]LogPluginManager: Mounting plugin localization for 'PRK_Slide'...
[2026.08.30-08.25.18:222][  0]LogGameFeatures: Display: Game feature 'PRK_Slide' transitioned successfully. Ending state: Active [Active, Active]
[2026.08.30-08.25.18:222][  0]LogShaderLibrary: Display: Opening a chunked shader library for plugin 'PRK_QuickDraw' is ignored. Chunked libraries for plugins are not supported.
[2026.08.30-08.25.18:222][  0]LogPluginManager: Mounting plugin localization for 'PRK_QuickDraw'...
[2026.08.30-08.25.18:223][  0]LogGameFeatures: Display: Game feature 'PRK_QuickDraw' transitioned successfully. Ending state: Active [Active, Active]
[2026.08.30-08.25.18:223][  0]LogShaderLibrary: Display: Opening a chunked shader library for plugin 'PRK_Packin' is ignored. Chunked libraries for plugins are not supported.
[2026.08.30-08.25.18:223][  0]LogPluginManager: Mounting plugin localization for 'PRK_Packin'...
[2026.08.30-08.25.18:224][  0]LogGameFeatures: Display: Game feature 'PRK_Packin' transitioned successfully. Ending state: Active [Active, Active]
[2026.08.30-08.25.18:224][  0]LogShaderLibrary: Display: Opening a chunked shader library for plugin 'PRK_Overclocked' is ignored. Chunked libraries for plugins are not supported.
[2026.08.30-08.25.18:224][  0]LogPluginManager: Mounting plugin localization for 'PRK_Overclocked'...
[2026.08.30-08.25.18:224][  0]LogGameFeatures: Display: Game feature 'PRK_Overclocked' transitioned successfully. Ending state: Active [Active, Active]
[2026.08.30-08.25.18:224][  0]LogShaderLibrary: Display: Opening a chunked shader library for plugin 'PRK_MeleeMend' is ignored. Chunked libraries for plugins are not supported.
[2026.08.30-08.25.18:225][  0]LogPluginManager: Mounting plugin localization for 'PRK_MeleeMend'...
[2026.08.30-08.25.18:225][  0]LogGameFeatures: Display: Game feature 'PRK_MeleeMend' transitioned successfully. Ending state: Active [Active, Active]
[2026.08.30-08.25.18:225][  0]LogShaderLibrary: Display: Opening a chunked shader library for plugin 'PRK_KillerEquipment' is ignored. Chunked libraries for plugins are not supported.
[2026.08.30-08.25.18:227][  0]LogPluginManager: Mounting plugin localization for 'PRK_KillerEquipment'...
[2026.08.30-08.25.18:227][  0]LogGameFeatures: Display: Game feature 'PRK_KillerEquipment' transitioned successfully. Ending state: Active [Active, Active]
[2026.08.30-08.25.18:227][  0]LogShaderLibrary: Display: Opening a chunked shader library for plugin 'PRK_Hustle' is ignored. Chunked libraries for plugins are not supported.
[2026.08.30-08.25.18:228][  0]LogPluginManager: Mounting plugin localization for 'PRK_Hustle'...
[2026.08.30-08.25.18:228][  0]LogGameFeatures: Display: Game feature 'PRK_Hustle' transitioned successfully. Ending state: Active [Active, Active]
[2026.08.30-08.25.18:228][  0]LogShaderLibrary: Display: Opening a chunked shader library for plugin 'PRK_HeavyPunch' is ignored. Chunked libraries for plugins are not supported.
[2026.08.30-08.25.18:228][  0]LogPluginManager: Mounting plugin localization for 'PRK_HeavyPunch'...
[2026.08.30-08.25.18:228][  0]LogGameFeatures: Display: Game feature 'PRK_HeavyPunch' transitioned successfully. Ending state: Active [Active, Active]
[2026.08.30-08.25.18:229][  0]LogShaderLibrary: Display: Opening a chunked shader library for plugin 'PRK_Firewall' is ignored. Chunked libraries for plugins are not supported.
[2026.08.30-08.25.18:229][  0]LogPluginManager: Mounting plugin localization for 'PRK_Firewall'...
[2026.08.30-08.25.18:229][  0]LogGameFeatures: Display: Game feature 'PRK_Firewall' transitioned successfully. Ending state: Active [Active, Active]
[2026.08.30-08.25.18:229][  0]LogShaderLibrary: Display: Opening a chunked shader library for plugin 'PRK_FastHands' is ignored. Chunked libraries for plugins are not supported.
[2026.08.30-08.25.18:230][  0]LogPluginManager: Mounting plugin localization for 'PRK_FastHands'...
[2026.08.30-08.25.18:230][  0]LogGameFeatures: Display: Game feature 'PRK_FastHands' transitioned successfully. Ending state: Active [Active, Active]
[2026.08.30-08.25.18:230][  0]LogShaderLibrary: Display: Opening a chunked shader library for plugin 'PRK_EyeForEquipment' is ignored. Chunked libraries for plugins are not supported.
[2026.08.30-08.25.18:231][  0]LogPluginManager: Mounting plugin localization for 'PRK_EyeForEquipment'...
[2026.08.30-08.25.18:231][  0]LogGameFeatures: Display: Game feature 'PRK_EyeForEquipment' transitioned successfully. Ending state: Active [Active, Active]
[2026.08.30-08.25.18:231][  0]LogShaderLibrary: Display: Opening a chunked shader library for plugin 'PRK_AmmoRecycle' is ignored. Chunked libraries for plugins are not supported.
[2026.08.30-08.25.18:232][  0]LogPluginManager: Mounting plugin localization for 'PRK_AmmoRecycle'...
[2026.08.30-08.25.18:232][  0]LogGameFeatures: Display: Game feature 'PRK_AmmoRecycle' transitioned successfully. Ending state: Active [Active, Active]
[2026.08.30-08.25.18:232][  0]LogShaderLibrary: Display: Opening a chunked shader library for plugin 'MAP_TriHard' is ignored. Chunked libraries for plugins are not supported.
[2026.08.30-08.25.18:233][  0]LogPluginManager: Mounting plugin localization for 'MAP_TriHard'...
[2026.08.30-08.25.18:233][  0]LogGameFeatures: Display: Game feature 'MAP_TriHard' transitioned successfully. Ending state: Active [Active, Active]
[2026.08.30-08.25.18:233][  0]LogShaderLibrary: Display: Opening a chunked shader library for plugin 'MAP_Terra13' is ignored. Chunked libraries for plugins are not supported.
[2026.08.30-08.25.18:234][  0]LogPluginManager: Mounting plugin localization for 'MAP_Terra13'...
[2026.08.30-08.25.18:234][  0]LogGameFeatures: Display: Game feature 'MAP_Terra13' transitioned successfully. Ending state: Active [Active, Active]
[2026.08.30-08.25.18:234][  0]LogShaderLibrary: Display: Opening a chunked shader library for plugin 'MAP_Stadium' is ignored. Chunked libraries for plugins are not supported.
[2026.08.30-08.25.18:235][  0]LogPluginManager: Mounting plugin localization for 'MAP_Stadium'...
[2026.08.30-08.25.18:235][  0]LogGameFeatures: Display: Game feature 'MAP_Stadium' transitioned successfully. Ending state: Active [Active, Active]
[2026.08.30-08.25.18:235][  0]LogShaderLibrary: Display: Opening a chunked shader library for plugin 'MAP_Simulation' is ignored. Chunked libraries for plugins are not supported.
[2026.08.30-08.25.18:236][  0]LogPluginManager: Mounting plugin localization for 'MAP_Simulation'...
[2026.08.30-08.25.18:236][  0]LogGameFeatures: Display: Game feature 'MAP_Simulation' transitioned successfully. Ending state: Active [Active, Active]
[2026.08.30-08.25.18:236][  0]LogShaderLibrary: Display: Opening a chunked shader library for plugin 'MAP_Ozone' is ignored. Chunked libraries for plugins are not supported.
[2026.08.30-08.25.18:237][  0]LogPluginManager: Mounting plugin localization for 'MAP_Ozone'...
[2026.08.30-08.25.18:237][  0]LogGameFeatures: Display: Game feature 'MAP_Ozone' transitioned successfully. Ending state: Active [Active, Active]
[2026.08.30-08.25.18:238][  0]LogShaderLibrary: Display: Opening a chunked shader library for plugin 'MAP_Oasis' is ignored. Chunked libraries for plugins are not supported.
[2026.08.30-08.25.18:238][  0]LogPluginManager: Mounting plugin localization for 'MAP_Oasis'...
[2026.08.30-08.25.18:239][  0]LogGameFeatures: Display: Game feature 'MAP_Oasis' transitioned successfully. Ending state: Active [Active, Active]
[2026.08.30-08.25.18:239][  0]LogShaderLibrary: Display: Opening a chunked shader library for plugin 'MAP_Karman_Station' is ignored. Chunked libraries for plugins are not supported.
[2026.08.30-08.25.18:240][  0]LogPluginManager: Mounting plugin localization for 'MAP_Karman_Station'...
[2026.08.30-08.25.18:240][  0]LogGameFeatures: Display: Game feature 'MAP_Karman_Station' transitioned successfully. Ending state: Active [Active, Active]
[2026.08.30-08.25.18:240][  0]LogShaderLibrary: Display: Opening a chunked shader library for plugin 'MAP_Inferno' is ignored. Chunked libraries for plugins are not supported.
[2026.08.30-08.25.18:242][  0]LogPluginManager: Mounting plugin localization for 'MAP_Inferno'...
[2026.08.30-08.25.18:242][  0]LogGameFeatures: Display: Game feature 'MAP_Inferno' transitioned successfully. Ending state: Active [Active, Active]
[2026.08.30-08.25.18:242][  0]LogShaderLibrary: Display: Opening a chunked shader library for plugin 'MAP_Hammerhead' is ignored. Chunked libraries for plugins are not supported.
[2026.08.30-08.25.18:243][  0]LogPluginManager: Mounting plugin localization for 'MAP_Hammerhead'...
[2026.08.30-08.25.18:243][  0]LogGameFeatures: Display: Game feature 'MAP_Hammerhead' transitioned successfully. Ending state: Active [Active, Active]
[2026.08.30-08.25.18:244][  0]LogShaderLibrary: Display: Opening a chunked shader library for plugin 'MAP_Grit' is ignored. Chunked libraries for plugins are not supported.
[2026.08.30-08.25.18:244][  0]LogPluginManager: Mounting plugin localization for 'MAP_Grit'...
[2026.08.30-08.25.18:244][  0]LogGameFeatures: Display: Game feature 'MAP_Grit' transitioned successfully. Ending state: Active [Active, Active]
[2026.08.30-08.25.18:245][  0]LogShaderLibrary: Display: Opening a chunked shader library for plugin 'MAP_Glacier' is ignored. Chunked libraries for plugins are not supported.
[2026.08.30-08.25.18:245][  0]LogPluginManager: Mounting plugin localization for 'MAP_Glacier'...
[2026.08.30-08.25.18:245][  0]LogGameFeatures: Display: Game feature 'MAP_Glacier' transitioned successfully. Ending state: Active [Active, Active]
[2026.08.30-08.25.18:246][  0]LogShaderLibrary: Display: Opening a chunked shader library for plugin 'MAP_Frontier' is ignored. Chunked libraries for plugins are not supported.
[2026.08.30-08.25.18:246][  0]LogPluginManager: Mounting plugin localization for 'MAP_Frontier'...
[2026.08.30-08.25.18:246][  0]LogGameFeatures: Display: Game feature 'MAP_Frontier' transitioned successfully. Ending state: Active [Active, Active]
[2026.08.30-08.25.18:247][  0]LogShaderLibrary: Display: Opening a chunked shader library for plugin 'MAP_Fracture' is ignored. Chunked libraries for plugins are not supported.
[2026.08.30-08.25.18:247][  0]LogPluginManager: Mounting plugin localization for 'MAP_Fracture'...
[2026.08.30-08.25.18:247][  0]LogGameFeatures: Display: Game feature 'MAP_Fracture' transitioned successfully. Ending state: Active [Active, Active]
[2026.08.30-08.25.18:248][  0]LogShaderLibrary: Display: Opening a chunked shader library for plugin 'MAP_Foregone_Destruction' is ignored. Chunked libraries for plugins are not supported.
[2026.08.30-08.25.18:249][  0]LogPluginManager: Mounting plugin localization for 'MAP_Foregone_Destruction'...
[2026.08.30-08.25.18:250][  0]LogGameFeatures: Display: Game feature 'MAP_Foregone_Destruction' transitioned successfully. Ending state: Active [Active, Active]
[2026.08.30-08.25.18:250][  0]LogShaderLibrary: Display: Opening a chunked shader library for plugin 'MAP_Erosion' is ignored. Chunked libraries for plugins are not supported.
[2026.08.30-08.25.18:251][  0]LogPluginManager: Mounting plugin localization for 'MAP_Erosion'...
[2026.08.30-08.25.18:251][  0]LogGameFeatures: Display: Game feature 'MAP_Erosion' transitioned successfully. Ending state: Active [Active, Active]
[2026.08.30-08.25.18:251][  0]LogShaderLibrary: Display: Opening a chunked shader library for plugin 'MAP_Eden' is ignored. Chunked libraries for plugins are not supported.
[2026.08.30-08.25.18:252][  0]LogPluginManager: Mounting plugin localization for 'MAP_Eden'...
[2026.08.30-08.25.18:252][  0]LogGameFeatures: Display: Game feature 'MAP_Eden' transitioned successfully. Ending state: Active [Active, Active]
[2026.08.30-08.25.18:252][  0]LogShaderLibrary: Display: Opening a chunked shader library for plugin 'MAP_Creative_WetOcean' is ignored. Chunked libraries for plugins are not supported.
[2026.08.30-08.25.18:252][  0]LogPluginManager: Mounting plugin localization for 'MAP_Creative_WetOcean'...
[2026.08.30-08.25.18:253][  0]LogGameFeatures: Display: Game feature 'MAP_Creative_WetOcean' transitioned successfully. Ending state: Active [Active, Active]
[2026.08.30-08.25.18:253][  0]LogShaderLibrary: Display: Opening a chunked shader library for plugin 'MAP_Creative_Simulation' is ignored. Chunked libraries for plugins are not supported.
[2026.08.30-08.25.18:253][  0]LogPluginManager: Mounting plugin localization for 'MAP_Creative_Simulation'...
[2026.08.30-08.25.18:253][  0]LogGameFeatures: Display: Game feature 'MAP_Creative_Simulation' transitioned successfully. Ending state: Active [Active, Active]
[2026.08.30-08.25.18:254][  0]LogShaderLibrary: Display: Opening a chunked shader library for plugin 'MAP_Creative_FlatEarth' is ignored. Chunked libraries for plugins are not supported.
[2026.08.30-08.25.18:254][  0]LogPluginManager: Mounting plugin localization for 'MAP_Creative_FlatEarth'...
[2026.08.30-08.25.18:254][  0]LogGameFeatures: Display: Game feature 'MAP_Creative_FlatEarth' transitioned successfully. Ending state: Active [Active, Active]
[2026.08.30-08.25.18:254][  0]LogShaderLibrary: Display: Opening a chunked shader library for plugin 'MAP_Creative_EmptySpace' is ignored. Chunked libraries for plugins are not supported.
[2026.08.30-08.25.18:255][  0]LogPluginManager: Mounting plugin localization for 'MAP_Creative_EmptySpace'...
[2026.08.30-08.25.18:255][  0]LogGameFeatures: Display: Game feature 'MAP_Creative_EmptySpace' transitioned successfully. Ending state: Active [Active, Active]
[2026.08.30-08.25.18:255][  0]LogShaderLibrary: Display: Opening a chunked shader library for plugin 'MAP_Core' is ignored. Chunked libraries for plugins are not supported.
[2026.08.30-08.25.18:256][  0]LogPluginManager: Mounting plugin localization for 'MAP_Core'...
[2026.08.30-08.25.18:256][  0]LogGameFeatures: Display: Game feature 'MAP_Core' transitioned successfully. Ending state: Active [Active, Active]
[2026.08.30-08.25.18:256][  0]LogShaderLibrary: Display: Opening a chunked shader library for plugin 'MAP_Containment' is ignored. Chunked libraries for plugins are not supported.
[2026.08.30-08.25.18:257][  0]LogPluginManager: Mounting plugin localization for 'MAP_Containment'...
[2026.08.30-08.25.18:257][  0]LogGameFeatures: Display: Game feature 'MAP_Containment' transitioned successfully. Ending state: Active [Active, Active]
[2026.08.30-08.25.18:257][  0]LogShaderLibrary: Display: Opening a chunked shader library for plugin 'MAP_Bypass' is ignored. Chunked libraries for plugins are not supported.
[2026.08.30-08.25.18:258][  0]LogPluginManager: Mounting plugin localization for 'MAP_Bypass'...
[2026.08.30-08.25.18:258][  0]LogGameFeatures: Display: Game feature 'MAP_Bypass' transitioned successfully. Ending state: Active [Active, Active]
[2026.08.30-08.25.18:258][  0]LogShaderLibrary: Display: Opening a chunked shader library for plugin 'MAP_Biome6' is ignored. Chunked libraries for plugins are not supported.
[2026.08.30-08.25.18:259][  0]LogPluginManager: Mounting plugin localization for 'MAP_Biome6'...
[2026.08.30-08.25.18:259][  0]LogGameFeatures: Display: Game feature 'MAP_Biome6' transitioned successfully. Ending state: Active [Active, Active]
[2026.08.30-08.25.18:259][  0]LogShaderLibrary: Display: Opening a chunked shader library for plugin 'MAP_Academy' is ignored. Chunked libraries for plugins are not supported.
[2026.08.30-08.25.18:260][  0]LogPluginManager: Mounting plugin localization for 'MAP_Academy'...
[2026.08.30-08.25.18:260][  0]LogSlate: InvalidateAllWidgets triggered.  All widgets were invalidated
[2026.08.30-08.25.18:260][  0]LogGameFeatures: Display: Game feature 'MAP_Academy' transitioned successfully. Ending state: Active [Active, Active]
[2026.08.30-08.25.18:260][  0]LogShaderLibrary: Display: Opening a chunked shader library for plugin 'MAP_Abyss' is ignored. Chunked libraries for plugins are not supported.
[2026.08.30-08.25.18:261][  0]LogPluginManager: Mounting plugin localization for 'MAP_Abyss'...
[2026.08.30-08.25.18:261][  0]LogGameFeatures: Display: Game feature 'MAP_Abyss' transitioned successfully. Ending state: Active [Active, Active]
[2026.08.30-08.25.18:261][  0]LogShaderLibrary: Display: Opening a chunked shader library for plugin 'FCT_Generic' is ignored. Chunked libraries for plugins are not supported.
[2026.08.30-08.25.18:262][  0]LogPluginManager: Mounting plugin localization for 'FCT_Generic'...
[2026.08.30-08.25.18:263][  0]LogGameFeatures: Display: Game feature 'FCT_Generic' transitioned successfully. Ending state: Active [Active, Active]
[2026.08.30-08.25.18:263][  0]LogShaderLibrary: Display: Opening a chunked shader library for plugin 'FCT_Aeros' is ignored. Chunked libraries for plugins are not supported.
[2026.08.30-08.25.18:265][  0]LogPluginManager: Mounting plugin localization for 'FCT_Aeros'...
[2026.08.30-08.25.18:265][  0]LogGameFeatures: Display: Game feature 'FCT_Aeros' transitioned successfully. Ending state: Active [Active, Active]
[2026.08.30-08.25.18:265][  0]LogShaderLibrary: Display: Opening a chunked shader library for plugin 'EDT_Splitgate' is ignored. Chunked libraries for plugins are not supported.
[2026.08.30-08.25.18:268][  0]LogPluginManager: Mounting plugin localization for 'EDT_Splitgate'...
[2026.08.30-08.25.18:273][  0]LogGameFeatures: Display: Game feature 'EDT_Splitgate' transitioned successfully. Ending state: Active [Active, Active]
[2026.08.30-08.25.18:273][  0]LogShaderLibrary: Display: Opening a chunked shader library for plugin 'CRC_Core' is ignored. Chunked libraries for plugins are not supported.
[2026.08.30-08.25.18:274][  0]LogPluginManager: Mounting plugin localization for 'CRC_Core'...
[2026.08.30-08.25.18:275][  0]LogGameFeatures: Display: Game feature 'CRC_Core' transitioned successfully. Ending state: Active [Active, Active]
[2026.08.30-08.25.18:275][  0]LogShaderLibrary: Display: Opening a chunked shader library for plugin 'CHR_T200' is ignored. Chunked libraries for plugins are not supported.
[2026.08.30-08.25.18:276][  0]LogPluginManager: Mounting plugin localization for 'CHR_T200'...
[2026.08.30-08.25.18:276][  0]LogGameFeatures: Display: Game feature 'CHR_T200' transitioned successfully. Ending state: Active [Active, Active]
[2026.08.30-08.25.18:277][  0]LogShaderLibrary: Display: Opening a chunked shader library for plugin 'CHR_AER_OrionFemale' is ignored. Chunked libraries for plugins are not supported.
[2026.08.30-08.25.18:278][  0]LogPluginManager: Mounting plugin localization for 'CHR_AER_OrionFemale'...
[2026.08.30-08.25.18:278][  0]LogGameFeatures: Display: Game feature 'CHR_AER_OrionFemale' transitioned successfully. Ending state: Active [Active, Active]
[2026.08.30-08.25.18:279][  0]LogShaderLibrary: Display: Opening a chunked shader library for plugin 'MAP_Ozone_Graffiti' is ignored. Chunked libraries for plugins are not supported.
[2026.08.30-08.25.18:280][  0]LogPluginManager: Mounting plugin localization for 'MAP_Ozone_Graffiti'...
[2026.08.30-08.25.18:280][  0]LogGameFeatures: Display: Game feature 'MAP_Ozone_Graffiti' transitioned successfully. Ending state: Active [Active, Active]
[2026.08.30-08.25.18:280][  0]LogShaderLibrary: Display: Opening a chunked shader library for plugin 'MAP_Sanctum' is ignored. Chunked libraries for plugins are not supported.
[2026.08.30-08.25.18:281][  0]LogPluginManager: Mounting plugin localization for 'MAP_Sanctum'...
[2026.08.30-08.25.18:281][  0]LogGameFeatures: Display: Game feature 'MAP_Sanctum' transitioned successfully. Ending state: Active [Active, Active]
[2026.08.30-08.25.18:282][  0]LogShaderLibrary: Display: Opening a chunked shader library for plugin 'FCT_Generic_Definitions' is ignored. Chunked libraries for plugins are not supported.
[2026.08.30-08.25.18:283][  0]LogPluginManager: Mounting plugin localization for 'FCT_Generic_Definitions'...
[2026.08.30-08.25.18:283][  0]LogGameFeatures: Display: Game feature 'FCT_Generic_Definitions' transitioned successfully. Ending state: Active [Active, Active]
[2026.08.30-08.25.18:283][  0]LogShaderLibrary: Display: Opening a chunked shader library for plugin 'WEP_AER_Shotgun' is ignored. Chunked libraries for plugins are not supported.
[2026.08.30-08.25.18:284][  0]LogPluginManager: Mounting plugin localization for 'WEP_AER_Shotgun'...
[2026.08.30-08.25.18:285][  0]LogGameFeatures: Display: Game feature 'WEP_AER_Shotgun' transitioned successfully. Ending state: Active [Active, Active]
[2026.08.30-08.25.18:285][  0]LogShaderLibrary: Display: Opening a chunked shader library for plugin 'WEP_AER_SemiPistol' is ignored. Chunked libraries for plugins are not supported.
[2026.08.30-08.25.18:286][  0]LogPluginManager: Mounting plugin localization for 'WEP_AER_SemiPistol'...
[2026.08.30-08.25.18:286][  0]LogGameFeatures: Display: Game feature 'WEP_AER_SemiPistol' transitioned successfully. Ending state: Active [Active, Active]
[2026.08.30-08.25.18:286][  0]LogShaderLibrary: Display: Opening a chunked shader library for plugin 'WEP_AER_SMG' is ignored. Chunked libraries for plugins are not supported.
[2026.08.30-08.25.18:288][  0]LogPluginManager: Mounting plugin localization for 'WEP_AER_SMG'...
[2026.08.30-08.25.18:288][  0]LogGameFeatures: Display: Game feature 'WEP_AER_SMG' transitioned successfully. Ending state: Active [Active, Active]
[2026.08.30-08.25.18:288][  0]LogShaderLibrary: Display: Opening a chunked shader library for plugin 'WEP_AER_LMG' is ignored. Chunked libraries for plugins are not supported.
[2026.08.30-08.25.18:290][  0]LogPluginManager: Mounting plugin localization for 'WEP_AER_LMG'...
[2026.08.30-08.25.18:291][  0]LogGameFeatures: Display: Game feature 'WEP_AER_LMG' transitioned successfully. Ending state: Active [Active, Active]
[2026.08.30-08.25.18:291][  0]LogShaderLibrary: Display: Opening a chunked shader library for plugin 'WEP_AER_HeavyPistol' is ignored. Chunked libraries for plugins are not supported.
[2026.08.30-08.25.18:292][  0]LogPluginManager: Mounting plugin localization for 'WEP_AER_HeavyPistol'...
[2026.08.30-08.25.18:292][  0]LogGameFeatures: Display: Game feature 'WEP_AER_HeavyPistol' transitioned successfully. Ending state: Active [Active, Active]
[2026.08.30-08.25.18:292][  0]LogShaderLibrary: Display: Opening a chunked shader library for plugin 'WEP_AER_Carbine' is ignored. Chunked libraries for plugins are not supported.
[2026.08.30-08.25.18:294][  0]LogPluginManager: Mounting plugin localization for 'WEP_AER_Carbine'...
[2026.08.30-08.25.18:294][  0]LogGameFeatures: Display: Game feature 'WEP_AER_Carbine' transitioned successfully. Ending state: Active [Active, Active]
[2026.08.30-08.25.18:294][  0]LogShaderLibrary: Display: Opening a chunked shader library for plugin 'WEP_AER_BurstRifle' is ignored. Chunked libraries for plugins are not supported.
[2026.08.30-08.25.18:295][  0]LogPluginManager: Mounting plugin localization for 'WEP_AER_BurstRifle'...
[2026.08.30-08.25.18:296][  0]LogGameFeatures: Display: Game feature 'WEP_AER_BurstRifle' transitioned successfully. Ending state: Active [Active, Active]
[2026.08.30-08.25.18:296][  0]LogShaderLibrary: Display: Opening a chunked shader library for plugin 'WEP_AER_BurstPistol' is ignored. Chunked libraries for plugins are not supported.
[2026.08.30-08.25.18:297][  0]LogPluginManager: Mounting plugin localization for 'WEP_AER_BurstPistol'...
[2026.08.30-08.25.18:297][  0]LogGameFeatures: Display: Game feature 'WEP_AER_BurstPistol' transitioned successfully. Ending state: Active [Active, Active]
[2026.08.30-08.25.18:298][  0]LogShaderLibrary: Display: Opening a chunked shader library for plugin 'WEP_AER_AssaultRifle' is ignored. Chunked libraries for plugins are not supported.
[2026.08.30-08.25.18:299][  0]LogPluginManager: Mounting plugin localization for 'WEP_AER_AssaultRifle'...
[2026.08.30-08.25.18:299][  0]LogGameFeatures: Display: Game feature 'WEP_AER_AssaultRifle' transitioned successfully. Ending state: Active [Active, Active]
[2026.08.30-08.25.18:299][  0]LogShaderLibrary: Display: Opening a chunked shader library for plugin 'EQP_AER_PortaPortal' is ignored. Chunked libraries for plugins are not supported.
[2026.08.30-08.25.18:301][  0]LogPluginManager: Mounting plugin localization for 'EQP_AER_PortaPortal'...
[2026.08.30-08.25.18:301][  0]LogGameFeatures: Display: Game feature 'EQP_AER_PortaPortal' transitioned successfully. Ending state: Active [Active, Active]
[2026.08.30-08.25.18:301][  0]LogShaderLibrary: Display: Opening a chunked shader library for plugin 'CHR_AER_OrionMale' is ignored. Chunked libraries for plugins are not supported.
[2026.08.30-08.25.18:302][  0]LogPluginManager: Mounting plugin localization for 'CHR_AER_OrionMale'...
[2026.08.30-08.25.18:302][  0]LogGameFeatures: Display: Game feature 'CHR_AER_OrionMale' transitioned successfully. Ending state: Active [Active, Active]
[2026.08.30-08.25.18:302][  0]LogShaderLibrary: Display: Opening a chunked shader library for plugin 'CHR_AER_OrionMaleUltra' is ignored. Chunked libraries for plugins are not supported.
[2026.08.30-08.25.18:304][  0]LogPluginManager: Mounting plugin localization for 'CHR_AER_OrionMaleUltra'...
[2026.08.30-08.25.18:304][  0]LogGameFeatures: Display: Game feature 'CHR_AER_OrionMaleUltra' transitioned successfully. Ending state: Active [Active, Active]
[2026.08.30-08.25.18:304][  0]LogShaderLibrary: Display: Opening a chunked shader library for plugin 'CHR_AER_Bolt' is ignored. Chunked libraries for plugins are not supported.
[2026.08.30-08.25.18:305][  0]LogPluginManager: Mounting plugin localization for 'CHR_AER_Bolt'...
[2026.08.30-08.25.18:305][  0]LogGameFeatures: Display: Game feature 'CHR_AER_Bolt' transitioned successfully. Ending state: Active [Active, Active]
[2026.08.30-08.25.18:305][  0]LogShaderLibrary: Display: Opening a chunked shader library for plugin 'CHR_SBK_OrionFemale' is ignored. Chunked libraries for plugins are not supported.
[2026.08.30-08.25.18:306][  0]LogPluginManager: Mounting plugin localization for 'CHR_SBK_OrionFemale'...
[2026.08.30-08.25.18:306][  0]LogGameFeatures: Display: Game feature 'CHR_SBK_OrionFemale' transitioned successfully. Ending state: Active [Active, Active]
[2026.08.30-08.25.18:306][  0]LogShaderLibrary: Display: Opening a chunked shader library for plugin 'CHR_MER_OrionFemale' is ignored. Chunked libraries for plugins are not supported.
[2026.08.30-08.25.18:307][  0]LogPluginManager: Mounting plugin localization for 'CHR_MER_OrionFemale'...
[2026.08.30-08.25.18:308][  0]LogGameFeatures: Display: Game feature 'CHR_MER_OrionFemale' transitioned successfully. Ending state: Active [Active, Active]
[2026.08.30-08.25.18:308][  0]LogShaderLibrary: Display: Opening a chunked shader library for plugin 'MAP_Ozone_Night' is ignored. Chunked libraries for plugins are not supported.
[2026.08.30-08.25.18:308][  0]LogPluginManager: Mounting plugin localization for 'MAP_Ozone_Night'...
[2026.08.30-08.25.18:309][  0]LogGameFeatures: Display: Game feature 'MAP_Ozone_Night' transitioned successfully. Ending state: Active [Active, Active]
[2026.08.30-08.25.18:309][  0]LogShaderLibrary: Display: Opening a chunked shader library for plugin 'MAP_HangmanR3' is ignored. Chunked libraries for plugins are not supported.
[2026.08.30-08.25.18:310][  0]LogPluginManager: Mounting plugin localization for 'MAP_HangmanR3'...
[2026.08.30-08.25.18:310][  0]LogSlate: InvalidateAllWidgets triggered.  All widgets were invalidated
[2026.08.30-08.25.18:310][  0]LogGameFeatures: Display: Game feature 'MAP_HangmanR3' transitioned successfully. Ending state: Active [Active, Active]
[2026.08.30-08.25.18:310][  0]LogShaderLibrary: Display: Opening a chunked shader library for plugin 'MAP_Biome6_Sanctum' is ignored. Chunked libraries for plugins are not supported.
[2026.08.30-08.25.18:311][  0]LogPluginManager: Mounting plugin localization for 'MAP_Biome6_Sanctum'...
[2026.08.30-08.25.18:311][  0]LogGameFeatures: Display: Game feature 'MAP_Biome6_Sanctum' transitioned successfully. Ending state: Active [Active, Active]
[2026.08.30-08.25.18:312][  0]LogShaderLibrary: Display: Opening a chunked shader library for plugin 'WSK_AER_Shotgun_Vice' is ignored. Chunked libraries for plugins are not supported.
[2026.08.30-08.25.18:312][  0]LogPluginManager: Mounting plugin localization for 'WSK_AER_Shotgun_Vice'...
[2026.08.30-08.25.18:313][  0]LogGameFeatures: Display: Game feature 'WSK_AER_Shotgun_Vice' transitioned successfully. Ending state: Active [Active, Active]
[2026.08.30-08.25.18:313][  0]LogShaderLibrary: Display: Opening a chunked shader library for plugin 'WSK_AER_Shotgun_Streamer' is ignored. Chunked libraries for plugins are not supported.
[2026.08.30-08.25.18:313][  0]LogPluginManager: Mounting plugin localization for 'WSK_AER_Shotgun_Streamer'...
[2026.08.30-08.25.18:314][  0]LogGameFeatures: Display: Game feature 'WSK_AER_Shotgun_Streamer' transitioned successfully. Ending state: Active [Active, Active]
[2026.08.30-08.25.18:314][  0]LogShaderLibrary: Display: Opening a chunked shader library for plugin 'WSK_AER_Shotgun_ProPack' is ignored. Chunked libraries for plugins are not supported.
[2026.08.30-08.25.18:315][  0]LogPluginManager: Mounting plugin localization for 'WSK_AER_Shotgun_ProPack'...
[2026.08.30-08.25.18:315][  0]LogGameFeatures: Display: Game feature 'WSK_AER_Shotgun_ProPack' transitioned successfully. Ending state: Active [Active, Active]
[2026.08.30-08.25.18:315][  0]LogShaderLibrary: Display: Opening a chunked shader library for plugin 'WSK_AER_Shotgun_OhaiCoffee' is ignored. Chunked libraries for plugins are not supported.
[2026.08.30-08.25.18:316][  0]LogPluginManager: Mounting plugin localization for 'WSK_AER_Shotgun_OhaiCoffee'...
[2026.08.30-08.25.18:316][  0]LogGameFeatures: Display: Game feature 'WSK_AER_Shotgun_OhaiCoffee' transitioned successfully. Ending state: Active [Active, Active]
[2026.08.30-08.25.18:317][  0]LogShaderLibrary: Display: Opening a chunked shader library for plugin 'WSK_AER_Shotgun_Marble' is ignored. Chunked libraries for plugins are not supported.
[2026.08.30-08.25.18:318][  0]LogPluginManager: Mounting plugin localization for 'WSK_AER_Shotgun_Marble'...
[2026.08.30-08.25.18:319][  0]LogGameFeatures: Display: Game feature 'WSK_AER_Shotgun_Marble' transitioned successfully. Ending state: Active [Active, Active]
[2026.08.30-08.25.18:319][  0]LogShaderLibrary: Display: Opening a chunked shader library for plugin 'WSK_AER_Shotgun_Manga' is ignored. Chunked libraries for plugins are not supported.
[2026.08.30-08.25.18:320][  0]LogPluginManager: Mounting plugin localization for 'WSK_AER_Shotgun_Manga'...
[2026.08.30-08.25.18:320][  0]LogGameFeatures: Display: Game feature 'WSK_AER_Shotgun_Manga' transitioned successfully. Ending state: Active [Active, Active]
[2026.08.30-08.25.18:320][  0]LogShaderLibrary: Display: Opening a chunked shader library for plugin 'WSK_AER_Shotgun_Kelps' is ignored. Chunked libraries for plugins are not supported.
[2026.08.30-08.25.18:321][  0]LogPluginManager: Mounting plugin localization for 'WSK_AER_Shotgun_Kelps'...
[2026.08.30-08.25.18:321][  0]LogGameFeatures: Display: Game feature 'WSK_AER_Shotgun_Kelps' transitioned successfully. Ending state: Active [Active, Active]
[2026.08.30-08.25.18:322][  0]LogShaderLibrary: Display: Opening a chunked shader library for plugin 'WSK_AER_Shotgun_Illustration' is ignored. Chunked libraries for plugins are not supported.
[2026.08.30-08.25.18:322][  0]LogPluginManager: Mounting plugin localization for 'WSK_AER_Shotgun_Illustration'...
[2026.08.30-08.25.18:323][  0]LogGameFeatures: Display: Game feature 'WSK_AER_Shotgun_Illustration' transitioned successfully. Ending state: Active [Active, Active]
[2026.08.30-08.25.18:323][  0]LogShaderLibrary: Display: Opening a chunked shader library for plugin 'WSK_AER_Shotgun_GutFeeling' is ignored. Chunked libraries for plugins are not supported.
[2026.08.30-08.25.18:323][  0]LogPluginManager: Mounting plugin localization for 'WSK_AER_Shotgun_GutFeeling'...
[2026.08.30-08.25.18:324][  0]LogGameFeatures: Display: Game feature 'WSK_AER_Shotgun_GutFeeling' transitioned successfully. Ending state: Active [Active, Active]
[2026.08.30-08.25.18:324][  0]LogShaderLibrary: Display: Opening a chunked shader library for plugin 'WSK_AER_Shotgun_Bauhaus' is ignored. Chunked libraries for plugins are not supported.
[2026.08.30-08.25.18:325][  0]LogPluginManager: Mounting plugin localization for 'WSK_AER_Shotgun_Bauhaus'...
[2026.08.30-08.25.18:325][  0]LogGameFeatures: Display: Game feature 'WSK_AER_Shotgun_Bauhaus' transitioned successfully. Ending state: Active [Active, Active]
[2026.08.30-08.25.18:325][  0]LogShaderLibrary: Display: Opening a chunked shader library for plugin 'WSK_AER_Shotgun_80sSki' is ignored. Chunked libraries for plugins are not supported.
[2026.08.30-08.25.18:326][  0]LogPluginManager: Mounting plugin localization for 'WSK_AER_Shotgun_80sSki'...
[2026.08.30-08.25.18:326][  0]LogGameFeatures: Display: Game feature 'WSK_AER_Shotgun_80sSki' transitioned successfully. Ending state: Active [Active, Active]
[2026.08.30-08.25.18:326][  0]LogShaderLibrary: Display: Opening a chunked shader library for plugin 'WSK_AER_SemiPistol_Tagger' is ignored. Chunked libraries for plugins are not supported.
[2026.08.30-08.25.18:327][  0]LogPluginManager: Mounting plugin localization for 'WSK_AER_SemiPistol_Tagger'...
[2026.08.30-08.25.18:327][  0]LogGameFeatures: Display: Game feature 'WSK_AER_SemiPistol_Tagger' transitioned successfully. Ending state: Active [Active, Active]
[2026.08.30-08.25.18:327][  0]LogShaderLibrary: Display: Opening a chunked shader library for plugin 'WSK_AER_SemiPistol_StealthCarbon' is ignored. Chunked libraries for plugins are not supported.
[2026.08.30-08.25.18:328][  0]LogPluginManager: Mounting plugin localization for 'WSK_AER_SemiPistol_StealthCarbon'...
[2026.08.30-08.25.18:328][  0]LogGameFeatures: Display: Game feature 'WSK_AER_SemiPistol_StealthCarbon' transitioned successfully. Ending state: Active [Active, Active]
[2026.08.30-08.25.18:328][  0]LogShaderLibrary: Display: Opening a chunked shader library for plugin 'WSK_AER_SemiPistol_Reclaimer' is ignored. Chunked libraries for plugins are not supported.
[2026.08.30-08.25.18:329][  0]LogPluginManager: Mounting plugin localization for 'WSK_AER_SemiPistol_Reclaimer'...
[2026.08.30-08.25.18:329][  0]LogGameFeatures: Display: Game feature 'WSK_AER_SemiPistol_Reclaimer' transitioned successfully. Ending state: Active [Active, Active]
[2026.08.30-08.25.18:329][  0]LogShaderLibrary: Display: Opening a chunked shader library for plugin 'WSK_AER_SemiPistol_Marble' is ignored. Chunked libraries for plugins are not supported.
[2026.08.30-08.25.18:330][  0]LogPluginManager: Mounting plugin localization for 'WSK_AER_SemiPistol_Marble'...
[2026.08.30-08.25.18:331][  0]LogGameFeatures: Display: Game feature 'WSK_AER_SemiPistol_Marble' transitioned successfully. Ending state: Active [Active, Active]
[2026.08.30-08.25.18:331][  0]LogShaderLibrary: Display: Opening a chunked shader library for plugin 'WSK_AER_SemiPistol_CreatorClash' is ignored. Chunked libraries for plugins are not supported.
[2026.08.30-08.25.18:332][  0]LogPluginManager: Mounting plugin localization for 'WSK_AER_SemiPistol_CreatorClash'...
[2026.08.30-08.25.18:332][  0]LogGameFeatures: Display: Game feature 'WSK_AER_SemiPistol_CreatorClash' transitioned successfully. Ending state: Active [Active, Active]
[2026.08.30-08.25.18:332][  0]LogShaderLibrary: Display: Opening a chunked shader library for plugin 'WSK_AER_SMG_Tacops' is ignored. Chunked libraries for plugins are not supported.
[2026.08.30-08.25.18:333][  0]LogPluginManager: Mounting plugin localization for 'WSK_AER_SMG_Tacops'...
[2026.08.30-08.25.18:333][  0]LogGameFeatures: Display: Game feature 'WSK_AER_SMG_Tacops' transitioned successfully. Ending state: Active [Active, Active]
[2026.08.30-08.25.18:333][  0]LogShaderLibrary: Display: Opening a chunked shader library for plugin 'WSK_AER_SMG_SeasonFinale' is ignored. Chunked libraries for plugins are not supported.
[2026.08.30-08.25.18:334][  0]LogPluginManager: Mounting plugin localization for 'WSK_AER_SMG_SeasonFinale'...
[2026.08.30-08.25.18:334][  0]LogGameFeatures: Display: Game feature 'WSK_AER_SMG_SeasonFinale' transitioned successfully. Ending state: Active [Active, Active]
[2026.08.30-08.25.18:334][  0]LogShaderLibrary: Display: Opening a chunked shader library for plugin 'WSK_AER_SMG_Ramen' is ignored. Chunked libraries for plugins are not supported.
[2026.08.30-08.25.18:336][  0]LogPluginManager: Mounting plugin localization for 'WSK_AER_SMG_Ramen'...
[2026.08.30-08.25.18:336][  0]LogGameFeatures: Display: Game feature 'WSK_AER_SMG_Ramen' transitioned successfully. Ending state: Active [Active, Active]
[2026.08.30-08.25.18:336][  0]LogShaderLibrary: Display: Opening a chunked shader library for plugin 'WSK_AER_SMG_Oni' is ignored. Chunked libraries for plugins are not supported.
[2026.08.30-08.25.18:337][  0]LogPluginManager: Mounting plugin localization for 'WSK_AER_SMG_Oni'...
[2026.08.30-08.25.18:337][  0]LogGameFeatures: Display: Game feature 'WSK_AER_SMG_Oni' transitioned successfully. Ending state: Active [Active, Active]
[2026.08.30-08.25.18:337][  0]LogShaderLibrary: Display: Opening a chunked shader library for plugin 'WSK_AER_SMG_MusicPlayer' is ignored. Chunked libraries for plugins are not supported.
[2026.08.30-08.25.18:338][  0]LogPluginManager: Mounting plugin localization for 'WSK_AER_SMG_MusicPlayer'...
[2026.08.30-08.25.18:338][  0]LogGameFeatures: Display: Game feature 'WSK_AER_SMG_MusicPlayer' transitioned successfully. Ending state: Active [Active, Active]
[2026.08.30-08.25.18:338][  0]LogShaderLibrary: Display: Opening a chunked shader library for plugin 'WSK_AER_SMG_Jellyfish' is ignored. Chunked libraries for plugins are not supported.
[2026.08.30-08.25.18:339][  0]LogPluginManager: Mounting plugin localization for 'WSK_AER_SMG_Jellyfish'...
[2026.08.30-08.25.18:339][  0]LogGameFeatures: Display: Game feature 'WSK_AER_SMG_Jellyfish' transitioned successfully. Ending state: Active [Active, Active]
[2026.08.30-08.25.18:339][  0]LogShaderLibrary: Display: Opening a chunked shader library for plugin 'WSK_AER_SMG_Gift' is ignored. Chunked libraries for plugins are not supported.
[2026.08.30-08.25.18:340][  0]LogPluginManager: Mounting plugin localization for 'WSK_AER_SMG_Gift'...
[2026.08.30-08.25.18:340][  0]LogGameFeatures: Display: Game feature 'WSK_AER_SMG_Gift' transitioned successfully. Ending state: Active [Active, Active]
[2026.08.30-08.25.18:340][  0]LogShaderLibrary: Display: Opening a chunked shader library for plugin 'WSK_AER_SMG_Gamer' is ignored. Chunked libraries for plugins are not supported.
[2026.08.30-08.25.18:341][  0]LogPluginManager: Mounting plugin localization for 'WSK_AER_SMG_Gamer'...
[2026.08.30-08.25.18:342][  0]LogGameFeatures: Display: Game feature 'WSK_AER_SMG_Gamer' transitioned successfully. Ending state: Active [Active, Active]
[2026.08.30-08.25.18:342][  0]LogShaderLibrary: Display: Opening a chunked shader library for plugin 'WSK_AER_SMG_CreatorClash' is ignored. Chunked libraries for plugins are not supported.
[2026.08.30-08.25.18:342][  0]LogPluginManager: Mounting plugin localization for 'WSK_AER_SMG_CreatorClash'...
[2026.08.30-08.25.18:343][  0]LogGameFeatures: Display: Game feature 'WSK_AER_SMG_CreatorClash' transitioned successfully. Ending state: Active [Active, Active]
[2026.08.30-08.25.18:343][  0]LogShaderLibrary: Display: Opening a chunked shader library for plugin 'WSK_AER_SMG_CompetitionBow' is ignored. Chunked libraries for plugins are not supported.
[2026.08.30-08.25.18:344][  0]LogPluginManager: Mounting plugin localization for 'WSK_AER_SMG_CompetitionBow'...
[2026.08.30-08.25.18:344][  0]LogGameFeatures: Display: Game feature 'WSK_AER_SMG_CompetitionBow' transitioned successfully. Ending state: Active [Active, Active]
[2026.08.30-08.25.18:344][  0]LogShaderLibrary: Display: Opening a chunked shader library for plugin 'WSK_AER_SMG_CHAMELEON' is ignored. Chunked libraries for plugins are not supported.
[2026.08.30-08.25.18:345][  0]LogPluginManager: Mounting plugin localization for 'WSK_AER_SMG_CHAMELEON'...
[2026.08.30-08.25.18:345][  0]LogGameFeatures: Display: Game feature 'WSK_AER_SMG_CHAMELEON' transitioned successfully. Ending state: Active [Active, Active]
[2026.08.30-08.25.18:345][  0]LogShaderLibrary: Display: Opening a chunked shader library for plugin 'WSK_AER_SMG_Arcade' is ignored. Chunked libraries for plugins are not supported.
[2026.08.30-08.25.18:346][  0]LogPluginManager: Mounting plugin localization for 'WSK_AER_SMG_Arcade'...
[2026.08.30-08.25.18:346][  0]LogGameFeatures: Display: Game feature 'WSK_AER_SMG_Arcade' transitioned successfully. Ending state: Active [Active, Active]
[2026.08.30-08.25.18:346][  0]LogShaderLibrary: Display: Opening a chunked shader library for plugin 'WSK_AER_LMG_Marble' is ignored. Chunked libraries for plugins are not supported.
[2026.08.30-08.25.18:347][  0]LogGameFeatures: Display: Game feature 'WSK_AER_LMG_Marble' transitioned successfully. Ending state: Active [Active, Active]
[2026.08.30-08.25.18:347][  0]LogShaderLibrary: Display: Opening a chunked shader library for plugin 'WSK_AER_LMG_Gamer' is ignored. Chunked libraries for plugins are not supported.
[2026.08.30-08.25.18:348][  0]LogPluginManager: Mounting plugin localization for 'WSK_AER_LMG_Gamer'...
[2026.08.30-08.25.18:349][  0]LogGameFeatures: Display: Game feature 'WSK_AER_LMG_Gamer' transitioned successfully. Ending state: Active [Active, Active]
[2026.08.30-08.25.18:349][  0]LogShaderLibrary: Display: Opening a chunked shader library for plugin 'WSK_AER_LMG_CompetitionBow' is ignored. Chunked libraries for plugins are not supported.
[2026.08.30-08.25.18:350][  0]LogPluginManager: Mounting plugin localization for 'WSK_AER_LMG_CompetitionBow'...
[2026.08.30-08.25.18:350][  0]LogGameFeatures: Display: Game feature 'WSK_AER_LMG_CompetitionBow' transitioned successfully. Ending state: Active [Active, Active]
[2026.08.30-08.25.18:350][  0]LogShaderLibrary: Display: Opening a chunked shader library for plugin 'WSK_AER_HeavyPistol_Oni' is ignored. Chunked libraries for plugins are not supported.
[2026.08.30-08.25.18:351][  0]LogPluginManager: Mounting plugin localization for 'WSK_AER_HeavyPistol_Oni'...
[2026.08.30-08.25.18:351][  0]LogGameFeatures: Display: Game feature 'WSK_AER_HeavyPistol_Oni' transitioned successfully. Ending state: Active [Active, Active]
[2026.08.30-08.25.18:352][  0]LogShaderLibrary: Display: Opening a chunked shader library for plugin 'WSK_AER_HeavyPistol_Kraken' is ignored. Chunked libraries for plugins are not supported.
[2026.08.30-08.25.18:353][  0]LogPluginManager: Mounting plugin localization for 'WSK_AER_HeavyPistol_Kraken'...
[2026.08.30-08.25.18:353][  0]LogGameFeatures: Display: Game feature 'WSK_AER_HeavyPistol_Kraken' transitioned successfully. Ending state: Active [Active, Active]
[2026.08.30-08.25.18:353][  0]LogShaderLibrary: Display: Opening a chunked shader library for plugin 'WSK_AER_HeavyPistol_Graffiti' is ignored. Chunked libraries for plugins are not supported.
[2026.08.30-08.25.18:354][  0]LogPluginManager: Mounting plugin localization for 'WSK_AER_HeavyPistol_Graffiti'...
[2026.08.30-08.25.18:354][  0]LogGameFeatures: Display: Game feature 'WSK_AER_HeavyPistol_Graffiti' transitioned successfully. Ending state: Active [Active, Active]
[2026.08.30-08.25.18:355][  0]LogShaderLibrary: Display: Opening a chunked shader library for plugin 'WSK_AER_Carbine_TarotCard' is ignored. Chunked libraries for plugins are not supported.
[2026.08.30-08.25.18:356][  0]LogPluginManager: Mounting plugin localization for 'WSK_AER_Carbine_TarotCard'...
[2026.08.30-08.25.18:356][  0]LogGameFeatures: Display: Game feature 'WSK_AER_Carbine_TarotCard' transitioned successfully. Ending state: Active [Active, Active]
[2026.08.30-08.25.18:356][  0]LogShaderLibrary: Display: Opening a chunked shader library for plugin 'WSK_AER_Carbine_Marble' is ignored. Chunked libraries for plugins are not supported.
[2026.08.30-08.25.18:356][  0]LogPluginManager: Mounting plugin localization for 'WSK_AER_Carbine_Marble'...
[2026.08.30-08.25.18:357][  0]LogGameFeatures: Display: Game feature 'WSK_AER_Carbine_Marble' transitioned successfully. Ending state: Active [Active, Active]
[2026.08.30-08.25.18:357][  0]LogShaderLibrary: Display: Opening a chunked shader library for plugin 'WSK_AER_Carbine_Jungle' is ignored. Chunked libraries for plugins are not supported.
[2026.08.30-08.25.18:358][  0]LogPluginManager: Mounting plugin localization for 'WSK_AER_Carbine_Jungle'...
[2026.08.30-08.25.18:358][  0]LogGameFeatures: Display: Game feature 'WSK_AER_Carbine_Jungle' transitioned successfully. Ending state: Active [Active, Active]
[2026.08.30-08.25.18:358][  0]LogShaderLibrary: Display: Opening a chunked shader library for plugin 'WSK_AER_Carbine_Gamer' is ignored. Chunked libraries for plugins are not supported.
[2026.08.30-08.25.18:359][  0]LogPluginManager: Mounting plugin localization for 'WSK_AER_Carbine_Gamer'...
[2026.08.30-08.25.18:359][  0]LogGameFeatures: Display: Game feature 'WSK_AER_Carbine_Gamer' transitioned successfully. Ending state: Active [Active, Active]
[2026.08.30-08.25.18:359][  0]LogShaderLibrary: Display: Opening a chunked shader library for plugin 'WSK_AER_Carbine_Devil' is ignored. Chunked libraries for plugins are not supported.
[2026.08.30-08.25.18:360][  0]LogPluginManager: Mounting plugin localization for 'WSK_AER_Carbine_Devil'...
[2026.08.30-08.25.18:360][  0]LogGameFeatures: Display: Game feature 'WSK_AER_Carbine_Devil' transitioned successfully. Ending state: Active [Active, Active]
[2026.08.30-08.25.18:360][  0]LogShaderLibrary: Display: Opening a chunked shader library for plugin 'WSK_AER_Carbine_Cybershell' is ignored. Chunked libraries for plugins are not supported.
[2026.08.30-08.25.18:361][  0]LogPluginManager: Mounting plugin localization for 'WSK_AER_Carbine_Cybershell'...
[2026.08.30-08.25.18:361][  0]LogGameFeatures: Display: Game feature 'WSK_AER_Carbine_Cybershell' transitioned successfully. Ending state: Active [Active, Active]
[2026.08.30-08.25.18:361][  0]LogShaderLibrary: Display: Opening a chunked shader library for plugin 'WSK_AER_Carbine_BengalTiger' is ignored. Chunked libraries for plugins are not supported.
[2026.08.30-08.25.18:362][  0]LogPluginManager: Mounting plugin localization for 'WSK_AER_Carbine_BengalTiger'...
[2026.08.30-08.25.18:362][  0]LogGameFeatures: Display: Game feature 'WSK_AER_Carbine_BengalTiger' transitioned successfully. Ending state: Active [Active, Active]
[2026.08.30-08.25.18:362][  0]LogShaderLibrary: Display: Opening a chunked shader library for plugin 'WSK_AER_BurstRifle_TarotCard' is ignored. Chunked libraries for plugins are not supported.
[2026.08.30-08.25.18:363][  0]LogPluginManager: Mounting plugin localization for 'WSK_AER_BurstRifle_TarotCard'...
[2026.08.30-08.25.18:363][  0]LogGameFeatures: Display: Game feature 'WSK_AER_BurstRifle_TarotCard' transitioned successfully. Ending state: Active [Active, Active]
[2026.08.30-08.25.18:364][  0]LogShaderLibrary: Display: Opening a chunked shader library for plugin 'WSK_AER_BurstRifle_Smuggler' is ignored. Chunked libraries for plugins are not supported.
[2026.08.30-08.25.18:364][  0]LogPluginManager: Mounting plugin localization for 'WSK_AER_BurstRifle_Smuggler'...
[2026.08.30-08.25.18:365][  0]LogGameFeatures: Display: Game feature 'WSK_AER_BurstRifle_Smuggler' transitioned successfully. Ending state: Active [Active, Active]
[2026.08.30-08.25.18:365][  0]LogShaderLibrary: Display: Opening a chunked shader library for plugin 'WSK_AER_BurstRifle_Oni' is ignored. Chunked libraries for plugins are not supported.
[2026.08.30-08.25.18:366][  0]LogPluginManager: Mounting plugin localization for 'WSK_AER_BurstRifle_Oni'...
[2026.08.30-08.25.18:366][  0]LogGameFeatures: Display: Game feature 'WSK_AER_BurstRifle_Oni' transitioned successfully. Ending state: Active [Active, Active]
[2026.08.30-08.25.18:366][  0]LogShaderLibrary: Display: Opening a chunked shader library for plugin 'WSK_AER_BurstRifle_LowRider' is ignored. Chunked libraries for plugins are not supported.
[2026.08.30-08.25.18:367][  0]LogPluginManager: Mounting plugin localization for 'WSK_AER_BurstRifle_LowRider'...
[2026.08.30-08.25.18:367][  0]LogGameFeatures: Display: Game feature 'WSK_AER_BurstRifle_LowRider' transitioned successfully. Ending state: Active [Active, Active]
[2026.08.30-08.25.18:368][  0]LogShaderLibrary: Display: Opening a chunked shader library for plugin 'WSK_AER_BurstRifle_Equalizer' is ignored. Chunked libraries for plugins are not supported.
[2026.08.30-08.25.18:368][  0]LogPluginManager: Mounting plugin localization for 'WSK_AER_BurstRifle_Equalizer'...
[2026.08.30-08.25.18:369][  0]LogGameFeatures: Display: Game feature 'WSK_AER_BurstRifle_Equalizer' transitioned successfully. Ending state: Active [Active, Active]
[2026.08.30-08.25.18:369][  0]LogShaderLibrary: Display: Opening a chunked shader library for plugin 'WSK_AER_BurstRifle_Disco' is ignored. Chunked libraries for plugins are not supported.
[2026.08.30-08.25.18:369][  0]LogPluginManager: Mounting plugin localization for 'WSK_AER_BurstRifle_Disco'...
[2026.08.30-08.25.18:370][  0]LogGameFeatures: Display: Game feature 'WSK_AER_BurstRifle_Disco' transitioned successfully. Ending state: Active [Active, Active]
[2026.08.30-08.25.18:370][  0]LogShaderLibrary: Display: Opening a chunked shader library for plugin 'WSK_AER_BurstRifle_CherryBlossom' is ignored. Chunked libraries for plugins are not supported.
[2026.08.30-08.25.18:371][  0]LogPluginManager: Mounting plugin localization for 'WSK_AER_BurstRifle_CherryBlossom'...
[2026.08.30-08.25.18:371][  0]LogGameFeatures: Display: Game feature 'WSK_AER_BurstRifle_CherryBlossom' transitioned successfully. Ending state: Active [Active, Active]
[2026.08.30-08.25.18:371][  0]LogShaderLibrary: Display: Opening a chunked shader library for plugin 'WSK_AER_BurstRifle_Calibrator' is ignored. Chunked libraries for plugins are not supported.
[2026.08.30-08.25.18:371][  0]LogPluginManager: Mounting plugin localization for 'WSK_AER_BurstRifle_Calibrator'...
[2026.08.30-08.25.18:372][  0]LogGameFeatures: Display: Game feature 'WSK_AER_BurstRifle_Calibrator' transitioned successfully. Ending state: Active [Active, Active]
[2026.08.30-08.25.18:372][  0]LogShaderLibrary: Display: Opening a chunked shader library for plugin 'WSK_AER_BurstPistol_Koi' is ignored. Chunked libraries for plugins are not supported.
[2026.08.30-08.25.18:373][  0]LogPluginManager: Mounting plugin localization for 'WSK_AER_BurstPistol_Koi'...
[2026.08.30-08.25.18:373][  0]LogGameFeatures: Display: Game feature 'WSK_AER_BurstPistol_Koi' transitioned successfully. Ending state: Active [Active, Active]
[2026.08.30-08.25.18:373][  0]LogShaderLibrary: Display: Opening a chunked shader library for plugin 'WSK_AER_BurstPistol_KineticFlame' is ignored. Chunked libraries for plugins are not supported.
[2026.08.30-08.25.18:374][  0]LogPluginManager: Mounting plugin localization for 'WSK_AER_BurstPistol_KineticFlame'...
[2026.08.30-08.25.18:375][  0]LogGameFeatures: Display: Game feature 'WSK_AER_BurstPistol_KineticFlame' transitioned successfully. Ending state: Active [Active, Active]
[2026.08.30-08.25.18:375][  0]LogShaderLibrary: Display: Opening a chunked shader library for plugin 'WSK_AER_BurstPistol_Gamer' is ignored. Chunked libraries for plugins are not supported.
[2026.08.30-08.25.18:376][  0]LogPluginManager: Mounting plugin localization for 'WSK_AER_BurstPistol_Gamer'...
[2026.08.30-08.25.18:376][  0]LogGameFeatures: Display: Game feature 'WSK_AER_BurstPistol_Gamer' transitioned successfully. Ending state: Active [Active, Active]
[2026.08.30-08.25.18:376][  0]LogShaderLibrary: Display: Opening a chunked shader library for plugin 'WSK_AER_BurstPistol_CMYKILL' is ignored. Chunked libraries for plugins are not supported.
[2026.08.30-08.25.18:377][  0]LogPluginManager: Mounting plugin localization for 'WSK_AER_BurstPistol_CMYKILL'...
[2026.08.30-08.25.18:377][  0]LogGameFeatures: Display: Game feature 'WSK_AER_BurstPistol_CMYKILL' transitioned successfully. Ending state: Active [Active, Active]
[2026.08.30-08.25.18:377][  0]LogShaderLibrary: Display: Opening a chunked shader library for plugin 'WSK_AER_AssaultRifle_WesternEvent' is ignored. Chunked libraries for plugins are not supported.
[2026.08.30-08.25.18:378][  0]LogPluginManager: Mounting plugin localization for 'WSK_AER_AssaultRifle_WesternEvent'...
[2026.08.30-08.25.18:379][  0]LogGameFeatures: Display: Game feature 'WSK_AER_AssaultRifle_WesternEvent' transitioned successfully. Ending state: Active [Active, Active]
[2026.08.30-08.25.18:379][  0]LogShaderLibrary: Display: Opening a chunked shader library for plugin 'WSK_AER_AssaultRifle_Wasp' is ignored. Chunked libraries for plugins are not supported.
[2026.08.30-08.25.18:379][  0]LogPluginManager: Mounting plugin localization for 'WSK_AER_AssaultRifle_Wasp'...
[2026.08.30-08.25.18:380][  0]LogGameFeatures: Display: Game feature 'WSK_AER_AssaultRifle_Wasp' transitioned successfully. Ending state: Active [Active, Active]
[2026.08.30-08.25.18:380][  0]LogShaderLibrary: Display: Opening a chunked shader library for plugin 'WSK_AER_AssaultRifle_Pearl' is ignored. Chunked libraries for plugins are not supported.
[2026.08.30-08.25.18:380][  0]LogPluginManager: Mounting plugin localization for 'WSK_AER_AssaultRifle_Pearl'...
[2026.08.30-08.25.18:380][  0]LogGameFeatures: Display: Game feature 'WSK_AER_AssaultRifle_Pearl' transitioned successfully. Ending state: Active [Active, Active]
[2026.08.30-08.25.18:381][  0]LogShaderLibrary: Display: Opening a chunked shader library for plugin 'WSK_AER_AssaultRifle_PartyTempo' is ignored. Chunked libraries for plugins are not supported.
[2026.08.30-08.25.18:381][  0]LogPluginManager: Mounting plugin localization for 'WSK_AER_AssaultRifle_PartyTempo'...
[2026.08.30-08.25.18:382][  0]LogGameFeatures: Display: Game feature 'WSK_AER_AssaultRifle_PartyTempo' transitioned successfully. Ending state: Active [Active, Active]
[2026.08.30-08.25.18:382][  0]LogShaderLibrary: Display: Opening a chunked shader library for plugin 'WSK_AER_AssaultRifle_Oni' is ignored. Chunked libraries for plugins are not supported.
[2026.08.30-08.25.18:383][  0]LogPluginManager: Mounting plugin localization for 'WSK_AER_AssaultRifle_Oni'...
[2026.08.30-08.25.18:383][  0]LogGameFeatures: Display: Game feature 'WSK_AER_AssaultRifle_Oni' transitioned successfully. Ending state: Active [Active, Active]
[2026.08.30-08.25.18:383][  0]LogShaderLibrary: Display: Opening a chunked shader library for plugin 'WSK_AER_AssaultRifle_Ignition' is ignored. Chunked libraries for plugins are not supported.
[2026.08.30-08.25.18:384][  0]LogPluginManager: Mounting plugin localization for 'WSK_AER_AssaultRifle_Ignition'...
[2026.08.30-08.25.18:384][  0]LogGameFeatures: Display: Game feature 'WSK_AER_AssaultRifle_Ignition' transitioned successfully. Ending state: Active [Active, Active]
[2026.08.30-08.25.18:384][  0]LogShaderLibrary: Display: Opening a chunked shader library for plugin 'WSK_AER_AssaultRifle_Cardboard' is ignored. Chunked libraries for plugins are not supported.
[2026.08.30-08.25.18:385][  0]LogPluginManager: Mounting plugin localization for 'WSK_AER_AssaultRifle_Cardboard'...
[2026.08.30-08.25.18:385][  0]LogGameFeatures: Display: Game feature 'WSK_AER_AssaultRifle_Cardboard' transitioned successfully. Ending state: Active [Active, Active]
[2026.08.30-08.25.18:385][  0]LogShaderLibrary: Display: Opening a chunked shader library for plugin 'WSK_AER_AssaultRifle_Birdy' is ignored. Chunked libraries for plugins are not supported.
[2026.08.30-08.25.18:386][  0]LogPluginManager: Mounting plugin localization for 'WSK_AER_AssaultRifle_Birdy'...
[2026.08.30-08.25.18:386][  0]LogGameFeatures: Display: Game feature 'WSK_AER_AssaultRifle_Birdy' transitioned successfully. Ending state: Active [Active, Active]
[2026.08.30-08.25.18:386][  0]LogShaderLibrary: Display: Opening a chunked shader library for plugin 'WSK_AER_AssaultRifle_Bamboo' is ignored. Chunked libraries for plugins are not supported.
[2026.08.30-08.25.18:388][  0]LogPluginManager: Mounting plugin localization for 'WSK_AER_AssaultRifle_Bamboo'...
[2026.08.30-08.25.18:388][  0]LogGameFeatures: Display: Game feature 'WSK_AER_AssaultRifle_Bamboo' transitioned successfully. Ending state: Active [Active, Active]
[2026.08.30-08.25.18:388][  0]LogShaderLibrary: Display: Opening a chunked shader library for plugin 'CHR_SBK_OrionMale' is ignored. Chunked libraries for plugins are not supported.
[2026.08.30-08.25.18:389][  0]LogPluginManager: Mounting plugin localization for 'CHR_SBK_OrionMale'...
[2026.08.30-08.25.18:389][  0]LogGameFeatures: Display: Game feature 'CHR_SBK_OrionMale' transitioned successfully. Ending state: Active [Active, Active]
[2026.08.30-08.25.18:389][  0]LogShaderLibrary: Display: Opening a chunked shader library for plugin 'CHR_MER_OrionMale' is ignored. Chunked libraries for plugins are not supported.
[2026.08.30-08.25.18:390][  0]LogPluginManager: Mounting plugin localization for 'CHR_MER_OrionMale'...
[2026.08.30-08.25.18:390][  0]LogGameFeatures: Display: Game feature 'CHR_MER_OrionMale' transitioned successfully. Ending state: Active [Active, Active]
[2026.08.30-08.25.18:390][  0]LogShaderLibrary: Display: Opening a chunked shader library for plugin 'CHR_AER_Tsuki' is ignored. Chunked libraries for plugins are not supported.
[2026.08.30-08.25.18:392][  0]LogPluginManager: Mounting plugin localization for 'CHR_AER_Tsuki'...
[2026.08.30-08.25.18:392][  0]LogGameFeatures: Display: Game feature 'CHR_AER_Tsuki' transitioned successfully. Ending state: Active [Active, Active]
[2026.08.30-08.25.18:393][  0]LogShaderLibrary: Display: Opening a chunked shader library for plugin 'CHR_AER_Ludo' is ignored. Chunked libraries for plugins are not supported.
[2026.08.30-08.25.18:394][  0]LogPluginManager: Mounting plugin localization for 'CHR_AER_Ludo'...
[2026.08.30-08.25.18:394][  0]LogGameFeatures: Display: Game feature 'CHR_AER_Ludo' transitioned successfully. Ending state: Active [Active, Active]
[2026.08.30-08.25.18:394][  0]LogShaderLibrary: Display: Opening a chunked shader library for plugin 'CHR_AER_Kleptomeleon' is ignored. Chunked libraries for plugins are not supported.
[2026.08.30-08.25.18:395][  0]LogPluginManager: Mounting plugin localization for 'CHR_AER_Kleptomeleon'...
[2026.08.30-08.25.18:395][  0]LogGameFeatures: Display: Game feature 'CHR_AER_Kleptomeleon' transitioned successfully. Ending state: Active [Active, Active]
[2026.08.30-08.25.18:395][  0]LogShaderLibrary: Display: Opening a chunked shader library for plugin 'CHR_AER_Javelin' is ignored. Chunked libraries for plugins are not supported.
[2026.08.30-08.25.18:396][  0]LogPluginManager: Mounting plugin localization for 'CHR_AER_Javelin'...
[2026.08.30-08.25.18:396][  0]LogGameFeatures: Display: Game feature 'CHR_AER_Javelin' transitioned successfully. Ending state: Active [Active, Active]
[2026.08.30-08.25.18:396][  0]LogShaderLibrary: Display: Opening a chunked shader library for plugin 'CHR_AER_Gecko' is ignored. Chunked libraries for plugins are not supported.
[2026.08.30-08.25.18:398][  0]LogPluginManager: Mounting plugin localization for 'CHR_AER_Gecko'...
[2026.08.30-08.25.18:398][  0]LogGameFeatures: Display: Game feature 'CHR_AER_Gecko' transitioned successfully. Ending state: Active [Active, Active]
[2026.08.30-08.25.18:398][  0]LogShaderLibrary: Display: Opening a chunked shader library for plugin 'CHR_AER_Enzo' is ignored. Chunked libraries for plugins are not supported.
[2026.08.30-08.25.18:399][  0]LogPluginManager: Mounting plugin localization for 'CHR_AER_Enzo'...
[2026.08.30-08.25.18:399][  0]LogGameFeatures: Display: Game feature 'CHR_AER_Enzo' transitioned successfully. Ending state: Active [Active, Active]
[2026.08.30-08.25.18:400][  0]LogShaderLibrary: Display: Opening a chunked shader library for plugin 'CHR_AER_Dart' is ignored. Chunked libraries for plugins are not supported.
[2026.08.30-08.25.18:401][  0]LogPluginManager: Mounting plugin localization for 'CHR_AER_Dart'...
[2026.08.30-08.25.18:401][  0]LogGameFeatures: Display: Game feature 'CHR_AER_Dart' transitioned successfully. Ending state: Active [Active, Active]
[2026.08.30-08.25.18:401][  0]LogShaderLibrary: Display: Opening a chunked shader library for plugin 'CHR_AER_Aki' is ignored. Chunked libraries for plugins are not supported.
[2026.08.30-08.25.18:403][  0]LogPluginManager: Mounting plugin localization for 'CHR_AER_Aki'...
[2026.08.30-08.25.18:403][  0]LogGameFeatures: Display: Game feature 'CHR_AER_Aki' transitioned successfully. Ending state: Active [Active, Active]
[2026.08.30-08.25.18:403][  0]LogShaderLibrary: Display: Opening a chunked shader library for plugin 'CHR_AER_Adoro' is ignored. Chunked libraries for plugins are not supported.
[2026.08.30-08.25.18:404][  0]LogPluginManager: Mounting plugin localization for 'CHR_AER_Adoro'...
[2026.08.30-08.25.18:404][  0]LogGameFeatures: Display: Game feature 'CHR_AER_Adoro' transitioned successfully. Ending state: Active [Active, Active]
[2026.08.30-08.25.18:404][  0]LogShaderLibrary: Display: Opening a chunked shader library for plugin 'CHR_AER_BoltCC' is ignored. Chunked libraries for plugins are not supported.
[2026.08.30-08.25.18:405][  0]LogPluginManager: Mounting plugin localization for 'CHR_AER_BoltCC'...
[2026.08.30-08.25.18:405][  0]LogGameFeatures: Display: Game feature 'CHR_AER_BoltCC' transitioned successfully. Ending state: Active [Active, Active]
[2026.08.30-08.25.18:405][  0]LogShaderLibrary: Display: Opening a chunked shader library for plugin 'CHR_AER_Unika' is ignored. Chunked libraries for plugins are not supported.
[2026.08.30-08.25.18:406][  0]LogPluginManager: Mounting plugin localization for 'CHR_AER_Unika'...
[2026.08.30-08.25.18:406][  0]LogGameFeatures: Display: Game feature 'CHR_AER_Unika' transitioned successfully. Ending state: Active [Active, Active]
[2026.08.30-08.25.18:406][  0]LogShaderLibrary: Display: Opening a chunked shader library for plugin 'CHR_AER_Thorn' is ignored. Chunked libraries for plugins are not supported.
[2026.08.30-08.25.18:407][  0]LogPluginManager: Mounting plugin localization for 'CHR_AER_Thorn'...
[2026.08.30-08.25.18:407][  0]LogGameFeatures: Display: Game feature 'CHR_AER_Thorn' transitioned successfully. Ending state: Active [Active, Active]
[2026.08.30-08.25.18:407][  0]LogShaderLibrary: Display: Opening a chunked shader library for plugin 'CHR_AER_Referee' is ignored. Chunked libraries for plugins are not supported.
[2026.08.30-08.25.18:408][  0]LogPluginManager: Mounting plugin localization for 'CHR_AER_Referee'...
[2026.08.30-08.25.18:408][  0]LogGameFeatures: Display: Game feature 'CHR_AER_Referee' transitioned successfully. Ending state: Active [Active, Active]
[2026.08.30-08.25.18:409][  0]LogShaderLibrary: Display: Opening a chunked shader library for plugin 'CHR_AER_Oni' is ignored. Chunked libraries for plugins are not supported.
[2026.08.30-08.25.18:410][  0]LogPluginManager: Mounting plugin localization for 'CHR_AER_Oni'...
[2026.08.30-08.25.18:410][  0]LogGameFeatures: Display: Game feature 'CHR_AER_Oni' transitioned successfully. Ending state: Active [Active, Active]
[2026.08.30-08.25.18:410][  0]LogShaderLibrary: Display: Opening a chunked shader library for plugin 'CHR_AER_Krystal' is ignored. Chunked libraries for plugins are not supported.
[2026.08.30-08.25.18:411][  0]LogPluginManager: Mounting plugin localization for 'CHR_AER_Krystal'...
[2026.08.30-08.25.18:412][  0]LogGameFeatures: Display: Game feature 'CHR_AER_Krystal' transitioned successfully. Ending state: Active [Active, Active]
[2026.08.30-08.25.18:412][  0]LogShaderLibrary: Display: Opening a chunked shader library for plugin 'CHR_AER_Javi' is ignored. Chunked libraries for plugins are not supported.
[2026.08.30-08.25.18:413][  0]LogPluginManager: Mounting plugin localization for 'CHR_AER_Javi'...
[2026.08.30-08.25.18:413][  0]LogGameFeatures: Display: Game feature 'CHR_AER_Javi' transitioned successfully. Ending state: Active [Active, Active]
[2026.08.30-08.25.18:413][  0]LogShaderLibrary: Display: Opening a chunked shader library for plugin 'CHR_AER_Iris' is ignored. Chunked libraries for plugins are not supported.
[2026.08.30-08.25.18:415][  0]LogPluginManager: Mounting plugin localization for 'CHR_AER_Iris'...
[2026.08.30-08.25.18:415][  0]LogGameFeatures: Display: Game feature 'CHR_AER_Iris' transitioned successfully. Ending state: Active [Active, Active]
[2026.08.30-08.25.18:415][  0]LogShaderLibrary: Display: Opening a chunked shader library for plugin 'CHR_AER_Fencer' is ignored. Chunked libraries for plugins are not supported.
[2026.08.30-08.25.18:416][  0]LogPluginManager: Mounting plugin localization for 'CHR_AER_Fencer'...
[2026.08.30-08.25.18:416][  0]LogGameFeatures: Display: Game feature 'CHR_AER_Fencer' transitioned successfully. Ending state: Active [Active, Active]
[2026.08.30-08.25.18:417][  0]LogShaderLibrary: Display: Opening a chunked shader library for plugin 'CHR_AER_Ember' is ignored. Chunked libraries for plugins are not supported.
[2026.08.30-08.25.18:418][  0]LogPluginManager: Mounting plugin localization for 'CHR_AER_Ember'...
[2026.08.30-08.25.18:418][  0]LogGameFeatures: Display: Game feature 'CHR_AER_Ember' transitioned successfully. Ending state: Active [Active, Active]
[2026.08.30-08.25.18:418][  0]LogShaderLibrary: Display: Opening a chunked shader library for plugin 'CHR_AER_CocoChaos' is ignored. Chunked libraries for plugins are not supported.
[2026.08.30-08.25.18:420][  0]LogPluginManager: Mounting plugin localization for 'CHR_AER_CocoChaos'...
[2026.08.30-08.25.18:420][  0]LogGameFeatures: Display: Game feature 'CHR_AER_CocoChaos' transitioned successfully. Ending state: Active [Active, Active]
[2026.08.30-08.25.18:420][  0]LogShaderLibrary: Display: Opening a chunked shader library for plugin 'CHR_AER_Carr' is ignored. Chunked libraries for plugins are not supported.
[2026.08.30-08.25.18:421][  0]LogPluginManager: Mounting plugin localization for 'CHR_AER_Carr'...
[2026.08.30-08.25.18:421][  0]LogGameFeatures: Display: Game feature 'CHR_AER_Carr' transitioned successfully. Ending state: Active [Active, Active]
[2026.08.30-08.25.18:422][  0]LogShaderLibrary: Display: Opening a chunked shader library for plugin 'CHR_AER_Diamond' is ignored. Chunked libraries for plugins are not supported.
[2026.08.30-08.25.18:423][  0]LogPluginManager: Mounting plugin localization for 'CHR_AER_Diamond'...
[2026.08.30-08.25.18:423][  0]LogGameFeatures: Display: Game feature 'CHR_AER_Diamond' transitioned successfully. Ending state: Active [Active, Active]
[2026.08.30-08.25.18:424][  0]LogShaderLibrary: Display: Opening a chunked shader library for plugin 'PSK_Oni' is ignored. Chunked libraries for plugins are not supported.
[2026.08.30-08.25.18:425][  0]LogPluginManager: Mounting plugin localization for 'PSK_Oni'...
[2026.08.30-08.25.18:426][  0]LogGameFeatures: Display: Game feature 'PSK_Oni' transitioned successfully. Ending state: Active [Active, Active]
[2026.08.30-08.25.18:426][  0]LogShaderLibrary: Display: Opening a chunked shader library for plugin 'CHR_AER_OniX' is ignored. Chunked libraries for plugins are not supported.
[2026.08.30-08.25.18:427][  0]LogPluginManager: Mounting plugin localization for 'CHR_AER_OniX'...
[2026.08.30-08.25.18:427][  0]LogGameFeatures: Display: Game feature 'CHR_AER_OniX' transitioned successfully. Ending state: Active [Active, Active]
[2026.08.30-08.25.18:427][  0]LogShaderLibrary: Display: Opening a chunked shader library for plugin 'CHR_AER_NebulaX' is ignored. Chunked libraries for plugins are not supported.
[2026.08.30-08.25.18:429][  0]LogPluginManager: Mounting plugin localization for 'CHR_AER_NebulaX'...
[2026.08.30-08.25.18:429][  0]LogGameFeatures: Display: Game feature 'CHR_AER_NebulaX' transitioned successfully. Ending state: Active [Active, Active]
[2026.08.30-08.25.18:429][  0]LogShaderLibrary: Display: Opening a chunked shader library for plugin 'CHR_AER_Anita' is ignored. Chunked libraries for plugins are not supported.
[2026.08.30-08.25.18:430][  0]LogPluginManager: Mounting plugin localization for 'CHR_AER_Anita'...
[2026.08.30-08.25.18:431][  0]LogGameFeatures: Display: Game feature 'CHR_AER_Anita' transitioned successfully. Ending state: Active [Active, Active]
[2026.08.30-08.25.18:431][  0]LogShaderLibrary: Display: Opening a chunked shader library for plugin 'CHR_AER_Zeb' is ignored. Chunked libraries for plugins are not supported.
[2026.08.30-08.25.18:432][  0]LogPluginManager: Mounting plugin localization for 'CHR_AER_Zeb'...
[2026.08.30-08.25.18:432][  0]LogGameFeatures: Display: Game feature 'CHR_AER_Zeb' transitioned successfully. Ending state: Active [Active, Active]
[2026.08.30-08.25.18:432][  0]LogShaderLibrary: Display: Opening a chunked shader library for plugin 'CHR_AER_Hawkster' is ignored. Chunked libraries for plugins are not supported.
[2026.08.30-08.25.18:434][  0]LogPluginManager: Mounting plugin localization for 'CHR_AER_Hawkster'...
[2026.08.30-08.25.18:434][  0]LogGameFeatures: Display: Game feature 'CHR_AER_Hawkster' transitioned successfully. Ending state: Active [Active, Active]
[2026.08.30-08.25.18:434][  0]LogShaderLibrary: Display: Opening a chunked shader library for plugin 'CHR_AER_MickMidnight' is ignored. Chunked libraries for plugins are not supported.
[2026.08.30-08.25.18:436][  0]LogPluginManager: Mounting plugin localization for 'CHR_AER_MickMidnight'...
[2026.08.30-08.25.18:437][  0]LogGameFeatures: Display: Game feature 'CHR_AER_MickMidnight' transitioned successfully. Ending state: Active [Active, Active]
[2026.08.30-08.25.18:437][  0]LogShaderLibrary: Display: Opening a chunked shader library for plugin 'CHR_AER_Oriana' is ignored. Chunked libraries for plugins are not supported.
[2026.08.30-08.25.18:438][  0]LogPluginManager: Mounting plugin localization for 'CHR_AER_Oriana'...
[2026.08.30-08.25.18:438][  0]LogGameFeatures: Display: Game feature 'CHR_AER_Oriana' transitioned successfully. Ending state: Active [Active, Active]
[2026.08.30-08.25.18:438][  0]LogShaderLibrary: Display: Opening a chunked shader library for plugin 'MAP_Runway' is ignored. Chunked libraries for plugins are not supported.
[2026.08.30-08.25.18:440][  0]LogPluginManager: Mounting plugin localization for 'MAP_Runway'...
[2026.08.30-08.25.18:440][  0]LogGameFeatures: Display: Game feature 'MAP_Runway' transitioned successfully. Ending state: Active [Active, Active]
[2026.08.30-08.25.18:440][  0]LogShaderLibrary: Display: Opening a chunked shader library for plugin 'CHR_AER_Eve' is ignored. Chunked libraries for plugins are not supported.
[2026.08.30-08.25.18:442][  0]LogPluginManager: Mounting plugin localization for 'CHR_AER_Eve'...
[2026.08.30-08.25.18:442][  0]LogGameFeatures: Display: Game feature 'CHR_AER_Eve' transitioned successfully. Ending state: Active [Active, Active]
[2026.08.30-08.25.18:443][  0]LogShaderLibrary: Display: Opening a chunked shader library for plugin 'CHR_AER_CocoChaosUltra' is ignored. Chunked libraries for plugins are not supported.
[2026.08.30-08.25.18:444][  0]LogPluginManager: Mounting plugin localization for 'CHR_AER_CocoChaosUltra'...
[2026.08.30-08.25.18:445][  0]LogGameFeatures: Display: Game feature 'CHR_AER_CocoChaosUltra' transitioned successfully. Ending state: Active [Active, Active]
[2026.08.30-08.25.18:445][  0]LogShaderLibrary: Display: Opening a chunked shader library for plugin 'CHR_AER_Kelps' is ignored. Chunked libraries for plugins are not supported.
[2026.08.30-08.25.18:446][  0]LogPluginManager: Mounting plugin localization for 'CHR_AER_Kelps'...
[2026.08.30-08.25.18:446][  0]LogGameFeatures: Display: Game feature 'CHR_AER_Kelps' transitioned successfully. Ending state: Active [Active, Active]
[2026.08.30-08.25.18:446][  0]LogShaderLibrary: Display: Opening a chunked shader library for plugin 'CHR_AER_Encore' is ignored. Chunked libraries for plugins are not supported.
[2026.08.30-08.25.18:447][  0]LogPluginManager: Mounting plugin localization for 'CHR_AER_Encore'...
[2026.08.30-08.25.18:447][  0]LogGameFeatures: Display: Game feature 'CHR_AER_Encore' transitioned successfully. Ending state: Active [Active, Active]
[2026.08.30-08.25.18:447][  0]LogShaderLibrary: Display: Opening a chunked shader library for plugin 'CHR_AER_HawksterUltra' is ignored. Chunked libraries for plugins are not supported.
[2026.08.30-08.25.18:448][  0]LogPluginManager: Mounting plugin localization for 'CHR_AER_HawksterUltra'...
[2026.08.30-08.25.18:448][  0]LogGameFeatures: Display: Game feature 'CHR_AER_HawksterUltra' transitioned successfully. Ending state: Active [Active, Active]
[2026.08.30-08.25.18:448][  0]LogShaderLibrary: Display: Opening a chunked shader library for plugin 'CHR_AER_OrianaUltra' is ignored. Chunked libraries for plugins are not supported.
[2026.08.30-08.25.18:450][  0]LogPluginManager: Mounting plugin localization for 'CHR_AER_OrianaUltra'...
[2026.08.30-08.25.18:450][  0]LogGameFeatures: Display: Game feature 'CHR_AER_OrianaUltra' transitioned successfully. Ending state: Active [Active, Active]
[2026.08.30-08.25.18:450][  0]LogShaderLibrary: Display: Opening a chunked shader library for plugin 'WEP_AER_Railgun' is ignored. Chunked libraries for plugins are not supported.
[2026.08.30-08.25.18:452][  0]LogPluginManager: Mounting plugin localization for 'WEP_AER_Railgun'...
[2026.08.30-08.25.18:452][  0]LogGameFeatures: Display: Game feature 'WEP_AER_Railgun' transitioned successfully. Ending state: Active [Active, Active]
[2026.08.30-08.25.18:452][  0]LogShaderLibrary: Display: Opening a chunked shader library for plugin 'WEP_AER_DualSMG' is ignored. Chunked libraries for plugins are not supported.
[2026.08.30-08.25.18:454][  0]LogAssetManager: Display: Ignoring PrimaryAssetType LoadoutItem - Conflicts with FiringMode - Asset: ID_DualSMG_Aeros_FiringMode_Primary
[2026.08.30-08.25.18:454][  0]LogAssetManager: Display: Ignoring PrimaryAssetType DependentLoadoutItem - Conflicts with FiringMode - Asset: ID_DualSMG_Aeros_FiringMode_Primary
[2026.08.30-08.25.18:454][  0]LogPluginManager: Mounting plugin localization for 'WEP_AER_DualSMG'...
[2026.08.30-08.25.18:454][  0]LogGameFeatures: Display: Game feature 'WEP_AER_DualSMG' transitioned successfully. Ending state: Active [Active, Active]
[2026.08.30-08.25.18:454][  0]LogShaderLibrary: Display: Opening a chunked shader library for plugin 'WEP_AER_BFB' is ignored. Chunked libraries for plugins are not supported.
[2026.08.30-08.25.18:456][  0]LogPluginManager: Mounting plugin localization for 'WEP_AER_BFB'...
[2026.08.30-08.25.18:456][  0]LogGameFeatures: Display: Game feature 'WEP_AER_BFB' transitioned successfully. Ending state: Active [Active, Active]
[2026.08.30-08.25.18:456][  0]LogShaderLibrary: Display: Opening a chunked shader library for plugin 'POW_WallHack' is ignored. Chunked libraries for plugins are not supported.
[2026.08.30-08.25.18:457][  0]LogPluginManager: Mounting plugin localization for 'POW_WallHack'...
[2026.08.30-08.25.18:458][  0]LogGameFeatures: Display: Game feature 'POW_WallHack' transitioned successfully. Ending state: Active [Active, Active]
[2026.08.30-08.25.18:458][  0]LogShaderLibrary: Display: Opening a chunked shader library for plugin 'PRK_Tracker' is ignored. Chunked libraries for plugins are not supported.
[2026.08.30-08.25.18:459][  0]LogPluginManager: Mounting plugin localization for 'PRK_Tracker'...
[2026.08.30-08.25.18:459][  0]LogGameFeatures: Display: Game feature 'PRK_Tracker' transitioned successfully. Ending state: Active [Active, Active]
[2026.08.30-08.25.18:459][  0]LogShaderLibrary: Display: Opening a chunked shader library for plugin 'FCT_Meridian' is ignored. Chunked libraries for plugins are not supported.
[2026.08.30-08.25.18:465][  0]LogPluginManager: Mounting plugin localization for 'FCT_Meridian'...
[2026.08.30-08.25.18:465][  0]LogGameFeatures: Display: Game feature 'FCT_Meridian' transitioned successfully. Ending state: Active [Active, Active]
[2026.08.30-08.25.18:466][  0]LogShaderLibrary: Display: Opening a chunked shader library for plugin 'EQP_EMPGrenade' is ignored. Chunked libraries for plugins are not supported.
[2026.08.30-08.25.18:467][  0]LogPluginManager: Mounting plugin localization for 'EQP_EMPGrenade'...
[2026.08.30-08.25.18:467][  0]LogGameFeatures: Display: Game feature 'EQP_EMPGrenade' transitioned successfully. Ending state: Active [Active, Active]
[2026.08.30-08.25.18:468][  0]LogShaderLibrary: Display: Opening a chunked shader library for plugin 'FCT_Sabrask' is ignored. Chunked libraries for plugins are not supported.
[2026.08.30-08.25.18:469][  0]LogPluginManager: Mounting plugin localization for 'FCT_Sabrask'...
[2026.08.30-08.25.18:469][  0]LogGameFeatures: Display: Game feature 'FCT_Sabrask' transitioned successfully. Ending state: Active [Active, Active]
[2026.08.30-08.25.18:469][  0]LogShaderLibrary: Display: Opening a chunked shader library for plugin 'EQP_AER_StimShot' is ignored. Chunked libraries for plugins are not supported.
[2026.08.30-08.25.18:470][  0]LogPluginManager: Mounting plugin localization for 'EQP_AER_StimShot'...
[2026.08.30-08.25.18:470][  0]LogGameFeatures: Display: Game feature 'EQP_AER_StimShot' transitioned successfully. Ending state: Active [Active, Active]
[2026.08.30-08.25.18:471][  0]LogShaderLibrary: Display: Opening a chunked shader library for plugin 'EQP_AER_ShockGrenade' is ignored. Chunked libraries for plugins are not supported.
[2026.08.30-08.25.18:472][  0]LogPluginManager: Mounting plugin localization for 'EQP_AER_ShockGrenade'...
[2026.08.30-08.25.18:472][  0]LogGameFeatures: Display: Game feature 'EQP_AER_ShockGrenade' transitioned successfully. Ending state: Active [Active, Active]
[2026.08.30-08.25.18:472][  0]LogShaderLibrary: Display: Opening a chunked shader library for plugin 'WEP_MER_Shotgun' is ignored. Chunked libraries for plugins are not supported.
[2026.08.30-08.25.18:474][  0]LogPluginManager: Mounting plugin localization for 'WEP_MER_Shotgun'...
[2026.08.30-08.25.18:474][  0]LogGameFeatures: Display: Game feature 'WEP_MER_Shotgun' transitioned successfully. Ending state: Active [Active, Active]
[2026.08.30-08.25.18:474][  0]LogShaderLibrary: Display: Opening a chunked shader library for plugin 'WEP_MER_SemiPistol' is ignored. Chunked libraries for plugins are not supported.
[2026.08.30-08.25.18:475][  0]LogPluginManager: Mounting plugin localization for 'WEP_MER_SemiPistol'...
[2026.08.30-08.25.18:476][  0]LogGameFeatures: Display: Game feature 'WEP_MER_SemiPistol' transitioned successfully. Ending state: Active [Active, Active]
[2026.08.30-08.25.18:476][  0]LogShaderLibrary: Display: Opening a chunked shader library for plugin 'WEP_MER_SMG' is ignored. Chunked libraries for plugins are not supported.
[2026.08.30-08.25.18:477][  0]LogPluginManager: Mounting plugin localization for 'WEP_MER_SMG'...
[2026.08.30-08.25.18:478][  0]LogGameFeatures: Display: Game feature 'WEP_MER_SMG' transitioned successfully. Ending state: Active [Active, Active]
[2026.08.30-08.25.18:478][  0]LogShaderLibrary: Display: Opening a chunked shader library for plugin 'WEP_MER_PlasmaRifle' is ignored. Chunked libraries for plugins are not supported.
[2026.08.30-08.25.18:479][  0]LogPluginManager: Mounting plugin localization for 'WEP_MER_PlasmaRifle'...
[2026.08.30-08.25.18:480][  0]LogGameFeatures: Display: Game feature 'WEP_MER_PlasmaRifle' transitioned successfully. Ending state: Active [Active, Active]
[2026.08.30-08.25.18:480][  0]LogShaderLibrary: Display: Opening a chunked shader library for plugin 'WEP_MER_PPShotgun' is ignored. Chunked libraries for plugins are not supported.
[2026.08.30-08.25.18:481][  0]LogPluginManager: Mounting plugin localization for 'WEP_MER_PPShotgun'...
[2026.08.30-08.25.18:481][  0]LogGameFeatures: Display: Game feature 'WEP_MER_PPShotgun' transitioned successfully. Ending state: Active [Active, Active]
[2026.08.30-08.25.18:481][  0]LogShaderLibrary: Display: Opening a chunked shader library for plugin 'WEP_MER_LMG' is ignored. Chunked libraries for plugins are not supported.
[2026.08.30-08.25.18:483][  0]LogPluginManager: Mounting plugin localization for 'WEP_MER_LMG'...
[2026.08.30-08.25.18:483][  0]LogGameFeatures: Display: Game feature 'WEP_MER_LMG' transitioned successfully. Ending state: Active [Active, Active]
[2026.08.30-08.25.18:484][  0]LogShaderLibrary: Display: Opening a chunked shader library for plugin 'WEP_MER_ChargePistol' is ignored. Chunked libraries for plugins are not supported.
[2026.08.30-08.25.18:484][  0]LogCoreRedirects: AddRedirect(C:/Users/<USER>/AppData/Local/PortalWars2/Saved/Config/WindowsClient/WEP_MER_ChargePistol.ini) has wildcard redirect /WEP_MER_HeavyPistol/, these are very slow and should be resolved as soon as possible! Please refer to the documentation in Engine/Config/BaseEngine.ini.
[2026.08.30-08.25.18:485][  0]LogPluginManager: Mounting plugin localization for 'WEP_MER_ChargePistol'...
[2026.08.30-08.25.18:486][  0]LogGameFeatures: Display: Game feature 'WEP_MER_ChargePistol' transitioned successfully. Ending state: Active [Active, Active]
[2026.08.30-08.25.18:486][  0]LogShaderLibrary: Display: Opening a chunked shader library for plugin 'WEP_MER_ChargeCarbine' is ignored. Chunked libraries for plugins are not supported.
[2026.08.30-08.25.18:488][  0]LogPluginManager: Mounting plugin localization for 'WEP_MER_ChargeCarbine'...
[2026.08.30-08.25.18:488][  0]LogSlate: InvalidateAllWidgets triggered.  All widgets were invalidated
[2026.08.30-08.25.18:488][  0]LogGameFeatures: Display: Game feature 'WEP_MER_ChargeCarbine' transitioned successfully. Ending state: Active [Active, Active]
[2026.08.30-08.25.18:488][  0]LogShaderLibrary: Display: Opening a chunked shader library for plugin 'WEP_MER_Carbine' is ignored. Chunked libraries for plugins are not supported.
[2026.08.30-08.25.18:490][  0]LogPluginManager: Mounting plugin localization for 'WEP_MER_Carbine'...
[2026.08.30-08.25.18:490][  0]LogGameFeatures: Display: Game feature 'WEP_MER_Carbine' transitioned successfully. Ending state: Active [Active, Active]
[2026.08.30-08.25.18:490][  0]LogShaderLibrary: Display: Opening a chunked shader library for plugin 'WEP_MER_BurstRifle' is ignored. Chunked libraries for plugins are not supported.
[2026.08.30-08.25.18:492][  0]LogPluginManager: Mounting plugin localization for 'WEP_MER_BurstRifle'...
[2026.08.30-08.25.18:493][  0]LogGameFeatures: Display: Game feature 'WEP_MER_BurstRifle' transitioned successfully. Ending state: Active [Active, Active]
[2026.08.30-08.25.18:493][  0]LogShaderLibrary: Display: Opening a chunked shader library for plugin 'WEP_MER_BurstPistol' is ignored. Chunked libraries for plugins are not supported.
[2026.08.30-08.25.18:495][  0]LogPluginManager: Mounting plugin localization for 'WEP_MER_BurstPistol'...
[2026.08.30-08.25.18:495][  0]LogGameFeatures: Display: Game feature 'WEP_MER_BurstPistol' transitioned successfully. Ending state: Active [Active, Active]
[2026.08.30-08.25.18:495][  0]LogShaderLibrary: Display: Opening a chunked shader library for plugin 'WEP_MER_AssaultRifle' is ignored. Chunked libraries for plugins are not supported.
[2026.08.30-08.25.18:497][  0]LogPluginManager: Mounting plugin localization for 'WEP_MER_AssaultRifle'...
[2026.08.30-08.25.18:497][  0]LogGameFeatures: Display: Game feature 'WEP_MER_AssaultRifle' transitioned successfully. Ending state: Active [Active, Active]
[2026.08.30-08.25.18:497][  0]LogShaderLibrary: Display: Opening a chunked shader library for plugin 'CHR_MER_OrionMaleUltra' is ignored. Chunked libraries for plugins are not supported.
[2026.08.30-08.25.18:499][  0]LogPluginManager: Mounting plugin localization for 'CHR_MER_OrionMaleUltra'...
[2026.08.30-08.25.18:499][  0]LogGameFeatures: Display: Game feature 'CHR_MER_OrionMaleUltra' transitioned successfully. Ending state: Active [Active, Active]
[2026.08.30-08.25.18:499][  0]LogShaderLibrary: Display: Opening a chunked shader library for plugin 'CHR_MER_OrionFemaleUltra' is ignored. Chunked libraries for plugins are not supported.
[2026.08.30-08.25.18:500][  0]LogPluginManager: Mounting plugin localization for 'CHR_MER_OrionFemaleUltra'...
[2026.08.30-08.25.18:500][  0]LogGameFeatures: Display: Game feature 'CHR_MER_OrionFemaleUltra' transitioned successfully. Ending state: Active [Active, Active]
[2026.08.30-08.25.18:501][  0]LogShaderLibrary: Display: Opening a chunked shader library for plugin 'CHR_MER_Mira' is ignored. Chunked libraries for plugins are not supported.
[2026.08.30-08.25.18:501][  0]LogPluginManager: Mounting plugin localization for 'CHR_MER_Mira'...
[2026.08.30-08.25.18:502][  0]LogGameFeatures: Display: Game feature 'CHR_MER_Mira' transitioned successfully. Ending state: Active [Active, Active]
[2026.08.30-08.25.18:502][  0]LogShaderLibrary: Display: Opening a chunked shader library for plugin 'WEP_SBK_Shotgun' is ignored. Chunked libraries for plugins are not supported.
[2026.08.30-08.25.18:503][  0]LogPluginManager: Mounting plugin localization for 'WEP_SBK_Shotgun'...
[2026.08.30-08.25.18:504][  0]LogGameFeatures: Display: Game feature 'WEP_SBK_Shotgun' transitioned successfully. Ending state: Active [Active, Active]
[2026.08.30-08.25.18:504][  0]LogShaderLibrary: Display: Opening a chunked shader library for plugin 'WEP_SBK_SemiPistol' is ignored. Chunked libraries for plugins are not supported.
[2026.08.30-08.25.18:505][  0]LogPluginManager: Mounting plugin localization for 'WEP_SBK_SemiPistol'...
[2026.08.30-08.25.18:505][  0]LogGameFeatures: Display: Game feature 'WEP_SBK_SemiPistol' transitioned successfully. Ending state: Active [Active, Active]
[2026.08.30-08.25.18:505][  0]LogShaderLibrary: Display: Opening a chunked shader library for plugin 'WEP_SBK_SMG' is ignored. Chunked libraries for plugins are not supported.
[2026.08.30-08.25.18:506][  0]LogPluginManager: Mounting plugin localization for 'WEP_SBK_SMG'...
[2026.08.30-08.25.18:507][  0]LogGameFeatures: Display: Game feature 'WEP_SBK_SMG' transitioned successfully. Ending state: Active [Active, Active]
[2026.08.30-08.25.18:507][  0]LogShaderLibrary: Display: Opening a chunked shader library for plugin 'WEP_SBK_RocketLauncher' is ignored. Chunked libraries for plugins are not supported.
[2026.08.30-08.25.18:508][  0]LogPluginManager: Mounting plugin localization for 'WEP_SBK_RocketLauncher'...
[2026.08.30-08.25.18:508][  0]LogGameFeatures: Display: Game feature 'WEP_SBK_RocketLauncher' transitioned successfully. Ending state: Active [Active, Active]
[2026.08.30-08.25.18:508][  0]LogShaderLibrary: Display: Opening a chunked shader library for plugin 'WEP_SBK_LMG' is ignored. Chunked libraries for plugins are not supported.
[2026.08.30-08.25.18:509][  0]LogPluginManager: Mounting plugin localization for 'WEP_SBK_LMG'...
[2026.08.30-08.25.18:510][  0]LogGameFeatures: Display: Game feature 'WEP_SBK_LMG' transitioned successfully. Ending state: Active [Active, Active]
[2026.08.30-08.25.18:510][  0]LogShaderLibrary: Display: Opening a chunked shader library for plugin 'WEP_SBK_HeavyPistol' is ignored. Chunked libraries for plugins are not supported.
[2026.08.30-08.25.18:511][  0]LogPluginManager: Mounting plugin localization for 'WEP_SBK_HeavyPistol'...
[2026.08.30-08.25.18:511][  0]LogGameFeatures: Display: Game feature 'WEP_SBK_HeavyPistol' transitioned successfully. Ending state: Active [Active, Active]
[2026.08.30-08.25.18:512][  0]LogShaderLibrary: Display: Opening a chunked shader library for plugin 'WEP_SBK_Carbine' is ignored. Chunked libraries for plugins are not supported.
[2026.08.30-08.25.18:513][  0]LogPluginManager: Mounting plugin localization for 'WEP_SBK_Carbine'...
[2026.08.30-08.25.18:513][  0]LogGameFeatures: Display: Game feature 'WEP_SBK_Carbine' transitioned successfully. Ending state: Active [Active, Active]
[2026.08.30-08.25.18:513][  0]LogShaderLibrary: Display: Opening a chunked shader library for plugin 'WEP_SBK_BurstRifle' is ignored. Chunked libraries for plugins are not supported.
[2026.08.30-08.25.18:514][  0]LogPluginManager: Mounting plugin localization for 'WEP_SBK_BurstRifle'...
[2026.08.30-08.25.18:514][  0]LogGameFeatures: Display: Game feature 'WEP_SBK_BurstRifle' transitioned successfully. Ending state: Active [Active, Active]
[2026.08.30-08.25.18:514][  0]LogShaderLibrary: Display: Opening a chunked shader library for plugin 'WEP_SBK_BurstPistol' is ignored. Chunked libraries for plugins are not supported.
[2026.08.30-08.25.18:515][  0]LogPluginManager: Mounting plugin localization for 'WEP_SBK_BurstPistol'...
[2026.08.30-08.25.18:516][  0]LogGameFeatures: Display: Game feature 'WEP_SBK_BurstPistol' transitioned successfully. Ending state: Active [Active, Active]
[2026.08.30-08.25.18:516][  0]LogShaderLibrary: Display: Opening a chunked shader library for plugin 'WEP_SBK_BoltSniper' is ignored. Chunked libraries for plugins are not supported.
[2026.08.30-08.25.18:517][  0]LogPluginManager: Mounting plugin localization for 'WEP_SBK_BoltSniper'...
[2026.08.30-08.25.18:517][  0]LogGameFeatures: Display: Game feature 'WEP_SBK_BoltSniper' transitioned successfully. Ending state: Active [Active, Active]
[2026.08.30-08.25.18:517][  0]LogShaderLibrary: Display: Opening a chunked shader library for plugin 'WEP_SBK_AssaultRifle' is ignored. Chunked libraries for plugins are not supported.
[2026.08.30-08.25.18:519][  0]LogPluginManager: Mounting plugin localization for 'WEP_SBK_AssaultRifle'...
[2026.08.30-08.25.18:519][  0]LogGameFeatures: Display: Game feature 'WEP_SBK_AssaultRifle' transitioned successfully. Ending state: Active [Active, Active]
[2026.08.30-08.25.18:520][  0]LogShaderLibrary: Display: Opening a chunked shader library for plugin 'WEP_PWR_CannonGun' is ignored. Chunked libraries for plugins are not supported.
[2026.08.30-08.25.18:522][  0]LogPluginManager: Mounting plugin localization for 'WEP_PWR_CannonGun'...
[2026.08.30-08.25.18:522][  0]LogGameFeatures: Display: Game feature 'WEP_PWR_CannonGun' transitioned successfully. Ending state: Active [Active, Active]
[2026.08.30-08.25.18:522][  0]LogShaderLibrary: Display: Opening a chunked shader library for plugin 'EQP_SBK_StickyGrenade' is ignored. Chunked libraries for plugins are not supported.
[2026.08.30-08.25.18:524][  0]LogPluginManager: Mounting plugin localization for 'EQP_SBK_StickyGrenade'...
[2026.08.30-08.25.18:524][  0]LogGameFeatures: Display: Game feature 'EQP_SBK_StickyGrenade' transitioned successfully. Ending state: Active [Active, Active]
[2026.08.30-08.25.18:524][  0]LogShaderLibrary: Display: Opening a chunked shader library for plugin 'CHR_SBK_Rhinok' is ignored. Chunked libraries for plugins are not supported.
[2026.08.30-08.25.18:525][  0]LogPluginManager: Mounting plugin localization for 'CHR_SBK_Rhinok'...
[2026.08.30-08.25.18:525][  0]LogGameFeatures: Display: Game feature 'CHR_SBK_Rhinok' transitioned successfully. Ending state: Active [Active, Active]
[2026.08.30-08.25.18:526][  0]LogShaderLibrary: Display: Opening a chunked shader library for plugin 'CHR_SBK_OrionFemaleUltra' is ignored. Chunked libraries for plugins are not supported.
[2026.08.30-08.25.18:526][  0]LogPluginManager: Mounting plugin localization for 'CHR_SBK_OrionFemaleUltra'...
[2026.08.30-08.25.18:527][  0]LogGameFeatures: Display: Game feature 'CHR_SBK_OrionFemaleUltra' transitioned successfully. Ending state: Active [Active, Active]
[2026.08.30-08.25.18:527][  0]LogShaderLibrary: Display: Opening a chunked shader library for plugin 'WSK_MER_Shotgun_Overclock' is ignored. Chunked libraries for plugins are not supported.
[2026.08.30-08.25.18:528][  0]LogPluginManager: Mounting plugin localization for 'WSK_MER_Shotgun_Overclock'...
[2026.08.30-08.25.18:528][  0]LogGameFeatures: Display: Game feature 'WSK_MER_Shotgun_Overclock' transitioned successfully. Ending state: Active [Active, Active]
[2026.08.30-08.25.18:528][  0]LogShaderLibrary: Display: Opening a chunked shader library for plugin 'WSK_MER_Shotgun_CreatorClash' is ignored. Chunked libraries for plugins are not supported.
[2026.08.30-08.25.18:529][  0]LogPluginManager: Mounting plugin localization for 'WSK_MER_Shotgun_CreatorClash'...
[2026.08.30-08.25.18:529][  0]LogGameFeatures: Display: Game feature 'WSK_MER_Shotgun_CreatorClash' transitioned successfully. Ending state: Active [Active, Active]
[2026.08.30-08.25.18:529][  0]LogShaderLibrary: Display: Opening a chunked shader library for plugin 'WSK_MER_Shotgun_Concentrator' is ignored. Chunked libraries for plugins are not supported.
[2026.08.30-08.25.18:530][  0]LogPluginManager: Mounting plugin localization for 'WSK_MER_Shotgun_Concentrator'...
[2026.08.30-08.25.18:530][  0]LogGameFeatures: Display: Game feature 'WSK_MER_Shotgun_Concentrator' transitioned successfully. Ending state: Active [Active, Active]
[2026.08.30-08.25.18:530][  0]LogShaderLibrary: Display: Opening a chunked shader library for plugin 'WSK_MER_Shotgun_Blackhole' is ignored. Chunked libraries for plugins are not supported.
[2026.08.30-08.25.18:531][  0]LogPluginManager: Mounting plugin localization for 'WSK_MER_Shotgun_Blackhole'...
[2026.08.30-08.25.18:531][  0]LogGameFeatures: Display: Game feature 'WSK_MER_Shotgun_Blackhole' transitioned successfully. Ending state: Active [Active, Active]
[2026.08.30-08.25.18:531][  0]LogShaderLibrary: Display: Opening a chunked shader library for plugin 'WSK_MER_Shotgun_BattleShip' is ignored. Chunked libraries for plugins are not supported.
[2026.08.30-08.25.18:533][  0]LogPluginManager: Mounting plugin localization for 'WSK_MER_Shotgun_BattleShip'...
[2026.08.30-08.25.18:533][  0]LogGameFeatures: Display: Game feature 'WSK_MER_Shotgun_BattleShip' transitioned successfully. Ending state: Active [Active, Active]
[2026.08.30-08.25.18:533][  0]LogShaderLibrary: Display: Opening a chunked shader library for plugin 'WSK_MER_Shotgun_Antiquity' is ignored. Chunked libraries for plugins are not supported.
[2026.08.30-08.25.18:534][  0]LogPluginManager: Mounting plugin localization for 'WSK_MER_Shotgun_Antiquity'...
[2026.08.30-08.25.18:534][  0]LogGameFeatures: Display: Game feature 'WSK_MER_Shotgun_Antiquity' transitioned successfully. Ending state: Active [Active, Active]
[2026.08.30-08.25.18:535][  0]LogShaderLibrary: Display: Opening a chunked shader library for plugin 'WSK_MER_SemiPistol_Swarm' is ignored. Chunked libraries for plugins are not supported.
[2026.08.30-08.25.18:536][  0]LogPluginManager: Mounting plugin localization for 'WSK_MER_SemiPistol_Swarm'...
[2026.08.30-08.25.18:536][  0]LogGameFeatures: Display: Game feature 'WSK_MER_SemiPistol_Swarm' transitioned successfully. Ending state: Active [Active, Active]
[2026.08.30-08.25.18:536][  0]LogShaderLibrary: Display: Opening a chunked shader library for plugin 'WSK_MER_SemiPistol_Pesticide' is ignored. Chunked libraries for plugins are not supported.
[2026.08.30-08.25.18:537][  0]LogPluginManager: Mounting plugin localization for 'WSK_MER_SemiPistol_Pesticide'...
[2026.08.30-08.25.18:537][  0]LogGameFeatures: Display: Game feature 'WSK_MER_SemiPistol_Pesticide' transitioned successfully. Ending state: Active [Active, Active]
[2026.08.30-08.25.18:537][  0]LogShaderLibrary: Display: Opening a chunked shader library for plugin 'WSK_MER_SemiPistol_Nocturne' is ignored. Chunked libraries for plugins are not supported.
[2026.08.30-08.25.18:538][  0]LogPluginManager: Mounting plugin localization for 'WSK_MER_SemiPistol_Nocturne'...
[2026.08.30-08.25.18:538][  0]LogGameFeatures: Display: Game feature 'WSK_MER_SemiPistol_Nocturne' transitioned successfully. Ending state: Active [Active, Active]
[2026.08.30-08.25.18:538][  0]LogShaderLibrary: Display: Opening a chunked shader library for plugin 'WSK_MER_SemiPistol_Mirage' is ignored. Chunked libraries for plugins are not supported.
[2026.08.30-08.25.18:539][  0]LogPluginManager: Mounting plugin localization for 'WSK_MER_SemiPistol_Mirage'...
[2026.08.30-08.25.18:539][  0]LogGameFeatures: Display: Game feature 'WSK_MER_SemiPistol_Mirage' transitioned successfully. Ending state: Active [Active, Active]
[2026.08.30-08.25.18:540][  0]LogShaderLibrary: Display: Opening a chunked shader library for plugin 'WSK_MER_SemiPistol_LunarNewYear' is ignored. Chunked libraries for plugins are not supported.
[2026.08.30-08.25.18:541][  0]LogPluginManager: Mounting plugin localization for 'WSK_MER_SemiPistol_LunarNewYear'...
[2026.08.30-08.25.18:541][  0]LogGameFeatures: Display: Game feature 'WSK_MER_SemiPistol_LunarNewYear' transitioned successfully. Ending state: Active [Active, Active]
[2026.08.30-08.25.18:541][  0]LogShaderLibrary: Display: Opening a chunked shader library for plugin 'WSK_MER_SemiPistol_Dissipator' is ignored. Chunked libraries for plugins are not supported.
[2026.08.30-08.25.18:543][  0]LogPluginManager: Mounting plugin localization for 'WSK_MER_SemiPistol_Dissipator'...
[2026.08.30-08.25.18:543][  0]LogGameFeatures: Display: Game feature 'WSK_MER_SemiPistol_Dissipator' transitioned successfully. Ending state: Active [Active, Active]
[2026.08.30-08.25.18:543][  0]LogShaderLibrary: Display: Opening a chunked shader library for plugin 'WSK_MER_SemiPistol_CreatorClash' is ignored. Chunked libraries for plugins are not supported.
[2026.08.30-08.25.18:544][  0]LogPluginManager: Mounting plugin localization for 'WSK_MER_SemiPistol_CreatorClash'...
[2026.08.30-08.25.18:544][  0]LogGameFeatures: Display: Game feature 'WSK_MER_SemiPistol_CreatorClash' transitioned successfully. Ending state: Active [Active, Active]
[2026.08.30-08.25.18:544][  0]LogShaderLibrary: Display: Opening a chunked shader library for plugin 'WSK_MER_SMG_SeventySeven' is ignored. Chunked libraries for plugins are not supported.
[2026.08.30-08.25.18:545][  0]LogPluginManager: Mounting plugin localization for 'WSK_MER_SMG_SeventySeven'...
[2026.08.30-08.25.18:546][  0]LogGameFeatures: Display: Game feature 'WSK_MER_SMG_SeventySeven' transitioned successfully. Ending state: Active [Active, Active]
[2026.08.30-08.25.18:546][  0]LogShaderLibrary: Display: Opening a chunked shader library for plugin 'WSK_MER_SMG_Prototype' is ignored. Chunked libraries for plugins are not supported.
[2026.08.30-08.25.18:546][  0]LogPluginManager: Mounting plugin localization for 'WSK_MER_SMG_Prototype'...
[2026.08.30-08.25.18:547][  0]LogGameFeatures: Display: Game feature 'WSK_MER_SMG_Prototype' transitioned successfully. Ending state: Active [Active, Active]
[2026.08.30-08.25.18:547][  0]LogShaderLibrary: Display: Opening a chunked shader library for plugin 'WSK_MER_SMG_ProPack' is ignored. Chunked libraries for plugins are not supported.
[2026.08.30-08.25.18:547][  0]LogPluginManager: Mounting plugin localization for 'WSK_MER_SMG_ProPack'...
[2026.08.30-08.25.18:548][  0]LogGameFeatures: Display: Game feature 'WSK_MER_SMG_ProPack' transitioned successfully. Ending state: Active [Active, Active]
[2026.08.30-08.25.18:548][  0]LogShaderLibrary: Display: Opening a chunked shader library for plugin 'WSK_MER_SMG_Origami' is ignored. Chunked libraries for plugins are not supported.
[2026.08.30-08.25.18:548][  0]LogPluginManager: Mounting plugin localization for 'WSK_MER_SMG_Origami'...
[2026.08.30-08.25.18:548][  0]LogGameFeatures: Display: Game feature 'WSK_MER_SMG_Origami' transitioned successfully. Ending state: Active [Active, Active]
[2026.08.30-08.25.18:549][  0]LogShaderLibrary: Display: Opening a chunked shader library for plugin 'WSK_MER_SMG_Medusa' is ignored. Chunked libraries for plugins are not supported.
[2026.08.30-08.25.18:549][  0]LogPluginManager: Mounting plugin localization for 'WSK_MER_SMG_Medusa'...
[2026.08.30-08.25.18:550][  0]LogGameFeatures: Display: Game feature 'WSK_MER_SMG_Medusa' transitioned successfully. Ending state: Active [Active, Active]
[2026.08.30-08.25.18:550][  0]LogShaderLibrary: Display: Opening a chunked shader library for plugin 'WSK_MER_SMG_BadLuck' is ignored. Chunked libraries for plugins are not supported.
[2026.08.30-08.25.18:551][  0]LogPluginManager: Mounting plugin localization for 'WSK_MER_SMG_BadLuck'...
[2026.08.30-08.25.18:551][  0]LogGameFeatures: Display: Game feature 'WSK_MER_SMG_BadLuck' transitioned successfully. Ending state: Active [Active, Active]
[2026.08.30-08.25.18:551][  0]LogShaderLibrary: Display: Opening a chunked shader library for plugin 'WSK_MER_SMG_AprilFools' is ignored. Chunked libraries for plugins are not supported.
[2026.08.30-08.25.18:553][  0]LogPluginManager: Mounting plugin localization for 'WSK_MER_SMG_AprilFools'...
[2026.08.30-08.25.18:553][  0]LogGameFeatures: Display: Game feature 'WSK_MER_SMG_AprilFools' transitioned successfully. Ending state: Active [Active, Active]
[2026.08.30-08.25.18:553][  0]LogShaderLibrary: Display: Opening a chunked shader library for plugin 'WSK_MER_LMG_IronStreamline' is ignored. Chunked libraries for plugins are not supported.
[2026.08.30-08.25.18:554][  0]LogPluginManager: Mounting plugin localization for 'WSK_MER_LMG_IronStreamline'...
[2026.08.30-08.25.18:554][  0]LogGameFeatures: Display: Game feature 'WSK_MER_LMG_IronStreamline' transitioned successfully. Ending state: Active [Active, Active]
[2026.08.30-08.25.18:554][  0]LogShaderLibrary: Display: Opening a chunked shader library for plugin 'WSK_MER_LMG_FierceStrata' is ignored. Chunked libraries for plugins are not supported.
[2026.08.30-08.25.18:555][  0]LogPluginManager: Mounting plugin localization for 'WSK_MER_LMG_FierceStrata'...
[2026.08.30-08.25.18:555][  0]LogGameFeatures: Display: Game feature 'WSK_MER_LMG_FierceStrata' transitioned successfully. Ending state: Active [Active, Active]
[2026.08.30-08.25.18:555][  0]LogShaderLibrary: Display: Opening a chunked shader library for plugin 'WSK_MER_LMG_Blackhole' is ignored. Chunked libraries for plugins are not supported.
[2026.08.30-08.25.18:556][  0]LogPluginManager: Mounting plugin localization for 'WSK_MER_LMG_Blackhole'...
[2026.08.30-08.25.18:556][  0]LogGameFeatures: Display: Game feature 'WSK_MER_LMG_Blackhole' transitioned successfully. Ending state: Active [Active, Active]
[2026.08.30-08.25.18:556][  0]LogShaderLibrary: Display: Opening a chunked shader library for plugin 'WSK_MER_HeavyPistol_Widow' is ignored. Chunked libraries for plugins are not supported.
[2026.08.30-08.25.18:557][  0]LogPluginManager: Mounting plugin localization for 'WSK_MER_HeavyPistol_Widow'...
[2026.08.30-08.25.18:557][  0]LogGameFeatures: Display: Game feature 'WSK_MER_HeavyPistol_Widow' transitioned successfully. Ending state: Active [Active, Active]
[2026.08.30-08.25.18:557][  0]LogShaderLibrary: Display: Opening a chunked shader library for plugin 'WSK_MER_HeavyPistol_Artisan' is ignored. Chunked libraries for plugins are not supported.
[2026.08.30-08.25.18:558][  0]LogPluginManager: Mounting plugin localization for 'WSK_MER_HeavyPistol_Artisan'...
[2026.08.30-08.25.18:558][  0]LogGameFeatures: Display: Game feature 'WSK_MER_HeavyPistol_Artisan' transitioned successfully. Ending state: Active [Active, Active]
[2026.08.30-08.25.18:558][  0]LogShaderLibrary: Display: Opening a chunked shader library for plugin 'WSK_MER_ChargePistol_Prismal' is ignored. Chunked libraries for plugins are not supported.
[2026.08.30-08.25.18:558][  0]LogPluginManager: Mounting plugin localization for 'WSK_MER_ChargePistol_Prismal'...
[2026.08.30-08.25.18:559][  0]LogGameFeatures: Display: Game feature 'WSK_MER_ChargePistol_Prismal' transitioned successfully. Ending state: Active [Active, Active]
[2026.08.30-08.25.18:559][  0]LogShaderLibrary: Display: Opening a chunked shader library for plugin 'WSK_MER_ChargePistol_Blackhole' is ignored. Chunked libraries for plugins are not supported.
[2026.08.30-08.25.18:561][  0]LogPluginManager: Mounting plugin localization for 'WSK_MER_ChargePistol_Blackhole'...
[2026.08.30-08.25.18:561][  0]LogGameFeatures: Display: Game feature 'WSK_MER_ChargePistol_Blackhole' transitioned successfully. Ending state: Active [Active, Active]
[2026.08.30-08.25.18:561][  0]LogShaderLibrary: Display: Opening a chunked shader library for plugin 'WSK_MER_Carbine_Redline' is ignored. Chunked libraries for plugins are not supported.
[2026.08.30-08.25.18:561][  0]LogPluginManager: Mounting plugin localization for 'WSK_MER_Carbine_Redline'...
[2026.08.30-08.25.18:562][  0]LogGameFeatures: Display: Game feature 'WSK_MER_Carbine_Redline' transitioned successfully. Ending state: Active [Active, Active]
[2026.08.30-08.25.18:562][  0]LogShaderLibrary: Display: Opening a chunked shader library for plugin 'WSK_MER_Carbine_Nanoswarm' is ignored. Chunked libraries for plugins are not supported.
[2026.08.30-08.25.18:563][  0]LogPluginManager: Mounting plugin localization for 'WSK_MER_Carbine_Nanoswarm'...
[2026.08.30-08.25.18:563][  0]LogGameFeatures: Display: Game feature 'WSK_MER_Carbine_Nanoswarm' transitioned successfully. Ending state: Active [Active, Active]
[2026.08.30-08.25.18:563][  0]LogShaderLibrary: Display: Opening a chunked shader library for plugin 'WSK_MER_Carbine_EuropeanOfficer' is ignored. Chunked libraries for plugins are not supported.
[2026.08.30-08.25.18:564][  0]LogPluginManager: Mounting plugin localization for 'WSK_MER_Carbine_EuropeanOfficer'...
[2026.08.30-08.25.18:564][  0]LogGameFeatures: Display: Game feature 'WSK_MER_Carbine_EuropeanOfficer' transitioned successfully. Ending state: Active [Active, Active]
[2026.08.30-08.25.18:564][  0]LogShaderLibrary: Display: Opening a chunked shader library for plugin 'WSK_MER_Carbine_Chronos' is ignored. Chunked libraries for plugins are not supported.
[2026.08.30-08.25.18:565][  0]LogPluginManager: Mounting plugin localization for 'WSK_MER_Carbine_Chronos'...
[2026.08.30-08.25.18:565][  0]LogGameFeatures: Display: Game feature 'WSK_MER_Carbine_Chronos' transitioned successfully. Ending state: Active [Active, Active]
[2026.08.30-08.25.18:565][  0]LogShaderLibrary: Display: Opening a chunked shader library for plugin 'WSK_MER_Carbine_Ceramic' is ignored. Chunked libraries for plugins are not supported.
[2026.08.30-08.25.18:566][  0]LogPluginManager: Mounting plugin localization for 'WSK_MER_Carbine_Ceramic'...
[2026.08.30-08.25.18:566][  0]LogGameFeatures: Display: Game feature 'WSK_MER_Carbine_Ceramic' transitioned successfully. Ending state: Active [Active, Active]
[2026.08.30-08.25.18:566][  0]LogShaderLibrary: Display: Opening a chunked shader library for plugin 'WSK_MER_Carbine_Bronze' is ignored. Chunked libraries for plugins are not supported.
[2026.08.30-08.25.18:567][  0]LogPluginManager: Mounting plugin localization for 'WSK_MER_Carbine_Bronze'...
[2026.08.30-08.25.18:568][  0]LogGameFeatures: Display: Game feature 'WSK_MER_Carbine_Bronze' transitioned successfully. Ending state: Active [Active, Active]
[2026.08.30-08.25.18:568][  0]LogShaderLibrary: Display: Opening a chunked shader library for plugin 'WSK_MER_BurstRifle_Vampiric' is ignored. Chunked libraries for plugins are not supported.
[2026.08.30-08.25.18:570][  0]LogPluginManager: Mounting plugin localization for 'WSK_MER_BurstRifle_Vampiric'...
[2026.08.30-08.25.18:570][  0]LogGameFeatures: Display: Game feature 'WSK_MER_BurstRifle_Vampiric' transitioned successfully. Ending state: Active [Active, Active]
[2026.08.30-08.25.18:570][  0]LogShaderLibrary: Display: Opening a chunked shader library for plugin 'WSK_MER_BurstRifle_Ulrich' is ignored. Chunked libraries for plugins are not supported.
[2026.08.30-08.25.18:572][  0]LogPluginManager: Mounting plugin localization for 'WSK_MER_BurstRifle_Ulrich'...
[2026.08.30-08.25.18:572][  0]LogGameFeatures: Display: Game feature 'WSK_MER_BurstRifle_Ulrich' transitioned successfully. Ending state: Active [Active, Active]
[2026.08.30-08.25.18:572][  0]LogShaderLibrary: Display: Opening a chunked shader library for plugin 'WSK_MER_BurstRifle_RemoteControl' is ignored. Chunked libraries for plugins are not supported.
[2026.08.30-08.25.18:574][  0]LogPluginManager: Mounting plugin localization for 'WSK_MER_BurstRifle_RemoteControl'...
[2026.08.30-08.25.18:574][  0]LogGameFeatures: Display: Game feature 'WSK_MER_BurstRifle_RemoteControl' transitioned successfully. Ending state: Active [Active, Active]
[2026.08.30-08.25.18:574][  0]LogShaderLibrary: Display: Opening a chunked shader library for plugin 'WSK_MER_BurstRifle_Nanoswarm' is ignored. Chunked libraries for plugins are not supported.
[2026.08.30-08.25.18:575][  0]LogPluginManager: Mounting plugin localization for 'WSK_MER_BurstRifle_Nanoswarm'...
[2026.08.30-08.25.18:575][  0]LogGameFeatures: Display: Game feature 'WSK_MER_BurstRifle_Nanoswarm' transitioned successfully. Ending state: Active [Active, Active]
[2026.08.30-08.25.18:575][  0]LogShaderLibrary: Display: Opening a chunked shader library for plugin 'WSK_MER_BurstRifle_Medic' is ignored. Chunked libraries for plugins are not supported.
[2026.08.30-08.25.18:576][  0]LogPluginManager: Mounting plugin localization for 'WSK_MER_BurstRifle_Medic'...
[2026.08.30-08.25.18:576][  0]LogGameFeatures: Display: Game feature 'WSK_MER_BurstRifle_Medic' transitioned successfully. Ending state: Active [Active, Active]
[2026.08.30-08.25.18:576][  0]LogShaderLibrary: Display: Opening a chunked shader library for plugin 'WSK_MER_BurstRifle_Egyptian' is ignored. Chunked libraries for plugins are not supported.
[2026.08.30-08.25.18:577][  0]LogPluginManager: Mounting plugin localization for 'WSK_MER_BurstRifle_Egyptian'...
[2026.08.30-08.25.18:577][  0]LogGameFeatures: Display: Game feature 'WSK_MER_BurstRifle_Egyptian' transitioned successfully. Ending state: Active [Active, Active]
[2026.08.30-08.25.18:577][  0]LogShaderLibrary: Display: Opening a chunked shader library for plugin 'WSK_MER_BurstRifle_Calligraph' is ignored. Chunked libraries for plugins are not supported.
[2026.08.30-08.25.18:578][  0]LogPluginManager: Mounting plugin localization for 'WSK_MER_BurstRifle_Calligraph'...
[2026.08.30-08.25.18:578][  0]LogGameFeatures: Display: Game feature 'WSK_MER_BurstRifle_Calligraph' transitioned successfully. Ending state: Active [Active, Active]
[2026.08.30-08.25.18:578][  0]LogShaderLibrary: Display: Opening a chunked shader library for plugin 'WSK_MER_BurstRifle_BlackHole' is ignored. Chunked libraries for plugins are not supported.
[2026.08.30-08.25.18:579][  0]LogPluginManager: Mounting plugin localization for 'WSK_MER_BurstRifle_BlackHole'...
[2026.08.30-08.25.18:580][  0]LogGameFeatures: Display: Game feature 'WSK_MER_BurstRifle_BlackHole' transitioned successfully. Ending state: Active [Active, Active]
[2026.08.30-08.25.18:580][  0]LogShaderLibrary: Display: Opening a chunked shader library for plugin 'WSK_MER_BurstRifle_BadLuck' is ignored. Chunked libraries for plugins are not supported.
[2026.08.30-08.25.18:580][  0]LogPluginManager: Mounting plugin localization for 'WSK_MER_BurstRifle_BadLuck'...
[2026.08.30-08.25.18:581][  0]LogGameFeatures: Display: Game feature 'WSK_MER_BurstRifle_BadLuck' transitioned successfully. Ending state: Active [Active, Active]
[2026.08.30-08.25.18:581][  0]LogShaderLibrary: Display: Opening a chunked shader library for plugin 'WSK_MER_BurstPistol_Redline' is ignored. Chunked libraries for plugins are not supported.
[2026.08.30-08.25.18:581][  0]LogPluginManager: Mounting plugin localization for 'WSK_MER_BurstPistol_Redline'...
[2026.08.30-08.25.18:582][  0]LogGameFeatures: Display: Game feature 'WSK_MER_BurstPistol_Redline' transitioned successfully. Ending state: Active [Active, Active]
[2026.08.30-08.25.18:582][  0]LogShaderLibrary: Display: Opening a chunked shader library for plugin 'WSK_MER_BurstPistol_Cella' is ignored. Chunked libraries for plugins are not supported.
[2026.08.30-08.25.18:582][  0]LogPluginManager: Mounting plugin localization for 'WSK_MER_BurstPistol_Cella'...
[2026.08.30-08.25.18:583][  0]LogGameFeatures: Display: Game feature 'WSK_MER_BurstPistol_Cella' transitioned successfully. Ending state: Active [Active, Active]
[2026.08.30-08.25.18:583][  0]LogShaderLibrary: Display: Opening a chunked shader library for plugin 'WSK_MER_BurstPistol_BadLuck' is ignored. Chunked libraries for plugins are not supported.
[2026.08.30-08.25.18:584][  0]LogPluginManager: Mounting plugin localization for 'WSK_MER_BurstPistol_BadLuck'...
[2026.08.30-08.25.18:584][  0]LogGameFeatures: Display: Game feature 'WSK_MER_BurstPistol_BadLuck' transitioned successfully. Ending state: Active [Active, Active]
[2026.08.30-08.25.18:584][  0]LogShaderLibrary: Display: Opening a chunked shader library for plugin 'WSK_MER_BurstPistol_AethersFragment' is ignored. Chunked libraries for plugins are not supported.
[2026.08.30-08.25.18:585][  0]LogPluginManager: Mounting plugin localization for 'WSK_MER_BurstPistol_AethersFragment'...
[2026.08.30-08.25.18:585][  0]LogGameFeatures: Display: Game feature 'WSK_MER_BurstPistol_AethersFragment' transitioned successfully. Ending state: Active [Active, Active]
[2026.08.30-08.25.18:585][  0]LogShaderLibrary: Display: Opening a chunked shader library for plugin 'WSK_MER_AssaultRifle_Trojan' is ignored. Chunked libraries for plugins are not supported.
[2026.08.30-08.25.18:586][  0]LogPluginManager: Mounting plugin localization for 'WSK_MER_AssaultRifle_Trojan'...
[2026.08.30-08.25.18:586][  0]LogGameFeatures: Display: Game feature 'WSK_MER_AssaultRifle_Trojan' transitioned successfully. Ending state: Active [Active, Active]
[2026.08.30-08.25.18:586][  0]LogShaderLibrary: Display: Opening a chunked shader library for plugin 'WSK_MER_AssaultRifle_Swarm' is ignored. Chunked libraries for plugins are not supported.
[2026.08.30-08.25.18:587][  0]LogPluginManager: Mounting plugin localization for 'WSK_MER_AssaultRifle_Swarm'...
[2026.08.30-08.25.18:587][  0]LogGameFeatures: Display: Game feature 'WSK_MER_AssaultRifle_Swarm' transitioned successfully. Ending state: Active [Active, Active]
[2026.08.30-08.25.18:587][  0]LogShaderLibrary: Display: Opening a chunked shader library for plugin 'WSK_MER_AssaultRifle_Revolt' is ignored. Chunked libraries for plugins are not supported.
[2026.08.30-08.25.18:588][  0]LogPluginManager: Mounting plugin localization for 'WSK_MER_AssaultRifle_Revolt'...
[2026.08.30-08.25.18:588][  0]LogGameFeatures: Display: Game feature 'WSK_MER_AssaultRifle_Revolt' transitioned successfully. Ending state: Active [Active, Active]
[2026.08.30-08.25.18:588][  0]LogShaderLibrary: Display: Opening a chunked shader library for plugin 'WSK_MER_AssaultRifle_Receptor' is ignored. Chunked libraries for plugins are not supported.
[2026.08.30-08.25.18:589][  0]LogPluginManager: Mounting plugin localization for 'WSK_MER_AssaultRifle_Receptor'...
[2026.08.30-08.25.18:589][  0]LogGameFeatures: Display: Game feature 'WSK_MER_AssaultRifle_Receptor' transitioned successfully. Ending state: Active [Active, Active]
[2026.08.30-08.25.18:589][  0]LogShaderLibrary: Display: Opening a chunked shader library for plugin 'WSK_MER_AssaultRifle_PirateQueen' is ignored. Chunked libraries for plugins are not supported.
[2026.08.30-08.25.18:591][  0]LogPluginManager: Mounting plugin localization for 'WSK_MER_AssaultRifle_PirateQueen'...
[2026.08.30-08.25.18:591][  0]LogGameFeatures: Display: Game feature 'WSK_MER_AssaultRifle_PirateQueen' transitioned successfully. Ending state: Active [Active, Active]
[2026.08.30-08.25.18:591][  0]LogShaderLibrary: Display: Opening a chunked shader library for plugin 'WSK_MER_AssaultRifle_PekingOpera' is ignored. Chunked libraries for plugins are not supported.
[2026.08.30-08.25.18:592][  0]LogPluginManager: Mounting plugin localization for 'WSK_MER_AssaultRifle_PekingOpera'...
[2026.08.30-08.25.18:592][  0]LogGameFeatures: Display: Game feature 'WSK_MER_AssaultRifle_PekingOpera' transitioned successfully. Ending state: Active [Active, Active]
[2026.08.30-08.25.18:592][  0]LogShaderLibrary: Display: Opening a chunked shader library for plugin 'WSK_MER_AssaultRifle_Pearl' is ignored. Chunked libraries for plugins are not supported.
[2026.08.30-08.25.18:593][  0]LogPluginManager: Mounting plugin localization for 'WSK_MER_AssaultRifle_Pearl'...
[2026.08.30-08.25.18:593][  0]LogGameFeatures: Display: Game feature 'WSK_MER_AssaultRifle_Pearl' transitioned successfully. Ending state: Active [Active, Active]
[2026.08.30-08.25.18:594][  0]LogShaderLibrary: Display: Opening a chunked shader library for plugin 'WSK_MER_AssaultRifle_Magician' is ignored. Chunked libraries for plugins are not supported.
[2026.08.30-08.25.18:594][  0]LogPluginManager: Mounting plugin localization for 'WSK_MER_AssaultRifle_Magician'...
[2026.08.30-08.25.18:594][  0]LogGameFeatures: Display: Game feature 'WSK_MER_AssaultRifle_Magician' transitioned successfully. Ending state: Active [Active, Active]
[2026.08.30-08.25.18:595][  0]LogShaderLibrary: Display: Opening a chunked shader library for plugin 'WSK_MER_AssaultRifle_LunarNewYear' is ignored. Chunked libraries for plugins are not supported.
[2026.08.30-08.25.18:596][  0]LogPluginManager: Mounting plugin localization for 'WSK_MER_AssaultRifle_LunarNewYear'...
[2026.08.30-08.25.18:596][  0]LogGameFeatures: Display: Game feature 'WSK_MER_AssaultRifle_LunarNewYear' transitioned successfully. Ending state: Active [Active, Active]
[2026.08.30-08.25.18:596][  0]LogShaderLibrary: Display: Opening a chunked shader library for plugin 'WSK_MER_AssaultRifle_ElfNoveau' is ignored. Chunked libraries for plugins are not supported.
[2026.08.30-08.25.18:597][  0]LogPluginManager: Mounting plugin localization for 'WSK_MER_AssaultRifle_ElfNoveau'...
[2026.08.30-08.25.18:598][  0]LogGameFeatures: Display: Game feature 'WSK_MER_AssaultRifle_ElfNoveau' transitioned successfully. Ending state: Active [Active, Active]
[2026.08.30-08.25.18:598][  0]LogShaderLibrary: Display: Opening a chunked shader library for plugin 'WSK_MER_AssaultRifle_Casino' is ignored. Chunked libraries for plugins are not supported.
[2026.08.30-08.25.18:599][  0]LogPluginManager: Mounting plugin localization for 'WSK_MER_AssaultRifle_Casino'...
[2026.08.30-08.25.18:599][  0]LogGameFeatures: Display: Game feature 'WSK_MER_AssaultRifle_Casino' transitioned successfully. Ending state: Active [Active, Active]
[2026.08.30-08.25.18:600][  0]LogShaderLibrary: Display: Opening a chunked shader library for plugin 'WSK_MER_AssaultRifle_Cardboard' is ignored. Chunked libraries for plugins are not supported.
[2026.08.30-08.25.18:601][  0]LogPluginManager: Mounting plugin localization for 'WSK_MER_AssaultRifle_Cardboard'...
[2026.08.30-08.25.18:601][  0]LogGameFeatures: Display: Game feature 'WSK_MER_AssaultRifle_Cardboard' transitioned successfully. Ending state: Active [Active, Active]
[2026.08.30-08.25.18:601][  0]LogShaderLibrary: Display: Opening a chunked shader library for plugin 'WSK_MER_AssaultRifle_BadLuck' is ignored. Chunked libraries for plugins are not supported.
[2026.08.30-08.25.18:602][  0]LogPluginManager: Mounting plugin localization for 'WSK_MER_AssaultRifle_BadLuck'...
[2026.08.30-08.25.18:603][  0]LogGameFeatures: Display: Game feature 'WSK_MER_AssaultRifle_BadLuck' transitioned successfully. Ending state: Active [Active, Active]
[2026.08.30-08.25.18:603][  0]LogShaderLibrary: Display: Opening a chunked shader library for plugin 'WSK_MER_AssaultRifle_AethersFragment' is ignored. Chunked libraries for plugins are not supported.
[2026.08.30-08.25.18:604][  0]LogPluginManager: Mounting plugin localization for 'WSK_MER_AssaultRifle_AethersFragment'...
[2026.08.30-08.25.18:604][  0]LogGameFeatures: Display: Game feature 'WSK_MER_AssaultRifle_AethersFragment' transitioned successfully. Ending state: Active [Active, Active]
[2026.08.30-08.25.18:604][  0]LogShaderLibrary: Display: Opening a chunked shader library for plugin 'MAP_Zenith' is ignored. Chunked libraries for plugins are not supported.
[2026.08.30-08.25.18:605][  0]LogPluginManager: Mounting plugin localization for 'MAP_Zenith'...
[2026.08.30-08.25.18:605][  0]LogGameFeatures: Display: Game feature 'MAP_Zenith' transitioned successfully. Ending state: Active [Active, Active]
[2026.08.30-08.25.18:605][  0]LogShaderLibrary: Display: Opening a chunked shader library for plugin 'CHR_MER_Sakura' is ignored. Chunked libraries for plugins are not supported.
[2026.08.30-08.25.18:606][  0]LogPluginManager: Mounting plugin localization for 'CHR_MER_Sakura'...
[2026.08.30-08.25.18:606][  0]LogGameFeatures: Display: Game feature 'CHR_MER_Sakura' transitioned successfully. Ending state: Active [Active, Active]
[2026.08.30-08.25.18:606][  0]LogShaderLibrary: Display: Opening a chunked shader library for plugin 'CHR_MER_Phaze' is ignored. Chunked libraries for plugins are not supported.
[2026.08.30-08.25.18:607][  0]LogPluginManager: Mounting plugin localization for 'CHR_MER_Phaze'...
[2026.08.30-08.25.18:607][  0]LogGameFeatures: Display: Game feature 'CHR_MER_Phaze' transitioned successfully. Ending state: Active [Active, Active]
[2026.08.30-08.25.18:607][  0]LogShaderLibrary: Display: Opening a chunked shader library for plugin 'CHR_MER_Nurse' is ignored. Chunked libraries for plugins are not supported.
[2026.08.30-08.25.18:608][  0]LogPluginManager: Mounting plugin localization for 'CHR_MER_Nurse'...
[2026.08.30-08.25.18:608][  0]LogGameFeatures: Display: Game feature 'CHR_MER_Nurse' transitioned successfully. Ending state: Active [Active, Active]
[2026.08.30-08.25.18:608][  0]LogShaderLibrary: Display: Opening a chunked shader library for plugin 'CHR_MER_MiraCC' is ignored. Chunked libraries for plugins are not supported.
[2026.08.30-08.25.18:609][  0]LogPluginManager: Mounting plugin localization for 'CHR_MER_MiraCC'...
[2026.08.30-08.25.18:609][  0]LogGameFeatures: Display: Game feature 'CHR_MER_MiraCC' transitioned successfully. Ending state: Active [Active, Active]
[2026.08.30-08.25.18:609][  0]LogShaderLibrary: Display: Opening a chunked shader library for plugin 'CHR_MER_Medic' is ignored. Chunked libraries for plugins are not supported.
[2026.08.30-08.25.18:610][  0]LogPluginManager: Mounting plugin localization for 'CHR_MER_Medic'...
[2026.08.30-08.25.18:610][  0]LogGameFeatures: Display: Game feature 'CHR_MER_Medic' transitioned successfully. Ending state: Active [Active, Active]
[2026.08.30-08.25.18:610][  0]LogShaderLibrary: Display: Opening a chunked shader library for plugin 'CHR_MER_Lorde' is ignored. Chunked libraries for plugins are not supported.
[2026.08.30-08.25.18:611][  0]LogPluginManager: Mounting plugin localization for 'CHR_MER_Lorde'...
[2026.08.30-08.25.18:611][  0]LogGameFeatures: Display: Game feature 'CHR_MER_Lorde' transitioned successfully. Ending state: Active [Active, Active]
[2026.08.30-08.25.18:611][  0]LogShaderLibrary: Display: Opening a chunked shader library for plugin 'CHR_MER_Illima' is ignored. Chunked libraries for plugins are not supported.
[2026.08.30-08.25.18:612][  0]LogPluginManager: Mounting plugin localization for 'CHR_MER_Illima'...
[2026.08.30-08.25.18:612][  0]LogGameFeatures: Display: Game feature 'CHR_MER_Illima' transitioned successfully. Ending state: Active [Active, Active]
[2026.08.30-08.25.18:612][  0]LogShaderLibrary: Display: Opening a chunked shader library for plugin 'CHR_MER_Crane' is ignored. Chunked libraries for plugins are not supported.
[2026.08.30-08.25.18:613][  0]LogPluginManager: Mounting plugin localization for 'CHR_MER_Crane'...
[2026.08.30-08.25.18:613][  0]LogGameFeatures: Display: Game feature 'CHR_MER_Crane' transitioned successfully. Ending state: Active [Active, Active]
[2026.08.30-08.25.18:613][  0]LogShaderLibrary: Display: Opening a chunked shader library for plugin 'CHR_MER_Cella' is ignored. Chunked libraries for plugins are not supported.
[2026.08.30-08.25.18:614][  0]LogPluginManager: Mounting plugin localization for 'CHR_MER_Cella'...
[2026.08.30-08.25.18:614][  0]LogGameFeatures: Display: Game feature 'CHR_MER_Cella' transitioned successfully. Ending state: Active [Active, Active]
[2026.08.30-08.25.18:614][  0]LogShaderLibrary: Display: Opening a chunked shader library for plugin 'CHR_MER_Ada' is ignored. Chunked libraries for plugins are not supported.
[2026.08.30-08.25.18:615][  0]LogPluginManager: Mounting plugin localization for 'CHR_MER_Ada'...
[2026.08.30-08.25.18:615][  0]LogGameFeatures: Display: Game feature 'CHR_MER_Ada' transitioned successfully. Ending state: Active [Active, Active]
[2026.08.30-08.25.18:615][  0]LogShaderLibrary: Display: Opening a chunked shader library for plugin 'WSK_SBK_Shotgun_SprayAndSlay' is ignored. Chunked libraries for plugins are not supported.
[2026.08.30-08.25.18:616][  0]LogPluginManager: Mounting plugin localization for 'WSK_SBK_Shotgun_SprayAndSlay'...
[2026.08.30-08.25.18:616][  0]LogGameFeatures: Display: Game feature 'WSK_SBK_Shotgun_SprayAndSlay' transitioned successfully. Ending state: Active [Active, Active]
[2026.08.30-08.25.18:617][  0]LogShaderLibrary: Display: Opening a chunked shader library for plugin 'WSK_SBK_Shotgun_SpacePirate' is ignored. Chunked libraries for plugins are not supported.
[2026.08.30-08.25.18:618][  0]LogPluginManager: Mounting plugin localization for 'WSK_SBK_Shotgun_SpacePirate'...
[2026.08.30-08.25.18:618][  0]LogGameFeatures: Display: Game feature 'WSK_SBK_Shotgun_SpacePirate' transitioned successfully. Ending state: Active [Active, Active]
[2026.08.30-08.25.18:618][  0]LogShaderLibrary: Display: Opening a chunked shader library for plugin 'WSK_SBK_Shotgun_Scrapshot' is ignored. Chunked libraries for plugins are not supported.
[2026.08.30-08.25.18:619][  0]LogPluginManager: Mounting plugin localization for 'WSK_SBK_Shotgun_Scrapshot'...
[2026.08.30-08.25.18:619][  0]LogGameFeatures: Display: Game feature 'WSK_SBK_Shotgun_Scrapshot' transitioned successfully. Ending state: Active [Active, Active]
[2026.08.30-08.25.18:619][  0]LogShaderLibrary: Display: Opening a chunked shader library for plugin 'WSK_SBK_Shotgun_Scorpion' is ignored. Chunked libraries for plugins are not supported.
[2026.08.30-08.25.18:620][  0]LogPluginManager: Mounting plugin localization for 'WSK_SBK_Shotgun_Scorpion'...
[2026.08.30-08.25.18:620][  0]LogGameFeatures: Display: Game feature 'WSK_SBK_Shotgun_Scorpion' transitioned successfully. Ending state: Active [Active, Active]
[2026.08.30-08.25.18:620][  0]LogShaderLibrary: Display: Opening a chunked shader library for plugin 'WSK_SBK_Shotgun_Punk' is ignored. Chunked libraries for plugins are not supported.
[2026.08.30-08.25.18:622][  0]LogPluginManager: Mounting plugin localization for 'WSK_SBK_Shotgun_Punk'...
[2026.08.30-08.25.18:622][  0]LogGameFeatures: Display: Game feature 'WSK_SBK_Shotgun_Punk' transitioned successfully. Ending state: Active [Active, Active]
[2026.08.30-08.25.18:622][  0]LogShaderLibrary: Display: Opening a chunked shader library for plugin 'WSK_SBK_Shotgun_Nutcracker' is ignored. Chunked libraries for plugins are not supported.
[2026.08.30-08.25.18:624][  0]LogPluginManager: Mounting plugin localization for 'WSK_SBK_Shotgun_Nutcracker'...
[2026.08.30-08.25.18:624][  0]LogGameFeatures: Display: Game feature 'WSK_SBK_Shotgun_Nutcracker' transitioned successfully. Ending state: Active [Active, Active]
[2026.08.30-08.25.18:624][  0]LogShaderLibrary: Display: Opening a chunked shader library for plugin 'WSK_SBK_Shotgun_GoldenWings' is ignored. Chunked libraries for plugins are not supported.
[2026.08.30-08.25.18:625][  0]LogPluginManager: Mounting plugin localization for 'WSK_SBK_Shotgun_GoldenWings'...
[2026.08.30-08.25.18:625][  0]LogGameFeatures: Display: Game feature 'WSK_SBK_Shotgun_GoldenWings' transitioned successfully. Ending state: Active [Active, Active]
[2026.08.30-08.25.18:625][  0]LogShaderLibrary: Display: Opening a chunked shader library for plugin 'WSK_SBK_Shotgun_FishingBoat' is ignored. Chunked libraries for plugins are not supported.
[2026.08.30-08.25.18:626][  0]LogPluginManager: Mounting plugin localization for 'WSK_SBK_Shotgun_FishingBoat'...
[2026.08.30-08.25.18:626][  0]LogGameFeatures: Display: Game feature 'WSK_SBK_Shotgun_FishingBoat' transitioned successfully. Ending state: Active [Active, Active]
[2026.08.30-08.25.18:626][  0]LogShaderLibrary: Display: Opening a chunked shader library for plugin 'WSK_SBK_Shotgun_Astra' is ignored. Chunked libraries for plugins are not supported.
[2026.08.30-08.25.18:627][  0]LogPluginManager: Mounting plugin localization for 'WSK_SBK_Shotgun_Astra'...
[2026.08.30-08.25.18:627][  0]LogGameFeatures: Display: Game feature 'WSK_SBK_Shotgun_Astra' transitioned successfully. Ending state: Active [Active, Active]
[2026.08.30-08.25.18:627][  0]LogShaderLibrary: Display: Opening a chunked shader library for plugin 'WSK_SBK_Shotgun_ArtDeco' is ignored. Chunked libraries for plugins are not supported.
[2026.08.30-08.25.18:628][  0]LogPluginManager: Mounting plugin localization for 'WSK_SBK_Shotgun_ArtDeco'...
[2026.08.30-08.25.18:628][  0]LogGameFeatures: Display: Game feature 'WSK_SBK_Shotgun_ArtDeco' transitioned successfully. Ending state: Active [Active, Active]
[2026.08.30-08.25.18:628][  0]LogShaderLibrary: Display: Opening a chunked shader library for plugin 'WSK_SBK_SemiPistol_WingsOfFreedom' is ignored. Chunked libraries for plugins are not supported.
[2026.08.30-08.25.18:629][  0]LogPluginManager: Mounting plugin localization for 'WSK_SBK_SemiPistol_WingsOfFreedom'...
[2026.08.30-08.25.18:629][  0]LogGameFeatures: Display: Game feature 'WSK_SBK_SemiPistol_WingsOfFreedom' transitioned successfully. Ending state: Active [Active, Active]
[2026.08.30-08.25.18:629][  0]LogShaderLibrary: Display: Opening a chunked shader library for plugin 'WSK_SBK_SemiPistol_CreatorClash' is ignored. Chunked libraries for plugins are not supported.
[2026.08.30-08.25.18:630][  0]LogPluginManager: Mounting plugin localization for 'WSK_SBK_SemiPistol_CreatorClash'...
[2026.08.30-08.25.18:630][  0]LogGameFeatures: Display: Game feature 'WSK_SBK_SemiPistol_CreatorClash' transitioned successfully. Ending state: Active [Active, Active]
[2026.08.30-08.25.18:630][  0]LogShaderLibrary: Display: Opening a chunked shader library for plugin 'WSK_SBK_SemiPistol_Astra' is ignored. Chunked libraries for plugins are not supported.
[2026.08.30-08.25.18:631][  0]LogPluginManager: Mounting plugin localization for 'WSK_SBK_SemiPistol_Astra'...
[2026.08.30-08.25.18:631][  0]LogGameFeatures: Display: Game feature 'WSK_SBK_SemiPistol_Astra' transitioned successfully. Ending state: Active [Active, Active]
[2026.08.30-08.25.18:631][  0]LogShaderLibrary: Display: Opening a chunked shader library for plugin 'WSK_SBK_SMG_Tribe' is ignored. Chunked libraries for plugins are not supported.
[2026.08.30-08.25.18:632][  0]LogPluginManager: Mounting plugin localization for 'WSK_SBK_SMG_Tribe'...
[2026.08.30-08.25.18:632][  0]LogGameFeatures: Display: Game feature 'WSK_SBK_SMG_Tribe' transitioned successfully. Ending state: Active [Active, Active]
[2026.08.30-08.25.18:632][  0]LogShaderLibrary: Display: Opening a chunked shader library for plugin 'WSK_SBK_SMG_Tank' is ignored. Chunked libraries for plugins are not supported.
[2026.08.30-08.25.18:633][  0]LogPluginManager: Mounting plugin localization for 'WSK_SBK_SMG_Tank'...
[2026.08.30-08.25.18:633][  0]LogGameFeatures: Display: Game feature 'WSK_SBK_SMG_Tank' transitioned successfully. Ending state: Active [Active, Active]
[2026.08.30-08.25.18:633][  0]LogShaderLibrary: Display: Opening a chunked shader library for plugin 'WSK_SBK_SMG_SteamTrain' is ignored. Chunked libraries for plugins are not supported.
[2026.08.30-08.25.18:634][  0]LogPluginManager: Mounting plugin localization for 'WSK_SBK_SMG_SteamTrain'...
[2026.08.30-08.25.18:634][  0]LogGameFeatures: Display: Game feature 'WSK_SBK_SMG_SteamTrain' transitioned successfully. Ending state: Active [Active, Active]
[2026.08.30-08.25.18:634][  0]LogShaderLibrary: Display: Opening a chunked shader library for plugin 'WSK_SBK_SMG_Shredder' is ignored. Chunked libraries for plugins are not supported.
[2026.08.30-08.25.18:635][  0]LogPluginManager: Mounting plugin localization for 'WSK_SBK_SMG_Shredder'...
[2026.08.30-08.25.18:635][  0]LogGameFeatures: Display: Game feature 'WSK_SBK_SMG_Shredder' transitioned successfully. Ending state: Active [Active, Active]
[2026.08.30-08.25.18:635][  0]LogShaderLibrary: Display: Opening a chunked shader library for plugin 'WSK_SBK_SMG_Radioactive' is ignored. Chunked libraries for plugins are not supported.
[2026.08.30-08.25.18:637][  0]LogPluginManager: Mounting plugin localization for 'WSK_SBK_SMG_Radioactive'...
[2026.08.30-08.25.18:637][  0]LogGameFeatures: Display: Game feature 'WSK_SBK_SMG_Radioactive' transitioned successfully. Ending state: Active [Active, Active]
[2026.08.30-08.25.18:637][  0]LogShaderLibrary: Display: Opening a chunked shader library for plugin 'WSK_SBK_SMG_HeatDissipator' is ignored. Chunked libraries for plugins are not supported.
[2026.08.30-08.25.18:638][  0]LogPluginManager: Mounting plugin localization for 'WSK_SBK_SMG_HeatDissipator'...
[2026.08.30-08.25.18:638][  0]LogGameFeatures: Display: Game feature 'WSK_SBK_SMG_HeatDissipator' transitioned successfully. Ending state: Active [Active, Active]
[2026.08.30-08.25.18:638][  0]LogShaderLibrary: Display: Opening a chunked shader library for plugin 'WSK_SBK_SMG_Grid' is ignored. Chunked libraries for plugins are not supported.
[2026.08.30-08.25.18:638][  0]LogPluginManager: Mounting plugin localization for 'WSK_SBK_SMG_Grid'...
[2026.08.30-08.25.18:639][  0]LogGameFeatures: Display: Game feature 'WSK_SBK_SMG_Grid' transitioned successfully. Ending state: Active [Active, Active]
[2026.08.30-08.25.18:639][  0]LogShaderLibrary: Display: Opening a chunked shader library for plugin 'WSK_SBK_SMG_BulletFactory' is ignored. Chunked libraries for plugins are not supported.
[2026.08.30-08.25.18:640][  0]LogPluginManager: Mounting plugin localization for 'WSK_SBK_SMG_BulletFactory'...
[2026.08.30-08.25.18:640][  0]LogGameFeatures: Display: Game feature 'WSK_SBK_SMG_BulletFactory' transitioned successfully. Ending state: Active [Active, Active]
[2026.08.30-08.25.18:640][  0]LogShaderLibrary: Display: Opening a chunked shader library for plugin 'WSK_SBK_SMG_Astra' is ignored. Chunked libraries for plugins are not supported.
[2026.08.30-08.25.18:641][  0]LogPluginManager: Mounting plugin localization for 'WSK_SBK_SMG_Astra'...
[2026.08.30-08.25.18:641][  0]LogGameFeatures: Display: Game feature 'WSK_SBK_SMG_Astra' transitioned successfully. Ending state: Active [Active, Active]
[2026.08.30-08.25.18:641][  0]LogShaderLibrary: Display: Opening a chunked shader library for plugin 'WSK_SBK_LMG_Nutcracker' is ignored. Chunked libraries for plugins are not supported.
[2026.08.30-08.25.18:642][  0]LogPluginManager: Mounting plugin localization for 'WSK_SBK_LMG_Nutcracker'...
[2026.08.30-08.25.18:643][  0]LogGameFeatures: Display: Game feature 'WSK_SBK_LMG_Nutcracker' transitioned successfully. Ending state: Active [Active, Active]
[2026.08.30-08.25.18:643][  0]LogShaderLibrary: Display: Opening a chunked shader library for plugin 'WSK_SBK_LMG_MetalGrinder' is ignored. Chunked libraries for plugins are not supported.
[2026.08.30-08.25.18:644][  0]LogPluginManager: Mounting plugin localization for 'WSK_SBK_LMG_MetalGrinder'...
[2026.08.30-08.25.18:644][  0]LogGameFeatures: Display: Game feature 'WSK_SBK_LMG_MetalGrinder' transitioned successfully. Ending state: Active [Active, Active]
[2026.08.30-08.25.18:644][  0]LogShaderLibrary: Display: Opening a chunked shader library for plugin 'WSK_SBK_LMG_Lawbringer' is ignored. Chunked libraries for plugins are not supported.
[2026.08.30-08.25.18:645][  0]LogPluginManager: Mounting plugin localization for 'WSK_SBK_LMG_Lawbringer'...
[2026.08.30-08.25.18:645][  0]LogGameFeatures: Display: Game feature 'WSK_SBK_LMG_Lawbringer' transitioned successfully. Ending state: Active [Active, Active]
[2026.08.30-08.25.18:645][  0]LogShaderLibrary: Display: Opening a chunked shader library for plugin 'WSK_SBK_LMG_Fossil' is ignored. Chunked libraries for plugins are not supported.
[2026.08.30-08.25.18:646][  0]LogPluginManager: Mounting plugin localization for 'WSK_SBK_LMG_Fossil'...
[2026.08.30-08.25.18:646][  0]LogGameFeatures: Display: Game feature 'WSK_SBK_LMG_Fossil' transitioned successfully. Ending state: Active [Active, Active]
[2026.08.30-08.25.18:646][  0]LogShaderLibrary: Display: Opening a chunked shader library for plugin 'WSK_SBK_LMG_FishingBoat' is ignored. Chunked libraries for plugins are not supported.
[2026.08.30-08.25.18:647][  0]LogPluginManager: Mounting plugin localization for 'WSK_SBK_LMG_FishingBoat'...
[2026.08.30-08.25.18:647][  0]LogGameFeatures: Display: Game feature 'WSK_SBK_LMG_FishingBoat' transitioned successfully. Ending state: Active [Active, Active]
[2026.08.30-08.25.18:647][  0]LogShaderLibrary: Display: Opening a chunked shader library for plugin 'WSK_SBK_LMG_ChaosThrasher' is ignored. Chunked libraries for plugins are not supported.
[2026.08.30-08.25.18:648][  0]LogPluginManager: Mounting plugin localization for 'WSK_SBK_LMG_ChaosThrasher'...
[2026.08.30-08.25.18:648][  0]LogGameFeatures: Display: Game feature 'WSK_SBK_LMG_ChaosThrasher' transitioned successfully. Ending state: Active [Active, Active]
[2026.08.30-08.25.18:648][  0]LogShaderLibrary: Display: Opening a chunked shader library for plugin 'WSK_SBK_HeavyPistol_Rattler' is ignored. Chunked libraries for plugins are not supported.
[2026.08.30-08.25.18:649][  0]LogPluginManager: Mounting plugin localization for 'WSK_SBK_HeavyPistol_Rattler'...
[2026.08.30-08.25.18:649][  0]LogGameFeatures: Display: Game feature 'WSK_SBK_HeavyPistol_Rattler' transitioned successfully. Ending state: Active [Active, Active]
[2026.08.30-08.25.18:649][  0]LogShaderLibrary: Display: Opening a chunked shader library for plugin 'WSK_SBK_HeavyPistol_Lawbringer' is ignored. Chunked libraries for plugins are not supported.
[2026.08.30-08.25.18:650][  0]LogPluginManager: Mounting plugin localization for 'WSK_SBK_HeavyPistol_Lawbringer'...
[2026.08.30-08.25.18:650][  0]LogGameFeatures: Display: Game feature 'WSK_SBK_HeavyPistol_Lawbringer' transitioned successfully. Ending state: Active [Active, Active]
[2026.08.30-08.25.18:651][  0]LogShaderLibrary: Display: Opening a chunked shader library for plugin 'WSK_SBK_HeavyPistol_Burn' is ignored. Chunked libraries for plugins are not supported.
[2026.08.30-08.25.18:651][  0]LogPluginManager: Mounting plugin localization for 'WSK_SBK_HeavyPistol_Burn'...
[2026.08.30-08.25.18:652][  0]LogGameFeatures: Display: Game feature 'WSK_SBK_HeavyPistol_Burn' transitioned successfully. Ending state: Active [Active, Active]
[2026.08.30-08.25.18:652][  0]LogShaderLibrary: Display: Opening a chunked shader library for plugin 'WSK_SBK_Carbine_RaceCar' is ignored. Chunked libraries for plugins are not supported.
[2026.08.30-08.25.18:653][  0]LogPluginManager: Mounting plugin localization for 'WSK_SBK_Carbine_RaceCar'...
[2026.08.30-08.25.18:653][  0]LogGameFeatures: Display: Game feature 'WSK_SBK_Carbine_RaceCar' transitioned successfully. Ending state: Active [Active, Active]
[2026.08.30-08.25.18:653][  0]LogShaderLibrary: Display: Opening a chunked shader library for plugin 'WSK_SBK_Carbine_MarsFace' is ignored. Chunked libraries for plugins are not supported.
[2026.08.30-08.25.18:654][  0]LogPluginManager: Mounting plugin localization for 'WSK_SBK_Carbine_MarsFace'...
[2026.08.30-08.25.18:654][  0]LogGameFeatures: Display: Game feature 'WSK_SBK_Carbine_MarsFace' transitioned successfully. Ending state: Active [Active, Active]
[2026.08.30-08.25.18:654][  0]LogShaderLibrary: Display: Opening a chunked shader library for plugin 'WSK_SBK_Carbine_MajorKill' is ignored. Chunked libraries for plugins are not supported.
[2026.08.30-08.25.18:655][  0]LogPluginManager: Mounting plugin localization for 'WSK_SBK_Carbine_MajorKill'...
[2026.08.30-08.25.18:655][  0]LogGameFeatures: Display: Game feature 'WSK_SBK_Carbine_MajorKill' transitioned successfully. Ending state: Active [Active, Active]
[2026.08.30-08.25.18:655][  0]LogShaderLibrary: Display: Opening a chunked shader library for plugin 'WSK_SBK_Carbine_Lawbringer' is ignored. Chunked libraries for plugins are not supported.
[2026.08.30-08.25.18:656][  0]LogPluginManager: Mounting plugin localization for 'WSK_SBK_Carbine_Lawbringer'...
[2026.08.30-08.25.18:656][  0]LogGameFeatures: Display: Game feature 'WSK_SBK_Carbine_Lawbringer' transitioned successfully. Ending state: Active [Active, Active]
[2026.08.30-08.25.18:656][  0]LogShaderLibrary: Display: Opening a chunked shader library for plugin 'WSK_SBK_Carbine_Ghillie' is ignored. Chunked libraries for plugins are not supported.
[2026.08.30-08.25.18:657][  0]LogPluginManager: Mounting plugin localization for 'WSK_SBK_Carbine_Ghillie'...
[2026.08.30-08.25.18:657][  0]LogGameFeatures: Display: Game feature 'WSK_SBK_Carbine_Ghillie' transitioned successfully. Ending state: Active [Active, Active]
[2026.08.30-08.25.18:657][  0]LogShaderLibrary: Display: Opening a chunked shader library for plugin 'WSK_SBK_Carbine_CreatorClash' is ignored. Chunked libraries for plugins are not supported.
[2026.08.30-08.25.18:658][  0]LogPluginManager: Mounting plugin localization for 'WSK_SBK_Carbine_CreatorClash'...
[2026.08.30-08.25.18:658][  0]LogGameFeatures: Display: Game feature 'WSK_SBK_Carbine_CreatorClash' transitioned successfully. Ending state: Active [Active, Active]
[2026.08.30-08.25.18:658][  0]LogShaderLibrary: Display: Opening a chunked shader library for plugin 'WSK_SBK_Carbine_BulletFactory' is ignored. Chunked libraries for plugins are not supported.
[2026.08.30-08.25.18:660][  0]LogPluginManager: Mounting plugin localization for 'WSK_SBK_Carbine_BulletFactory'...
[2026.08.30-08.25.18:660][  0]LogGameFeatures: Display: Game feature 'WSK_SBK_Carbine_BulletFactory' transitioned successfully. Ending state: Active [Active, Active]
[2026.08.30-08.25.18:660][  0]LogShaderLibrary: Display: Opening a chunked shader library for plugin 'WSK_SBK_BurstRifle_RustyDingo' is ignored. Chunked libraries for plugins are not supported.
[2026.08.30-08.25.18:662][  0]LogPluginManager: Mounting plugin localization for 'WSK_SBK_BurstRifle_RustyDingo'...
[2026.08.30-08.25.18:662][  0]LogGameFeatures: Display: Game feature 'WSK_SBK_BurstRifle_RustyDingo' transitioned successfully. Ending state: Active [Active, Active]
[2026.08.30-08.25.18:662][  0]LogShaderLibrary: Display: Opening a chunked shader library for plugin 'WSK_SBK_BurstRifle_Lawnmower' is ignored. Chunked libraries for plugins are not supported.
[2026.08.30-08.25.18:663][  0]LogPluginManager: Mounting plugin localization for 'WSK_SBK_BurstRifle_Lawnmower'...
[2026.08.30-08.25.18:663][  0]LogGameFeatures: Display: Game feature 'WSK_SBK_BurstRifle_Lawnmower' transitioned successfully. Ending state: Active [Active, Active]
[2026.08.30-08.25.18:663][  0]LogShaderLibrary: Display: Opening a chunked shader library for plugin 'WSK_SBK_BurstRifle_Lawbringer' is ignored. Chunked libraries for plugins are not supported.
[2026.08.30-08.25.18:664][  0]LogPluginManager: Mounting plugin localization for 'WSK_SBK_BurstRifle_Lawbringer'...
[2026.08.30-08.25.18:665][  0]LogGameFeatures: Display: Game feature 'WSK_SBK_BurstRifle_Lawbringer' transitioned successfully. Ending state: Active [Active, Active]
[2026.08.30-08.25.18:665][  0]LogShaderLibrary: Display: Opening a chunked shader library for plugin 'WSK_SBK_BurstRifle_JungleWarrior' is ignored. Chunked libraries for plugins are not supported.
[2026.08.30-08.25.18:666][  0]LogPluginManager: Mounting plugin localization for 'WSK_SBK_BurstRifle_JungleWarrior'...
[2026.08.30-08.25.18:666][  0]LogGameFeatures: Display: Game feature 'WSK_SBK_BurstRifle_JungleWarrior' transitioned successfully. Ending state: Active [Active, Active]
[2026.08.30-08.25.18:666][  0]LogShaderLibrary: Display: Opening a chunked shader library for plugin 'WSK_SBK_BurstRifle_HeavyIndustry' is ignored. Chunked libraries for plugins are not supported.
[2026.08.30-08.25.18:667][  0]LogPluginManager: Mounting plugin localization for 'WSK_SBK_BurstRifle_HeavyIndustry'...
[2026.08.30-08.25.18:667][  0]LogGameFeatures: Display: Game feature 'WSK_SBK_BurstRifle_HeavyIndustry' transitioned successfully. Ending state: Active [Active, Active]
[2026.08.30-08.25.18:667][  0]LogShaderLibrary: Display: Opening a chunked shader library for plugin 'WSK_SBK_BurstRifle_Firefighter' is ignored. Chunked libraries for plugins are not supported.
[2026.08.30-08.25.18:668][  0]LogPluginManager: Mounting plugin localization for 'WSK_SBK_BurstRifle_Firefighter'...
[2026.08.30-08.25.18:668][  0]LogGameFeatures: Display: Game feature 'WSK_SBK_BurstRifle_Firefighter' transitioned successfully. Ending state: Active [Active, Active]
[2026.08.30-08.25.18:668][  0]LogShaderLibrary: Display: Opening a chunked shader library for plugin 'WSK_SBK_BurstRifle_BulletFactory' is ignored. Chunked libraries for plugins are not supported.
[2026.08.30-08.25.18:669][  0]LogPluginManager: Mounting plugin localization for 'WSK_SBK_BurstRifle_BulletFactory'...
[2026.08.30-08.25.18:669][  0]LogGameFeatures: Display: Game feature 'WSK_SBK_BurstRifle_BulletFactory' transitioned successfully. Ending state: Active [Active, Active]
[2026.08.30-08.25.18:669][  0]LogShaderLibrary: Display: Opening a chunked shader library for plugin 'WSK_SBK_BurstPistol_Nutcracker' is ignored. Chunked libraries for plugins are not supported.
[2026.08.30-08.25.18:670][  0]LogPluginManager: Mounting plugin localization for 'WSK_SBK_BurstPistol_Nutcracker'...
[2026.08.30-08.25.18:670][  0]LogGameFeatures: Display: Game feature 'WSK_SBK_BurstPistol_Nutcracker' transitioned successfully. Ending state: Active [Active, Active]
[2026.08.30-08.25.18:671][  0]LogShaderLibrary: Display: Opening a chunked shader library for plugin 'WSK_SBK_BurstPistol_DangerZone' is ignored. Chunked libraries for plugins are not supported.
[2026.08.30-08.25.18:672][  0]LogPluginManager: Mounting plugin localization for 'WSK_SBK_BurstPistol_DangerZone'...
[2026.08.30-08.25.18:672][  0]LogGameFeatures: Display: Game feature 'WSK_SBK_BurstPistol_DangerZone' transitioned successfully. Ending state: Active [Active, Active]
[2026.08.30-08.25.18:672][  0]LogShaderLibrary: Display: Opening a chunked shader library for plugin 'WSK_SBK_BurstPistol_Armadillo' is ignored. Chunked libraries for plugins are not supported.
[2026.08.30-08.25.18:673][  0]LogPluginManager: Mounting plugin localization for 'WSK_SBK_BurstPistol_Armadillo'...
[2026.08.30-08.25.18:673][  0]LogGameFeatures: Display: Game feature 'WSK_SBK_BurstPistol_Armadillo' transitioned successfully. Ending state: Active [Active, Active]
[2026.08.30-08.25.18:674][  0]LogShaderLibrary: Display: Opening a chunked shader library for plugin 'WSK_SBK_AssaultRifle_Viking' is ignored. Chunked libraries for plugins are not supported.
[2026.08.30-08.25.18:675][  0]LogPluginManager: Mounting plugin localization for 'WSK_SBK_AssaultRifle_Viking'...
[2026.08.30-08.25.18:675][  0]LogGameFeatures: Display: Game feature 'WSK_SBK_AssaultRifle_Viking' transitioned successfully. Ending state: Active [Active, Active]
[2026.08.30-08.25.18:676][  0]LogShaderLibrary: Display: Opening a chunked shader library for plugin 'WSK_SBK_AssaultRifle_Nutcracker' is ignored. Chunked libraries for plugins are not supported.
[2026.08.30-08.25.18:676][  0]LogPluginManager: Mounting plugin localization for 'WSK_SBK_AssaultRifle_Nutcracker'...
[2026.08.30-08.25.18:677][  0]LogGameFeatures: Display: Game feature 'WSK_SBK_AssaultRifle_Nutcracker' transitioned successfully. Ending state: Active [Active, Active]
[2026.08.30-08.25.18:677][  0]LogShaderLibrary: Display: Opening a chunked shader library for plugin 'WSK_SBK_AssaultRifle_Jet' is ignored. Chunked libraries for plugins are not supported.
[2026.08.30-08.25.18:678][  0]LogPluginManager: Mounting plugin localization for 'WSK_SBK_AssaultRifle_Jet'...
[2026.08.30-08.25.18:678][  0]LogGameFeatures: Display: Game feature 'WSK_SBK_AssaultRifle_Jet' transitioned successfully. Ending state: Active [Active, Active]
[2026.08.30-08.25.18:678][  0]LogShaderLibrary: Display: Opening a chunked shader library for plugin 'WSK_SBK_AssaultRifle_Classic' is ignored. Chunked libraries for plugins are not supported.
[2026.08.30-08.25.18:679][  0]LogPluginManager: Mounting plugin localization for 'WSK_SBK_AssaultRifle_Classic'...
[2026.08.30-08.25.18:679][  0]LogGameFeatures: Display: Game feature 'WSK_SBK_AssaultRifle_Classic' transitioned successfully. Ending state: Active [Active, Active]
[2026.08.30-08.25.18:679][  0]LogShaderLibrary: Display: Opening a chunked shader library for plugin 'WSK_SBK_AssaultRifle_Cardboard' is ignored. Chunked libraries for plugins are not supported.
[2026.08.30-08.25.18:680][  0]LogPluginManager: Mounting plugin localization for 'WSK_SBK_AssaultRifle_Cardboard'...
[2026.08.30-08.25.18:680][  0]LogGameFeatures: Display: Game feature 'WSK_SBK_AssaultRifle_Cardboard' transitioned successfully. Ending state: Active [Active, Active]
[2026.08.30-08.25.18:680][  0]LogShaderLibrary: Display: Opening a chunked shader library for plugin 'WSK_SBK_AssaultRifle_Astra' is ignored. Chunked libraries for plugins are not supported.
[2026.08.30-08.25.18:681][  0]LogPluginManager: Mounting plugin localization for 'WSK_SBK_AssaultRifle_Astra'...
[2026.08.30-08.25.18:681][  0]LogGameFeatures: Display: Game feature 'WSK_SBK_AssaultRifle_Astra' transitioned successfully. Ending state: Active [Active, Active]
[2026.08.30-08.25.18:681][  0]LogShaderLibrary: Display: Opening a chunked shader library for plugin 'CHR_SBK_Yuri' is ignored. Chunked libraries for plugins are not supported.
[2026.08.30-08.25.18:682][  0]LogPluginManager: Mounting plugin localization for 'CHR_SBK_Yuri'...
[2026.08.30-08.25.18:682][  0]LogGameFeatures: Display: Game feature 'CHR_SBK_Yuri' transitioned successfully. Ending state: Active [Active, Active]
[2026.08.30-08.25.18:682][  0]LogShaderLibrary: Display: Opening a chunked shader library for plugin 'CHR_SBK_Sonny' is ignored. Chunked libraries for plugins are not supported.
[2026.08.30-08.25.18:683][  0]LogPluginManager: Mounting plugin localization for 'CHR_SBK_Sonny'...
[2026.08.30-08.25.18:683][  0]LogGameFeatures: Display: Game feature 'CHR_SBK_Sonny' transitioned successfully. Ending state: Active [Active, Active]
[2026.08.30-08.25.18:683][  0]LogShaderLibrary: Display: Opening a chunked shader library for plugin 'CHR_SBK_RustyDingo' is ignored. Chunked libraries for plugins are not supported.
[2026.08.30-08.25.18:684][  0]LogPluginManager: Mounting plugin localization for 'CHR_SBK_RustyDingo'...
[2026.08.30-08.25.18:684][  0]LogGameFeatures: Display: Game feature 'CHR_SBK_RustyDingo' transitioned successfully. Ending state: Active [Active, Active]
[2026.08.30-08.25.18:684][  0]LogShaderLibrary: Display: Opening a chunked shader library for plugin 'CHR_SBK_RhinokCC' is ignored. Chunked libraries for plugins are not supported.
[2026.08.30-08.25.18:685][  0]LogPluginManager: Mounting plugin localization for 'CHR_SBK_RhinokCC'...
[2026.08.30-08.25.18:685][  0]LogGameFeatures: Display: Game feature 'CHR_SBK_RhinokCC' transitioned successfully. Ending state: Active [Active, Active]
[2026.08.30-08.25.18:685][  0]LogShaderLibrary: Display: Opening a chunked shader library for plugin 'CHR_SBK_Rally' is ignored. Chunked libraries for plugins are not supported.
[2026.08.30-08.25.18:686][  0]LogPluginManager: Mounting plugin localization for 'CHR_SBK_Rally'...
[2026.08.30-08.25.18:686][  0]LogGameFeatures: Display: Game feature 'CHR_SBK_Rally' transitioned successfully. Ending state: Active [Active, Active]
[2026.08.30-08.25.18:686][  0]LogShaderLibrary: Display: Opening a chunked shader library for plugin 'CHR_SBK_Murika' is ignored. Chunked libraries for plugins are not supported.
[2026.08.30-08.25.18:687][  0]LogPluginManager: Mounting plugin localization for 'CHR_SBK_Murika'...
[2026.08.30-08.25.18:687][  0]LogGameFeatures: Display: Game feature 'CHR_SBK_Murika' transitioned successfully. Ending state: Active [Active, Active]
[2026.08.30-08.25.18:687][  0]LogShaderLibrary: Display: Opening a chunked shader library for plugin 'CHR_SBK_MajorKill' is ignored. Chunked libraries for plugins are not supported.
[2026.08.30-08.25.18:688][  0]LogPluginManager: Mounting plugin localization for 'CHR_SBK_MajorKill'...
[2026.08.30-08.25.18:688][  0]LogGameFeatures: Display: Game feature 'CHR_SBK_MajorKill' transitioned successfully. Ending state: Active [Active, Active]
[2026.08.30-08.25.18:688][  0]LogShaderLibrary: Display: Opening a chunked shader library for plugin 'CHR_SBK_Fray' is ignored. Chunked libraries for plugins are not supported.
[2026.08.30-08.25.18:689][  0]LogPluginManager: Mounting plugin localization for 'CHR_SBK_Fray'...
[2026.08.30-08.25.18:689][  0]LogGameFeatures: Display: Game feature 'CHR_SBK_Fray' transitioned successfully. Ending state: Active [Active, Active]
[2026.08.30-08.25.18:689][  0]LogShaderLibrary: Display: Opening a chunked shader library for plugin 'CHR_SBK_Fossman' is ignored. Chunked libraries for plugins are not supported.
[2026.08.30-08.25.18:690][  0]LogPluginManager: Mounting plugin localization for 'CHR_SBK_Fossman'...
[2026.08.30-08.25.18:690][  0]LogGameFeatures: Display: Game feature 'CHR_SBK_Fossman' transitioned successfully. Ending state: Active [Active, Active]
[2026.08.30-08.25.18:690][  0]LogShaderLibrary: Display: Opening a chunked shader library for plugin 'CHR_SBK_CptBMach' is ignored. Chunked libraries for plugins are not supported.
[2026.08.30-08.25.18:691][  0]LogPluginManager: Mounting plugin localization for 'CHR_SBK_CptBMach'...
[2026.08.30-08.25.18:691][  0]LogGameFeatures: Display: Game feature 'CHR_SBK_CptBMach' transitioned successfully. Ending state: Active [Active, Active]
[2026.08.30-08.25.18:692][  0]LogShaderLibrary: Display: Opening a chunked shader library for plugin 'MOD_Tutorial' is ignored. Chunked libraries for plugins are not supported.
[2026.08.30-08.25.18:693][  0]LogPluginManager: Mounting plugin localization for 'MOD_Tutorial'...
[2026.08.30-08.25.18:694][  0]LogGameFeatures: Display: Game feature 'MOD_Tutorial' transitioned successfully. Ending state: Active [Active, Active]
[2026.08.30-08.25.18:694][  0]LogShaderLibrary: Display: Opening a chunked shader library for plugin 'MOD_TeabagConfirmed' is ignored. Chunked libraries for plugins are not supported.
[2026.08.30-08.25.18:695][  0]LogPluginManager: Mounting plugin localization for 'MOD_TeabagConfirmed'...
[2026.08.30-08.25.18:695][  0]LogGameFeatures: Display: Game feature 'MOD_TeabagConfirmed' transitioned successfully. Ending state: Active [Active, Active]
[2026.08.30-08.25.18:695][  0]LogShaderLibrary: Display: Opening a chunked shader library for plugin 'MOD_Splitball' is ignored. Chunked libraries for plugins are not supported.
[2026.08.30-08.25.18:696][  0]LogPluginManager: Mounting plugin localization for 'MOD_Splitball'...
[2026.08.30-08.25.18:697][  0]LogGameFeatures: Display: Game feature 'MOD_Splitball' transitioned successfully. Ending state: Active [Active, Active]
[2026.08.30-08.25.18:698][  0]LogShaderLibrary: Display: Opening a chunked shader library for plugin 'MOD_Race' is ignored. Chunked libraries for plugins are not supported.
[2026.08.30-08.25.18:702][  0]LogMaterial: Error: Loading a material resource None with an invalid ShaderMap!
[2026.08.30-08.25.18:702][  0]LogMaterial: Error: Loading a material resource None with an invalid ShaderMap!
[2026.08.30-08.25.18:702][  0]LogMaterial: Error: Loading a material resource None with an invalid ShaderMap!
[2026.08.30-08.25.18:702][  0]LogMaterial: Error: Loading a material resource None with an invalid ShaderMap!
[2026.08.30-08.25.18:704][  0]LogPackageLocalizationCache: Processed 370 localized package path(s) for 2 prioritized culture(s) in 0.001079 seconds
[2026.08.30-08.25.18:708][  0]LogMaterial: Error: Loading a material resource None with an invalid ShaderMap!
[2026.08.30-08.25.18:708][  0]LogMaterial: Error: Loading a material resource None with an invalid ShaderMap!
[2026.08.30-08.25.18:715][  0]LogPluginManager: Mounting plugin localization for 'MOD_Race'...
[2026.08.30-08.25.18:716][  0]LogGameFeatures: Display: Game feature 'MOD_Race' transitioned successfully. Ending state: Active [Active, Active]
[2026.08.30-08.25.18:716][  0]LogShaderLibrary: Display: Opening a chunked shader library for plugin 'MOD_GunGame' is ignored. Chunked libraries for plugins are not supported.
[2026.08.30-08.25.18:718][  0]LogPluginManager: Mounting plugin localization for 'MOD_GunGame'...
[2026.08.30-08.25.18:718][  0]LogGameFeatures: Display: Game feature 'MOD_GunGame' transitioned successfully. Ending state: Active [Active, Active]
[2026.08.30-08.25.18:718][  0]LogShaderLibrary: Display: Opening a chunked shader library for plugin 'MOD_Graffiti' is ignored. Chunked libraries for plugins are not supported.
[2026.08.30-08.25.18:720][  0]LogPluginManager: Mounting plugin localization for 'MOD_Graffiti'...
[2026.08.30-08.25.18:721][  0]LogGameFeatures: Display: Game feature 'MOD_Graffiti' transitioned successfully. Ending state: Active [Active, Active]
[2026.08.30-08.25.18:721][  0]LogShaderLibrary: Display: Opening a chunked shader library for plugin 'MOD_Firecracker' is ignored. Chunked libraries for plugins are not supported.
[2026.08.30-08.25.18:723][  0]LogPluginManager: Mounting plugin localization for 'MOD_Firecracker'...
[2026.08.30-08.25.18:724][  0]LogGameFeatures: Display: Game feature 'MOD_Firecracker' transitioned successfully. Ending state: Active [Active, Active]
[2026.08.30-08.25.18:725][  0]LogShaderLibrary: Display: Opening a chunked shader library for plugin 'MOD_Deathmatch' is ignored. Chunked libraries for plugins are not supported.
[2026.08.30-08.25.18:726][  0]LogPluginManager: Mounting plugin localization for 'MOD_Deathmatch'...
[2026.08.30-08.25.18:727][  0]LogGameFeatures: Display: Game feature 'MOD_Deathmatch' transitioned successfully. Ending state: Active [Active, Active]
[2026.08.30-08.25.18:727][  0]LogShaderLibrary: Display: Opening a chunked shader library for plugin 'MOD_Creative' is ignored. Chunked libraries for plugins are not supported.
[2026.08.30-08.25.18:728][  0]LogCoreRedirects: AddRedirect(C:/Users/<USER>/AppData/Local/PortalWars2/Saved/Config/WindowsClient/MOD_Creative.ini) has wildcard redirect /PortalWarsCreative/, these are very slow and should be resolved as soon as possible! Please refer to the documentation in Engine/Config/BaseEngine.ini.
[2026.08.30-08.25.18:729][  0]LogPluginManager: Mounting plugin localization for 'MOD_Creative'...
[2026.08.30-08.25.18:730][  0]LogGameFeatures: Display: Game feature 'MOD_Creative' transitioned successfully. Ending state: Active [Active, Active]
[2026.08.30-08.25.18:730][  0]LogAssetManager: Warning: Tried to add primary asset , but it is not a TopLevelAsset and so cannot be a primary asset
[2026.08.30-08.25.18:730][  0]LogPluginManager: Mounting plugin localization for 'MOD_CapturePoints_Base'...
[2026.08.30-08.25.18:730][  0]LogAssetManager: Warning: Invalid Primary Asset Id GameFeatureData:MOD_CapturePoints_Base: ChangeBundleStateForPrimaryAssets failed to find NameData
[2026.08.30-08.25.18:730][  0]LogGameFeatures: Display: Game feature 'MOD_CapturePoints_Base' transitioned successfully. Ending state: Active [Active, Active]
[2026.08.30-08.25.18:731][  0]LogShaderLibrary: Display: Opening a chunked shader library for plugin 'CHR_MER_Wave' is ignored. Chunked libraries for plugins are not supported.
[2026.08.30-08.25.18:732][  0]LogPluginManager: Mounting plugin localization for 'CHR_MER_Wave'...
[2026.08.30-08.25.18:732][  0]LogGameFeatures: Display: Game feature 'CHR_MER_Wave' transitioned successfully. Ending state: Active [Active, Active]
[2026.08.30-08.25.18:733][  0]LogShaderLibrary: Display: Opening a chunked shader library for plugin 'CHR_MER_SakuraUltra' is ignored. Chunked libraries for plugins are not supported.
[2026.08.30-08.25.18:734][  0]LogPluginManager: Mounting plugin localization for 'CHR_MER_SakuraUltra'...
[2026.08.30-08.25.18:734][  0]LogGameFeatures: Display: Game feature 'CHR_MER_SakuraUltra' transitioned successfully. Ending state: Active [Active, Active]
[2026.08.30-08.25.18:734][  0]LogShaderLibrary: Display: Opening a chunked shader library for plugin 'CHR_MER_Shinji' is ignored. Chunked libraries for plugins are not supported.
[2026.08.30-08.25.18:735][  0]LogPluginManager: Mounting plugin localization for 'CHR_MER_Shinji'...
[2026.08.30-08.25.18:735][  0]LogGameFeatures: Display: Game feature 'CHR_MER_Shinji' transitioned successfully. Ending state: Active [Active, Active]
[2026.08.30-08.25.18:736][  0]LogShaderLibrary: Display: Opening a chunked shader library for plugin 'CHR_MER_Scaws' is ignored. Chunked libraries for plugins are not supported.
[2026.08.30-08.25.18:737][  0]LogPluginManager: Mounting plugin localization for 'CHR_MER_Scaws'...
[2026.08.30-08.25.18:737][  0]LogGameFeatures: Display: Game feature 'CHR_MER_Scaws' transitioned successfully. Ending state: Active [Active, Active]
[2026.08.30-08.25.18:737][  0]LogShaderLibrary: Display: Opening a chunked shader library for plugin 'CHR_MER_RyokoSha' is ignored. Chunked libraries for plugins are not supported.
[2026.08.30-08.25.18:738][  0]LogPluginManager: Mounting plugin localization for 'CHR_MER_RyokoSha'...
[2026.08.30-08.25.18:738][  0]LogGameFeatures: Display: Game feature 'CHR_MER_RyokoSha' transitioned successfully. Ending state: Active [Active, Active]
[2026.08.30-08.25.18:738][  0]LogShaderLibrary: Display: Opening a chunked shader library for plugin 'CHR_MER_Podvo' is ignored. Chunked libraries for plugins are not supported.
[2026.08.30-08.25.18:739][  0]LogPluginManager: Mounting plugin localization for 'CHR_MER_Podvo'...
[2026.08.30-08.25.18:739][  0]LogGameFeatures: Display: Game feature 'CHR_MER_Podvo' transitioned successfully. Ending state: Active [Active, Active]
[2026.08.30-08.25.18:739][  0]LogShaderLibrary: Display: Opening a chunked shader library for plugin 'CHR_MER_PhazeDegens' is ignored. Chunked libraries for plugins are not supported.
[2026.08.30-08.25.18:740][  0]LogPluginManager: Mounting plugin localization for 'CHR_MER_PhazeDegens'...
[2026.08.30-08.25.18:740][  0]LogGameFeatures: Display: Game feature 'CHR_MER_PhazeDegens' transitioned successfully. Ending state: Active [Active, Active]
[2026.08.30-08.25.18:740][  0]LogShaderLibrary: Display: Opening a chunked shader library for plugin 'CHR_MER_Obex' is ignored. Chunked libraries for plugins are not supported.
[2026.08.30-08.25.18:741][  0]LogPluginManager: Mounting plugin localization for 'CHR_MER_Obex'...
[2026.08.30-08.25.18:741][  0]LogGameFeatures: Display: Game feature 'CHR_MER_Obex' transitioned successfully. Ending state: Active [Active, Active]
[2026.08.30-08.25.18:741][  0]LogShaderLibrary: Display: Opening a chunked shader library for plugin 'CHR_MER_Lucius' is ignored. Chunked libraries for plugins are not supported.
[2026.08.30-08.25.18:743][  0]LogPluginManager: Mounting plugin localization for 'CHR_MER_Lucius'...
[2026.08.30-08.25.18:743][  0]LogGameFeatures: Display: Game feature 'CHR_MER_Lucius' transitioned successfully. Ending state: Active [Active, Active]
[2026.08.30-08.25.18:743][  0]LogShaderLibrary: Display: Opening a chunked shader library for plugin 'CHR_MER_Kage' is ignored. Chunked libraries for plugins are not supported.
[2026.08.30-08.25.18:744][  0]LogPluginManager: Mounting plugin localization for 'CHR_MER_Kage'...
[2026.08.30-08.25.18:744][  0]LogGameFeatures: Display: Game feature 'CHR_MER_Kage' transitioned successfully. Ending state: Active [Active, Active]
[2026.08.30-08.25.18:744][  0]LogShaderLibrary: Display: Opening a chunked shader library for plugin 'CHR_MER_Kadmon' is ignored. Chunked libraries for plugins are not supported.
[2026.08.30-08.25.18:745][  0]LogPluginManager: Mounting plugin localization for 'CHR_MER_Kadmon'...
[2026.08.30-08.25.18:745][  0]LogGameFeatures: Display: Game feature 'CHR_MER_Kadmon' transitioned successfully. Ending state: Active [Active, Active]
[2026.08.30-08.25.18:745][  0]LogShaderLibrary: Display: Opening a chunked shader library for plugin 'CHR_MER_Abadon' is ignored. Chunked libraries for plugins are not supported.
[2026.08.30-08.25.18:745][  0]LogPluginManager: Mounting plugin localization for 'CHR_MER_Abadon'...
[2026.08.30-08.25.18:746][  0]LogGameFeatures: Display: Game feature 'CHR_MER_Abadon' transitioned successfully. Ending state: Active [Active, Active]
[2026.08.30-08.25.18:746][  0]LogShaderLibrary: Display: Opening a chunked shader library for plugin 'CHR_MER_NurseX' is ignored. Chunked libraries for plugins are not supported.
[2026.08.30-08.25.18:746][  0]LogPluginManager: Mounting plugin localization for 'CHR_MER_NurseX'...
[2026.08.30-08.25.18:746][  0]LogGameFeatures: Display: Game feature 'CHR_MER_NurseX' transitioned successfully. Ending state: Active [Active, Active]
[2026.08.30-08.25.18:747][  0]LogShaderLibrary: Display: Opening a chunked shader library for plugin 'CHR_MER_MassimX' is ignored. Chunked libraries for plugins are not supported.
[2026.08.30-08.25.18:748][  0]LogPluginManager: Mounting plugin localization for 'CHR_MER_MassimX'...
[2026.08.30-08.25.18:748][  0]LogGameFeatures: Display: Game feature 'CHR_MER_MassimX' transitioned successfully. Ending state: Active [Active, Active]
[2026.08.30-08.25.18:748][  0]LogShaderLibrary: Display: Opening a chunked shader library for plugin 'CHR_MER_Badluck' is ignored. Chunked libraries for plugins are not supported.
[2026.08.30-08.25.18:749][  0]LogPluginManager: Mounting plugin localization for 'CHR_MER_Badluck'...
[2026.08.30-08.25.18:749][  0]LogGameFeatures: Display: Game feature 'CHR_MER_Badluck' transitioned successfully. Ending state: Active [Active, Active]
[2026.08.30-08.25.18:749][  0]LogShaderLibrary: Display: Opening a chunked shader library for plugin 'CHR_MER_Azael' is ignored. Chunked libraries for plugins are not supported.
[2026.08.30-08.25.18:750][  0]LogPluginManager: Mounting plugin localization for 'CHR_MER_Azael'...
[2026.08.30-08.25.18:750][  0]LogGameFeatures: Display: Game feature 'CHR_MER_Azael' transitioned successfully. Ending state: Active [Active, Active]
[2026.08.30-08.25.18:751][  0]LogShaderLibrary: Display: Opening a chunked shader library for plugin 'CHR_MER_Skullboy' is ignored. Chunked libraries for plugins are not supported.
[2026.08.30-08.25.18:752][  0]LogPluginManager: Mounting plugin localization for 'CHR_MER_Skullboy'...
[2026.08.30-08.25.18:752][  0]LogGameFeatures: Display: Game feature 'CHR_MER_Skullboy' transitioned successfully. Ending state: Active [Active, Active]
[2026.08.30-08.25.18:752][  0]LogShaderLibrary: Display: Opening a chunked shader library for plugin 'CHR_MER_MetalCrusher' is ignored. Chunked libraries for plugins are not supported.
[2026.08.30-08.25.18:753][  0]LogPluginManager: Mounting plugin localization for 'CHR_MER_MetalCrusher'...
[2026.08.30-08.25.18:753][  0]LogGameFeatures: Display: Game feature 'CHR_MER_MetalCrusher' transitioned successfully. Ending state: Active [Active, Active]
[2026.08.30-08.25.18:753][  0]LogShaderLibrary: Display: Opening a chunked shader library for plugin 'CHR_MER_IronCrush' is ignored. Chunked libraries for plugins are not supported.
[2026.08.30-08.25.18:754][  0]LogPluginManager: Mounting plugin localization for 'CHR_MER_IronCrush'...
[2026.08.30-08.25.18:754][  0]LogGameFeatures: Display: Game feature 'CHR_MER_IronCrush' transitioned successfully. Ending state: Active [Active, Active]
[2026.08.30-08.25.18:754][  0]LogShaderLibrary: Display: Opening a chunked shader library for plugin 'WSK_SBK_AssaultRifle_Yeti' is ignored. Chunked libraries for plugins are not supported.
[2026.08.30-08.25.18:755][  0]LogPluginManager: Mounting plugin localization for 'WSK_SBK_AssaultRifle_Yeti'...
[2026.08.30-08.25.18:755][  0]LogGameFeatures: Display: Game feature 'WSK_SBK_AssaultRifle_Yeti' transitioned successfully. Ending state: Active [Active, Active]
[2026.08.30-08.25.18:755][  0]LogShaderLibrary: Display: Opening a chunked shader library for plugin 'WSK_SBK_AssaultRifle_ProPack' is ignored. Chunked libraries for plugins are not supported.
[2026.08.30-08.25.18:756][  0]LogPluginManager: Mounting plugin localization for 'WSK_SBK_AssaultRifle_ProPack'...
[2026.08.30-08.25.18:756][  0]LogGameFeatures: Display: Game feature 'WSK_SBK_AssaultRifle_ProPack' transitioned successfully. Ending state: Active [Active, Active]
[2026.08.30-08.25.18:756][  0]LogShaderLibrary: Display: Opening a chunked shader library for plugin 'WSK_SBK_AssaultRifle_Ironclad' is ignored. Chunked libraries for plugins are not supported.
[2026.08.30-08.25.18:757][  0]LogPluginManager: Mounting plugin localization for 'WSK_SBK_AssaultRifle_Ironclad'...
[2026.08.30-08.25.18:757][  0]LogGameFeatures: Display: Game feature 'WSK_SBK_AssaultRifle_Ironclad' transitioned successfully. Ending state: Active [Active, Active]
[2026.08.30-08.25.18:757][  0]LogShaderLibrary: Display: Opening a chunked shader library for plugin 'WSK_SBK_AssaultRifle_Frankenstein' is ignored. Chunked libraries for plugins are not supported.
[2026.08.30-08.25.18:758][  0]LogPluginManager: Mounting plugin localization for 'WSK_SBK_AssaultRifle_Frankenstein'...
[2026.08.30-08.25.18:758][  0]LogGameFeatures: Display: Game feature 'WSK_SBK_AssaultRifle_Frankenstein' transitioned successfully. Ending state: Active [Active, Active]
[2026.08.30-08.25.18:758][  0]LogShaderLibrary: Display: Opening a chunked shader library for plugin 'WSK_SBK_AssaultRifle_Enduro' is ignored. Chunked libraries for plugins are not supported.
[2026.08.30-08.25.18:758][  0]LogPluginManager: Mounting plugin localization for 'WSK_SBK_AssaultRifle_Enduro'...
[2026.08.30-08.25.18:758][  0]LogGameFeatures: Display: Game feature 'WSK_SBK_AssaultRifle_Enduro' transitioned successfully. Ending state: Active [Active, Active]
[2026.08.30-08.25.18:759][  0]LogShaderLibrary: Display: Opening a chunked shader library for plugin 'WSK_SBK_AssaultRifle_CamelCaravan' is ignored. Chunked libraries for plugins are not supported.
[2026.08.30-08.25.18:759][  0]LogPluginManager: Mounting plugin localization for 'WSK_SBK_AssaultRifle_CamelCaravan'...
[2026.08.30-08.25.18:759][  0]LogGameFeatures: Display: Game feature 'WSK_SBK_AssaultRifle_CamelCaravan' transitioned successfully. Ending state: Active [Active, Active]
[2026.08.30-08.25.18:759][  0]LogShaderLibrary: Display: Opening a chunked shader library for plugin 'WSK_SBK_AssaultRifle_4thOfJuly' is ignored. Chunked libraries for plugins are not supported.
[2026.08.30-08.25.18:760][  0]LogPluginManager: Mounting plugin localization for 'WSK_SBK_AssaultRifle_4thOfJuly'...
[2026.08.30-08.25.18:760][  0]LogGameFeatures: Display: Game feature 'WSK_SBK_AssaultRifle_4thOfJuly' transitioned successfully. Ending state: Active [Active, Active]
[2026.08.30-08.25.18:760][  0]LogShaderLibrary: Display: Opening a chunked shader library for plugin 'CHR_SBK_YuriX' is ignored. Chunked libraries for plugins are not supported.
[2026.08.30-08.25.18:761][  0]LogPluginManager: Mounting plugin localization for 'CHR_SBK_YuriX'...
[2026.08.30-08.25.18:761][  0]LogGameFeatures: Display: Game feature 'CHR_SBK_YuriX' transitioned successfully. Ending state: Active [Active, Active]
[2026.08.30-08.25.18:761][  0]LogShaderLibrary: Display: Opening a chunked shader library for plugin 'CHR_SBK_Bjorn' is ignored. Chunked libraries for plugins are not supported.
[2026.08.30-08.25.18:762][  0]LogPluginManager: Mounting plugin localization for 'CHR_SBK_Bjorn'...
[2026.08.30-08.25.18:762][  0]LogGameFeatures: Display: Game feature 'CHR_SBK_Bjorn' transitioned successfully. Ending state: Active [Active, Active]
[2026.08.30-08.25.18:763][  0]LogShaderLibrary: Display: Opening a chunked shader library for plugin 'CHR_SBK_Nando' is ignored. Chunked libraries for plugins are not supported.
[2026.08.30-08.25.18:764][  0]LogPluginManager: Mounting plugin localization for 'CHR_SBK_Nando'...
[2026.08.30-08.25.18:764][  0]LogGameFeatures: Display: Game feature 'CHR_SBK_Nando' transitioned successfully. Ending state: Active [Active, Active]
[2026.08.30-08.25.18:764][  0]LogShaderLibrary: Display: Opening a chunked shader library for plugin 'CHR_SBK_Furnace' is ignored. Chunked libraries for plugins are not supported.
[2026.08.30-08.25.18:764][  0]LogPluginManager: Mounting plugin localization for 'CHR_SBK_Furnace'...
[2026.08.30-08.25.18:765][  0]LogGameFeatures: Display: Game feature 'CHR_SBK_Furnace' transitioned successfully. Ending state: Active [Active, Active]
[2026.08.30-08.25.18:765][  0]LogShaderLibrary: Display: Opening a chunked shader library for plugin 'CHR_SBK_T200' is ignored. Chunked libraries for plugins are not supported.
[2026.08.30-08.25.18:765][  0]LogPluginManager: Mounting plugin localization for 'CHR_SBK_T200'...
[2026.08.30-08.25.18:766][  0]LogGameFeatures: Display: Game feature 'CHR_SBK_T200' transitioned successfully. Ending state: Active [Active, Active]
[2026.08.30-08.25.18:766][  0]LogShaderLibrary: Display: Opening a chunked shader library for plugin 'CHR_SBK_CaptainBlud' is ignored. Chunked libraries for plugins are not supported.
[2026.08.30-08.25.18:767][  0]LogPluginManager: Mounting plugin localization for 'CHR_SBK_CaptainBlud'...
[2026.08.30-08.25.18:767][  0]LogGameFeatures: Display: Game feature 'CHR_SBK_CaptainBlud' transitioned successfully. Ending state: Active [Active, Active]
[2026.08.30-08.25.18:767][  0]LogShaderLibrary: Display: Opening a chunked shader library for plugin 'CHR_SBK_Sima' is ignored. Chunked libraries for plugins are not supported.
[2026.08.30-08.25.18:768][  0]LogPluginManager: Mounting plugin localization for 'CHR_SBK_Sima'...
[2026.08.30-08.25.18:768][  0]LogGameFeatures: Display: Game feature 'CHR_SBK_Sima' transitioned successfully. Ending state: Active [Active, Active]
[2026.08.30-08.25.18:769][  0]LogShaderLibrary: Display: Opening a chunked shader library for plugin 'CHR_SBK_Riko' is ignored. Chunked libraries for plugins are not supported.
[2026.08.30-08.25.18:769][  0]LogPluginManager: Mounting plugin localization for 'CHR_SBK_Riko'...
[2026.08.30-08.25.18:770][  0]LogGameFeatures: Display: Game feature 'CHR_SBK_Riko' transitioned successfully. Ending state: Active [Active, Active]
[2026.08.30-08.25.18:770][  0]LogShaderLibrary: Display: Opening a chunked shader library for plugin 'CHR_SBK_Mechanic' is ignored. Chunked libraries for plugins are not supported.
[2026.08.30-08.25.18:770][  0]LogPluginManager: Mounting plugin localization for 'CHR_SBK_Mechanic'...
[2026.08.30-08.25.18:770][  0]LogGameFeatures: Display: Game feature 'CHR_SBK_Mechanic' transitioned successfully. Ending state: Active [Active, Active]
[2026.08.30-08.25.18:771][  0]LogShaderLibrary: Display: Opening a chunked shader library for plugin 'CHR_SBK_MartianCowgirl' is ignored. Chunked libraries for plugins are not supported.
[2026.08.30-08.25.18:771][  0]LogPluginManager: Mounting plugin localization for 'CHR_SBK_MartianCowgirl'...
[2026.08.30-08.25.18:771][  0]LogGameFeatures: Display: Game feature 'CHR_SBK_MartianCowgirl' transitioned successfully. Ending state: Active [Active, Active]
[2026.08.30-08.25.18:772][  0]LogShaderLibrary: Display: Opening a chunked shader library for plugin 'CHR_SBK_Heisler' is ignored. Chunked libraries for plugins are not supported.
[2026.08.30-08.25.18:773][  0]LogPluginManager: Mounting plugin localization for 'CHR_SBK_Heisler'...
[2026.08.30-08.25.18:773][  0]LogGameFeatures: Display: Game feature 'CHR_SBK_Heisler' transitioned successfully. Ending state: Active [Active, Active]
[2026.08.30-08.25.18:773][  0]LogShaderLibrary: Display: Opening a chunked shader library for plugin 'CHR_SBK_Greta' is ignored. Chunked libraries for plugins are not supported.
[2026.08.30-08.25.18:774][  0]LogPluginManager: Mounting plugin localization for 'CHR_SBK_Greta'...
[2026.08.30-08.25.18:774][  0]LogGameFeatures: Display: Game feature 'CHR_SBK_Greta' transitioned successfully. Ending state: Active [Active, Active]
[2026.08.30-08.25.18:774][  0]LogShaderLibrary: Display: Opening a chunked shader library for plugin 'CHR_SBK_Ekki' is ignored. Chunked libraries for plugins are not supported.
[2026.08.30-08.25.18:775][  0]LogPluginManager: Mounting plugin localization for 'CHR_SBK_Ekki'...
[2026.08.30-08.25.18:775][  0]LogGameFeatures: Display: Game feature 'CHR_SBK_Ekki' transitioned successfully. Ending state: Active [Active, Active]
[2026.08.30-08.25.18:775][  0]LogShaderLibrary: Display: Opening a chunked shader library for plugin 'CHR_SBK_Aegis' is ignored. Chunked libraries for plugins are not supported.
[2026.08.30-08.25.18:776][  0]LogPluginManager: Mounting plugin localization for 'CHR_SBK_Aegis'...
[2026.08.30-08.25.18:776][  0]LogGameFeatures: Display: Game feature 'CHR_SBK_Aegis' transitioned successfully. Ending state: Active [Active, Active]
[2026.08.30-08.25.18:776][  0]LogShaderLibrary: Display: Opening a chunked shader library for plugin 'MOD_PracticeRange' is ignored. Chunked libraries for plugins are not supported.
[2026.08.30-08.25.18:777][  0]LogPluginManager: Mounting plugin localization for 'MOD_PracticeRange'...
[2026.08.30-08.25.18:777][  0]LogGameFeatures: Display: Game feature 'MOD_PracticeRange' transitioned successfully. Ending state: Active [Active, Active]
[2026.08.30-08.25.18:777][  0]LogShaderLibrary: Display: Opening a chunked shader library for plugin 'MOD_CapturePoints' is ignored. Chunked libraries for plugins are not supported.
[2026.08.30-08.25.18:778][  0]LogPluginManager: Mounting plugin localization for 'MOD_CapturePoints'...
[2026.08.30-08.25.18:780][  0]LogGameFeatures: Display: Game feature 'MOD_CapturePoints' transitioned successfully. Ending state: Active [Active, Active]
[2026.08.30-08.25.18:780][  0]LogShaderLibrary: Display: Opening a chunked shader library for plugin 'CHR_MER_Torch' is ignored. Chunked libraries for plugins are not supported.
[2026.08.30-08.25.18:781][  0]LogPluginManager: Mounting plugin localization for 'CHR_MER_Torch'...
[2026.08.30-08.25.18:781][  0]LogGameFeatures: Display: Game feature 'CHR_MER_Torch' transitioned successfully. Ending state: Active [Active, Active]
[2026.08.30-08.25.18:781][  0]LogShaderLibrary: Display: Opening a chunked shader library for plugin 'CHR_MER_Ptero' is ignored. Chunked libraries for plugins are not supported.
[2026.08.30-08.25.18:782][  0]LogPluginManager: Mounting plugin localization for 'CHR_MER_Ptero'...
[2026.08.30-08.25.18:782][  0]LogGameFeatures: Display: Game feature 'CHR_MER_Ptero' transitioned successfully. Ending state: Active [Active, Active]
[2026.08.30-08.25.18:782][  0]LogShaderLibrary: Display: Opening a chunked shader library for plugin 'CHR_MER_77' is ignored. Chunked libraries for plugins are not supported.
[2026.08.30-08.25.18:783][  0]LogPluginManager: Mounting plugin localization for 'CHR_MER_77'...
[2026.08.30-08.25.18:783][  0]LogGameFeatures: Display: Game feature 'CHR_MER_77' transitioned successfully. Ending state: Active [Active, Active]
[2026.08.30-08.25.18:783][  0]LogShaderLibrary: Display: Opening a chunked shader library for plugin 'CHR_MER_PirateQueen' is ignored. Chunked libraries for plugins are not supported.
[2026.08.30-08.25.18:784][  0]LogPluginManager: Mounting plugin localization for 'CHR_MER_PirateQueen'...
[2026.08.30-08.25.18:784][  0]LogGameFeatures: Display: Game feature 'CHR_MER_PirateQueen' transitioned successfully. Ending state: Active [Active, Active]
[2026.08.30-08.25.18:784][  0]LogShaderLibrary: Display: Opening a chunked shader library for plugin 'CHR_MER_IronCrushUltra' is ignored. Chunked libraries for plugins are not supported.
[2026.08.30-08.25.18:785][  0]LogPluginManager: Mounting plugin localization for 'CHR_MER_IronCrushUltra'...
[2026.08.30-08.25.18:785][  0]LogGameFeatures: Display: Game feature 'CHR_MER_IronCrushUltra' transitioned successfully. Ending state: Active [Active, Active]
[2026.08.30-08.25.18:785][  0]LogShaderLibrary: Display: Opening a chunked shader library for plugin 'CHR_SBK_Klaus' is ignored. Chunked libraries for plugins are not supported.
[2026.08.30-08.25.18:786][  0]LogPluginManager: Mounting plugin localization for 'CHR_SBK_Klaus'...
[2026.08.30-08.25.18:787][  0]LogGameFeatures: Display: Game feature 'CHR_SBK_Klaus' transitioned successfully. Ending state: Active [Active, Active]
[2026.08.30-08.25.18:787][  0]LogShaderLibrary: Display: Opening a chunked shader library for plugin 'CHR_SBK_NandoUltra' is ignored. Chunked libraries for plugins are not supported.
[2026.08.30-08.25.18:787][  0]LogPluginManager: Mounting plugin localization for 'CHR_SBK_NandoUltra'...
[2026.08.30-08.25.18:788][  0]LogGameFeatures: Display: Game feature 'CHR_SBK_NandoUltra' transitioned successfully. Ending state: Active [Active, Active]
[2026.08.30-08.25.18:788][  0]LogShaderLibrary: Display: Opening a chunked shader library for plugin 'CHR_SBK_Panda' is ignored. Chunked libraries for plugins are not supported.
[2026.08.30-08.25.18:788][  0]LogPluginManager: Mounting plugin localization for 'CHR_SBK_Panda'...
[2026.08.30-08.25.18:789][  0]LogGameFeatures: Display: Game feature 'CHR_SBK_Panda' transitioned successfully. Ending state: Active [Active, Active]
[2026.08.30-08.25.18:789][  0]LogShaderLibrary: Display: Opening a chunked shader library for plugin 'CHR_SBK_CaptainBludUltra' is ignored. Chunked libraries for plugins are not supported.
[2026.08.30-08.25.18:790][  0]LogPluginManager: Mounting plugin localization for 'CHR_SBK_CaptainBludUltra'...
[2026.08.30-08.25.18:790][  0]LogGameFeatures: Display: Game feature 'CHR_SBK_CaptainBludUltra' transitioned successfully. Ending state: Active [Active, Active]
[2026.08.30-08.25.18:790][  0]LogShaderLibrary: Display: Opening a chunked shader library for plugin 'CHR_SBK_MetalGrinder' is ignored. Chunked libraries for plugins are not supported.
[2026.08.30-08.25.18:791][  0]LogPluginManager: Mounting plugin localization for 'CHR_SBK_MetalGrinder'...
[2026.08.30-08.25.18:791][  0]LogGameFeatures: Display: Game feature 'CHR_SBK_MetalGrinder' transitioned successfully. Ending state: Active [Active, Active]
[2026.08.30-08.25.18:791][  0]LogShaderLibrary: Display: Opening a chunked shader library for plugin 'CHR_SBK_Franky' is ignored. Chunked libraries for plugins are not supported.
[2026.08.30-08.25.18:792][  0]LogPluginManager: Mounting plugin localization for 'CHR_SBK_Franky'...
[2026.08.30-08.25.18:792][  0]LogGameFeatures: Display: Game feature 'CHR_SBK_Franky' transitioned successfully. Ending state: Active [Active, Active]
[2026.08.30-08.25.18:792][  0]LogShaderLibrary: Display: Opening a chunked shader library for plugin 'CHR_SBK_Piledriver' is ignored. Chunked libraries for plugins are not supported.
[2026.08.30-08.25.18:793][  0]LogPluginManager: Mounting plugin localization for 'CHR_SBK_Piledriver'...
[2026.08.30-08.25.18:793][  0]LogGameFeatures: Display: Game feature 'CHR_SBK_Piledriver' transitioned successfully. Ending state: Active [Active, Active]
[2026.08.30-08.25.18:793][  0]LogShaderLibrary: Display: Opening a chunked shader library for plugin 'CHR_SBK_Ash' is ignored. Chunked libraries for plugins are not supported.
[2026.08.30-08.25.18:794][  0]LogPluginManager: Mounting plugin localization for 'CHR_SBK_Ash'...
[2026.08.30-08.25.18:794][  0]LogGameFeatures: Display: Game feature 'CHR_SBK_Ash' transitioned successfully. Ending state: Active [Active, Active]
[2026.08.30-08.25.18:795][  0]LogShaderLibrary: Display: Opening a chunked shader library for plugin 'CHR_SBK_MartianCowgirlX' is ignored. Chunked libraries for plugins are not supported.
[2026.08.30-08.25.18:795][  0]LogPluginManager: Mounting plugin localization for 'CHR_SBK_MartianCowgirlX'...
[2026.08.30-08.25.18:795][  0]LogGameFeatures: Display: Game feature 'CHR_SBK_MartianCowgirlX' transitioned successfully. Ending state: Active [Active, Active]
[2026.08.30-08.25.18:796][  0]LogShaderLibrary: Display: Opening a chunked shader library for plugin 'CHR_SBK_Vanguard' is ignored. Chunked libraries for plugins are not supported.
[2026.08.30-08.25.18:796][  0]LogPluginManager: Mounting plugin localization for 'CHR_SBK_Vanguard'...
[2026.08.30-08.25.18:797][  0]LogGameFeatures: Display: Game feature 'CHR_SBK_Vanguard' transitioned successfully. Ending state: Active [Active, Active]
[2026.08.30-08.25.18:797][  0]LogShaderLibrary: Display: Opening a chunked shader library for plugin 'CHR_SBK_Theory' is ignored. Chunked libraries for plugins are not supported.
[2026.08.30-08.25.18:797][  0]LogPluginManager: Mounting plugin localization for 'CHR_SBK_Theory'...
[2026.08.30-08.25.18:798][  0]LogGameFeatures: Display: Game feature 'CHR_SBK_Theory' transitioned successfully. Ending state: Active [Active, Active]
[2026.08.30-08.25.18:798][  0]LogShaderLibrary: Display: Opening a chunked shader library for plugin 'MAP_Training' is ignored. Chunked libraries for plugins are not supported.
[2026.08.30-08.25.18:798][  0]LogPluginManager: Mounting plugin localization for 'MAP_Training'...
[2026.08.30-08.25.18:799][  0]LogGameFeatures: Display: Game feature 'MAP_Training' transitioned successfully. Ending state: Active [Active, Active]
[2026.08.30-08.25.18:799][  0]LogShaderLibrary: Display: Opening a chunked shader library for plugin 'MOD_Hangman' is ignored. Chunked libraries for plugins are not supported.
[2026.08.30-08.25.18:802][  0]LogPluginManager: Mounting plugin localization for 'MOD_Hangman'...
[2026.08.30-08.25.18:805][  0]LogGameFeatures: Display: Game feature 'MOD_Hangman' transitioned successfully. Ending state: Active [Active, Active]
[2026.08.30-08.25.18:805][  0]LogShaderLibrary: Display: Opening a chunked shader library for plugin 'MOD_FTUE' is ignored. Chunked libraries for plugins are not supported.
[2026.08.30-08.25.18:807][  0]LogPluginManager: Mounting plugin localization for 'MOD_FTUE'...
[2026.08.30-08.25.18:807][  0]LogGameFeatures: Display: Game feature 'MOD_FTUE' transitioned successfully. Ending state: Active [Active, Active]
[2026.08.30-08.25.18:807][  0]LogShaderLibrary: Display: Opening a chunked shader library for plugin 'CHR_MER_TorchUltra' is ignored. Chunked libraries for plugins are not supported.
[2026.08.30-08.25.18:808][  0]LogPluginManager: Mounting plugin localization for 'CHR_MER_TorchUltra'...
[2026.08.30-08.25.18:808][  0]LogGameFeatures: Display: Game feature 'CHR_MER_TorchUltra' transitioned successfully. Ending state: Active [Active, Active]
[2026.08.30-08.25.18:808][  0]LogShaderLibrary: Display: Opening a chunked shader library for plugin 'CHR_MER_77Ultra' is ignored. Chunked libraries for plugins are not supported.
[2026.08.30-08.25.18:809][  0]LogPluginManager: Mounting plugin localization for 'CHR_MER_77Ultra'...
[2026.08.30-08.25.18:809][  0]LogGameFeatures: Display: Game feature 'CHR_MER_77Ultra' transitioned successfully. Ending state: Active [Active, Active]
[2026.08.30-08.25.18:809][  0]LogShaderLibrary: Display: Opening a chunked shader library for plugin 'CHR_MER_PirateQueenUltra' is ignored. Chunked libraries for plugins are not supported.
[2026.08.30-08.25.18:811][  0]LogPluginManager: Mounting plugin localization for 'CHR_MER_PirateQueenUltra'...
[2026.08.30-08.25.18:811][  0]LogGameFeatures: Display: Game feature 'CHR_MER_PirateQueenUltra' transitioned successfully. Ending state: Active [Active, Active]
[2026.08.30-08.25.18:811][  0]LogShaderLibrary: Display: Opening a chunked shader library for plugin 'CHR_SBK_MetalGrinderUltra' is ignored. Chunked libraries for plugins are not supported.
[2026.08.30-08.25.18:811][  0]LogPluginManager: Mounting plugin localization for 'CHR_SBK_MetalGrinderUltra'...
[2026.08.30-08.25.18:812][  0]LogGameFeatures: Display: Game feature 'CHR_SBK_MetalGrinderUltra' transitioned successfully. Ending state: Active [Active, Active]
[2026.08.30-08.25.18:812][  0]LogShaderLibrary: Display: Opening a chunked shader library for plugin 'CHR_SBK_HMM' is ignored. Chunked libraries for plugins are not supported.
[2026.08.30-08.25.18:813][  0]LogPluginManager: Mounting plugin localization for 'CHR_SBK_HMM'...
[2026.08.30-08.25.18:813][  0]LogGameFeatures: Display: Game feature 'CHR_SBK_HMM' transitioned successfully. Ending state: Active [Active, Active]
[2026.08.30-08.25.18:813][  0]LogShaderLibrary: Display: Opening a chunked shader library for plugin 'EVT_S1_INF' is ignored. Chunked libraries for plugins are not supported.
[2026.08.30-08.25.18:814][  0]LogPluginManager: Mounting plugin localization for 'EVT_S1_INF'...
[2026.08.30-08.25.18:814][  0]LogGameFeatures: Display: Game feature 'EVT_S1_INF' transitioned successfully. Ending state: Active [Active, Active]
[2026.08.30-08.25.18:815][  0]LogShaderLibrary: Display: Opening a chunked shader library for plugin 'CHR_SBK_Jab' is ignored. Chunked libraries for plugins are not supported.
[2026.08.30-08.25.18:816][  0]LogPluginManager: Mounting plugin localization for 'CHR_SBK_Jab'...
[2026.08.30-08.25.18:816][  0]LogGameFeatures: Display: Game feature 'CHR_SBK_Jab' transitioned successfully. Ending state: Active [Active, Active]
[2026.08.30-08.25.18:816][  0]LogShaderLibrary: Display: Opening a chunked shader library for plugin 'CHR_SBK_JabUltra' is ignored. Chunked libraries for plugins are not supported.
[2026.08.30-08.25.18:816][  0]LogPluginManager: Mounting plugin localization for 'CHR_SBK_JabUltra'...
[2026.08.30-08.25.18:817][  0]LogGameFeatures: Display: Game feature 'CHR_SBK_JabUltra' transitioned successfully. Ending state: Active [Active, Active]
[2026.08.30-08.25.18:817][  0]LogStats: BuiltInGameFeaturePlugins loaded. -  0.638 s
[2026.08.30-08.25.18:824][  0]LogWwiseResourceLoader: GetLanguageMapKey: Could not find language English(US) while processing asset None.
[2026.08.30-08.25.18:824][  0]LogWwiseResourceLoader: Error: CreateEventNode: Could not find language for Event None (0)
[2026.08.30-08.25.18:840][  0]LogAkAudio: UAkAudioEvent::LoadEventData(play_crowd_kill_streak_switch): Could not LoadEvent
[2026.08.30-08.25.18:840][  0]LogNetVersion: Set ProjectVersion to 3.1. Version Checksum will be recalculated on next use.
[2026.08.30-08.25.18:840][  0]LogInit: Texture streaming: Enabled
[2026.08.30-08.25.18:843][  0]LogTemp: Warning: Apply no frame generation on boot
[2026.08.30-08.25.18:843][  0]LogTemp: Warning: Apply no frame generation on boot
[2026.08.30-08.25.18:938][  0]LogCC1047Objects: Loaded 886 actor descriptors
[2026.08.30-08.25.18:939][  0]LogAT1047InputRecorderSubsystem: Display: [UAT1047InputRecorderSubsystem::ResetSettingsToDefaults] Settings reset to defaults from InputRecorderSettings
[2026.08.30-08.25.18:941][  0]LogChartCreation: Started creating FPS charts at 17551310.769901 seconds
[2026.08.30-08.25.18:941][  0]LogMerlin: Merlin Client Loading from: ..\..\..\RemappedPlugins\1047\MerlinAntiCheat\ThirdParty\equ8_client
[2026.08.30-08.25.22:453][  0]LogScript: Warning: Script Msg: -- Null obj
[2026.08.30-08.25.22:471][  0]LogPackageLocalizationCache: Processed 550 localized package path(s) for 2 prioritized culture(s) in 0.001462 seconds
[2026.08.30-08.25.22:471][  0]LogSlate: Warning: FontCache flush requested. Reason: Culture for localization was changed
[2026.08.30-08.25.22:471][  0]LogSlate: Warning: FontCache flush requested. Reason: Culture for localization was changed
[2026.08.30-08.25.22:560][  0]LogSlate: InvalidateAllWidgets triggered.  All widgets were invalidated
[2026.08.30-08.25.22:560][  0]LogOnline: STEAM: Steam User is subscribed 1
[2026.08.30-08.25.22:560][  0]LogOnline: STEAM: [AppId: 2918300] Client API initialized 1
[2026.08.30-08.25.22:563][  0]LogOnline: OSS: Created online subsystem instance for: Steam
[2026.08.30-08.25.22:564][  0]LogSlate: Updating window title bar state: overlay mode, drag disabled, window buttons hidden, title bar hidden
[2026.08.30-08.25.22:566][  0]Core1047InputUserSettings: Warning: DetermineHardwareDeviceForActionMapping, invalid Key found while registering IMCs!
[2026.08.30-08.25.22:566][  0]Core1047InputUserSettings: Warning: DetermineHardwareDeviceForActionMapping, invalid Key found while registering IMCs!
[2026.08.30-08.25.22:566][  0]LogEnhancedInput: Warning: A key profile with the name 'InputUserSettings.Profiles.Default' already exists! Use a different name.
[2026.08.30-08.25.22:566][  0]LogCore1047InputSubsystem: Apply input mode: ECore1047InputMethod::MouseAndKeyboard
[2026.08.30-08.25.22:566][  0]LogEnhancedInput: Error: [SetInputMode] Null player input, unable to set the input mode to '(GameplayTags=((TagName="InputMode.KBM")))'
[2026.08.30-08.25.22:581][  0]LogSubsystemCollection: Failed to initialize subsystem dependency (OF1047LobbyInviteSubsystem)
[2026.08.30-08.25.22:581][  0]LogInit: Display: Game Engine Initialized.
[2026.08.30-08.25.22:639][  0]LogScript: Warning: Script Msg: -- No world: /Game/DataRegistry/DR_Weapons.DR_Weapons:OF1047DataRegistrySource_RemoteConfiguration_0
[2026.08.30-08.25.22:639][  0]LogCUDA: Display: Initialising CUDA API...
[2026.08.30-08.25.22:639][  0]LogCUDA: Display: CUDA API initialised successfully.
[2026.08.30-08.25.22:639][  0]LogCUDA: Display: Found 1 CUDA capable devices.
[2026.08.30-08.25.22:639][  0]LogCUDA: Display: Found device 0 called "NVIDIA GeForce RTX 5080".
[2026.08.30-08.25.22:639][  0]LogCUDA: Display: Attempting to create CUDA context on GPU Device 0...
[2026.08.30-08.25.22:748][  0]LogCUDA: Display: Created CUDA context on device "NVIDIA GeForce RTX 5080".
[2026.08.30-08.25.22:782][  0]LogEncoderNVENC: Created D3D11 device for NVENC on 'NVIDIA GeForce RTX 5080'.
[2026.08.30-08.25.22:795][  0]LogDLSS: FDLSSModule::StartupModule Enter
[2026.08.30-08.25.22:795][  0]LogDLSS: PluginBaseDir ../../../Engine/Plugins/Marketplace/NVIDIA/DLSS
[2026.08.30-08.25.22:795][  0]LogDLSS: NGXBinariesDir ../../../Engine/Plugins/Marketplace/NVIDIA/DLSS/Binaries/ThirdParty/Win64/
[2026.08.30-08.25.22:795][  0]LogDLSS: GDynamicRHIName NVIDIA D3D12
[2026.08.30-08.25.22:795][  0]LogDLSS: Plugin settings: NGXAppId = 0
[2026.08.30-08.25.22:795][  0]LogDLSS: NGX Application ID not specified, using the Project ID by default.
[2026.08.30-08.25.22:795][  0]LogDLSSNGXRHI: FNGXRHIModule::StartupModule Enter
[2026.08.30-08.25.22:795][  0]LogDLSSNGXRHI: FNGXRHIModule::StartupModule Leave
[2026.08.30-08.25.22:795][  0]LogDLSSNGXRHI: Searching for custom and generic DLSS binaries
[2026.08.30-08.25.22:796][  0]LogDLSSNGXRHI: NVIDIA NGX DLSS binary nvngx_dlss.dll not found in search path C:\Program Files (x86)\Steam\steamapps\common\Splitgate 2\PortalWars2\Binaries\ThirdParty\NVIDIA\NGX\Win64\
[2026.08.30-08.25.22:796][  0]LogDLSSNGXRHI: NVIDIA NGX DLSS binary nvngx_dlss.dll not found in search path C:\Program Files (x86)\Steam\steamapps\common\Splitgate 2\PortalWars2\Binaries\Win64\Binaries\ThirdParty\NVIDIA\NGX\Win64\
[2026.08.30-08.25.22:796][  0]LogDLSSNGXRHI: NVIDIA NGX DLSS binary nvngx_dlss.dll found in search path C:\Program Files (x86)\Steam\steamapps\common\Splitgate 2\Engine\Plugins\Marketplace\NVIDIA\DLSS\Binaries\ThirdParty\Win64\
[2026.08.30-08.25.22:796][  0]LogDLSSNGXRHI: DLSS model OTA update enabled
[2026.08.30-08.25.22:817][  0]LogStreamlineAPI: [Info]: [01-25-22][streamline][info][tid:39416][7s:876ms:868us]commonEntry.cpp:1267[ngxLog] [Unknown(32765)] [2026-08-30 01:25:22] [NGXGetPath:1045] using path for models: C:\ProgramData\NVIDIA\NGX\models
[2026.08.30-08.25.22:817][  0]LogStreamlineAPI: [Info]: [01-25-22][streamline][info][tid:39416][7s:876ms:978us]commonEntry.cpp:1267[ngxLog] [Unknown(32765)] [2026-08-30 01:25:22] [`anonymous-namespace'::LoadMappingFileData:268] listItem.engineVersion .* listItem.genericCMSId 86aa7b4
[2026.08.30-08.25.22:817][  0]LogStreamlineAPI: [Info]: [01-25-22][streamline][info][tid:39416][7s:877ms:026us]commonEntry.cpp:1267[ngxLog] [Unknown(32765)] [2026-08-30 01:25:22] [`anonymous-namespace'::LoadMappingFileData:282]  project id 3F9D696D4363312194B0ECB2671E899F cms id B9FBD50
[2026.08.30-08.25.22:817][  0]LogStreamlineAPI: [Info]: [01-25-22][streamline][info][tid:39416][7s:877ms:033us]commonEntry.cpp:1267[ngxLog] [Unknown(32765)] [2026-08-30 01:25:22] [`anonymous-namespace'::LoadMappingFileData:268] listItem.engineVersion .* listItem.genericCMSId 8618954
[2026.08.30-08.25.22:817][  0]LogStreamlineAPI: [Info]: [01-25-22][streamline][info][tid:39416][7s:877ms:038us]commonEntry.cpp:1267[ngxLog] [Unknown(32765)] [2026-08-30 01:25:22] [`anonymous-namespace'::LoadMappingFileData:268] listItem.engineVersion .* listItem.genericCMSId b9b05cc
[2026.08.30-08.25.22:817][  0]LogStreamlineAPI: [Info]: [01-25-22][streamline][info][tid:39416][7s:877ms:043us]commonEntry.cpp:1267[ngxLog] [Unknown(32765)] [2026-08-30 01:25:22] [`anonymous-namespace'::LoadMappingFileData:268] listItem.engineVersion .* listItem.genericCMSId 876232c
[2026.08.30-08.25.22:817][  0]LogStreamlineAPI: [Info]: [01-25-22][streamline][info][tid:39416][7s:877ms:051us]commonEntry.cpp:1267[ngxLog] [Unknown(32765)] [2026-08-30 01:25:22] [MapProjectId:1878] Found cms id 86aa7b4 for engine: ue4 engineVersion 5.5 projectID 067482974316BA5673AD7FB2FB601799
[2026.08.30-08.25.22:821][  0]LogDLSSNGX: [SDK]: [2026-08-30 01:25:22] [NGXSafeInitializeLog:141] App logging hooks successfully initialized
[2026.08.30-08.25.22:821][  0]LogDLSSNGX: [SDK]: [2026-08-30 01:25:22] [NGXLoadLibrary:287] error: failed to load NGXCore: 126 (C:\Program Files (x86)\Steam\steamapps\common\Splitgate 2\PortalWars2\Binaries\Win64\_nvngx.dll)
[2026.08.30-08.25.22:821][  0]LogDLSSNGX: [SDK]: [2026-08-30 01:25:22] [NGXLoadLibrary:287] error: failed to load NGXCore: 126 (C:\Program Files (x86)\Steam\steamapps\common\Splitgate 2\PortalWars2\Binaries\Win64\nvngx.dll)
[2026.08.30-08.25.22:822][  0]LogDLSSNGX: [SDK]: [2026-08-30 01:25:22] [NGXGetPathUsingQAI:139] Path to driverStore found using QAI: C:\windows\System32\DriverStore\FileRepository\nvddi.inf_amd64_dabe455c4b5cf6f0
[2026.08.30-08.25.22:829][  0]LogDLSSNGX: [SDK]: [2026-08-30 01:25:22] [NGXLoadCoreLibrary:240] Loading C:\windows\System32\DriverStore\FileRepository\nvddi.inf_amd64_dabe455c4b5cf6f0\_nvngx.dll succeeded
[2026.08.30-08.25.22:829][  0]LogDLSSNGX: [Core]: [2026-08-30 01:25:22] [NGXSafeInitializeLog:139] App logging hooks successfully initialized
[2026.08.30-08.25.22:830][  0]LogDLSSNGX: [DLSS]: [2026-08-30 01:25:22] [tid:39416][NGXInitLog:219] App logging hooks successfully initialized
[2026.08.30-08.25.22:830][  0]LogDLSSNGX: [DLSS]: [2026-08-30 01:25:22] [tid:39416][NGXInitLog:226] Built with APP_NAME = default_nda
[2026.08.30-08.25.22:833][  0]LogDLSSNGX: [DLSS]: [2026-08-30 01:25:22] [tid:39416][NGXInitLog:219] App logging hooks successfully initialized
[2026.08.30-08.25.22:833][  0]LogDLSSNGX: [DLSS]: [2026-08-30 01:25:22] [tid:39416][NGXInitLog:226] Built with APP_NAME = app_transformer_dlssd
[2026.08.30-08.25.22:834][  0]LogDLSSNGXD3D12RHI: NVSDK_NGX_D3D12_Init_with_ProjectID(ProjectID = 067482974316BA5673AD7FB2FB601799, EngineVersion=5.5, APIVersion = 0x15, Device=00000272D5147550) -> (1 NVSDK_NGX_Result_Success)
[2026.08.30-08.25.22:834][  0]LogDLSSNGXD3D12RHI: NVSDK_NGX_D3D12_Init (Log C:/Users/<USER>/AppData/Local/PortalWars2/Saved/Logs/) -> (1 NVSDK_NGX_Result_Success)
[2026.08.30-08.25.22:834][  0]LogDLSSNGXD3D12RHI: NVSDK_NGX_D3D12_GetCapabilityParameters -> (1 NVSDK_NGX_Result_Success)
[2026.08.30-08.25.22:834][  0]LogDLSSNGXRHI: Get NVSDK_NGX_Parameter_SuperSampling_NeedsUpdatedDriver -> (1 NVSDK_NGX_Result_Success), bNeedsUpdatedDriver = 0
[2026.08.30-08.25.22:834][  0]LogDLSSNGXRHI: Get NVSDK_NGX_Parameter_SuperSampling_MinDriverVersionMajor -> (1 NVSDK_NGX_Result_Success), MinDriverVersionMajor = 470
[2026.08.30-08.25.22:834][  0]LogDLSSNGXRHI: Get NVSDK_NGX_Parameter_SuperSampling_MinDriverVersionMinor -> (1 NVSDK_NGX_Result_Success), MinDriverVersionMinor = 0
[2026.08.30-08.25.22:834][  0]LogDLSSNGXRHI: Get NVSDK_NGX_Parameter_SuperSamplingDenoising_NeedsUpdatedDriver -> (1 NVSDK_NGX_Result_Success), bNeedsUpdatedDriver = 0
[2026.08.30-08.25.22:834][  0]LogDLSSNGXRHI: Get NVSDK_NGX_Parameter_SuperSamplingDenoising_MinDriverVersionMajor -> (1 NVSDK_NGX_Result_Success), MinDriverVersionMajor = 537
[2026.08.30-08.25.22:834][  0]LogDLSSNGXRHI: Get NVSDK_NGX_Parameter_SuperSamplingDenoising_MinDriverVersionMinor -> (1 NVSDK_NGX_Result_Success), MinDriverVersionMinor = 2
[2026.08.30-08.25.22:834][  0]LogDLSSNGXRHI: NVIDIA NGX DLSS is supported by the currently installed driver. Minimum driver version was reported as: 470.0
[2026.08.30-08.25.22:834][  0]LogDLSSNGXRHI: NVIDIA NGX DLSS-RR is supported by the currently installed driver. Minimum driver version was reported as: 537.2
[2026.08.30-08.25.22:834][  0]LogDLSSNGXRHI: Get NVSDK_NGX_EParameter_SuperSampling_Available -> (1 NVSDK_NGX_Result_Success), DlssAvailable = 1
[2026.08.30-08.25.22:834][  0]LogDLSSNGXRHI: Get NVSDK_NGX_Parameter_SuperSamplingDenoising_Available -> (1 NVSDK_NGX_Result_Success), DlssRRAvailable = 1
[2026.08.30-08.25.22:834][  0]LogDLSSNGXRHI: NGX_DLSS_GET_OPTIMAL_SETTINGS -> (1 NVSDK_NGX_Result_Success)
[2026.08.30-08.25.22:834][  0]LogDLSS: QualityMode -2: bSupported = 1, ResolutionFraction = 0.3330. MinResolutionFraction=0.3330,  MaxResolutionFraction 0.3330
[2026.08.30-08.25.22:834][  0]LogDLSSNGXRHI: NGX_DLSS_GET_OPTIMAL_SETTINGS -> (1 NVSDK_NGX_Result_Success)
[2026.08.30-08.25.22:834][  0]LogDLSS: QualityMode -1: bSupported = 1, ResolutionFraction = 0.5000. MinResolutionFraction=0.5000,  MaxResolutionFraction 1.0000
[2026.08.30-08.25.22:834][  0]LogDLSSNGXRHI: NGX_DLSS_GET_OPTIMAL_SETTINGS -> (1 NVSDK_NGX_Result_Success)
[2026.08.30-08.25.22:834][  0]LogDLSS: QualityMode 0: bSupported = 1, ResolutionFraction = 0.5800. MinResolutionFraction=0.5000,  MaxResolutionFraction 1.0000
[2026.08.30-08.25.22:834][  0]LogDLSSNGXRHI: NGX_DLSS_GET_OPTIMAL_SETTINGS -> (1 NVSDK_NGX_Result_Success)
[2026.08.30-08.25.22:834][  0]LogDLSS: QualityMode 1: bSupported = 1, ResolutionFraction = 0.6670. MinResolutionFraction=0.5000,  MaxResolutionFraction 1.0000
[2026.08.30-08.25.22:834][  0]LogDLSSNGXRHI: NGX_DLSS_GET_OPTIMAL_SETTINGS -> (1 NVSDK_NGX_Result_Success)
[2026.08.30-08.25.22:834][  0]LogDLSS: QualityMode 2: bSupported = 0, ResolutionFraction = 0.0000. MinResolutionFraction=0.0000,  MaxResolutionFraction 0.0000
[2026.08.30-08.25.22:834][  0]LogDLSSNGXRHI: NGX_DLSS_GET_OPTIMAL_SETTINGS -> (1 NVSDK_NGX_Result_Success)
[2026.08.30-08.25.22:834][  0]LogDLSS: QualityMode 3: bSupported = 1, ResolutionFraction = 1.0000. MinResolutionFraction=0.9900,  MaxResolutionFraction 1.0000
[2026.08.30-08.25.22:834][  0]LogDLSS: NumRuntimeQualityModes=5, MinDynamicResolutionFraction=0.5000,  MaxDynamicResolutionFraction=1.0000
[2026.08.30-08.25.22:834][  0]LogDLSS: NVIDIA NGX DLSS supported SR=1 RR=1
[2026.08.30-08.25.22:834][  0]LogDLSS: FDLSSDenoiserWrapper(Inactive) wrapping ScreenSpaceDenoiser
[2026.08.30-08.25.22:834][  0]LogDLSS: FDLSSModule::StartupModule Leave
[2026.08.30-08.25.22:835][  0]LogNIS: FNISCoreModule::StartupModule Enter
[2026.08.30-08.25.22:835][  0]LogNIS: FNISCoreModule::StartupModule Leave
[2026.08.30-08.25.22:835][  0]LogStreamline: FStreamlineCoreModule::StartupModule Enter
[2026.08.30-08.25.22:835][  0]LogStreamlineRHI: SLisFeatureSupported(kFeatureDLSS_G) -> (31, Result::eErrorFeatureMissing)
[2026.08.30-08.25.22:835][  0]LogStreamlineRHI: SLisFeatureSupported(kFeatureDeepDVC) -> (31, Result::eErrorFeatureMissing)
[2026.08.30-08.25.22:835][  0]LogStreamline: RegisterStreamlineReflexHooks Enter
[2026.08.30-08.25.22:835][  0]LogStreamline: Reflex plugin enabled, which is incompatible with the Reflex implementation provided by this Streamline UE plugin
[2026.08.30-08.25.22:835][  0]LogStreamline: Unregistering the Reflex plugin related modular features. The Reflex plugin Blueprint library is expected to continue to work 🤞.
[2026.08.30-08.25.22:835][  0]LogStreamline: Unregistering MaxTickRateHandler 00000272C93038B8 
[2026.08.30-08.25.22:835][  0]LogStreamline: Unregistering LatencyMarker 00000272C9365588 
[2026.08.30-08.25.22:835][  0]LogStreamline: Unregistering LatencyMarker 00000272C9490E28 
[2026.08.30-08.25.22:835][  0]LogStreamlineRHI: SLisFeatureSupported(kFeatureReflex) -> (0, Result::eOk)
[2026.08.30-08.25.22:835][  0]LogStreamlineRHI: SLgetFeatureVersion(kFeatureReflex)  versionSL = 2.7.30, versionNGX = 0.0.0 -> (0, Result::eOk)
[2026.08.30-08.25.22:835][  0]LogStreamlineRHI: SLgetFeatureRequirements(kFeatureReflex) -> (0, Result::eOk)
[2026.08.30-08.25.22:835][  0]LogStreamlineRHI: FeatureRequirements kFeatureReflex: flags FeatureRequirementFlags::eVulkanSupported|FeatureRequirementFlags::eD3D12Supported|FeatureRequirementFlags::eD3D11Supported
[2026.08.30-08.25.22:835][  0]LogStreamlineRHI: maxNumCPUThreads : 0
[2026.08.30-08.25.22:835][  0]LogStreamlineRHI: maxNumViewports  : 0
[2026.08.30-08.25.22:835][  0]LogStreamlineRHI: osVersion     detected: 10.0.26200, required: 10.0.0
[2026.08.30-08.25.22:835][  0]LogStreamlineRHI: driverVersion detected: 610.88.0, required: 512.15.0
[2026.08.30-08.25.22:835][  0]LogStreamlineRHI: requiredTags (0): {}
[2026.08.30-08.25.22:835][  0]LogStreamline: FStreamlineMaxTickRateHandler::Initialize sl::ReflexState::lowLatencyAvailable=1
[2026.08.30-08.25.22:835][  0]LogStreamline: FStreamlineMaxTickRateHandler::Initialize sl::ReflexState::latencyReportAvailable=1
[2026.08.30-08.25.22:835][  0]LogStreamline: FStreamlineLatencyMarkers::Initialize sl::ReflexState::flashIndicatorDriverControlled=1
[2026.08.30-08.25.22:835][  0]LogStreamline: RegisterStreamlineReflexHooks Leave
[2026.08.30-08.25.22:835][  0]LogStreamlineRHI: SLisFeatureSupported(kFeatureImGUI) -> (31, Result::eErrorFeatureMissing)
[2026.08.30-08.25.22:835][  0]LogStreamline: NVIDIA Streamline supported 1
[2026.08.30-08.25.22:835][  0]LogStreamline: FStreamlineCoreModule::StartupModule Leave
[2026.08.30-08.25.22:835][  0]LogStreamlineRHI: SLisFeatureSupported(kFeaturePCL) -> (0, Result::eOk)
[2026.08.30-08.25.22:835][  0]LogStreamlineRHI: SLgetFeatureVersion(kFeaturePCL)  versionSL = 2.7.30, versionNGX = 0.0.0 -> (0, Result::eOk)
[2026.08.30-08.25.22:835][  0]LogStreamlineRHI: SLgetFeatureRequirements(kFeaturePCL) -> (0, Result::eOk)
[2026.08.30-08.25.22:835][  0]LogStreamlineRHI: FeatureRequirements kFeaturePCL: flags FeatureRequirementFlags::eVulkanSupported|FeatureRequirementFlags::eD3D12Supported|FeatureRequirementFlags::eD3D11Supported
[2026.08.30-08.25.22:835][  0]LogStreamlineRHI: maxNumCPUThreads : 0
[2026.08.30-08.25.22:835][  0]LogStreamlineRHI: maxNumViewports  : 0
[2026.08.30-08.25.22:835][  0]LogStreamlineRHI: osVersion     detected: 10.0.26200, required: 10.0.0
[2026.08.30-08.25.22:835][  0]LogStreamlineRHI: driverVersion detected: 610.88.0, required: 512.15.0
[2026.08.30-08.25.22:835][  0]LogStreamlineRHI: requiredTags (0): {}
[2026.08.30-08.25.22:835][  0]LogStreaming: Warning: Failed to read file '../../../Engine/Plugins/Runtime/SunPosition/Resources/SunPosition.png' error.
[2026.08.30-08.25.22:835][  0]LogSlate: Could not find file for Slate resource: ../../../Engine/Plugins/Runtime/SunPosition/Resources/SunPosition.png
[2026.08.30-08.25.22:839][  0]LogCore1047SettingsRegistry: Error: Could not create setting instance: Definition for tag [Settings.Video] has a null ValueType
[2026.08.30-08.25.22:839][  0]LogCore1047SettingsRegistry: Error: Could not create setting instance: Definition for tag [Settings.Video.General] has a null ValueType
[2026.08.30-08.25.22:839][  0]LogCore1047SettingsRegistry: Error: Could not create setting instance: Definition for tag [Settings.Video.Advanced] has a null ValueType
[2026.08.30-08.25.22:839][  0]LogCore1047SettingsRegistry: Error: Could not create setting instance: Definition for tag [Settings.Video.SuperRes] has a null ValueType
[2026.08.30-08.25.22:839][  0]LogCore1047SettingsRegistry: Error: Could not create setting instance: Definition for tag [Settings.Video.FrameGen] has a null ValueType
[2026.08.30-08.25.22:839][  0]LogCore1047SettingsRegistry: Error: Could not create setting instance: Definition for tag [Settings.Video.LowLatency] has a null ValueType
[2026.08.30-08.25.22:839][  0]LogStreamlineRHI: SLisFeatureSupported(kFeatureReflex) -> (0, Result::eOk)
[2026.08.30-08.25.22:839][  0]LogStreamlineRHI: SLgetFeatureVersion(kFeatureReflex)  versionSL = 2.7.30, versionNGX = 0.0.0 -> (0, Result::eOk)
[2026.08.30-08.25.22:839][  0]LogStreamlineRHI: SLgetFeatureRequirements(kFeatureReflex) -> (0, Result::eOk)
[2026.08.30-08.25.22:839][  0]LogStreamlineRHI: FeatureRequirements kFeatureReflex: flags FeatureRequirementFlags::eVulkanSupported|FeatureRequirementFlags::eD3D12Supported|FeatureRequirementFlags::eD3D11Supported
[2026.08.30-08.25.22:839][  0]LogStreamlineRHI: maxNumCPUThreads : 0
[2026.08.30-08.25.22:839][  0]LogStreamlineRHI: maxNumViewports  : 0
[2026.08.30-08.25.22:839][  0]LogStreamlineRHI: osVersion     detected: 10.0.26200, required: 10.0.0
[2026.08.30-08.25.22:839][  0]LogStreamlineRHI: driverVersion detected: 610.88.0, required: 512.15.0
[2026.08.30-08.25.22:839][  0]LogStreamlineRHI: requiredTags (0): {}
[2026.08.30-08.25.22:839][  0]LogIris: FPolymorphicNetSerializerScriptStructCache::InitForType Updated CachedTypedIds for base PortalWarsHangmanPurchaseKeyData, NumCachedTypeIDs: 4
[2026.08.30-08.25.22:840][  0]LogIris: FPolymorphicNetSerializerScriptStructCache::InitForType Updated CachedTypedIds for base CF1047EditTransaction, NumCachedTypeIDs: 1
[2026.08.30-08.25.22:840][  0]LogIris: FPolymorphicNetSerializerScriptStructCache::InitForType Updated CachedTypedIds for base CF1047EditActionBase, NumCachedTypeIDs: 17
[2026.08.30-08.25.22:840][  0]LogIris: FPolymorphicNetSerializerScriptStructCache::InitForType Updated CachedTypedIds for base GF1047GameplayMessage, NumCachedTypeIDs: 11
[2026.08.30-08.25.22:840][  0]LogIris: FPolymorphicNetSerializerScriptStructCache::InitForType Updated CachedTypedIds for base GameplayEffectContext, NumCachedTypeIDs: 2
[2026.08.30-08.25.22:840][  0]LogIris: FPolymorphicNetSerializerScriptStructCache::InitForType Updated CachedTypedIds for base GameplayAbilityTargetData, NumCachedTypeIDs: 16
[2026.08.30-08.25.22:840][  0]LogIris: FPolymorphicNetSerializerScriptStructCache::InitForType Updated CachedTypedIds for base Core1047ReplicatedCommand, NumCachedTypeIDs: 4
[2026.08.30-08.25.22:840][  0]LogIris: FPolymorphicNetSerializerScriptStructCache::InitForType Updated CachedTypedIds for base RootMotionSource, NumCachedTypeIDs: 8
[2026.08.30-08.25.22:840][  0]LogInit: Display: Starting Game.
[2026.08.30-08.25.22:840][  0]LogGlobalStatus: UEngine::Browse Started Browse: "/Game/Maps/MainMenu/MainMenu?Name=Player"
[2026.08.30-08.25.22:840][  0]LogNet: Browse: /Game/Maps/MainMenu/MainMenu?Name=Player
[2026.08.30-08.25.22:840][  0]LogLoadingScreen: Showing loading screen when 'IsShowingInitialLoadingScreen()' is false.
[2026.08.30-08.25.22:840][  0]LogLoadingScreen: GameState hasn't yet replicated (it's null)
[2026.08.30-08.25.22:848][  0]LogRHI: ShaderPipelineCache: Batch mode changed (1): Size: 49 -> 50, Time: 16.000000 -> 16.000000
[2026.08.30-08.25.22:848][  0]LogCore: Display: Setting hang detector multiplier to 1.0000s. New hang duration: 0.0000s. New present duration: 0.0000s.
[2026.08.30-08.25.22:852][  0]LogSlate: InvalidateAllWidgets triggered.  All widgets were invalidated
[2026.08.30-08.25.22:860][  0]LogSlate: Slate font cache was flushed
[2026.08.30-08.25.22:860][  0]LogLoadingScreen: Loading screen showing: 1. Reason: GameState hasn't yet replicated (it's null)
[2026.08.30-08.25.22:861][  0]LogLoad: LoadMap: /Game/Maps/MainMenu/MainMenu?Name=Player
[2026.08.30-08.25.22:861][  0]LogWorld: BeginTearingDown for /Temp/Untitled_0
[2026.08.30-08.25.22:861][  0]LogWorld: UWorld::CleanupWorld for Untitled, bSessionEnded=true, bCleanupResources=true
[2026.08.30-08.25.22:861][  0]LogSlate: InvalidateAllWidgets triggered.  All widgets were invalidated
[2026.08.30-08.25.22:861][  0]LogActorPool: Clearing all actor pools
[2026.08.30-08.25.22:861][  0]LogAT1047InputRecorderSubsystem: Display: [UAT1047InputRecorderSubsystem::StopPlayback] All playback sessions stopped.
[2026.08.30-08.25.22:861][  0]LogGameplayMessageSubsystem: Warning: Trying to unregister an invalid Handle.
[2026.08.30-08.25.22:861][  0]LogGameplayMessageSubsystem: Warning: Trying to unregister an invalid Handle.
[2026.08.30-08.25.23:102][  0]LogUObjectHash: Compacting FUObjectHashTables data took   1.40ms
[2026.08.30-08.25.23:124][  0]LogMaterial: Error: Loading a material resource None with an invalid ShaderMap!
[2026.08.30-08.25.23:124][  0]LogMaterial: Error: Loading a material resource None with an invalid ShaderMap!
[2026.08.30-08.25.23:468][  0]LogCC1047Objects: Loaded 886 actor descriptors
[2026.08.30-08.25.23:468][  0]LogAT1047InputRecorderSubsystem: Display: [UAT1047InputRecorderSubsystem::ResetSettingsToDefaults] Settings reset to defaults from InputRecorderSettings
[2026.08.30-08.25.23:472][  0]LogSlate: Toggling fast path.  New State: 0
[2026.08.30-08.25.23:477][  0]LogWorldPartition: ULevel::OnLevelLoaded(MainMenu)(bIsOwningWorldGameWorld=1, bIsOwningWorldPartitioned=1, InitializeForMainWorld=1, InitializeForEditor=0, InitializeForGame=1)
[2026.08.30-08.25.23:477][  0]LogWorldPartition: Display: WorldPartition initialize started...
[2026.08.30-08.25.23:477][  0]LogWorldPartition: UWorldPartition::Initialize : World = /Game/Maps/MainMenu/MainMenu.MainMenu, World Type = Game, IsMainWorldPartition = 1, Location = V(0), Rotation = R(0), IsEditor = 0, IsGame = 1, IsPIEWorldTravel = 0, IsCooking = 0
[2026.08.30-08.25.23:477][  0]LogWorldPartition: UWorldPartition::Initialize Context : World NetMode = Standalone, IsServer = 0, IsDedicatedServer = 0, IsServerStreamingEnabled = 0, IsServerStreamingOutEnabled = 0, IsUsingMakingVisibleTransaction = 0, IsUsingMakingInvisibleTransaction = 0
[2026.08.30-08.25.23:477][  0]LogWorldPartition: Display: WorldPartition initialize took 153 us
[2026.08.30-08.25.23:477][  0]LogLoad: Game class is 'MainMenuGameMode_BP_C'
[2026.08.30-08.25.23:482][  0]LogWorld: Bringing World /Game/Maps/MainMenu/MainMenu.MainMenu up for play (max tick rate 162) at 2026.08.30-01.25.23
[2026.08.30-08.25.23:482][  0]LogWorld: Bringing up level for play took: 0.005024
[2026.08.30-08.25.23:483][  0]LogGameMode: FindPlayerStart: PATHS NOT DEFINED or NO PLAYERSTART with positive rating
[2026.08.30-08.25.23:483][  0]LogEnhancedInput: Warning: A key profile with the name 'InputUserSettings.Profiles.Player' already exists! Use a different name.
[2026.08.30-08.25.23:483][  0]LogEnhancedInput: Warning: A key profile with the name 'InputUserSettings.Profiles.Default' already exists! Use a different name.
[2026.08.30-08.25.23:483][  0]Core1047InputUserSettings: KeyRebinding_ReregisterPlayerProfile >> Ran!
[2026.08.30-08.25.23:483][  0]LogCore1047InputSubsystem: Apply input mode: ECore1047InputMethod::MouseAndKeyboard
[2026.08.30-08.25.23:483][  0]LogCC1047CustomMapSupport: Pre world begin play.
[2026.08.30-08.25.23:486][  0]LogStreamableManager: Display: RequestAsyncLoad() called with empty or only null assets!
[2026.08.30-08.25.23:486][  0]LogStreamableManager: Display: RequestAsyncLoad() called with empty or only null assets!
[2026.08.30-08.25.23:487][  0]LogScript: Warning: Script Msg: Attempted to access index 0 from array 'Textures' of length 0 in '/Game/UI/MainMenu/Locker/PlayerCard/WBP_PlayerCard.WBP_PlayerCard_C:UpdateBadges'!
[2026.08.30-08.25.23:487][  0]LogScript: Warning: Script Msg: Attempted to access index 1 from array 'Textures' of length 0 in '/Game/UI/MainMenu/Locker/PlayerCard/WBP_PlayerCard.WBP_PlayerCard_C:UpdateBadges'!
[2026.08.30-08.25.23:487][  0]LogScript: Warning: Script Msg: Attempted to access index 2 from array 'Textures' of length 0 in '/Game/UI/MainMenu/Locker/PlayerCard/WBP_PlayerCard.WBP_PlayerCard_C:UpdateBadges'!
[2026.08.30-08.25.23:487][  0]LogStreamableManager: Display: RequestAsyncLoad() called with empty or only null assets!
[2026.08.30-08.25.23:487][  0]LogStreamableManager: Display: RequestAsyncLoad() called with empty or only null assets!
[2026.08.30-08.25.23:487][  0]LogScript: Warning: Script Msg: Attempted to access index 0 from array 'Textures' of length 0 in '/Game/UI/MainMenu/Locker/PlayerCard/WBP_PlayerCard.WBP_PlayerCard_C:UpdateBadges'!
[2026.08.30-08.25.23:487][  0]LogScript: Warning: Script Msg: Attempted to access index 1 from array 'Textures' of length 0 in '/Game/UI/MainMenu/Locker/PlayerCard/WBP_PlayerCard.WBP_PlayerCard_C:UpdateBadges'!
[2026.08.30-08.25.23:487][  0]LogScript: Warning: Script Msg: Attempted to access index 2 from array 'Textures' of length 0 in '/Game/UI/MainMenu/Locker/PlayerCard/WBP_PlayerCard.WBP_PlayerCard_C:UpdateBadges'!
[2026.08.30-08.25.23:487][  0]LogStreamableManager: Display: RequestAsyncLoad() called with empty or only null assets!
[2026.08.30-08.25.23:487][  0]LogStreamableManager: Display: RequestAsyncLoad() called with empty or only null assets!
[2026.08.30-08.25.23:488][  0]LogStreamableManager: Display: RequestAsyncLoad() called with empty or only null assets!
[2026.08.30-08.25.23:488][  0]LogStreamableManager: Display: RequestAsyncLoad() called with empty or only null assets!
[2026.08.30-08.25.23:488][  0]LogScript: Warning: Script Msg: Attempted to access index 0 from array 'Textures' of length 0 in '/Game/UI/MainMenu/Locker/PlayerCard/WBP_PlayerCard.WBP_PlayerCard_C:UpdateBadges'!
[2026.08.30-08.25.23:488][  0]LogScript: Warning: Script Msg: Attempted to access index 1 from array 'Textures' of length 0 in '/Game/UI/MainMenu/Locker/PlayerCard/WBP_PlayerCard.WBP_PlayerCard_C:UpdateBadges'!
[2026.08.30-08.25.23:488][  0]LogScript: Warning: Script Msg: Attempted to access index 2 from array 'Textures' of length 0 in '/Game/UI/MainMenu/Locker/PlayerCard/WBP_PlayerCard.WBP_PlayerCard_C:UpdateBadges'!
[2026.08.30-08.25.23:488][  0]LogStreamableManager: Display: RequestAsyncLoad() called with empty or only null assets!
[2026.08.30-08.25.23:488][  0]LogStreamableManager: Display: RequestAsyncLoad() called with empty or only null assets!
[2026.08.30-08.25.23:488][  0]LogScript: Warning: Script Msg: Attempted to access index 0 from array 'Textures' of length 0 in '/Game/UI/MainMenu/Locker/PlayerCard/WBP_PlayerCard.WBP_PlayerCard_C:UpdateBadges'!
[2026.08.30-08.25.23:488][  0]LogScript: Warning: Script Msg: Attempted to access index 1 from array 'Textures' of length 0 in '/Game/UI/MainMenu/Locker/PlayerCard/WBP_PlayerCard.WBP_PlayerCard_C:UpdateBadges'!
[2026.08.30-08.25.23:488][  0]LogScript: Warning: Script Msg: Attempted to access index 2 from array 'Textures' of length 0 in '/Game/UI/MainMenu/Locker/PlayerCard/WBP_PlayerCard.WBP_PlayerCard_C:UpdateBadges'!
[2026.08.30-08.25.23:488][  0]LogStreamableManager: Display: RequestAsyncLoad() called with empty or only null assets!
[2026.08.30-08.25.23:488][  0]LogStreamableManager: Display: RequestAsyncLoad() called with empty or only null assets!
[2026.08.30-08.25.23:536][  0]LogUI1047: Frame Rate Limit Set to Main Menu FPS Limit of: 60
[2026.08.30-08.25.23:536][  0]LogViewport: Display: Viewport MouseLockMode Changed, LockOnCapture -> LockInFullscreen
[2026.08.30-08.25.23:536][  0]LogViewport: Display: Viewport HideCursorDuringCapture Changed, False -> True
[2026.08.30-08.25.23:536][  0]LogViewport: Display: Viewport MouseCaptureMode Changed, CapturePermanently_IncludingInitialMouseDown -> CaptureDuringRightMouseDown
[2026.08.30-08.25.23:539][  0]LogViewport: Display: Viewport MouseCaptureMode Changed, CaptureDuringRightMouseDown -> NoCapture
[2026.08.30-08.25.23:539][  0]LogStreamableManager: Display: RequestAsyncLoad() called with empty or only null assets!
[2026.08.30-08.25.23:542][  0]LogStreamableManager: Display: RequestAsyncLoad() called with empty or only null assets!
[2026.08.30-08.25.23:542][  0]LogPortalWarsUI: Deferring transition stinger outros until loading screen is complete
[2026.08.30-08.25.23:542][  0]LogCC1047CustomMapSupport: Post world begin play.
[2026.08.30-08.25.23:542][  0]LogCC1047CustomMapSupport: Custom map late init not required.
[2026.08.30-08.25.23:542][  0]LogLoad: Took 0.681115 seconds to LoadMap(/Game/Maps/MainMenu/MainMenu)
[2026.08.30-08.25.23:542][  0]LogGlobalStatus: UEngine::LoadMap Load map complete /Game/Maps/MainMenu/MainMenu
[2026.08.30-08.25.23:774][  0]LogRHI: Display: ShaderPipelineCache: Paused Batching. 1
[2026.08.30-08.25.23:774][  0]LogRHI: Display: ShaderPipelineCache: Resumed Batching. 0
[2026.08.30-08.25.23:774][  0]LogRHI: Display: ShaderPipelineCache: Batching Resumed.
[2026.08.30-08.25.23:777][  0]LogInit: Display: Engine is initialized. Leaving FEngineLoop::Init()
[2026.08.30-08.25.23:777][  0]LogLoad: (Engine Initialization) Total time: 20.68 seconds
[2026.08.30-08.25.23:788][  0]LogSlate: InvalidateAllWidgets triggered.  All widgets were invalidated
[2026.08.30-08.25.23:788][  0]LogPortalWarsUI: Asset VM refresh triggered, old maps = 37, old modes = 232
[2026.08.30-08.25.23:792][  0]LogPortalWarsUI: Asset VM refresh complete, new maps = 37, new modes = 232
[2026.08.30-08.25.23:794][  0]Log1047RenderFramework: Display: Changing VT pool secondary scale to 2.000000 based on resolution 3440x1440 at scale 100.000000% (reference: 1920x1080)
[2026.08.30-08.25.23:794][  0]LogGameFeatures: Error: Game Feature preloading was cancelled for URL SOC_S1.uplugin
[2026.08.30-08.25.23:794][  0]LogGameFeatures: Error: Game Feature preloading was cancelled for URL POW_SpeedBoost.uplugin
[2026.08.30-08.25.23:794][  0]LogGameFeatures: Error: Game Feature preloading was cancelled for URL POW_Overshield.uplugin
[2026.08.30-08.25.23:794][  0]LogGameFeatures: Error: Game Feature preloading was cancelled for URL FCT_Generic.uplugin
[2026.08.30-08.25.23:794][  0]LogGameFeatures: Error: Game Feature preloading was cancelled for URL FCT_Aeros.uplugin
[2026.08.30-08.25.23:794][  0]LogGameFeatures: Error: Game Feature preloading was cancelled for URL EDT_Splitgate.uplugin
[2026.08.30-08.25.23:794][  0]LogGameFeatures: Error: Game Feature preloading was cancelled for URL POW_WallHack.uplugin
[2026.08.30-08.25.23:794][  0]LogGameFeatures: Error: Game Feature preloading was cancelled for URL FCT_Meridian.uplugin
[2026.08.30-08.25.23:794][  0]LogGameFeatures: Error: Game Feature preloading was cancelled for URL FCT_Sabrask.uplugin
[2026.08.30-08.25.23:794][  0]LogGameFeatures: Error: Game Feature preloading was cancelled for URL MOD_Tutorial.uplugin
[2026.08.30-08.25.23:794][  0]LogGameFeatures: Error: Game Feature preloading was cancelled for URL MOD_TeabagConfirmed.uplugin
[2026.08.30-08.25.23:794][  0]LogGameFeatures: Error: Game Feature preloading was cancelled for URL MOD_Splitball.uplugin
[2026.08.30-08.25.23:794][  0]LogGameFeatures: Error: Game Feature preloading was cancelled for URL MOD_Race.uplugin
[2026.08.30-08.25.23:794][  0]LogGameFeatures: Error: Game Feature preloading was cancelled for URL MOD_GunGame.uplugin
[2026.08.30-08.25.23:794][  0]LogGameFeatures: Error: Game Feature preloading was cancelled for URL MOD_Graffiti.uplugin
[2026.08.30-08.25.23:794][  0]LogGameFeatures: Error: Game Feature preloading was cancelled for URL MOD_Firecracker.uplugin
[2026.08.30-08.25.23:794][  0]LogGameFeatures: Error: Game Feature preloading was cancelled for URL MOD_Deathmatch.uplugin
[2026.08.30-08.25.23:794][  0]LogGameFeatures: Error: Game Feature preloading was cancelled for URL MOD_Creative.uplugin
[2026.08.30-08.25.23:794][  0]LogGameFeatures: Error: Game Feature preloading was cancelled for URL MOD_CapturePoints.uplugin
[2026.08.30-08.25.23:794][  0]LogGameFeatures: Error: Game Feature preloading was cancelled for URL MOD_Hangman.uplugin
[2026.08.30-08.25.23:795][  0]LogPortalWarsUI: Deferring transition stinger outros until loading screen is complete
[2026.08.30-08.25.23:798][  0]LogContentStreaming: Texture pool size now 1200 MB
[2026.08.30-08.25.23:802][  0]LogSlate: InvalidateAllWidgets triggered.  All widgets were invalidated
[2026.08.30-08.25.23:802][  0]LogEOSSDK: LogEOSOverlay: Probing swap chain to determine device version
[2026.08.30-08.25.23:803][  0]LogEOSSDK: LogEOSOverlay: Probe complete, determined: D3D12
[2026.08.30-08.25.23:803][  0]LogEOSSDK: LogEOSOverlay: Window subclass attached to 00000000000D0A98
[2026.08.30-08.25.23:803][  0]LogEOSSDK: LogEOSOverlay: Creating overlay widget manager
[2026.08.30-08.25.23:803][  0]LogEOSSDK: LogEOSOverlay: Overlay ready. Firing 3 OnReady handlers
[2026.08.30-08.25.23:803][  0]LogEOSSDK: Error: LogEOSOverlay: Failed to duplicate handle for host process: disabling shared texture updates! error=5
[2026.08.30-08.25.23:803][  0]LogSlate: InvalidateAllWidgets triggered.  All widgets were invalidated
[2026.08.30-08.25.23:803][  0]LogSlate: InvalidateAllWidgets triggered.  All widgets were invalidated
[2026.08.30-08.25.23:803][  0]LogSlate: InvalidateAllWidgets triggered.  All widgets were invalidated
[2026.08.30-08.25.23:803][  0]LogSlate: InvalidateAllWidgets triggered.  All widgets were invalidated
[2026.08.30-08.25.23:803][  0]LogSlate: InvalidateAllWidgets triggered.  All widgets were invalidated
[2026.08.30-08.25.23:803][  0]LogSlate: InvalidateAllWidgets triggered.  All widgets were invalidated
[2026.08.30-08.25.23:803][  0]LogSlate: InvalidateAllWidgets triggered.  All widgets were invalidated
[2026.08.30-08.25.23:803][  0]LogSlate: InvalidateAllWidgets triggered.  All widgets were invalidated
[2026.08.30-08.25.23:803][  0]LogSlate: InvalidateAllWidgets triggered.  All widgets were invalidated
[2026.08.30-08.25.23:803][  0]LogSlate: InvalidateAllWidgets triggered.  All widgets were invalidated
[2026.08.30-08.25.23:803][  0]LogSlate: InvalidateAllWidgets triggered.  All widgets were invalidated
[2026.08.30-08.25.23:803][  0]LogSlate: InvalidateAllWidgets triggered.  All widgets were invalidated
[2026.08.30-08.25.23:803][  0]LogSlate: InvalidateAllWidgets triggered.  All widgets were invalidated
[2026.08.30-08.25.23:803][  0]LogSlate: InvalidateAllWidgets triggered.  All widgets were invalidated
[2026.08.30-08.25.23:803][  0]LogSlate: InvalidateAllWidgets triggered.  All widgets were invalidated
[2026.08.30-08.25.23:803][  0]LogSlate: InvalidateAllWidgets triggered.  All widgets were invalidated
[2026.08.30-08.25.23:803][  0]LogSlate: InvalidateAllWidgets triggered.  All widgets were invalidated
[2026.08.30-08.25.23:803][  0]LogSlate: InvalidateAllWidgets triggered.  All widgets were invalidated
[2026.08.30-08.25.23:803][  0]LogSlate: InvalidateAllWidgets triggered.  All widgets were invalidated
[2026.08.30-08.25.23:803][  0]LogSlate: InvalidateAllWidgets triggered.  All widgets were invalidated
[2026.08.30-08.25.23:803][  0]LogSlate: InvalidateAllWidgets triggered.  All widgets were invalidated
[2026.08.30-08.25.23:803][  0]LogSlate: InvalidateAllWidgets triggered.  All widgets were invalidated
[2026.08.30-08.25.23:803][  0]LogSlate: InvalidateAllWidgets triggered.  All widgets were invalidated
[2026.08.30-08.25.23:803][  0]LogSlate: InvalidateAllWidgets triggered.  All widgets were invalidated
[2026.08.30-08.25.23:803][  0]LogSlate: InvalidateAllWidgets triggered.  All widgets were invalidated
[2026.08.30-08.25.23:803][  0]LogSlate: InvalidateAllWidgets triggered.  All widgets were invalidated
[2026.08.30-08.25.23:803][  0]LogSlate: InvalidateAllWidgets triggered.  All widgets were invalidated
[2026.08.30-08.25.23:803][  0]LogSlate: InvalidateAllWidgets triggered.  All widgets were invalidated
[2026.08.30-08.25.23:803][  0]LogSlate: InvalidateAllWidgets triggered.  All widgets were invalidated
[2026.08.30-08.25.23:803][  0]LogSlate: InvalidateAllWidgets triggered.  All widgets were invalidated
[2026.08.30-08.25.23:803][  0]LogSlate: InvalidateAllWidgets triggered.  All widgets were invalidated
[2026.08.30-08.25.23:803][  0]LogSlate: InvalidateAllWidgets triggered.  All widgets were invalidated
[2026.08.30-08.25.23:803][  0]LogSlate: InvalidateAllWidgets triggered.  All widgets were invalidated
[2026.08.30-08.25.23:803][  0]LogSlate: InvalidateAllWidgets triggered.  All widgets were invalidated
[2026.08.30-08.25.23:803][  0]LogSlate: InvalidateAllWidgets triggered.  All widgets were invalidated
[2026.08.30-08.25.23:803][  0]LogSlate: InvalidateAllWidgets triggered.  All widgets were invalidated
[2026.08.30-08.25.23:803][  0]LogSlate: InvalidateAllWidgets triggered.  All widgets were invalidated
[2026.08.30-08.25.23:803][  0]LogSlate: InvalidateAllWidgets triggered.  All widgets were invalidated
[2026.08.30-08.25.23:803][  0]LogSlate: InvalidateAllWidgets triggered.  All widgets were invalidated
[2026.08.30-08.25.23:803][  0]LogSlate: InvalidateAllWidgets triggered.  All widgets were invalidated
[2026.08.30-08.25.23:803][  0]LogSlate: InvalidateAllWidgets triggered.  All widgets were invalidated
[2026.08.30-08.25.23:803][  0]LogSlate: InvalidateAllWidgets triggered.  All widgets were invalidated
[2026.08.30-08.25.23:803][  0]LogSlate: InvalidateAllWidgets triggered.  All widgets were invalidated
[2026.08.30-08.25.23:803][  0]LogSlate: InvalidateAllWidgets triggered.  All widgets were invalidated
[2026.08.30-08.25.23:803][  0]LogSlate: InvalidateAllWidgets triggered.  All widgets were invalidated
[2026.08.30-08.25.23:803][  0]LogSlate: InvalidateAllWidgets triggered.  All widgets were invalidated
[2026.08.30-08.25.23:803][  0]LogSlate: InvalidateAllWidgets triggered.  All widgets were invalidated
[2026.08.30-08.25.23:803][  0]LogSlate: InvalidateAllWidgets triggered.  All widgets were invalidated
[2026.08.30-08.25.23:803][  0]LogSlate: InvalidateAllWidgets triggered.  All widgets were invalidated
[2026.08.30-08.25.23:803][  0]LogSlate: InvalidateAllWidgets triggered.  All widgets were invalidated
[2026.08.30-08.25.23:803][  0]LogSlate: InvalidateAllWidgets triggered.  All widgets were invalidated
[2026.08.30-08.25.23:803][  0]LogSlate: InvalidateAllWidgets triggered.  All widgets were invalidated
[2026.08.30-08.25.23:803][  0]LogSlate: InvalidateAllWidgets triggered.  All widgets were invalidated
[2026.08.30-08.25.23:803][  0]LogSlate: InvalidateAllWidgets triggered.  All widgets were invalidated
[2026.08.30-08.25.23:803][  0]LogSlate: InvalidateAllWidgets triggered.  All widgets were invalidated
[2026.08.30-08.25.23:803][  0]LogSlate: InvalidateAllWidgets triggered.  All widgets were invalidated
[2026.08.30-08.25.23:803][  0]LogSlate: InvalidateAllWidgets triggered.  All widgets were invalidated
[2026.08.30-08.25.23:803][  0]LogSlate: InvalidateAllWidgets triggered.  All widgets were invalidated
[2026.08.30-08.25.23:803][  0]LogSlate: InvalidateAllWidgets triggered.  All widgets were invalidated
[2026.08.30-08.25.23:803][  0]LogSlate: InvalidateAllWidgets triggered.  All widgets were invalidated
[2026.08.30-08.25.23:803][  0]LogSlate: InvalidateAllWidgets triggered.  All widgets were invalidated
[2026.08.30-08.25.23:803][  0]LogSlate: InvalidateAllWidgets triggered.  All widgets were invalidated
[2026.08.30-08.25.23:803][  0]LogSlate: InvalidateAllWidgets triggered.  All widgets were invalidated
[2026.08.30-08.25.23:803][  0]LogSlate: InvalidateAllWidgets triggered.  All widgets were invalidated
[2026.08.30-08.25.23:803][  0]LogSlate: InvalidateAllWidgets triggered.  All widgets were invalidated
[2026.08.30-08.25.23:803][  0]LogSlate: InvalidateAllWidgets triggered.  All widgets were invalidated
[2026.08.30-08.25.23:803][  0]LogSlate: InvalidateAllWidgets triggered.  All widgets were invalidated
[2026.08.30-08.25.23:803][  0]LogSlate: InvalidateAllWidgets triggered.  All widgets were invalidated
[2026.08.30-08.25.23:803][  0]LogSlate: InvalidateAllWidgets triggered.  All widgets were invalidated
[2026.08.30-08.25.23:803][  0]LogSlate: InvalidateAllWidgets triggered.  All widgets were invalidated
[2026.08.30-08.25.23:803][  0]LogSlate: InvalidateAllWidgets triggered.  All widgets were invalidated
[2026.08.30-08.25.23:803][  0]LogSlate: InvalidateAllWidgets triggered.  All widgets were invalidated
[2026.08.30-08.25.23:803][  0]LogSlate: InvalidateAllWidgets triggered.  All widgets were invalidated
[2026.08.30-08.25.23:803][  0]LogSlate: InvalidateAllWidgets triggered.  All widgets were invalidated
[2026.08.30-08.25.23:803][  0]LogSlate: InvalidateAllWidgets triggered.  All widgets were invalidated
[2026.08.30-08.25.23:803][  0]LogSlate: InvalidateAllWidgets triggered.  All widgets were invalidated
[2026.08.30-08.25.23:803][  0]LogSlate: InvalidateAllWidgets triggered.  All widgets were invalidated
[2026.08.30-08.25.23:803][  0]LogSlate: InvalidateAllWidgets triggered.  All widgets were invalidated
[2026.08.30-08.25.23:803][  0]LogSlate: InvalidateAllWidgets triggered.  All widgets were invalidated
[2026.08.30-08.25.23:803][  0]LogSlate: InvalidateAllWidgets triggered.  All widgets were invalidated
[2026.08.30-08.25.23:803][  0]LogSlate: InvalidateAllWidgets triggered.  All widgets were invalidated
[2026.08.30-08.25.23:803][  0]LogSlate: InvalidateAllWidgets triggered.  All widgets were invalidated
[2026.08.30-08.25.23:803][  0]LogSlate: InvalidateAllWidgets triggered.  All widgets were invalidated
[2026.08.30-08.25.23:803][  0]LogSlate: InvalidateAllWidgets triggered.  All widgets were invalidated
[2026.08.30-08.25.23:803][  0]LogSlate: InvalidateAllWidgets triggered.  All widgets were invalidated
[2026.08.30-08.25.23:803][  0]LogSlate: InvalidateAllWidgets triggered.  All widgets were invalidated
[2026.08.30-08.25.23:803][  0]LogSlate: InvalidateAllWidgets triggered.  All widgets were invalidated
[2026.08.30-08.25.23:803][  0]LogSlate: InvalidateAllWidgets triggered.  All widgets were invalidated
[2026.08.30-08.25.23:803][  0]LogSlate: InvalidateAllWidgets triggered.  All widgets were invalidated
[2026.08.30-08.25.23:803][  0]LogSlate: InvalidateAllWidgets triggered.  All widgets were invalidated
[2026.08.30-08.25.23:803][  0]LogSlate: InvalidateAllWidgets triggered.  All widgets were invalidated
[2026.08.30-08.25.23:803][  0]LogSlate: InvalidateAllWidgets triggered.  All widgets were invalidated
[2026.08.30-08.25.23:803][  0]LogSlate: InvalidateAllWidgets triggered.  All widgets were invalidated
[2026.08.30-08.25.23:803][  0]LogSlate: InvalidateAllWidgets triggered.  All widgets were invalidated
[2026.08.30-08.25.23:803][  0]LogSlate: InvalidateAllWidgets triggered.  All widgets were invalidated
[2026.08.30-08.25.23:803][  0]LogSlate: InvalidateAllWidgets triggered.  All widgets were invalidated
[2026.08.30-08.25.23:803][  0]LogSlate: InvalidateAllWidgets triggered.  All widgets were invalidated
[2026.08.30-08.25.23:803][  0]LogSlate: InvalidateAllWidgets triggered.  All widgets were invalidated
[2026.08.30-08.25.23:803][  0]LogSlate: InvalidateAllWidgets triggered.  All widgets were invalidated
[2026.08.30-08.25.23:803][  0]LogSlate: InvalidateAllWidgets triggered.  All widgets were invalidated
[2026.08.30-08.25.23:803][  0]LogSlate: InvalidateAllWidgets triggered.  All widgets were invalidated
[2026.08.30-08.25.23:803][  0]LogSlate: InvalidateAllWidgets triggered.  All widgets were invalidated
[2026.08.30-08.25.23:803][  0]LogSlate: InvalidateAllWidgets triggered.  All widgets were invalidated
[2026.08.30-08.25.23:803][  0]LogSlate: InvalidateAllWidgets triggered.  All widgets were invalidated
[2026.08.30-08.25.23:803][  0]LogSlate: InvalidateAllWidgets triggered.  All widgets were invalidated
[2026.08.30-08.25.23:803][  0]LogSlate: InvalidateAllWidgets triggered.  All widgets were invalidated
[2026.08.30-08.25.23:803][  0]LogSlate: InvalidateAllWidgets triggered.  All widgets were invalidated
[2026.08.30-08.25.23:803][  0]LogSlate: InvalidateAllWidgets triggered.  All widgets were invalidated
[2026.08.30-08.25.23:803][  0]LogSlate: InvalidateAllWidgets triggered.  All widgets were invalidated
[2026.08.30-08.25.23:803][  0]LogSlate: InvalidateAllWidgets triggered.  All widgets were invalidated
[2026.08.30-08.25.23:803][  0]LogSlate: InvalidateAllWidgets triggered.  All widgets were invalidated
[2026.08.30-08.25.23:803][  0]LogSlate: InvalidateAllWidgets triggered.  All widgets were invalidated
[2026.08.30-08.25.23:803][  0]LogSlate: InvalidateAllWidgets triggered.  All widgets were invalidated
[2026.08.30-08.25.23:803][  0]LogSlate: InvalidateAllWidgets triggered.  All widgets were invalidated
[2026.08.30-08.25.23:803][  0]LogSlate: InvalidateAllWidgets triggered.  All widgets were invalidated
[2026.08.30-08.25.23:803][  0]LogSlate: InvalidateAllWidgets triggered.  All widgets were invalidated
[2026.08.30-08.25.23:803][  0]LogSlate: InvalidateAllWidgets triggered.  All widgets were invalidated
[2026.08.30-08.25.23:803][  0]LogSlate: InvalidateAllWidgets triggered.  All widgets were invalidated
[2026.08.30-08.25.23:803][  0]LogSlate: InvalidateAllWidgets triggered.  All widgets were invalidated
[2026.08.30-08.25.23:803][  0]LogSlate: InvalidateAllWidgets triggered.  All widgets were invalidated
[2026.08.30-08.25.23:803][  0]LogSlate: InvalidateAllWidgets triggered.  All widgets were invalidated
[2026.08.30-08.25.23:803][  0]LogSlate: InvalidateAllWidgets triggered.  All widgets were invalidated
[2026.08.30-08.25.23:803][  0]LogSlate: InvalidateAllWidgets triggered.  All widgets were invalidated
[2026.08.30-08.25.23:803][  0]LogSlate: InvalidateAllWidgets triggered.  All widgets were invalidated
[2026.08.30-08.25.23:803][  0]LogSlate: InvalidateAllWidgets triggered.  All widgets were invalidated
[2026.08.30-08.25.23:803][  0]LogSlate: InvalidateAllWidgets triggered.  All widgets were invalidated
[2026.08.30-08.25.23:803][  0]LogSlate: InvalidateAllWidgets triggered.  All widgets were invalidated
[2026.08.30-08.25.23:803][  0]LogSlate: InvalidateAllWidgets triggered.  All widgets were invalidated
[2026.08.30-08.25.23:803][  0]LogSlate: InvalidateAllWidgets triggered.  All widgets were invalidated
[2026.08.30-08.25.23:803][  0]LogSlate: InvalidateAllWidgets triggered.  All widgets were invalidated
[2026.08.30-08.25.23:803][  0]LogSlate: InvalidateAllWidgets triggered.  All widgets were invalidated
[2026.08.30-08.25.23:803][  0]LogSlate: InvalidateAllWidgets triggered.  All widgets were invalidated
[2026.08.30-08.25.23:803][  0]LogSlate: InvalidateAllWidgets triggered.  All widgets were invalidated
[2026.08.30-08.25.23:803][  0]LogSlate: InvalidateAllWidgets triggered.  All widgets were invalidated
[2026.08.30-08.25.23:803][  0]LogSlate: InvalidateAllWidgets triggered.  All widgets were invalidated
[2026.08.30-08.25.23:803][  0]LogSlate: InvalidateAllWidgets triggered.  All widgets were invalidated
[2026.08.30-08.25.23:803][  0]LogSlate: InvalidateAllWidgets triggered.  All widgets were invalidated
[2026.08.30-08.25.23:803][  0]LogSlate: InvalidateAllWidgets triggered.  All widgets were invalidated
[2026.08.30-08.25.23:803][  0]LogSlate: InvalidateAllWidgets triggered.  All widgets were invalidated
[2026.08.30-08.25.23:803][  0]LogSlate: InvalidateAllWidgets triggered.  All widgets were invalidated
[2026.08.30-08.25.23:803][  0]LogSlate: InvalidateAllWidgets triggered.  All widgets were invalidated
[2026.08.30-08.25.23:803][  0]LogSlate: InvalidateAllWidgets triggered.  All widgets were invalidated
[2026.08.30-08.25.23:803][  0]LogSlate: InvalidateAllWidgets triggered.  All widgets were invalidated
[2026.08.30-08.25.23:803][  0]LogSlate: InvalidateAllWidgets triggered.  All widgets were invalidated
[2026.08.30-08.25.23:803][  0]LogSlate: InvalidateAllWidgets triggered.  All widgets were invalidated
[2026.08.30-08.25.23:803][  0]LogSlate: InvalidateAllWidgets triggered.  All widgets were invalidated
[2026.08.30-08.25.23:803][  0]LogSlate: InvalidateAllWidgets triggered.  All widgets were invalidated
[2026.08.30-08.25.23:803][  0]LogSlate: InvalidateAllWidgets triggered.  All widgets were invalidated
[2026.08.30-08.25.23:803][  0]LogSlate: InvalidateAllWidgets triggered.  All widgets were invalidated
[2026.08.30-08.25.23:803][  0]LogSlate: InvalidateAllWidgets triggered.  All widgets were invalidated
[2026.08.30-08.25.23:803][  0]LogSlate: InvalidateAllWidgets triggered.  All widgets were invalidated
[2026.08.30-08.25.23:803][  0]LogSlate: InvalidateAllWidgets triggered.  All widgets were invalidated
[2026.08.30-08.25.23:803][  0]LogSlate: InvalidateAllWidgets triggered.  All widgets were invalidated
[2026.08.30-08.25.23:803][  0]LogSlate: InvalidateAllWidgets triggered.  All widgets were invalidated
[2026.08.30-08.25.23:803][  0]LogSlate: InvalidateAllWidgets triggered.  All widgets were invalidated
[2026.08.30-08.25.23:803][  0]LogSlate: InvalidateAllWidgets triggered.  All widgets were invalidated
[2026.08.30-08.25.23:803][  0]LogSlate: InvalidateAllWidgets triggered.  All widgets were invalidated
[2026.08.30-08.25.23:803][  0]LogSlate: InvalidateAllWidgets triggered.  All widgets were invalidated
[2026.08.30-08.25.23:803][  0]LogSlate: InvalidateAllWidgets triggered.  All widgets were invalidated
[2026.08.30-08.25.23:803][  0]LogSlate: InvalidateAllWidgets triggered.  All widgets were invalidated
[2026.08.30-08.25.23:803][  0]LogSlate: InvalidateAllWidgets triggered.  All widgets were invalidated
[2026.08.30-08.25.23:803][  0]LogSlate: InvalidateAllWidgets triggered.  All widgets were invalidated
[2026.08.30-08.25.23:803][  0]LogSlate: InvalidateAllWidgets triggered.  All widgets were invalidated
[2026.08.30-08.25.23:803][  0]LogSlate: InvalidateAllWidgets triggered.  All widgets were invalidated
[2026.08.30-08.25.23:803][  0]LogSlate: InvalidateAllWidgets triggered.  All widgets were invalidated
[2026.08.30-08.25.23:803][  0]LogSlate: InvalidateAllWidgets triggered.  All widgets were invalidated
[2026.08.30-08.25.23:803][  0]LogSlate: InvalidateAllWidgets triggered.  All widgets were invalidated
[2026.08.30-08.25.23:803][  0]LogSlate: InvalidateAllWidgets triggered.  All widgets were invalidated
[2026.08.30-08.25.23:803][  0]LogSlate: InvalidateAllWidgets triggered.  All widgets were invalidated
[2026.08.30-08.25.23:803][  0]LogSlate: InvalidateAllWidgets triggered.  All widgets were invalidated
[2026.08.30-08.25.23:803][  0]LogSlate: InvalidateAllWidgets triggered.  All widgets were invalidated
[2026.08.30-08.25.23:803][  0]LogSlate: InvalidateAllWidgets triggered.  All widgets were invalidated
[2026.08.30-08.25.23:803][  0]LogSlate: InvalidateAllWidgets triggered.  All widgets were invalidated
[2026.08.30-08.25.23:803][  0]LogSlate: InvalidateAllWidgets triggered.  All widgets were invalidated
[2026.08.30-08.25.23:803][  0]LogSlate: InvalidateAllWidgets triggered.  All widgets were invalidated
[2026.08.30-08.25.23:803][  0]LogSlate: InvalidateAllWidgets triggered.  All widgets were invalidated
[2026.08.30-08.25.23:803][  0]LogSlate: InvalidateAllWidgets triggered.  All widgets were invalidated
[2026.08.30-08.25.23:803][  0]LogSlate: InvalidateAllWidgets triggered.  All widgets were invalidated
[2026.08.30-08.25.23:803][  0]LogSlate: InvalidateAllWidgets triggered.  All widgets were invalidated
[2026.08.30-08.25.23:803][  0]LogSlate: InvalidateAllWidgets triggered.  All widgets were invalidated
[2026.08.30-08.25.23:803][  1]LogSlate: InvalidateAllWidgets triggered.  All widgets were invalidated
[2026.08.30-08.25.23:803][  1]LogSlate: InvalidateAllWidgets triggered.  All widgets were invalidated
[2026.08.30-08.25.23:803][  1]LogSlate: InvalidateAllWidgets triggered.  All widgets were invalidated
[2026.08.30-08.25.23:803][  1]LogSlate: InvalidateAllWidgets triggered.  All widgets were invalidated
[2026.08.30-08.25.23:803][  1]LogSlate: InvalidateAllWidgets triggered.  All widgets were invalidated
[2026.08.30-08.25.23:803][  1]LogSlate: InvalidateAllWidgets triggered.  All widgets were invalidated
[2026.08.30-08.25.23:803][  1]LogSlate: InvalidateAllWidgets triggered.  All widgets were invalidated
[2026.08.30-08.25.23:803][  1]LogSlate: InvalidateAllWidgets triggered.  All widgets were invalidated
[2026.08.30-08.25.23:803][  1]LogSlate: InvalidateAllWidgets triggered.  All widgets were invalidated
[2026.08.30-08.25.23:803][  1]LogSlate: InvalidateAllWidgets triggered.  All widgets were invalidated
[2026.08.30-08.25.23:803][  1]LogSlate: InvalidateAllWidgets triggered.  All widgets were invalidated
[2026.08.30-08.25.23:803][  1]LogSlate: InvalidateAllWidgets triggered.  All widgets were invalidated
[2026.08.30-08.25.23:803][  1]LogSlate: InvalidateAllWidgets triggered.  All widgets were invalidated
[2026.08.30-08.25.23:803][  1]LogSlate: InvalidateAllWidgets triggered.  All widgets were invalidated
[2026.08.30-08.25.23:803][  1]LogSlate: InvalidateAllWidgets triggered.  All widgets were invalidated
[2026.08.30-08.25.23:803][  1]LogSlate: InvalidateAllWidgets triggered.  All widgets were invalidated
[2026.08.30-08.25.23:803][  1]LogSlate: InvalidateAllWidgets triggered.  All widgets were invalidated
[2026.08.30-08.25.23:803][  1]LogSlate: InvalidateAllWidgets triggered.  All widgets were invalidated
[2026.08.30-08.25.23:803][  1]LogSlate: InvalidateAllWidgets triggered.  All widgets were invalidated
[2026.08.30-08.25.23:803][  1]LogSlate: InvalidateAllWidgets triggered.  All widgets were invalidated
[2026.08.30-08.25.23:803][  1]LogSlate: InvalidateAllWidgets triggered.  All widgets were invalidated
[2026.08.30-08.25.23:803][  1]LogSlate: InvalidateAllWidgets triggered.  All widgets were invalidated
[2026.08.30-08.25.23:803][  1]LogSlate: InvalidateAllWidgets triggered.  All widgets were invalidated
[2026.08.30-08.25.23:803][  1]LogSlate: InvalidateAllWidgets triggered.  All widgets were invalidated
[2026.08.30-08.25.23:803][  1]LogSlate: InvalidateAllWidgets triggered.  All widgets were invalidated
[2026.08.30-08.25.23:803][  1]LogSlate: InvalidateAllWidgets triggered.  All widgets were invalidated
[2026.08.30-08.25.23:803][  1]LogSlate: InvalidateAllWidgets triggered.  All widgets were invalidated
[2026.08.30-08.25.23:803][  1]LogSlate: InvalidateAllWidgets triggered.  All widgets were invalidated
[2026.08.30-08.25.23:803][  1]LogSlate: InvalidateAllWidgets triggered.  All widgets were invalidated
[2026.08.30-08.25.23:803][  1]LogSlate: InvalidateAllWidgets triggered.  All widgets were invalidated
[2026.08.30-08.25.23:803][  1]LogSlate: InvalidateAllWidgets triggered.  All widgets were invalidated
[2026.08.30-08.25.23:803][  1]LogSlate: InvalidateAllWidgets triggered.  All widgets were invalidated
[2026.08.30-08.25.23:803][  1]LogSlate: InvalidateAllWidgets triggered.  All widgets were invalidated
[2026.08.30-08.25.23:803][  1]LogSlate: InvalidateAllWidgets triggered.  All widgets were invalidated
[2026.08.30-08.25.23:803][  1]LogSlate: InvalidateAllWidgets triggered.  All widgets were invalidated
[2026.08.30-08.25.23:803][  1]LogSlate: InvalidateAllWidgets triggered.  All widgets were invalidated
[2026.08.30-08.25.23:803][  1]LogSlate: InvalidateAllWidgets triggered.  All widgets were invalidated
[2026.08.30-08.25.23:803][  1]LogSlate: InvalidateAllWidgets triggered.  All widgets were invalidated
[2026.08.30-08.25.23:803][  1]LogSlate: InvalidateAllWidgets triggered.  All widgets were invalidated
[2026.08.30-08.25.23:803][  1]LogSlate: InvalidateAllWidgets triggered.  All widgets were invalidated
[2026.08.30-08.25.23:803][  1]LogSlate: InvalidateAllWidgets triggered.  All widgets were invalidated
[2026.08.30-08.25.23:803][  1]LogSlate: InvalidateAllWidgets triggered.  All widgets were invalidated
[2026.08.30-08.25.23:803][  1]LogSlate: InvalidateAllWidgets triggered.  All widgets were invalidated
[2026.08.30-08.25.23:804][  1]LogSlate: InvalidateAllWidgets triggered.  All widgets were invalidated
[2026.08.30-08.25.23:804][  1]LogSlate: InvalidateAllWidgets triggered.  All widgets were invalidated
[2026.08.30-08.25.23:804][  1]LogSlate: InvalidateAllWidgets triggered.  All widgets were invalidated
[2026.08.30-08.25.23:804][  1]LogSlate: InvalidateAllWidgets triggered.  All widgets were invalidated
[2026.08.30-08.25.23:804][  1]LogSlate: InvalidateAllWidgets triggered.  All widgets were invalidated
[2026.08.30-08.25.23:804][  1]LogSlate: InvalidateAllWidgets triggered.  All widgets were invalidated
[2026.08.30-08.25.23:804][  1]LogSlate: InvalidateAllWidgets triggered.  All widgets were invalidated
[2026.08.30-08.25.23:804][  1]LogSlate: InvalidateAllWidgets triggered.  All widgets were invalidated
[2026.08.30-08.25.23:804][  1]LogSlate: InvalidateAllWidgets triggered.  All widgets were invalidated
[2026.08.30-08.25.23:804][  1]LogSlate: InvalidateAllWidgets triggered.  All widgets were invalidated
[2026.08.30-08.25.23:804][  1]LogSlate: InvalidateAllWidgets triggered.  All widgets were invalidated
[2026.08.30-08.25.23:804][  1]LogSlate: InvalidateAllWidgets triggered.  All widgets were invalidated
[2026.08.30-08.25.23:804][  1]LogSlate: InvalidateAllWidgets triggered.  All widgets were invalidated
[2026.08.30-08.25.23:804][  1]LogSlate: InvalidateAllWidgets triggered.  All widgets were invalidated
[2026.08.30-08.25.23:804][  1]LogSlate: InvalidateAllWidgets triggered.  All widgets were invalidated
[2026.08.30-08.25.23:804][  1]LogSlate: InvalidateAllWidgets triggered.  All widgets were invalidated
[2026.08.30-08.25.23:804][  1]LogSlate: InvalidateAllWidgets triggered.  All widgets were invalidated
[2026.08.30-08.25.23:804][  1]LogSlate: InvalidateAllWidgets triggered.  All widgets were invalidated
[2026.08.30-08.25.23:804][  1]LogSlate: InvalidateAllWidgets triggered.  All widgets were invalidated
[2026.08.30-08.25.23:804][  1]LogSlate: InvalidateAllWidgets triggered.  All widgets were invalidated
[2026.08.30-08.25.23:804][  1]LogSlate: InvalidateAllWidgets triggered.  All widgets were invalidated
[2026.08.30-08.25.23:804][  1]LogSlate: InvalidateAllWidgets triggered.  All widgets were invalidated
[2026.08.30-08.25.23:804][  1]LogSlate: InvalidateAllWidgets triggered.  All widgets were invalidated
[2026.08.30-08.25.23:804][  1]LogSlate: InvalidateAllWidgets triggered.  All widgets were invalidated
[2026.08.30-08.25.23:804][  1]LogSlate: InvalidateAllWidgets triggered.  All widgets were invalidated
[2026.08.30-08.25.23:804][  1]LogSlate: InvalidateAllWidgets triggered.  All widgets were invalidated
[2026.08.30-08.25.23:804][  1]LogSlate: InvalidateAllWidgets triggered.  All widgets were invalidated
[2026.08.30-08.25.23:804][  1]LogSlate: InvalidateAllWidgets triggered.  All widgets were invalidated
[2026.08.30-08.25.23:804][  1]LogSlate: InvalidateAllWidgets triggered.  All widgets were invalidated
[2026.08.30-08.25.23:804][  1]LogSlate: InvalidateAllWidgets triggered.  All widgets were invalidated
[2026.08.30-08.25.23:804][  1]LogSlate: InvalidateAllWidgets triggered.  All widgets were invalidated
[2026.08.30-08.25.23:804][  1]LogSlate: InvalidateAllWidgets triggered.  All widgets were invalidated
[2026.08.30-08.25.23:804][  1]LogSlate: InvalidateAllWidgets triggered.  All widgets were invalidated
[2026.08.30-08.25.23:804][  1]LogSlate: InvalidateAllWidgets triggered.  All widgets were invalidated
[2026.08.30-08.25.23:804][  1]LogSlate: InvalidateAllWidgets triggered.  All widgets were invalidated
[2026.08.30-08.25.23:804][  1]LogSlate: InvalidateAllWidgets triggered.  All widgets were invalidated
[2026.08.30-08.25.23:804][  1]LogSlate: InvalidateAllWidgets triggered.  All widgets were invalidated
[2026.08.30-08.25.23:804][  1]LogSlate: InvalidateAllWidgets triggered.  All widgets were invalidated
[2026.08.30-08.25.23:804][  1]LogSlate: InvalidateAllWidgets triggered.  All widgets were invalidated
[2026.08.30-08.25.23:804][  1]LogSlate: InvalidateAllWidgets triggered.  All widgets were invalidated
[2026.08.30-08.25.23:804][  1]LogSlate: InvalidateAllWidgets triggered.  All widgets were invalidated
[2026.08.30-08.25.23:804][  1]LogSlate: InvalidateAllWidgets triggered.  All widgets were invalidated
[2026.08.30-08.25.23:804][  1]LogSlate: InvalidateAllWidgets triggered.  All widgets were invalidated
[2026.08.30-08.25.23:804][  1]LogSlate: InvalidateAllWidgets triggered.  All widgets were invalidated
[2026.08.30-08.25.23:804][  1]LogSlate: InvalidateAllWidgets triggered.  All widgets were invalidated
[2026.08.30-08.25.23:804][  1]LogSlate: InvalidateAllWidgets triggered.  All widgets were invalidated
[2026.08.30-08.25.23:804][  1]LogSlate: InvalidateAllWidgets triggered.  All widgets were invalidated
[2026.08.30-08.25.23:804][  1]LogSlate: InvalidateAllWidgets triggered.  All widgets were invalidated
[2026.08.30-08.25.23:804][  1]LogSlate: InvalidateAllWidgets triggered.  All widgets were invalidated
[2026.08.30-08.25.23:804][  1]LogSlate: InvalidateAllWidgets triggered.  All widgets were invalidated
[2026.08.30-08.25.23:804][  1]LogSlate: InvalidateAllWidgets triggered.  All widgets were invalidated
[2026.08.30-08.25.23:804][  1]LogSlate: InvalidateAllWidgets triggered.  All widgets were invalidated
[2026.08.30-08.25.23:804][  1]LogSlate: InvalidateAllWidgets triggered.  All widgets were invalidated
[2026.08.30-08.25.23:804][  1]LogSlate: InvalidateAllWidgets triggered.  All widgets were invalidated
[2026.08.30-08.25.23:804][  1]LogSlate: InvalidateAllWidgets triggered.  All widgets were invalidated
[2026.08.30-08.25.23:804][  1]LogSlate: InvalidateAllWidgets triggered.  All widgets were invalidated
[2026.08.30-08.25.23:804][  1]LogSlate: InvalidateAllWidgets triggered.  All widgets were invalidated
[2026.08.30-08.25.23:804][  1]LogSlate: InvalidateAllWidgets triggered.  All widgets were invalidated
[2026.08.30-08.25.23:804][  1]LogSlate: InvalidateAllWidgets triggered.  All widgets were invalidated
[2026.08.30-08.25.23:804][  1]LogSlate: InvalidateAllWidgets triggered.  All widgets were invalidated
[2026.08.30-08.25.23:804][  1]LogSlate: InvalidateAllWidgets triggered.  All widgets were invalidated
[2026.08.30-08.25.23:804][  1]LogSlate: InvalidateAllWidgets triggered.  All widgets were invalidated
[2026.08.30-08.25.23:804][  1]LogSlate: InvalidateAllWidgets triggered.  All widgets were invalidated
[2026.08.30-08.25.23:804][  1]LogSlate: InvalidateAllWidgets triggered.  All widgets were invalidated
[2026.08.30-08.25.23:804][  1]LogSlate: InvalidateAllWidgets triggered.  All widgets were invalidated
[2026.08.30-08.25.23:804][  1]LogSlate: InvalidateAllWidgets triggered.  All widgets were invalidated
[2026.08.30-08.25.23:804][  1]LogSlate: InvalidateAllWidgets triggered.  All widgets were invalidated
[2026.08.30-08.25.23:804][  1]LogSlate: InvalidateAllWidgets triggered.  All widgets were invalidated
[2026.08.30-08.25.23:804][  1]LogSlate: InvalidateAllWidgets triggered.  All widgets were invalidated
[2026.08.30-08.25.23:804][  1]LogSlate: InvalidateAllWidgets triggered.  All widgets were invalidated
[2026.08.30-08.25.23:804][  1]LogSlate: InvalidateAllWidgets triggered.  All widgets were invalidated
[2026.08.30-08.25.23:804][  1]LogSlate: InvalidateAllWidgets triggered.  All widgets were invalidated
[2026.08.30-08.25.23:804][  1]LogSlate: InvalidateAllWidgets triggered.  All widgets were invalidated
[2026.08.30-08.25.23:804][  1]LogSlate: InvalidateAllWidgets triggered.  All widgets were invalidated
[2026.08.30-08.25.23:804][  1]LogSlate: InvalidateAllWidgets triggered.  All widgets were invalidated
[2026.08.30-08.25.23:804][  1]LogSlate: InvalidateAllWidgets triggered.  All widgets were invalidated
[2026.08.30-08.25.23:804][  1]LogSlate: InvalidateAllWidgets triggered.  All widgets were invalidated
[2026.08.30-08.25.23:804][  1]LogSlate: InvalidateAllWidgets triggered.  All widgets were invalidated
[2026.08.30-08.25.23:804][  1]LogSlate: InvalidateAllWidgets triggered.  All widgets were invalidated
[2026.08.30-08.25.23:804][  1]LogSlate: InvalidateAllWidgets triggered.  All widgets were invalidated
[2026.08.30-08.25.23:804][  1]LogSlate: InvalidateAllWidgets triggered.  All widgets were invalidated
[2026.08.30-08.25.23:804][  1]LogSlate: InvalidateAllWidgets triggered.  All widgets were invalidated
[2026.08.30-08.25.23:804][  1]LogSlate: InvalidateAllWidgets triggered.  All widgets were invalidated
[2026.08.30-08.25.23:804][  1]LogSlate: InvalidateAllWidgets triggered.  All widgets were invalidated
[2026.08.30-08.25.23:804][  1]LogSlate: InvalidateAllWidgets triggered.  All widgets were invalidated
[2026.08.30-08.25.23:804][  1]LogSlate: InvalidateAllWidgets triggered.  All widgets were invalidated
[2026.08.30-08.25.23:804][  1]LogSlate: InvalidateAllWidgets triggered.  All widgets were invalidated
[2026.08.30-08.25.23:804][  1]LogSlate: InvalidateAllWidgets triggered.  All widgets were invalidated
[2026.08.30-08.25.23:804][  1]LogSlate: InvalidateAllWidgets triggered.  All widgets were invalidated
[2026.08.30-08.25.23:804][  1]LogSlate: InvalidateAllWidgets triggered.  All widgets were invalidated
[2026.08.30-08.25.23:804][  1]LogSlate: InvalidateAllWidgets triggered.  All widgets were invalidated
[2026.08.30-08.25.23:804][  1]LogSlate: InvalidateAllWidgets triggered.  All widgets were invalidated
[2026.08.30-08.25.23:804][  1]LogSlate: InvalidateAllWidgets triggered.  All widgets were invalidated
[2026.08.30-08.25.23:804][  1]LogSlate: InvalidateAllWidgets triggered.  All widgets were invalidated
[2026.08.30-08.25.23:804][  1]LogSlate: InvalidateAllWidgets triggered.  All widgets were invalidated
[2026.08.30-08.25.23:804][  1]LogSlate: InvalidateAllWidgets triggered.  All widgets were invalidated
[2026.08.30-08.25.23:804][  1]LogSlate: InvalidateAllWidgets triggered.  All widgets were invalidated
[2026.08.30-08.25.23:804][  1]LogSlate: InvalidateAllWidgets triggered.  All widgets were invalidated
[2026.08.30-08.25.23:804][  1]LogSlate: InvalidateAllWidgets triggered.  All widgets were invalidated
[2026.08.30-08.25.23:804][  1]LogSlate: InvalidateAllWidgets triggered.  All widgets were invalidated
[2026.08.30-08.25.23:804][  1]LogSlate: InvalidateAllWidgets triggered.  All widgets were invalidated
[2026.08.30-08.25.23:804][  1]LogSlate: InvalidateAllWidgets triggered.  All widgets were invalidated
[2026.08.30-08.25.23:804][  1]LogSlate: InvalidateAllWidgets triggered.  All widgets were invalidated
[2026.08.30-08.25.23:804][  1]LogSlate: InvalidateAllWidgets triggered.  All widgets were invalidated
[2026.08.30-08.25.23:804][  1]LogSlate: InvalidateAllWidgets triggered.  All widgets were invalidated
[2026.08.30-08.25.23:804][  1]LogSlate: InvalidateAllWidgets triggered.  All widgets were invalidated
[2026.08.30-08.25.23:804][  1]LogSlate: InvalidateAllWidgets triggered.  All widgets were invalidated
[2026.08.30-08.25.23:804][  1]LogSlate: InvalidateAllWidgets triggered.  All widgets were invalidated
[2026.08.30-08.25.23:804][  1]LogSlate: InvalidateAllWidgets triggered.  All widgets were invalidated
[2026.08.30-08.25.23:804][  1]LogSlate: InvalidateAllWidgets triggered.  All widgets were invalidated
[2026.08.30-08.25.23:804][  1]LogSlate: InvalidateAllWidgets triggered.  All widgets were invalidated
[2026.08.30-08.25.23:804][  1]LogSlate: InvalidateAllWidgets triggered.  All widgets were invalidated
[2026.08.30-08.25.23:804][  1]LogSlate: InvalidateAllWidgets triggered.  All widgets were invalidated
[2026.08.30-08.25.23:804][  1]LogSlate: InvalidateAllWidgets triggered.  All widgets were invalidated
[2026.08.30-08.25.23:804][  1]LogSlate: InvalidateAllWidgets triggered.  All widgets were invalidated
[2026.08.30-08.25.23:804][  1]LogSlate: InvalidateAllWidgets triggered.  All widgets were invalidated
[2026.08.30-08.25.23:804][  1]LogSlate: InvalidateAllWidgets triggered.  All widgets were invalidated
[2026.08.30-08.25.23:804][  1]LogSlate: InvalidateAllWidgets triggered.  All widgets were invalidated
[2026.08.30-08.25.23:804][  1]LogSlate: InvalidateAllWidgets triggered.  All widgets were invalidated
[2026.08.30-08.25.23:804][  1]LogSlate: InvalidateAllWidgets triggered.  All widgets were invalidated
[2026.08.30-08.25.23:804][  1]LogSlate: InvalidateAllWidgets triggered.  All widgets were invalidated
[2026.08.30-08.25.23:804][  1]LogSlate: InvalidateAllWidgets triggered.  All widgets were invalidated
[2026.08.30-08.25.23:804][  1]LogSlate: InvalidateAllWidgets triggered.  All widgets were invalidated
[2026.08.30-08.25.23:804][  1]LogSlate: InvalidateAllWidgets triggered.  All widgets were invalidated
[2026.08.30-08.25.23:804][  1]LogSlate: InvalidateAllWidgets triggered.  All widgets were invalidated
[2026.08.30-08.25.23:804][  1]LogSlate: InvalidateAllWidgets triggered.  All widgets were invalidated
[2026.08.30-08.25.23:804][  1]LogSlate: InvalidateAllWidgets triggered.  All widgets were invalidated
[2026.08.30-08.25.23:804][  1]LogSlate: InvalidateAllWidgets triggered.  All widgets were invalidated
[2026.08.30-08.25.23:804][  1]LogSlate: InvalidateAllWidgets triggered.  All widgets were invalidated
[2026.08.30-08.25.23:804][  1]LogSlate: InvalidateAllWidgets triggered.  All widgets were invalidated
[2026.08.30-08.25.23:804][  1]LogSlate: InvalidateAllWidgets triggered.  All widgets were invalidated
[2026.08.30-08.25.23:804][  1]LogSlate: InvalidateAllWidgets triggered.  All widgets were invalidated
[2026.08.30-08.25.23:804][  1]LogSlate: InvalidateAllWidgets triggered.  All widgets were invalidated
[2026.08.30-08.25.23:804][  1]LogSlate: InvalidateAllWidgets triggered.  All widgets were invalidated
[2026.08.30-08.25.23:804][  1]LogSlate: InvalidateAllWidgets triggered.  All widgets were invalidated
[2026.08.30-08.25.23:804][  1]LogSlate: InvalidateAllWidgets triggered.  All widgets were invalidated
[2026.08.30-08.25.23:804][  1]LogSlate: InvalidateAllWidgets triggered.  All widgets were invalidated
[2026.08.30-08.25.23:804][  1]LogSlate: InvalidateAllWidgets triggered.  All widgets were invalidated
[2026.08.30-08.25.23:804][  1]LogSlate: InvalidateAllWidgets triggered.  All widgets were invalidated
[2026.08.30-08.25.23:804][  1]LogSlate: InvalidateAllWidgets triggered.  All widgets were invalidated
[2026.08.30-08.25.23:804][  1]LogSlate: InvalidateAllWidgets triggered.  All widgets were invalidated
[2026.08.30-08.25.23:804][  1]LogSlate: InvalidateAllWidgets triggered.  All widgets were invalidated
[2026.08.30-08.25.23:804][  1]LogSlate: InvalidateAllWidgets triggered.  All widgets were invalidated
[2026.08.30-08.25.23:804][  1]LogSlate: InvalidateAllWidgets triggered.  All widgets were invalidated
[2026.08.30-08.25.23:804][  1]LogSlate: InvalidateAllWidgets triggered.  All widgets were invalidated
[2026.08.30-08.25.23:804][  1]LogSlate: InvalidateAllWidgets triggered.  All widgets were invalidated
[2026.08.30-08.25.23:804][  1]LogSlate: InvalidateAllWidgets triggered.  All widgets were invalidated
[2026.08.30-08.25.23:804][  1]LogSlate: InvalidateAllWidgets triggered.  All widgets were invalidated
[2026.08.30-08.25.23:804][  1]LogSlate: InvalidateAllWidgets triggered.  All widgets were invalidated
[2026.08.30-08.25.23:804][  1]LogSlate: InvalidateAllWidgets triggered.  All widgets were invalidated
[2026.08.30-08.25.23:804][  1]LogSlate: InvalidateAllWidgets triggered.  All widgets were invalidated
[2026.08.30-08.25.23:804][  1]LogSlate: InvalidateAllWidgets triggered.  All widgets were invalidated
[2026.08.30-08.25.23:804][  1]LogSlate: InvalidateAllWidgets triggered.  All widgets were invalidated
[2026.08.30-08.25.23:804][  1]LogSlate: InvalidateAllWidgets triggered.  All widgets were invalidated
[2026.08.30-08.25.23:804][  1]LogSlate: InvalidateAllWidgets triggered.  All widgets were invalidated
[2026.08.30-08.25.23:804][  1]LogSlate: InvalidateAllWidgets triggered.  All widgets were invalidated
[2026.08.30-08.25.23:804][  1]LogSlate: InvalidateAllWidgets triggered.  All widgets were invalidated
[2026.08.30-08.25.23:804][  1]LogSlate: InvalidateAllWidgets triggered.  All widgets were invalidated
[2026.08.30-08.25.23:804][  1]LogSlate: InvalidateAllWidgets triggered.  All widgets were invalidated
[2026.08.30-08.25.23:804][  1]LogSlate: InvalidateAllWidgets triggered.  All widgets were invalidated
[2026.08.30-08.25.23:804][  1]LogSlate: InvalidateAllWidgets triggered.  All widgets were invalidated
[2026.08.30-08.25.23:804][  1]LogSlate: InvalidateAllWidgets triggered.  All widgets were invalidated
[2026.08.30-08.25.23:804][  1]LogSlate: InvalidateAllWidgets triggered.  All widgets were invalidated
[2026.08.30-08.25.23:804][  1]LogSlate: InvalidateAllWidgets triggered.  All widgets were invalidated
[2026.08.30-08.25.23:804][  1]LogSlate: InvalidateAllWidgets triggered.  All widgets were invalidated
[2026.08.30-08.25.23:804][  1]LogSlate: InvalidateAllWidgets triggered.  All widgets were invalidated
[2026.08.30-08.25.23:804][  1]LogSlate: InvalidateAllWidgets triggered.  All widgets were invalidated
[2026.08.30-08.25.23:804][  1]LogSlate: InvalidateAllWidgets triggered.  All widgets were invalidated
[2026.08.30-08.25.23:804][  1]LogSlate: InvalidateAllWidgets triggered.  All widgets were invalidated
[2026.08.30-08.25.23:804][  1]LogSlate: InvalidateAllWidgets triggered.  All widgets were invalidated
[2026.08.30-08.25.23:804][  1]LogSlate: InvalidateAllWidgets triggered.  All widgets were invalidated
[2026.08.30-08.25.23:804][  1]LogSlate: InvalidateAllWidgets triggered.  All widgets were invalidated
[2026.08.30-08.25.23:804][  1]LogSlate: InvalidateAllWidgets triggered.  All widgets were invalidated
[2026.08.30-08.25.23:804][  1]LogSlate: InvalidateAllWidgets triggered.  All widgets were invalidated
[2026.08.30-08.25.23:804][  1]LogSlate: InvalidateAllWidgets triggered.  All widgets were invalidated
[2026.08.30-08.25.23:804][  1]LogSlate: InvalidateAllWidgets triggered.  All widgets were invalidated
[2026.08.30-08.25.23:804][  1]LogSlate: InvalidateAllWidgets triggered.  All widgets were invalidated
[2026.08.30-08.25.23:804][  1]LogSlate: InvalidateAllWidgets triggered.  All widgets were invalidated
[2026.08.30-08.25.23:804][  1]LogSlate: InvalidateAllWidgets triggered.  All widgets were invalidated
[2026.08.30-08.25.23:804][  1]LogSlate: InvalidateAllWidgets triggered.  All widgets were invalidated
[2026.08.30-08.25.23:804][  1]LogSlate: InvalidateAllWidgets triggered.  All widgets were invalidated
[2026.08.30-08.25.23:804][  1]LogSlate: InvalidateAllWidgets triggered.  All widgets were invalidated
[2026.08.30-08.25.23:804][  1]LogSlate: InvalidateAllWidgets triggered.  All widgets were invalidated
[2026.08.30-08.25.23:804][  1]LogSlate: InvalidateAllWidgets triggered.  All widgets were invalidated
[2026.08.30-08.25.23:804][  1]LogSlate: InvalidateAllWidgets triggered.  All widgets were invalidated
[2026.08.30-08.25.23:804][  1]LogSlate: InvalidateAllWidgets triggered.  All widgets were invalidated
[2026.08.30-08.25.23:804][  1]LogSlate: InvalidateAllWidgets triggered.  All widgets were invalidated
[2026.08.30-08.25.23:804][  1]LogSlate: InvalidateAllWidgets triggered.  All widgets were invalidated
[2026.08.30-08.25.23:804][  1]LogSlate: InvalidateAllWidgets triggered.  All widgets were invalidated
[2026.08.30-08.25.23:804][  1]LogSlate: InvalidateAllWidgets triggered.  All widgets were invalidated
[2026.08.30-08.25.23:804][  1]LogSlate: InvalidateAllWidgets triggered.  All widgets were invalidated
[2026.08.30-08.25.23:804][  1]LogSlate: InvalidateAllWidgets triggered.  All widgets were invalidated
[2026.08.30-08.25.23:804][  1]LogSlate: InvalidateAllWidgets triggered.  All widgets were invalidated
[2026.08.30-08.25.23:804][  1]LogSlate: InvalidateAllWidgets triggered.  All widgets were invalidated
[2026.08.30-08.25.23:804][  1]LogSlate: InvalidateAllWidgets triggered.  All widgets were invalidated
[2026.08.30-08.25.23:804][  1]LogSlate: InvalidateAllWidgets triggered.  All widgets were invalidated
[2026.08.30-08.25.23:804][  1]LogSlate: InvalidateAllWidgets triggered.  All widgets were invalidated
[2026.08.30-08.25.23:804][  1]LogSlate: InvalidateAllWidgets triggered.  All widgets were invalidated
[2026.08.30-08.25.23:804][  1]LogSlate: InvalidateAllWidgets triggered.  All widgets were invalidated
[2026.08.30-08.25.23:804][  1]LogSlate: InvalidateAllWidgets triggered.  All widgets were invalidated
[2026.08.30-08.25.23:804][  1]LogSlate: InvalidateAllWidgets triggered.  All widgets were invalidated
[2026.08.30-08.25.23:804][  1]LogSlate: InvalidateAllWidgets triggered.  All widgets were invalidated
[2026.08.30-08.25.23:804][  1]LogSlate: InvalidateAllWidgets triggered.  All widgets were invalidated
[2026.08.30-08.25.23:804][  1]LogSlate: InvalidateAllWidgets triggered.  All widgets were invalidated
[2026.08.30-08.25.23:804][  1]LogSlate: InvalidateAllWidgets triggered.  All widgets were invalidated
[2026.08.30-08.25.23:804][  1]LogSlate: InvalidateAllWidgets triggered.  All widgets were invalidated
[2026.08.30-08.25.23:804][  1]LogSlate: InvalidateAllWidgets triggered.  All widgets were invalidated
[2026.08.30-08.25.23:804][  1]LogSlate: InvalidateAllWidgets triggered.  All widgets were invalidated
[2026.08.30-08.25.23:804][  1]LogSlate: InvalidateAllWidgets triggered.  All widgets were invalidated
[2026.08.30-08.25.23:804][  1]LogSlate: InvalidateAllWidgets triggered.  All widgets were invalidated
[2026.08.30-08.25.23:804][  1]LogSlate: InvalidateAllWidgets triggered.  All widgets were invalidated
[2026.08.30-08.25.23:804][  1]LogSlate: InvalidateAllWidgets triggered.  All widgets were invalidated
[2026.08.30-08.25.23:804][  1]LogSlate: InvalidateAllWidgets triggered.  All widgets were invalidated
[2026.08.30-08.25.23:804][  1]LogSlate: InvalidateAllWidgets triggered.  All widgets were invalidated
[2026.08.30-08.25.23:804][  1]LogSlate: InvalidateAllWidgets triggered.  All widgets were invalidated
[2026.08.30-08.25.23:804][  1]LogSlate: InvalidateAllWidgets triggered.  All widgets were invalidated
[2026.08.30-08.25.23:806][  1]LogNiagara: Found 0 Niagara systems with PoolPrimeSize > 0
[2026.08.30-08.25.23:806][  1]LogNiagara: Primed 0 additional Niagara systems from Asset Registry
[2026.08.30-08.25.23:834][  1]LogRenderTargetPool: Warning: r.RenderTargetPoolMin exceeded 790/400 MB (ok in editor, bad on fixed memory platform)
[2026.08.30-08.25.23:839][  2]LogSlate: InvalidateAllWidgets triggered.  All widgets were invalidated
[2026.08.30-08.25.23:872][  2]LogDLSSNGX: [Core]: [2026-08-30 01:25:23] [NVSDK_NGX_CreateFeature_Validate:730] app id is 241534722
[2026.08.30-08.25.23:872][  2]LogDLSSNGX: [DLSS]: [2026-08-30 01:25:23] [tid:17580][NgxDltss::FillCreationParams::<lambda_0b227f1acf17fe82b0148f75d839db28>::operator ():2908] Info: (DLAA) Using App hint Preset K
[2026.08.30-08.25.23:872][  2]LogDLSSNGX: [DLSS]: [2026-08-30 01:25:23] [tid:17580][NgxDltss::FillCreationParams::<lambda_0b227f1acf17fe82b0148f75d839db28>::operator ():2908] Info: (Quality) Using App hint Preset K
[2026.08.30-08.25.23:872][  2]LogDLSSNGX: [DLSS]: [2026-08-30 01:25:23] [tid:17580][NgxDltss::FillCreationParams::<lambda_0b227f1acf17fe82b0148f75d839db28>::operator ():2908] Info: (Balanced) Using App hint Preset K
[2026.08.30-08.25.23:872][  2]LogDLSSNGX: [DLSS]: [2026-08-30 01:25:23] [tid:17580][NgxDltss::FillCreationParams::<lambda_0b227f1acf17fe82b0148f75d839db28>::operator ():2908] Info: (Perf) Using App hint Preset K
[2026.08.30-08.25.23:872][  2]LogDLSSNGX: [DLSS]: [2026-08-30 01:25:23] [tid:17580][NgxDltss::FillCreationParams::<lambda_0b227f1acf17fe82b0148f75d839db28>::operator ():2908] Info: (Ultra) Using App hint Preset K
[2026.08.30-08.25.23:872][  2]LogDLSSNGX: [DLSS]: [2026-08-30 01:25:23] [tid:17580][NgxDltss::FillCreationParams::<lambda_0b227f1acf17fe82b0148f75d839db28>::operator ():2908] Info: (UltraQuality) Using App hint Preset K
[2026.08.30-08.25.23:881][  2]LogDLSSNGX: [DLSS]: [2026-08-30 01:25:23] [tid:17580][PaddedWindowNetwork::CreatePaddedWindowNetwork:292] Intermediate Tensors : 75 MB allocated
[2026.08.30-08.25.23:970][  2]LogDLSSNGXRHI: Creating   NGX DLSS Feature  SrcRect=[0x0->1720x720], DestRect=[0x0->3440x1440], ScaleX=0.500000, ScaleY=0.500000, NGXDLSSPreset=Preset K(11), NGXDLSSRRPreset=Default(0), NGXPerfQuality=MaxPerf(0), bHighResolutionMotionVectors=1, bNonZeroSharpness=0, bUseAutoExposure=1, bEnableAlphaUpscaling=0, bReleaseMemoryOnDelete=1, GPUNode=0, GPUVisibility=0x1, DenoiseMode=Off 
[2026.08.30-08.25.23:979][  3]LogAnimation: Warning: SetStartPosition called on an invalid context or with an invalid type
[2026.08.30-08.25.23:979][  3]LogAnimation: Warning: SetStartPosition called on an invalid context or with an invalid type
[2026.08.30-08.25.23:979][  3]LogAnimation: Warning: SetStartPosition called on an invalid context or with an invalid type
[2026.08.30-08.25.23:979][  3]LogAnimation: Warning: SetStartPosition called on an invalid context or with an invalid type
[2026.08.30-08.25.23:979][  3]LogAnimation: Warning: SetStartPosition called on an invalid context or with an invalid type
[2026.08.30-08.25.23:979][  3]LogAnimation: Warning: SetStartPosition called on an invalid context or with an invalid type
[2026.08.30-08.25.23:979][  3]LogAnimation: Warning: SetStartPosition called on an invalid context or with an invalid type
[2026.08.30-08.25.23:979][  3]LogAnimation: Warning: SetStartPosition called on an invalid context or with an invalid type
[2026.08.30-08.25.23:979][  3]LogAnimation: Warning: SetStartPosition called on an invalid context or with an invalid type
[2026.08.30-08.25.23:979][  3]LogAnimation: Warning: SetStartPosition called on an invalid context or with an invalid type
[2026.08.30-08.25.23:979][  3]LogAnimation: Warning: SetStartPosition called on an invalid context or with an invalid type
[2026.08.30-08.25.23:979][  3]LogAnimation: Warning: SetStartPosition called on an invalid context or with an invalid type
[2026.08.30-08.25.23:979][  3]LogAnimation: Warning: SetStartPosition called on an invalid context or with an invalid type
[2026.08.30-08.25.23:979][  3]LogAnimation: Warning: SetStartPosition called on an invalid context or with an invalid type
[2026.08.30-08.25.23:979][  3]LogAnimation: Warning: SetStartPosition called on an invalid context or with an invalid type
[2026.08.30-08.25.23:979][  3]LogAnimation: Warning: SetStartPosition called on an invalid context or with an invalid type
[2026.08.30-08.25.23:979][  3]LogAnimation: Warning: SetStartPosition called on an invalid context or with an invalid type
[2026.08.30-08.25.23:979][  3]LogAnimation: Warning: SetStartPosition called on an invalid context or with an invalid type
[2026.08.30-08.25.23:979][  3]LogAnimation: Warning: SetStartPosition called on an invalid context or with an invalid type
[2026.08.30-08.25.23:979][  3]LogAnimation: Warning: SetStartPosition called on an invalid context or with an invalid type
[2026.08.30-08.25.23:979][  3]LogAnimation: Warning: SetStartPosition called on an invalid context or with an invalid type
[2026.08.30-08.25.23:979][  3]LogAnimation: Warning: SetStartPosition called on an invalid context or with an invalid type
[2026.08.30-08.25.23:979][  3]LogAnimation: Warning: SetStartPosition called on an invalid context or with an invalid type
[2026.08.30-08.25.23:980][  3]LogSlate: InvalidateAllWidgets triggered.  All widgets were invalidated
[2026.08.30-08.25.24:106][ 11]LogEOSSDK: LogEOS: SDK Config Platform Update Request Successful, Time: 12.089581
[2026.08.30-08.25.24:107][ 11]LogEOSSDK: LogEOSAnalytics: EOS SDK Analytics disabled for route [1].
[2026.08.30-08.25.24:108][ 11]LogEOSSDK: LogEOS: Updating Product SDK Config, Time: 12.106430
[2026.08.30-08.25.24:305][ 23]LogLoadingScreen: Hiding loading screen when 'IsShowingInitialLoadingScreen()' is false.
[2026.08.30-08.25.24:305][ 23]LogLoadingScreen: (nothing wants to show it anymore)
[2026.08.30-08.25.24:305][ 23]LogLoadingScreen: Garbage Collecting before dropping load screen
[2026.08.30-08.25.24:305][ 23]LogRHI: ShaderPipelineCache: Batch mode changed (0): Size: 60 -> 1, Time: 16.000000 -> 0.000000
[2026.08.30-08.25.24:305][ 23]LogCore: Display: Setting hang detector multiplier to 1.0000s. New hang duration: 0.0000s. New present duration: 0.0000s.
[2026.08.30-08.25.24:305][ 23]LogPortalWarsUI: Loading screen is no longer visible, triggering all transition stinger outros
[2026.08.30-08.25.24:305][ 23]LogPortalWarsUI: Outro-ing all 0 transition stingers
[2026.08.30-08.25.24:305][ 23]LogLoadingScreen: LoadingScreen was visible for 1.47s
[2026.08.30-08.25.24:317][ 23]LogUObjectHash: Compacting FUObjectHashTables data took   1.62ms
[2026.08.30-08.25.24:357][ 26]LogEOSSDK: LogEOSAnalytics: Start Session (User: ...)
[2026.08.30-08.25.24:524][ 36]LogEOSSDK: LogEOS: SDK Config Product Update Request Successful, Time: 12.507374
[2026.08.30-08.25.24:525][ 36]LogEOSSDK: LogEOS: SDK Config Data - Watermark: 1606148738
[2026.08.30-08.25.24:525][ 36]LogEOSSDK: LogEOS: ScheduleNextSDKConfigDataUpdate - Time: 12.507374, Update Interval: 330.590546
[2026.08.30-08.25.34:301][520]LogBlueprintUserMessages: [WBP_LogoBink_C_2147477731] Bink: Trying to Open Bink Video: Movies/Bink/1047MainLogo_Color_key_v04.bk2
[2026.08.30-08.25.34:302][520]LogBlueprintUserMessages: [WBP_LogoBink_C_2147477731] Bink: Open Successful: true
[2026.08.30-08.25.34:302][520]LogBlueprintUserMessages: [WBP_LogoBink_C_2147477731] Bink: Play Successful: true
[2026.08.30-08.25.34:302][520]LogBlueprintUserMessages: [WBP_LogoBink_C_2147477731] Bink: Playing (GetURL()) : Movies/Bink/1047MainLogo_Color_key_v04.bk2
[2026.08.30-08.25.42:315][  1]LogViewport: Display: Viewport MouseCaptureMode Changed, NoCapture -> CaptureDuringRightMouseDown
[2026.08.30-08.25.42:319][  1]LogStreamableManager: Display: RequestAsyncLoad() called with empty or only null assets!
[2026.08.30-08.25.42:321][  1]LogBlueprintUserMessages: [WBP_SplitgateTitleBink] Bink: Trying to Open Bink Video: Movies/Bink/Splitgate_Title.bk2
[2026.08.30-08.25.42:322][  1]LogBlueprintUserMessages: [WBP_SplitgateTitleBink] Bink: Open Successful: true
[2026.08.30-08.25.42:322][  1]LogBlueprintUserMessages: [WBP_SplitgateTitleBink] Bink: Play Successful: true
[2026.08.30-08.25.42:322][  1]LogBlueprintUserMessages: [WBP_SplitgateTitleBink] Bink: Playing (GetURL()) : Movies/Bink/Splitgate_Title.bk2
[2026.08.30-08.25.42:323][  1]LogStreamableManager: Display: RequestAsyncLoad() called with empty or only null assets!
[2026.08.30-08.25.42:323][  1]LogPortalWarsUI: Outro-ing all 0 transition stingers
[2026.08.30-08.25.42:323][  1]LogStreamableManager: Display: RequestAsyncLoad() called with empty or only null assets!
[2026.08.30-08.25.42:325][  1]LogOnlineIdentity: STEAM: Obtained steam authticket
[2026.08.30-08.25.42:429][  2]LogSlate: InvalidateAllWidgets triggered.  All widgets were invalidated
[2026.08.30-08.25.43:533][ 68]LogSlate: InvalidateAllWidgets triggered.  All widgets were invalidated
[2026.08.30-08.25.45:581][175]LogOF1047: Warning: CloudConfig - CVar 1047.Online.EnableEntitlementChecks not found, not setting value
[2026.08.30-08.25.45:581][175]LogOF1047: Warning: CloudConfig - CVar 1047.stats.BackendSendInterval not found, not setting value
[2026.08.30-08.25.46:111][204]LogSlate: InvalidateAllWidgets triggered.  All widgets were invalidated
[2026.08.30-08.25.46:191][209]LogGrpc: Warning: FGrpcRequest - Maverick::Rooster::Api::DailyLoginRewards::GetActiveLoginRewardTracks::<lambda_1>::operator () - Error:
 Error Code: 7
 Error Message: RBAC: access denied
[2026.08.30-08.25.46:775][244]LogGrpc: Warning: FGrpcRequest - Maverick::Rooster::Api::DailyLoginRewards::GetActiveLoginRewardTracks::<lambda_1>::operator () - Error:
 Error Code: 7
 Error Message: RBAC: access denied
[2026.08.30-08.25.47:375][280]LogGrpc: Warning: FGrpcRequest - Maverick::Rooster::Api::DailyLoginRewards::GetActiveLoginRewardTracks::<lambda_1>::operator () - Error:
 Error Code: 7
 Error Message: RBAC: access denied
[2026.08.30-08.25.47:375][280]LogOnlineServices: Warning: [UPortalWarsLoginRewardsConfig::QueryConfigInternal] Failed: User[GameDefined_0:1 (Steam_<STEAMID_REDACTED>)], Result[[1.1.16] unknown]
[2026.08.30-08.25.47:375][280]LogOF1047: Warning: Failed to query config Online.Config.DailyLoginRewards: [1.1.16] unknown
[2026.08.30-08.25.47:375][280]LogOF1047: Warning: [FOF1047LoginRequest::MaverickAdditionalConfigs] Failure: QueryConfigsWithFlags failed: [1.1.16] unknown
[2026.08.30-08.25.48:326][337]Core1047InputUserSettings: PostLoad >> Number of Currently Registered Mapping Contexts: 25
[2026.08.30-08.25.48:326][337]Core1047InputUserSettings: PostLoad >> Registered IMC: IMC_Default_Gamepad
[2026.08.30-08.25.48:326][337]Core1047InputUserSettings: PostLoad >> Registered IMC: IMC_Default_KBM
[2026.08.30-08.25.48:326][337]Core1047InputUserSettings: PostLoad >> Registered IMC: IMC_PushToTalk_KBM
[2026.08.30-08.25.48:326][337]Core1047InputUserSettings: PostLoad >> Registered IMC: IMC_Scoreboard_Gamepad
[2026.08.30-08.25.48:326][337]Core1047InputUserSettings: PostLoad >> Registered IMC: IMC_Scoreboard_KBM
[2026.08.30-08.25.48:326][337]Core1047InputUserSettings: PostLoad >> Registered IMC: IMC_CommsWheel_Gamepad
[2026.08.30-08.25.48:326][337]Core1047InputUserSettings: PostLoad >> Registered IMC: IMC_CommsWheel_KBM
[2026.08.30-08.25.48:326][337]Core1047InputUserSettings: PostLoad >> Registered IMC: IMC_EscapeMenu_Generic
[2026.08.30-08.25.48:326][337]Core1047InputUserSettings: PostLoad >> Registered IMC: IMC_Loadout_Gamepad
[2026.08.30-08.25.48:326][337]Core1047InputUserSettings: PostLoad >> Registered IMC: IMC_Loadout_KBM
[2026.08.30-08.25.48:326][337]Core1047InputUserSettings: PostLoad >> Registered IMC: IMC_PushToTalk_Gamepad
[2026.08.30-08.25.48:326][337]Core1047InputUserSettings: PostLoad >> Registered IMC: IMC_Hangman_Gamepad
[2026.08.30-08.25.48:326][337]Core1047InputUserSettings: PostLoad >> Registered IMC: IMC_Hangman_KBM
[2026.08.30-08.25.48:326][337]Core1047InputUserSettings: PostLoad >> Registered IMC: IMC_Macromap_Gamepad
[2026.08.30-08.25.48:326][337]Core1047InputUserSettings: PostLoad >> Registered IMC: IMC_Macromap_KBM
[2026.08.30-08.25.48:326][337]Core1047InputUserSettings: PostLoad >> Registered IMC: IMC_Inventory_Gamepad
[2026.08.30-08.25.48:326][337]Core1047InputUserSettings: PostLoad >> Registered IMC: IMC_Inventory_KBM
[2026.08.30-08.25.48:326][337]Core1047InputUserSettings: PostLoad >> Registered IMC: IMC_HangmanPregame_Gamepad
[2026.08.30-08.25.48:326][337]Core1047InputUserSettings: PostLoad >> Registered IMC: IMC_HangmanPregame_KBM
[2026.08.30-08.25.48:326][337]Core1047InputUserSettings: PostLoad >> Registered IMC: IMC_Camera_Gamepad
[2026.08.30-08.25.48:326][337]Core1047InputUserSettings: PostLoad >> Registered IMC: IMC_EditMove_Gamepad
[2026.08.30-08.25.48:326][337]Core1047InputUserSettings: PostLoad >> Registered IMC: IMC_Select_Gamepad
[2026.08.30-08.25.48:326][337]Core1047InputUserSettings: PostLoad >> Registered IMC: IMC_Both_KBM
[2026.08.30-08.25.48:326][337]Core1047InputUserSettings: PostLoad >> Registered IMC: IMC_Race_Gamepad
[2026.08.30-08.25.48:326][337]Core1047InputUserSettings: PostLoad >> Registered IMC: IMC_Race_KBM
[2026.08.30-08.25.48:326][337]Core1047InputUserSettings: PostLoad >> Loaded Current KBM Preset As None
[2026.08.30-08.25.48:326][337]Core1047InputUserSettings: PostLoad >> Loaded Current Gamepad Preset As None
[2026.08.30-08.25.48:326][337]Core1047InputUserSettings: PostLoad >> Received Mapping For Key Name: IA_Crouch_Toggle
[2026.08.30-08.25.48:326][337]Core1047InputUserSettings: PostLoad >> Received Mapping For Key Name: IA_FirePortalAlternating
[2026.08.30-08.25.48:326][337]Core1047InputUserSettings: PostLoad >> Received Mapping For Key Name: IA_FirePortal_Left
[2026.08.30-08.25.48:326][337]Core1047InputUserSettings: PostLoad >> Received Mapping For Key Name: IA_ClosePortal_Both
[2026.08.30-08.25.48:326][337]Core1047InputUserSettings: PostLoad >> Received Mapping For Key Name: IA_ClosePortal_Left
[2026.08.30-08.25.48:326][337]Core1047InputUserSettings: PostLoad >> Received Mapping For Key Name: IA_UseEquipment
[2026.08.30-08.25.48:326][337]Core1047InputUserSettings: PostLoad >> Received Mapping For Key Name: IA_Melee
[2026.08.30-08.25.48:326][337]Core1047InputUserSettings: PostLoad >> Received Mapping For Key Name: IA_Interact_KBM
[2026.08.30-08.25.48:326][337]Core1047InputUserSettings: PostLoad >> Received Mapping For Key Name: IA_UseObjectAbility_KBM
[2026.08.30-08.25.48:326][337]Core1047InputUserSettings: PostLoad >> Has Completed!
[2026.08.30-08.25.48:328][337]LogStreaming: Display: FlushAsyncLoading(2087): 1 QueuedPackages, 0 AsyncPackages
[2026.08.30-08.25.48:329][337]Core1047CloudSettings: Error: Failed to import setting value for Settings.Crosshair.WeaponCrosshairMap
[2026.08.30-08.25.48:329][337]Core1047InputUserSettings: Warning: DetermineHardwareDeviceForActionMapping, invalid Key found while registering IMCs!
[2026.08.30-08.25.48:329][337]Core1047InputUserSettings: Warning: DetermineHardwareDeviceForActionMapping, invalid Key found while registering IMCs!
[2026.08.30-08.25.48:329][337]LogEnhancedInput: Warning: A key profile with the name 'InputUserSettings.Profiles.Player' already exists! Use a different name.
[2026.08.30-08.25.48:329][337]LogEnhancedInput: Warning: A key profile with the name 'InputUserSettings.Profiles.Default' already exists! Use a different name.
[2026.08.30-08.25.48:329][337]Core1047InputUserSettings: PreSave >> Has Completed!
[2026.08.30-08.25.48:332][337]LogCore1047: Warning: UCore1047SettingDefinition::ApplyValue Classic Portal Controls is not Enabled via bEnabled so setting value will not be applied.
[2026.08.30-08.25.48:332][337]LogCore1047: Warning: UCore1047SettingDefinition::ApplyValue Classic Portal Controls is not Enabled via bEnabled so setting value will not be applied.
[2026.08.30-08.25.48:332][337]LogCore1047: Warning: UCore1047SettingDefinition::ApplyValue Show Ally Team Color is not Enabled via bEnabled so setting value will not be applied.
[2026.08.30-08.25.48:480][346]LogMovieScene: Starting new camera cut: 'CineCameraActor_2147477377'
[2026.08.30-08.25.48:480][346]LogStreaming: Display: FlushAsyncLoading(2120,2121): 2 QueuedPackages, 0 AsyncPackages
[2026.08.30-08.25.48:808][366]LogGrpc: Warning: FGrpcRequest - Maverick::Rooster::Api::DailyLoginRewards::GetActiveLoginRewardProgress::<lambda_1>::operator () - Error:
 Error Code: 7
 Error Message: RBAC: access denied
[2026.08.30-08.25.49:025][379]LogGrpc: Warning: FGrpcRequest - Maverick::Rooster::Api::DailyLoginRewards::GetActiveLoginRewardProgress::<lambda_1>::operator () - Error:
 Error Code: 7
 Error Message: RBAC: access denied
[2026.08.30-08.25.49:225][391]LogGrpc: Warning: FGrpcRequest - Maverick::Rooster::Api::DailyLoginRewards::GetActiveLoginRewardProgress::<lambda_1>::operator () - Error:
 Error Code: 7
 Error Message: RBAC: access denied
[2026.08.30-08.25.49:225][391]LogOnlineServices: Warning: [UPortalWarsUserLoginRewardsSubsystem::QueryLocalPlayerLoginRewardProgress] Failed: User[GameDefined_0:1 (Steam_<STEAMID_REDACTED>)], Result[[1.1.16] unknown]
[2026.08.30-08.25.49:225][391]LogOF1047: Warning: [FPortalWarsLoginRequest::MaverickRoosterDLR] Failure: QueryFTUEState failed: [1.1.16] unknown
[2026.08.30-08.25.49:358][399]LogCore1047Crash: Crash context user id is 930e9d064bddb699da3ce6b1bb2e60c5
[2026.08.30-08.25.49:363][399]LogStreamableManager: Display: RequestAsyncLoad() called with empty or only null assets!
[2026.08.30-08.25.49:366][399]LogMDFastBinding: Warning: [WBP_MainMenuSceneStack_C] uses a deprecated property-based MDFastBindingContainer, resave it to automatically upgrade it to a widget extension
[2026.08.30-08.25.49:368][399]LogStreamableManager: Display: RequestAsyncLoad() called with empty or only null assets!
[2026.08.30-08.25.49:443][399]LogStreamableManager: Display: RequestAsyncLoad() called with empty or only null assets!
[2026.08.30-08.25.49:445][399]LogStreamableManager: Display: RequestAsyncLoad() called with empty or only null assets!
[2026.08.30-08.25.49:445][399]LogStreamableManager: Display: RequestAsyncLoad() called with empty or only null assets!
[2026.08.30-08.25.49:448][399]LogMovieScene: Starting new camera cut: 'CineCameraActor_2147476585'
[2026.08.30-08.25.49:449][399]LogViewport: Display: Viewport MouseCaptureMode Changed, CaptureDuringRightMouseDown -> NoCapture
[2026.08.30-08.25.49:451][399]LogStreamableManager: Display: RequestAsyncLoad() called with empty or only null assets!
[2026.08.30-08.25.49:451][399]LogStreamableManager: Display: RequestAsyncLoad() called with empty or only null assets!
[2026.08.30-08.25.49:468][399]LogStreamableManager: Display: RequestAsyncLoad() called with empty or only null assets!
[2026.08.30-08.25.49:468][399]LogStreamableManager: Display: RequestAsyncLoad() called with empty or only null assets!
[2026.08.30-08.25.49:471][399]LogStreamableManager: Display: RequestAsyncLoad() called with empty or only null assets!
[2026.08.30-08.25.49:477][399]LogStreamableManager: Display: RequestAsyncLoad() called with empty or only null assets!
[2026.08.30-08.25.49:477][399]LogStreamableManager: Display: RequestAsyncLoad() called with empty or only null assets!
[2026.08.30-08.25.49:478][399]LogStreamableManager: Display: RequestAsyncLoad() called with empty or only null assets!
[2026.08.30-08.25.49:479][399]LogStreamableManager: Display: RequestAsyncLoad() called with empty or only null assets!
[2026.08.30-08.25.49:484][399]LogStreamableManager: Display: RequestAsyncLoad() called with empty or only null assets!
[2026.08.30-08.25.49:488][399]LogStreamableManager: Display: RequestAsyncLoad() called with empty or only null assets!
[2026.08.30-08.25.49:489][399]LogStreamableManager: Display: RequestAsyncLoad() called with empty or only null assets!
[2026.08.30-08.25.49:491][399]LogStreamableManager: Display: RequestAsyncLoad() called with empty or only null assets!
[2026.08.30-08.25.49:491][399]LogStreamableManager: Display: RequestAsyncLoad() called with empty or only null assets!
[2026.08.30-08.25.49:491][399]LogScript: Warning: Script Msg: Attempted to access index 0 from array 'Textures' of length 0 in '/Game/UI/MainMenu/Locker/PlayerCard/WBP_PlayerCard.WBP_PlayerCard_C:UpdateBadges'!
[2026.08.30-08.25.49:491][399]LogScript: Warning: Script Msg: Attempted to access index 1 from array 'Textures' of length 0 in '/Game/UI/MainMenu/Locker/PlayerCard/WBP_PlayerCard.WBP_PlayerCard_C:UpdateBadges'!
[2026.08.30-08.25.49:491][399]LogScript: Warning: Script Msg: Attempted to access index 2 from array 'Textures' of length 0 in '/Game/UI/MainMenu/Locker/PlayerCard/WBP_PlayerCard.WBP_PlayerCard_C:UpdateBadges'!
[2026.08.30-08.25.49:491][399]LogStreamableManager: Display: RequestAsyncLoad() called with empty or only null assets!
[2026.08.30-08.25.49:491][399]LogStreamableManager: Display: RequestAsyncLoad() called with empty or only null assets!
[2026.08.30-08.25.49:491][399]LogStreaming: Display: FlushAsyncLoading(2163): 1 QueuedPackages, 46 AsyncPackages
[2026.08.30-08.25.49:987][399]LogOnlineAchievements: Warning: STEAM: Steam achievements have not been configured in .ini
[2026.08.30-08.25.49:988][399]LogOF1047: Error: Failed to query platform achievements: [1.1.16] unknown
[2026.08.30-08.25.50:004][400]LogStreamableManager: Display: RequestAsyncLoad() called with empty or only null assets!
[2026.08.30-08.25.50:007][400]LogStreamableManager: Display: RequestAsyncLoad() called with empty or only null assets!
[2026.08.30-08.25.50:018][400]LogStreamableManager: Display: RequestAsyncLoad() called with empty or only null assets!
[2026.08.30-08.25.50:018][400]LogStreamableManager: Display: RequestAsyncLoad() called with empty or only null assets!
[2026.08.30-08.25.50:027][400]LogStreamableManager: Display: RequestAsyncLoad() called with empty or only null assets!
[2026.08.30-08.25.50:028][400]LogStreamableManager: Display: RequestAsyncLoad() called with empty or only null assets!
[2026.08.30-08.25.50:032][400]LogStreamableManager: Display: RequestAsyncLoad() called with empty or only null assets!
[2026.08.30-08.25.50:036][400]LogStreamableManager: Display: RequestAsyncLoad() called with empty or only null assets!
[2026.08.30-08.25.50:036][400]LogStreamableManager: Display: RequestAsyncLoad() called with empty or only null assets!
[2026.08.30-08.25.50:039][400]LogStreamableManager: Display: RequestAsyncLoad() called with empty or only null assets!
[2026.08.30-08.25.50:039][400]LogStreamableManager: Display: RequestAsyncLoad() called with empty or only null assets!
[2026.08.30-08.25.50:045][400]LogStreamableManager: Display: RequestAsyncLoad() called with empty or only null assets!
[2026.08.30-08.25.50:045][400]LogStreamableManager: Display: RequestAsyncLoad() called with empty or only null assets!
[2026.08.30-08.25.50:050][400]LogSlate: InvalidateAllWidgets triggered.  All widgets were invalidated
[2026.08.30-08.25.50:053][401]LogStreaming: Display: FlushAsyncLoading(3386): 7 QueuedPackages, 910 AsyncPackages
[2026.08.30-08.25.50:248][401]LogScript: Warning: Script Msg: Divide by zero: Divide_DoubleDouble
[2026.08.30-08.25.50:279][401]LogGrpc: Warning: FGrpcRequest - Maverick::Rooster::Api::LimitedTimeEvents::GetActiveEventData::<lambda_1>::operator () - Error:
 Error Code: 7
 Error Message: RBAC: access denied
[2026.08.30-08.25.50:279][401]LogOnlineServices: Warning: [UPortalWarsLimitedTimeEventsSubsystem::QueryActiveEventData] Failed: User[GameDefined_0:1 (Steam_<STEAMID_REDACTED>)], Result[[1.1.16] unknown]
[2026.08.30-08.25.50:290][401]LogTextFormatter: Warning: Failed to parse argument "GameName" as a number (using "0" as a fallback). Please check your format string for errors: "Playing {GameName}".
[2026.08.30-08.25.50:293][401]LogTextFormatter: Warning: Failed to parse argument "GameName" as a number (using "0" as a fallback). Please check your format string for errors: "Playing {GameName}".
[2026.08.30-08.25.50:299][402]LogStreamableManager: Display: RequestAsyncLoad() called with empty or only null assets!
[2026.08.30-08.25.50:993][402]LogSlate: InvalidateAllWidgets triggered.  All widgets were invalidated
[2026.08.30-08.25.50:993][402]LogGrpc: Warning: FGrpcRequest - Maverick::Api::GameCms::GetLocalizationManifestAuthorized::<lambda_1>::operator () - Error:
 Error Code: 5
 Error Reason: LOCALIZATION_MANIFEST_NOT_FOUND
[2026.08.30-08.25.50:993][402]LogOnlineServices: Warning: [UOF1047LocalizationSubsystem::DownloadLocalizationManifest] Failed: User[GameDefined_0:1 (Steam_<STEAMID_REDACTED>)], Result[[2.99.5] ResponseCode: 5 - ErrorDomain: game-cms-localization-service - ErrorReason: LOCALIZATION_MANIFEST_NOT_FOUND]
[2026.08.30-08.25.50:996][402]LogOF1047Localization: Error: Failed to get Localization Manifest Data for stats-leaderboards. Error: [2.99.5] ResponseCode: 5 - ErrorDomain: game-cms-localization-service - ErrorReason: LOCALIZATION_MANIFEST_NOT_FOUND
[2026.08.30-08.25.51:001][402]LogGrpc: Warning: FGrpcRequest - Maverick::Rooster::Api::LimitedTimeEvents::GetActiveEventDefinitions::<lambda_1>::operator () - Error:
 Error Code: 7
 Error Message: RBAC: access denied
[2026.08.30-08.25.51:001][402]LogOnlineServices: Warning: [UPortalWarsLimitedTimeEventsConfig::QueryConfigInternal] Failed: User[GameDefined_0:1 (Steam_<STEAMID_REDACTED>)], Result[[1.1.16] unknown]
[2026.08.30-08.25.51:001][402]LogOF1047: Warning: Failed to query config Online.Config.Events: [1.1.16] unknown
[2026.08.30-08.25.51:018][402]LogSlate: InvalidateAllWidgets triggered.  All widgets were invalidated
[2026.08.30-08.25.51:021][402]LogSlate: InvalidateAllWidgets triggered.  All widgets were invalidated
[2026.08.30-08.25.51:243][403]LogGrpc: Warning: FGrpcRequest - Maverick::Rooster::Api::Levels::GetXpMultipliers::<lambda_1>::operator () - Error:
 Error Code: 7
 Error Message: RBAC: access denied
[2026.08.30-08.25.51:270][403]LogSlate: InvalidateAllWidgets triggered.  All widgets were invalidated
[2026.08.30-08.25.51:273][403]LogSlate: InvalidateAllWidgets triggered.  All widgets were invalidated
[2026.08.30-08.25.51:357][407]LogGrpc: Warning: FGrpcRequest - Maverick::Rooster::Api::Levels::GetXpMultipliers::<lambda_1>::operator () - Error:
 Error Code: 7
 Error Message: RBAC: access denied
[2026.08.30-08.25.51:379][408]LogSlate: InvalidateAllWidgets triggered.  All widgets were invalidated
[2026.08.30-08.25.51:381][408]LogSlate: InvalidateAllWidgets triggered.  All widgets were invalidated
[2026.08.30-08.25.51:409][409]LogSlate: InvalidateAllWidgets triggered.  All widgets were invalidated
[2026.08.30-08.25.51:411][409]LogSlate: InvalidateAllWidgets triggered.  All widgets were invalidated
[2026.08.30-08.25.51:498][415]LogGrpc: Warning: FGrpcRequest - Maverick::Rooster::Api::Levels::GetXpMultipliers::<lambda_1>::operator () - Error:
 Error Code: 7
 Error Message: RBAC: access denied
[2026.08.30-08.25.51:498][415]LogOnlineServices: Warning: [UPortalWarsXpMultiplierConfig::QueryConfigInternal] Failed: User[GameDefined_0:1 (Steam_<STEAMID_REDACTED>)], Result[[1.1.16] unknown]
[2026.08.30-08.25.51:498][415]LogOF1047: Warning: Failed to query config Online.Config.XpMultipliers: [1.1.16] unknown
[2026.08.30-08.25.51:666][423]LogStreamableManager: Display: RequestAsyncLoad() called with empty or only null assets!
[2026.08.30-08.25.52:588][478]LogMerlin: Data Received: Endpoint: ReportServerSessionManager, Size: 395
[2026.08.30-08.25.53:005][503]LogStreamableManager: Display: RequestAsyncLoad() called with empty or only null assets!
[2026.08.30-08.25.53:006][503]LogStreaming: Display: FlushAsyncLoading(3690): 1 QueuedPackages, 0 AsyncPackages
[2026.08.30-08.25.53:021][503]LogStreamableManager: Display: RequestAsyncLoad() called with empty or only null assets!
[2026.08.30-08.25.53:050][503]LogTexture: Warning: Texture Unknown_5 was padded from 1920x733 to 1920x736 to support runtime compression
[2026.08.30-08.25.53:111][503]LogTexture: Warning: Texture Unknown_7 was padded from 1920x733 to 1920x736 to support runtime compression
[2026.08.30-08.25.53:142][503]LogTexture: Warning: Texture Unknown_8 was padded from 1921x733 to 1924x736 to support runtime compression
[2026.08.30-08.25.53:146][503]LogStreamableManager: Display: RequestAsyncLoad() called with empty or only null assets!
[2026.08.30-08.25.53:149][503]LogStreamableManager: Display: RequestAsyncLoad() called with empty or only null assets!
[2026.08.30-08.25.53:153][503]LogStreamableManager: Display: RequestAsyncLoad() called with empty or only null assets!
[2026.08.30-08.25.53:156][503]LogStreamableManager: Display: RequestAsyncLoad() called with empty or only null assets!
[2026.08.30-08.25.53:159][503]LogStreamableManager: Display: RequestAsyncLoad() called with empty or only null assets!
[2026.08.30-08.25.54:012][554]LogStreamableManager: Display: RequestAsyncLoad() called with empty or only null assets!
[2026.08.30-08.25.54:743][599]LogStreamableManager: Display: RequestAsyncLoad() called with empty or only null assets!
[2026.08.30-08.25.55:747][659]LogPortalWarsUI: Downloading image for save: 158ab87b-d11d-4e30-9a9c-177c11a87d5b at 1280x720
[2026.08.30-08.25.55:748][659]LogCC1047ZipArchive: Decompressing zip archive from buffer
[2026.08.30-08.25.55:748][659]LogCC1047ZipArchive: File "World.cf1047" compressed size: 295084, uncompressed size: 4863514
[2026.08.30-08.25.55:748][659]LogCC1047ZipArchive: Skipping file "World.cf1047"
[2026.08.30-08.25.55:748][660]LogCC1047ZipArchive: File "Screenshot.jpg" compressed size: 374020, uncompressed size: 374068
[2026.08.30-08.25.55:762][660]LogPortalWarsUI: Downloading image for save: 158ab87b-d11d-4e30-9a9c-177c11a87d5b at 1280x720
[2026.08.30-08.25.55:763][660]LogCC1047ZipArchive: Decompressing zip archive from buffer
[2026.08.30-08.25.55:763][660]LogCC1047ZipArchive: File "World.cf1047" compressed size: 330169, uncompressed size: 5036717
[2026.08.30-08.25.55:763][660]LogCC1047ZipArchive: Skipping file "World.cf1047"
[2026.08.30-08.25.55:763][660]LogCC1047ZipArchive: File "Screenshot.jpg" compressed size: 322297, uncompressed size: 322371
[2026.08.30-08.25.56:131][682]LogPortalWarsUI: Downloading image for save: 22adb7e8-beb5-440d-b3c7-3eccccf124d4 at 1280x720
[2026.08.30-08.25.56:132][682]LogCC1047ZipArchive: Decompressing zip archive from buffer
[2026.08.30-08.25.56:132][682]LogCC1047ZipArchive: File "World.cf1047" compressed size: 295668, uncompressed size: 4582951
[2026.08.30-08.25.56:132][682]LogCC1047ZipArchive: Skipping file "World.cf1047"
[2026.08.30-08.25.56:132][682]LogCC1047ZipArchive: File "Screenshot.jpg" compressed size: 378003, uncompressed size: 378091
[2026.08.30-08.25.56:829][724]LogPortalWarsUI: Downloading image for save: 158ab87b-d11d-4e30-9a9c-177c11a87d5b at 1280x720
[2026.08.30-08.25.56:829][724]LogCC1047ZipArchive: Decompressing zip archive from buffer
[2026.08.30-08.25.56:829][724]LogCC1047ZipArchive: File "World.cf1047" compressed size: 322454, uncompressed size: 4298790
[2026.08.30-08.25.56:829][724]LogCC1047ZipArchive: Skipping file "World.cf1047"
[2026.08.30-08.25.56:829][724]LogCC1047ZipArchive: File "Screenshot.jpg" compressed size: 489970, uncompressed size: 489989
[2026.08.30-08.25.56:958][732]LogStreamableManager: Display: RequestAsyncLoad() called with empty or only null assets!
[2026.08.30-08.25.57:161][744]LogStreaming: Display: FlushAsyncLoading(3719): 1 QueuedPackages, 0 AsyncPackages
[2026.08.30-08.25.57:167][744]LogUI1047GameOptions: Warning: Unsupported struct property type for option 'GameOptions.Property.Weapons.AmmoGrantMelee'
[2026.08.30-08.25.57:167][744]LogUI1047GameOptions: Warning: Unsupported struct property type for option 'GameOptions.Property.Weapons.AmmoGrantAmountMelee'
[2026.08.30-08.25.57:167][744]LogUI1047GameOptions: Warning: Unsupported struct property type for option 'GameOptions.Property.Weapons.AmmoGrantRanged'
[2026.08.30-08.25.57:167][744]LogUI1047GameOptions: Warning: Unsupported struct property type for option 'GameOptions.Property.Weapons.AmmoGrantAmountRanged'
[2026.08.30-08.25.57:167][744]LogUI1047GameOptions: Warning: Unsupported struct property type for option 'GameOptions.Property.Weapons.StartingAmmoRestriction'
[2026.08.30-08.25.57:167][744]LogUI1047GameOptions: Warning: Unsupported property type for option 'GameOptions.Property.FactionSelection.RestrictToFactions'
[2026.08.30-08.25.57:167][744]LogUI1047GameOptions: Warning: Unsupported struct property type for option 'GameOptions.Property.FactionSelection.CustomLoadouts'
[2026.08.30-08.25.57:168][744]LogUI1047GameOptions: Warning: Unsupported property type for option 'GameOptions.Property.ItemPads.ItemPadTypes'
[2026.08.30-08.25.57:168][744]LogUI1047GameOptions: Warning: Unsupported struct property type for option 'GameOptions.Property.BotSpawning.Difficulty'
[2026.08.30-08.25.57:168][744]LogUI1047GameOptions: Warning: Unsupported struct property type for option 'GameOptions.Property.BotSpawning.FactionLoadoutOptions'
[2026.08.30-08.25.57:168][744]LogUI1047GameOptions: Warning: Unsupported struct property type for option 'GameOptions.Property.Weapons.AmmoGrantMelee'
[2026.08.30-08.25.57:168][744]LogUI1047GameOptions: Warning: Unsupported struct property type for option 'GameOptions.Property.Weapons.AmmoGrantAmountMelee'
[2026.08.30-08.25.57:168][744]LogUI1047GameOptions: Warning: Unsupported struct property type for option 'GameOptions.Property.Weapons.AmmoGrantRanged'
[2026.08.30-08.25.57:168][744]LogUI1047GameOptions: Warning: Unsupported struct property type for option 'GameOptions.Property.Weapons.AmmoGrantAmountRanged'
[2026.08.30-08.25.57:168][744]LogUI1047GameOptions: Warning: Unsupported struct property type for option 'GameOptions.Property.Weapons.StartingAmmoRestriction'
[2026.08.30-08.25.57:168][744]LogUI1047GameOptions: Warning: Unsupported property type for option 'GameOptions.Property.FactionSelection.RestrictToFactions'
[2026.08.30-08.25.57:168][744]LogUI1047GameOptions: Warning: Unsupported struct property type for option 'GameOptions.Property.FactionSelection.CustomLoadouts'
[2026.08.30-08.25.57:168][744]LogUI1047GameOptions: Warning: Unsupported property type for option 'GameOptions.Property.ItemPads.ItemPadTypes'
[2026.08.30-08.25.57:168][744]LogUI1047GameOptions: Warning: Unsupported struct property type for option 'GameOptions.Property.BotSpawning.Difficulty'
[2026.08.30-08.25.57:168][744]LogUI1047GameOptions: Warning: Unsupported struct property type for option 'GameOptions.Property.BotSpawning.FactionLoadoutOptions'
[2026.08.30-08.25.57:171][744]LogUI1047GameOptions: Warning: Unsupported struct property type for option 'GameOptions.Property.Weapons.AmmoGrantMelee'
[2026.08.30-08.25.57:172][744]LogUI1047GameOptions: Warning: Unsupported struct property type for option 'GameOptions.Property.Weapons.AmmoGrantAmountMelee'
[2026.08.30-08.25.57:172][744]LogUI1047GameOptions: Warning: Unsupported struct property type for option 'GameOptions.Property.Weapons.AmmoGrantRanged'
[2026.08.30-08.25.57:172][744]LogUI1047GameOptions: Warning: Unsupported struct property type for option 'GameOptions.Property.Weapons.AmmoGrantAmountRanged'
[2026.08.30-08.25.57:172][744]LogUI1047GameOptions: Warning: Unsupported struct property type for option 'GameOptions.Property.Weapons.StartingAmmoRestriction'
[2026.08.30-08.25.57:172][744]LogUI1047GameOptions: Warning: Unsupported property type for option 'GameOptions.Property.FactionSelection.RestrictToFactions'
[2026.08.30-08.25.57:172][744]LogUI1047GameOptions: Warning: Unsupported struct property type for option 'GameOptions.Property.FactionSelection.CustomLoadouts'
[2026.08.30-08.25.57:172][744]LogUI1047GameOptions: Warning: Unsupported property type for option 'GameOptions.Property.ItemPads.ItemPadTypes'
[2026.08.30-08.25.57:172][744]LogUI1047GameOptions: Warning: Unsupported struct property type for option 'GameOptions.Property.BotSpawning.Difficulty'
[2026.08.30-08.25.57:172][744]LogUI1047GameOptions: Warning: Unsupported struct property type for option 'GameOptions.Property.BotSpawning.FactionLoadoutOptions'
[2026.08.30-08.25.57:172][744]LogUI1047GameOptions: Warning: Unsupported struct property type for option 'GameOptions.Property.Weapons.AmmoGrantMelee'
[2026.08.30-08.25.57:172][744]LogUI1047GameOptions: Warning: Unsupported struct property type for option 'GameOptions.Property.Weapons.AmmoGrantAmountMelee'
[2026.08.30-08.25.57:172][744]LogUI1047GameOptions: Warning: Unsupported struct property type for option 'GameOptions.Property.Weapons.AmmoGrantRanged'
[2026.08.30-08.25.57:172][744]LogUI1047GameOptions: Warning: Unsupported struct property type for option 'GameOptions.Property.Weapons.AmmoGrantAmountRanged'
[2026.08.30-08.25.57:172][744]LogUI1047GameOptions: Warning: Unsupported struct property type for option 'GameOptions.Property.Weapons.StartingAmmoRestriction'
[2026.08.30-08.25.57:172][744]LogUI1047GameOptions: Warning: Unsupported property type for option 'GameOptions.Property.FactionSelection.RestrictToFactions'
[2026.08.30-08.25.57:172][744]LogUI1047GameOptions: Warning: Unsupported struct property type for option 'GameOptions.Property.FactionSelection.CustomLoadouts'
[2026.08.30-08.25.57:172][744]LogUI1047GameOptions: Warning: Unsupported property type for option 'GameOptions.Property.ItemPads.ItemPadTypes'
[2026.08.30-08.25.57:172][744]LogUI1047GameOptions: Warning: Unsupported struct property type for option 'GameOptions.Property.BotSpawning.Difficulty'
[2026.08.30-08.25.57:172][744]LogUI1047GameOptions: Warning: Unsupported struct property type for option 'GameOptions.Property.BotSpawning.FactionLoadoutOptions'
[2026.08.30-08.25.57:181][744]LogMovieScene: Starting new camera cut: 'CineCameraActor_2147470162'
[2026.08.30-08.25.57:189][745]LogStreamableManager: Display: RequestAsyncLoad() called with empty or only null assets!
[2026.08.30-08.25.57:190][745]LogStreamableManager: Display: RequestAsyncLoad() called with empty or only null assets!
[2026.08.30-08.25.57:202][746]LogStreamableManager: Display: RequestAsyncLoad() called with empty or only null assets!
[2026.08.30-08.25.57:203][746]LogStreamableManager: Display: RequestAsyncLoad() called with empty or only null assets!
[2026.08.30-08.25.57:204][746]LogStreamableManager: Display: RequestAsyncLoad() called with empty or only null assets!
[2026.08.30-08.25.57:205][746]LogStreamableManager: Display: RequestAsyncLoad() called with empty or only null assets!
[2026.08.30-08.25.57:786][781]LogPortalWarsUI: Downloading image for save: 94629f8c-0ec7-4c66-b32f-6fee7ae4209c at 1280x720
[2026.08.30-08.25.57:787][781]LogCC1047ZipArchive: Decompressing zip archive from buffer
[2026.08.30-08.25.57:787][781]LogCC1047ZipArchive: File "World.cf1047" compressed size: 199273, uncompressed size: 2821850
[2026.08.30-08.25.57:787][781]LogCC1047ZipArchive: Skipping file "World.cf1047"
[2026.08.30-08.25.57:787][781]LogCC1047ZipArchive: File "Screenshot.jpg" compressed size: 399859, uncompressed size: 399984
[2026.08.30-08.26.04:447][178]Core1047InputUserSettings: PreSave >> Has Completed!
[2026.08.30-08.26.12:391][654]LogStreamableManager: Display: RequestAsyncLoad() called with empty or only null assets!
[2026.08.30-08.26.24:367][372]LogTextFormatter: Warning: Failed to parse argument "GameName" as a number (using "0" as a fallback). Please check your format string for errors: "Playing {GameName}".
[2026.08.30-08.26.24:367][372]LogTextFormatter: Warning: Failed to parse argument "GameName" as a number (using "0" as a fallback). Please check your format string for errors: "Playing {GameName}".
[2026.08.30-08.26.31:738][805]LogActor: Warning: BP_LightRig_C /Game/Maps/MainMenu/MainMenu.MainMenu:PersistentLevel.BP_LightRig_2147469488 has natively added scene component(s), but none of them were set as the actor's RootComponent - picking one arbitrarily
[2026.08.30-08.26.31:740][805]LogMovieScene: Starting new camera cut: 'CineCameraActor_2147469480'
[2026.08.30-08.26.40:356][322]LogTemp: Warning: SERVER BOOTING: b46e209a-a375-4024-8d50-9f6d385dfcd6
[2026.08.30-08.26.40:356][322]LogStreaming: Display: FlushAsyncLoading(3722): 1 QueuedPackages, 1 AsyncPackages
[2026.08.30-08.26.40:364][322]LogPortalWarsUI: Created transition stinger of type /Game/UI/Stinger/WBP_PortalWallTransitionStinger.WBP_PortalWallTransitionStinger_C
[2026.08.30-08.26.48:236][795]LogTemp: Warning: SERVER READY: 172.232.183.202:31539
[2026.08.30-08.26.48:237][795]LogStreaming: Display: FlushAsyncLoading(3723): 1 QueuedPackages, 0 AsyncPackages
[2026.08.30-08.26.48:246][795]LogPortalWarsUI: Created transition stinger of type /Game/UI/Stinger/WBP_PreMatchTransitionStinger.WBP_PreMatchTransitionStinger_C
[2026.08.30-08.26.50:385][924]LogGlobalStatus: UEngine::Browse Started Browse: "172.232.183.202:31539/Game/Maps/MainMenu/MainMenu"
[2026.08.30-08.26.50:385][924]LogNet: Browse: 172.232.183.202:31539/Game/Maps/MainMenu/MainMenu
[2026.08.30-08.26.50:385][924]LogIris: Display: Iris ReplicationSystem[0]: ReplicationSystem_2147469324 (0x00000276C6E42C40) is created
[2026.08.30-08.26.50:385][924]LogIris: NetRefHandleManager: Configured with MaxActiveObjectCount=65536, MaxInternalNetRefIndex: 65536, Grow=16384, NetChunkedArray: Init=65536|Highest=65535
[2026.08.30-08.26.50:388][924]LogIrisGroup: Created GroupHandle named: NotReplicated Index: 1 Id: 1
[2026.08.30-08.26.50:388][924]LogIrisGroup: Created GroupHandle named: NetGroupOwner Index: 2 Id: 2
[2026.08.30-08.26.50:388][924]LogIrisGroup: Created GroupHandle named: NetGroupReplay Index: 3 Id: 3
[2026.08.30-08.26.50:388][924]LogPushModel: PushModel HandleCreation is now disabled
[2026.08.30-08.26.50:388][924]LogNet: InitBase PendingNetDriver (NetDriverDefinition GameNetDriver) using replication model Iris
[2026.08.30-08.26.50:388][924]LogNet: Registering network metrics listener /Script/Engine.NetworkMetricsCSV_Replication for metric NumConnections
[2026.08.30-08.26.50:388][924]LogNet: Registering network metrics listener /Script/Engine.NetworkMetricsCSV_Replication for metric Connections
[2026.08.30-08.26.50:388][924]LogNet: Registering network metrics listener /Script/Engine.NetworkMetricsCSV_Replication for metric InPacketsClientAvg
[2026.08.30-08.26.50:388][924]LogNet: Registering network metrics listener /Script/Engine.NetworkMetricsCSV_Replication for metric InPacketsClientMax
[2026.08.30-08.26.50:388][924]LogNet: Registering network metrics listener /Script/Engine.NetworkMetricsCSV_Replication for metric NumberOfActiveActors
[2026.08.30-08.26.50:388][924]LogNet: Registering network metrics listener /Script/Engine.NetworkMetricsCSV_Replication for metric NumberOfFullyDormantActors
[2026.08.30-08.26.50:388][924]LogNet: Registering network metrics listener /Script/Engine.NetworkMetricsCSV_Replication for metric NumClientUpdateLevelVisibility
[2026.08.30-08.26.50:388][924]LogNet: Registering network metrics listener /Script/Engine.NetworkMetricsCSV_Replication for metric NumReplicateActorCallsPerConAvg
[2026.08.30-08.26.50:388][924]LogNet: Registering network metrics listener /Script/Engine.NetworkMetricsCSV_Replication for metric OutKBytes
[2026.08.30-08.26.50:388][924]LogNet: Registering network metrics listener /Script/Engine.NetworkMetricsCSV_Replication for metric OutNetGUIDKBytesSec
[2026.08.30-08.26.50:388][924]LogNet: Registering network metrics listener /Script/Engine.NetworkMetricsCSV_Replication for metric OutPacketsClientAvg
[2026.08.30-08.26.50:388][924]LogNet: Registering network metrics listener /Script/Engine.NetworkMetricsCSV_Replication for metric OutPacketsClientMax
[2026.08.30-08.26.50:388][924]LogNet: Registering network metrics listener /Script/Engine.NetworkMetricsCSV_Replication for metric SatConnections
[2026.08.30-08.26.50:388][924]LogNet: Registering network metrics listener /Script/Engine.NetworkMetricsCSV_Replication for metric ServerReplicateActorTimeMS
[2026.08.30-08.26.50:388][924]LogNet: Registering network metrics listener /Script/Engine.NetworkMetricsCSV_Replication for metric OutgoingReliableMessageQueueMaxSize
[2026.08.30-08.26.50:388][924]LogNet: Registering network metrics listener /Script/Engine.NetworkMetricsCSV_Replication for metric IncomingReliableMessageQueueMaxSize
[2026.08.30-08.26.50:388][924]LogNet: Registering network metrics listener /Script/Engine.NetworkMetricsCSV_Replication for metric InPacketsPerFrame
[2026.08.30-08.26.50:388][924]LogNet: Registering network metrics listener /Script/Engine.NetworkMetricsCSV_Replication for metric OutPacketsPerFrame
[2026.08.30-08.26.50:388][924]LogNet: Registering network metrics listener /Script/Engine.NetworkMetricsCSV_Replication for metric InLostPacketsFoundPerFrame
[2026.08.30-08.26.50:388][924]LogNet: Registering network metrics listener /Script/Engine.NetworkMetricsCSV_Replication for metric OutLostPacketsFoundPerFrame
[2026.08.30-08.26.50:388][924]LogNet: Registering network metrics listener /Script/Engine.NetworkMetricsCSV_Replication for metric Ping
[2026.08.30-08.26.50:388][924]LogNet: Registering network metrics listener /Script/Engine.NetworkMetricsCSV_Replication for metric InRate
[2026.08.30-08.26.50:388][924]LogNet: Registering network metrics listener /Script/Engine.NetworkMetricsCSV_Replication for metric OutRate
[2026.08.30-08.26.50:388][924]LogNet: Registering network metrics listener /Script/Engine.NetworkMetricsCSV_Replication for metric AverageJitterInMS
[2026.08.30-08.26.50:388][924]LogNet: Registering network metrics listener /Script/Engine.NetworkMetricsCSV_Replication for metric InPacketsLost
[2026.08.30-08.26.50:388][924]LogNet: Registering network metrics listener /Script/Engine.NetworkMetricsCSV_Replication for metric OutPacketsLost
[2026.08.30-08.26.50:388][924]LogNet: Registering network metrics listener /Script/Engine.NetworkMetricsPerfCounters for metric NumConnections
[2026.08.30-08.26.50:388][924]LogNet: Registering network metrics listener /Script/Engine.NetworkMetricsPerfCounters for metric AvgPing
[2026.08.30-08.26.50:388][924]LogNet: Registering network metrics listener /Script/Engine.NetworkMetricsPerfCounters for metric InBunches
[2026.08.30-08.26.50:388][924]LogNet: Registering network metrics listener /Script/Engine.NetworkMetricsPerfCounters for metric InPackets
[2026.08.30-08.26.50:388][924]LogNet: Registering network metrics listener /Script/Engine.NetworkMetricsPerfCounters for metric InPacketsClientPerSecondAvg
[2026.08.30-08.26.50:388][924]LogNet: Registering network metrics listener /Script/Engine.NetworkMetricsPerfCounters for metric InPacketsClientPerSecondMax
[2026.08.30-08.26.50:388][924]LogNet: Registering network metrics listener /Script/Engine.NetworkMetricsPerfCounters for metric InPacketsClientPerSecondMin
[2026.08.30-08.26.50:388][924]LogNet: Registering network metrics listener /Script/Engine.NetworkMetricsPerfCounters for metric InPacketsLost
[2026.08.30-08.26.50:388][924]LogNet: Registering network metrics listener /Script/Engine.NetworkMetricsPerfCounters for metric InRate
[2026.08.30-08.26.50:388][924]LogNet: Registering network metrics listener /Script/Engine.NetworkMetricsPerfCounters for metric InRateClientAvg
[2026.08.30-08.26.50:388][924]LogNet: Registering network metrics listener /Script/Engine.NetworkMetricsPerfCounters for metric InRateClientMax
[2026.08.30-08.26.50:388][924]LogNet: Registering network metrics listener /Script/Engine.NetworkMetricsPerfCounters for metric InRateClientMin
[2026.08.30-08.26.50:388][924]LogNet: Registering network metrics listener /Script/Engine.NetworkMetricsPerfCounters for metric MaxPacketOverhead
[2026.08.30-08.26.50:388][924]LogNet: Registering network metrics listener /Script/Engine.NetworkMetricsPerfCounters for metric MaxPing
[2026.08.30-08.26.50:388][924]LogNet: Registering network metrics listener /Script/Engine.NetworkMetricsPerfCounters for metric MinPing
[2026.08.30-08.26.50:388][924]LogNet: Registering network metrics listener /Script/Engine.NetworkMetricsPerfCounters for metric NumClients
[2026.08.30-08.26.50:388][924]LogNet: Registering network metrics listener /Script/Engine.NetworkMetricsPerfCounters for metric Connections
[2026.08.30-08.26.50:388][924]LogNet: Registering network metrics listener /Script/Engine.NetworkMetricsPerfCounters for metric OutBunches
[2026.08.30-08.26.50:388][924]LogNet: Registering network metrics listener /Script/Engine.NetworkMetricsPerfCounters for metric OutPackets
[2026.08.30-08.26.50:388][924]LogNet: Registering network metrics listener /Script/Engine.NetworkMetricsPerfCounters for metric OutPacketsClientPerSecondAvg
[2026.08.30-08.26.50:388][924]LogNet: Registering network metrics listener /Script/Engine.NetworkMetricsPerfCounters for metric OutPacketsClientPerSecondMax
[2026.08.30-08.26.50:388][924]LogNet: Registering network metrics listener /Script/Engine.NetworkMetricsPerfCounters for metric OutPacketsClientPerSecondMin
[2026.08.30-08.26.50:388][924]LogNet: Registering network metrics listener /Script/Engine.NetworkMetricsPerfCounters for metric OutPacketsLost
[2026.08.30-08.26.50:388][924]LogNet: Registering network metrics listener /Script/Engine.NetworkMetricsPerfCounters for metric OutRate
[2026.08.30-08.26.50:388][924]LogNet: Registering network metrics listener /Script/Engine.NetworkMetricsPerfCounters for metric OutRateClientAvg
[2026.08.30-08.26.50:388][924]LogNet: Registering network metrics listener /Script/Engine.NetworkMetricsPerfCounters for metric OutRateClientMax
[2026.08.30-08.26.50:388][924]LogNet: Registering network metrics listener /Script/Engine.NetworkMetricsPerfCounters for metric OutRateClientMin
[2026.08.30-08.26.50:388][924]LogNet: Registering network metrics listener /Script/Engine.NetworkMetricsPerfCounters for metric PingBucketInt0
[2026.08.30-08.26.50:388][924]LogNet: Registering network metrics listener /Script/Engine.NetworkMetricsPerfCounters for metric PingBucketInt1
[2026.08.30-08.26.50:388][924]LogNet: Registering network metrics listener /Script/Engine.NetworkMetricsPerfCounters for metric PingBucketInt2
[2026.08.30-08.26.50:388][924]LogNet: Registering network metrics listener /Script/Engine.NetworkMetricsPerfCounters for metric PingBucketInt3
[2026.08.30-08.26.50:388][924]LogNet: Registering network metrics listener /Script/Engine.NetworkMetricsPerfCounters for metric PingBucketInt4
[2026.08.30-08.26.50:388][924]LogNet: Registering network metrics listener /Script/Engine.NetworkMetricsPerfCounters for metric PingBucketInt5
[2026.08.30-08.26.50:388][924]LogNet: Registering network metrics listener /Script/Engine.NetworkMetricsPerfCounters for metric PingBucketInt6
[2026.08.30-08.26.50:388][924]LogNet: Registering network metrics listener /Script/Engine.NetworkMetricsPerfCounters for metric PingBucketInt7
[2026.08.30-08.26.50:388][924]LogNet: Registering network metrics listener /Script/Engine.NetworkMetricsPerfCounters for metric ClosedConnectionsDueToReliableBufferOverflow
[2026.08.30-08.26.50:388][924]LogNet: Registering network metrics listener /Script/Engine.NetworkMetricsPerfCounters for metric AddedConnections
[2026.08.30-08.26.50:388][924]LogInit: WinSock: Socket queue. Rx: 524288 (config 524288) Tx: 524288 (config 524288)
[2026.08.30-08.26.50:388][924]LogNet: Created socket for bind address: 0.0.0.0:0
[2026.08.30-08.26.50:388][924]LogNet: IpConnection_2147469307 setting maximum channels to: 32767
[2026.08.30-08.26.50:389][924]PacketHandlerLog: Loaded PacketHandler component: OodleNetworkHandlerComponent ()
[2026.08.30-08.26.50:389][924]PacketHandlerLog: Loaded PacketHandler component: DTLSHandlerComponent ()
[2026.08.30-08.26.50:389][924]PacketHandlerLog: Loaded PacketHandler component: Engine.EngineHandlerComponentFactory (StatelessConnectHandlerComponent)
[2026.08.30-08.26.50:389][924]LogHandshake: Stateless Handshake: NetDriverDefinition 'GameNetDriver' CachedClientID: 1
[2026.08.30-08.26.50:395][924]OodleNetworkHandlerComponentLog: Loading dictionary file: ../../../PortalWars2/Content/Oodle/PortalWars2Output.udic
[2026.08.30-08.26.50:424][924]OodleNetworkHandlerComponentLog: Loading dictionary file: ../../../PortalWars2/Content/Oodle/PortalWars2Input.udic
[2026.08.30-08.26.50:448][924]LogNet: Game client on port 31539, rate 100000000
[2026.08.30-08.26.50:448][924]LogNetVersion: PortalWars2 3.1, NetCL: 591413, EngineNetworkVersion: 36, GameNetworkVersion: 0 (Checksum: 2613387917)
[2026.08.30-08.26.50:448][924]LogNetVersion: Checksum from delegate: 1715978112
[2026.08.30-08.26.50:449][924]LogLoadingScreen: Showing loading screen when 'IsShowingInitialLoadingScreen()' is false.
[2026.08.30-08.26.50:449][924]LogLoadingScreen: We are connecting to another server (PendingNetGame != nullptr)
[2026.08.30-08.26.50:449][924]LogStreaming: Display: FlushAsyncLoading(3724): 1 QueuedPackages, 0 AsyncPackages
[2026.08.30-08.26.50:454][924]LogStreamableManager: Display: RequestAsyncLoad() called with empty or only null assets!
[2026.08.30-08.26.50:454][924]LogRHI: ShaderPipelineCache: Batch mode changed (1): Size: 1 -> 50, Time: 0.000000 -> 16.000000
[2026.08.30-08.26.50:454][924]LogCore: Display: Setting hang detector multiplier to 1.0000s. New hang duration: 0.0000s. New present duration: 0.0000s.
[2026.08.30-08.26.50:456][924]LogLoadingScreen: Loading screen showing: 1. Reason: We are connecting to another server (PendingNetGame != nullptr)
[2026.08.30-08.26.51:544][991]LogRHI: Display: ShaderPipelineCache: GameUsageMask [18446744073709551615] precompile complete.
[2026.08.30-08.26.51:569][993]LogRHI: Warning: FShaderPipelineCache PortalWars2 completed 5517 tasks in 0.29s (94.26s wall time since intial open).
[2026.08.30-08.26.51:581][993]LogRHI: FShaderPipelineCache::BeginNextPrecompileCacheTask() - PortalWars2_usr begining compile.
[2026.08.30-08.26.51:582][993]LogRHI: Display: FShaderPipelineCache starting pipeline cache 'PortalWars2_usr' and enqueued 325 tasks for precompile. (cache contains 325, 325 eligible, 0 had missing shaders. 0 already compiled). BatchSize 78 and BatchTime 16.000000.
[2026.08.30-08.26.51:714][  1]LogNet: UPendingNetGame::SendInitialJoin: Sending hello. [UNetConnection] RemoteAddr: 172.232.183.202:31539, Name: IpConnection_2147469307, Driver: Name:PendingNetDriver Def:GameNetDriver IpNetDriver_2147469326, IsServer: NO, PC: NULL, Owner: NULL, UniqueId: INVALID
[2026.08.30-08.26.51:847][  9]LogNet: Welcomed by server (Level: /MAP_TriHard/TriHard_Main, Game: /Game/GameModes/PortalWarsGameModeV2_BP.PortalWarsGameModeV2_BP_C)
[2026.08.30-08.26.51:848][  9]LogLoad: LoadMap: 172.232.183.202:31539/MAP_TriHard/TriHard_Main?game=/Game/GameModes/PortalWarsGameModeV2_BP.PortalWarsGameModeV2_BP_C
[2026.08.30-08.26.51:848][  9]LogWorld: BeginTearingDown for /Game/Maps/MainMenu/MainMenu
[2026.08.30-08.26.51:854][  9]LogRHI: Display: ShaderPipelineCache: GameUsageMask [18446744073709551615] precompile complete.
[2026.08.30-08.26.51:857][  9]LogUI1047: Frame Rate Limit Restored to Player Settings Value of: 162
[2026.08.30-08.26.51:858][  9]LogConsoleManager: Display:  |-> Unsetting r.SubsurfaceScattering, now 0
[2026.08.30-08.26.51:858][  9]LogConsoleManager: Display:  |-> Unsetting r.LightMaxDrawDistanceScale, now 1.000000
[2026.08.30-08.26.51:858][  9]LogConsoleManager: Display:  |-> Unsetting r.SeparateTranslucency, now 0
[2026.08.30-08.26.51:858][  9]LogConsoleManager: Display:  |-> Unsetting r.PostProcessing.QuarterResolutionDownsample, now 1
[2026.08.30-08.26.51:858][  9]LogConsoleManager: Display:  |-> Unsetting r.Translucency.DynamicRes.TimeBudget, now 0.500000
[2026.08.30-08.26.51:858][  9]LogConsoleManager: Display:  |-> Unsetting r.VRS.ReflectionEnvironmentSky, now 0
[2026.08.30-08.26.51:858][  9]LogConsoleManager: Display:  |-> Unsetting r.VRS.SSR, now 2
[2026.08.30-08.26.51:860][  9]LogWorld: UWorld::CleanupWorld for MainMenu, bSessionEnded=true, bCleanupResources=true
[2026.08.30-08.26.51:861][  9]LogSlate: InvalidateAllWidgets triggered.  All widgets were invalidated
[2026.08.30-08.26.51:861][  9]LogWorldPartition: UWorldPartition::Uninitialize : World = /Game/Maps/MainMenu/MainMenu.MainMenu
[2026.08.30-08.26.51:861][  9]LogActorPool: Clearing all actor pools
[2026.08.30-08.26.51:861][  9]LogAT1047InputRecorderSubsystem: Display: [UAT1047InputRecorderSubsystem::StopPlayback] All playback sessions stopped.
[2026.08.30-08.26.51:861][  9]LogSlate: Toggling fast path.  New State: 1
[2026.08.30-08.26.51:961][  9]LogUObjectHash: Compacting FUObjectHashTables data took   2.06ms
[2026.08.30-08.26.51:974][  9]LogStreaming: Display: FlushAsyncLoading(3727): 1 QueuedPackages, 2 AsyncPackages
[2026.08.30-08.26.52:168][  9]LogCC1047Objects: Loaded 886 actor descriptors
[2026.08.30-08.26.52:168][  9]LogAT1047InputRecorderSubsystem: Display: [UAT1047InputRecorderSubsystem::ResetSettingsToDefaults] Settings reset to defaults from InputRecorderSettings
[2026.08.30-08.26.52:176][  9]LogWorld: Bringing World /MAP_TriHard/TriHard_Main.TriHard_Main up for play (max tick rate 162) at 2026.08.30-01.26.52
[2026.08.30-08.26.52:177][  9]LogWorld: Bringing up level for play took: 0.004090
[2026.08.30-08.26.52:178][  9]LogLoad: Took 0.330024 seconds to LoadMap(/MAP_TriHard/TriHard_Main)
[2026.08.30-08.26.52:178][  9]LogGlobalStatus: UEngine::LoadMap Load map complete /MAP_TriHard/TriHard_Main
[2026.08.30-08.26.52:178][  9]LogGlobalStatus: UPendingNetGame::TravelCompleted Pending net game travel completed
[2026.08.30-08.26.52:357][ 11]LogRHI: Warning: FShaderPipelineCache PortalWars2_usr completed 325 tasks in 0.03s (0.71s wall time since intial open).
[2026.08.30-08.26.52:357][ 11]LogRHI: FShaderPipelineCache::BeginNextPrecompileCacheTask() - Finished, no jobs remaining.
[2026.08.30-08.26.52:358][ 12]LogMaterial: Error: Loading a material resource None with an invalid ShaderMap!
[2026.08.30-08.26.52:358][ 12]LogMaterial: Error: Loading a material resource None with an invalid ShaderMap!
[2026.08.30-08.26.52:396][ 16]LogIris: Warning: Generating descriptor for struct UpdateLevelVisibilityLevelInfo that has custom serialization.
[2026.08.30-08.26.52:397][ 16]LogEnhancedInput: Warning: A key profile with the name 'InputUserSettings.Profiles.Player' already exists! Use a different name.
[2026.08.30-08.26.52:397][ 16]LogEnhancedInput: Warning: A key profile with the name 'InputUserSettings.Profiles.Default' already exists! Use a different name.
[2026.08.30-08.26.52:397][ 16]Core1047InputUserSettings: KeyRebinding_ReregisterPlayerProfile >> Ran!
[2026.08.30-08.26.52:397][ 16]LogCore1047InputSubsystem: Apply input mode: ECore1047InputMethod::MouseAndKeyboard
[2026.08.30-08.26.52:397][ 16]LogIris: Warning: Generating descriptor for struct Timespan that has custom serialization.
[2026.08.30-08.26.52:397][ 16]LogIris: Warning: Generating descriptor for struct Timespan that has custom serialization.
[2026.08.30-08.26.52:398][ 16]LogStreaming: Display: FlushAsyncLoading(3774): 1 QueuedPackages, 0 AsyncPackages
[2026.08.30-08.26.52:400][ 16]LogStreamableManager: Display: RequestAsyncLoad() called with empty or only null assets!
[2026.08.30-08.26.52:400][ 16]LogStreamableManager: Display: RequestAsyncLoad() called with empty or only null assets!
[2026.08.30-08.26.52:400][ 16]LogScript: Warning: Script Msg: Attempted to access index 0 from array 'Textures' of length 0 in '/Game/UI/MainMenu/Locker/PlayerCard/WBP_PlayerCard.WBP_PlayerCard_C:UpdateBadges'!
[2026.08.30-08.26.52:400][ 16]LogScript: Warning: Script Msg: Attempted to access index 1 from array 'Textures' of length 0 in '/Game/UI/MainMenu/Locker/PlayerCard/WBP_PlayerCard.WBP_PlayerCard_C:UpdateBadges'!
[2026.08.30-08.26.52:400][ 16]LogScript: Warning: Script Msg: Attempted to access index 2 from array 'Textures' of length 0 in '/Game/UI/MainMenu/Locker/PlayerCard/WBP_PlayerCard.WBP_PlayerCard_C:UpdateBadges'!
[2026.08.30-08.26.52:402][ 16]LogCC1047CustomMapSupport: Custom map support initialized on client.
[2026.08.30-08.26.52:405][ 16]LogGF1047Experience: Starting experience load (CLIENT): Default__EXP_PreGame_Generic_C
[2026.08.30-08.26.52:405][ 16]LogAssetManager: Warning: Invalid Primary Asset Type : ChangeBundleStateForPrimaryAssets failed to find NameData
[2026.08.30-08.26.52:405][ 16]LogStreamableManager: Display: RequestAsyncLoad() called with empty or only null assets!
[2026.08.30-08.26.52:406][ 16]LogNiagara: Found 0 Niagara systems with PoolPrimeSize > 0
[2026.08.30-08.26.52:406][ 16]LogNiagara: Primed 0 additional Niagara systems from Asset Registry
[2026.08.30-08.26.52:419][ 16]LogSlate: InvalidateAllWidgets triggered.  All widgets were invalidated
[2026.08.30-08.26.52:422][ 17]LogViewport: Display: Viewport MouseLockMode Changed, LockInFullscreen -> LockOnCapture
[2026.08.30-08.26.52:422][ 17]LogViewport: Display: Viewport MouseCaptureMode Changed, NoCapture -> CapturePermanently
[2026.08.30-08.26.52:422][ 17]LogSlate: InvalidateAllWidgets triggered.  All widgets were invalidated
[2026.08.30-08.26.52:424][ 17]LogStreamableManager: Display: RequestAsyncLoad() called with empty or only null assets!
[2026.08.30-08.26.52:424][ 17]LogStreamableManager: Display: RequestAsyncLoad() called with empty or only null assets!
[2026.08.30-08.26.52:427][ 17]LogStreamableManager: Display: RequestAsyncLoad() called with empty or only null assets!
[2026.08.30-08.26.52:431][ 17]LogStreamableManager: Display: RequestAsyncLoad() called with empty or only null assets!
[2026.08.30-08.26.52:432][ 17]LogStreamableManager: Display: RequestAsyncLoad() called with empty or only null assets!
[2026.08.30-08.26.52:437][ 17]LogStreamableManager: Display: RequestAsyncLoad() called with empty or only null assets!
[2026.08.30-08.26.52:438][ 17]LogStreamableManager: Display: RequestAsyncLoad() called with empty or only null assets!
[2026.08.30-08.26.52:445][ 17]LogStreamableManager: Display: RequestAsyncLoad() called with empty or only null assets!
[2026.08.30-08.26.52:445][ 17]LogStreamableManager: Display: RequestAsyncLoad() called with empty or only null assets!
[2026.08.30-08.26.52:448][ 17]LogStreamableManager: Display: RequestAsyncLoad() called with empty or only null assets!
[2026.08.30-08.26.52:450][ 17]LogStreamableManager: Display: RequestAsyncLoad() called with empty or only null assets!
[2026.08.30-08.26.52:450][ 17]LogStreamableManager: Display: RequestAsyncLoad() called with empty or only null assets!
[2026.08.30-08.26.52:452][ 17]LogStreamableManager: Display: RequestAsyncLoad() called with empty or only null assets!
[2026.08.30-08.26.52:452][ 17]LogStreamableManager: Display: RequestAsyncLoad() called with empty or only null assets!
[2026.08.30-08.26.52:455][ 17]LogStreamableManager: Display: RequestAsyncLoad() called with empty or only null assets!
[2026.08.30-08.26.52:455][ 17]LogStreamableManager: Display: RequestAsyncLoad() called with empty or only null assets!
[2026.08.30-08.26.52:456][ 17]LogSlate: InvalidateAllWidgets triggered.  All widgets were invalidated
[2026.08.30-08.26.52:486][ 21]LogGF1047Experience: Experience load complete (CLIENT): Default__EXP_PreGame_Generic_C
[2026.08.30-08.26.52:487][ 21]LogStreaming: Display: FlushAsyncLoading(3803): 1 QueuedPackages, 24 AsyncPackages
[2026.08.30-08.26.52:487][ 21]LogStreamableManager: Display: RequestAsyncLoad() called with empty or only null assets!
[2026.08.30-08.26.52:494][ 21]LogUI1047GameOptions: Warning: Unsupported struct property type for option 'GameOptions.Property.Weapons.AmmoGrantMelee'
[2026.08.30-08.26.52:494][ 21]LogUI1047GameOptions: Warning: Unsupported struct property type for option 'GameOptions.Property.Weapons.AmmoGrantAmountMelee'
[2026.08.30-08.26.52:495][ 21]LogUI1047GameOptions: Warning: Unsupported struct property type for option 'GameOptions.Property.Weapons.AmmoGrantRanged'
[2026.08.30-08.26.52:495][ 21]LogUI1047GameOptions: Warning: Unsupported struct property type for option 'GameOptions.Property.Weapons.AmmoGrantAmountRanged'
[2026.08.30-08.26.52:495][ 21]LogUI1047GameOptions: Warning: Unsupported struct property type for option 'GameOptions.Property.Weapons.StartingAmmoRestriction'
[2026.08.30-08.26.52:495][ 21]LogUI1047GameOptions: Warning: Unsupported property type for option 'GameOptions.Property.FactionSelection.RestrictToFactions'
[2026.08.30-08.26.52:495][ 21]LogUI1047GameOptions: Warning: Unsupported struct property type for option 'GameOptions.Property.FactionSelection.CustomLoadouts'
[2026.08.30-08.26.52:495][ 21]LogUI1047GameOptions: Warning: Unsupported property type for option 'GameOptions.Property.ItemPads.ItemPadTypes'
[2026.08.30-08.26.52:495][ 21]LogUI1047GameOptions: Warning: Unsupported struct property type for option 'GameOptions.Property.BotSpawning.Difficulty'
[2026.08.30-08.26.52:495][ 21]LogUI1047GameOptions: Warning: Unsupported struct property type for option 'GameOptions.Property.BotSpawning.FactionLoadoutOptions'
[2026.08.30-08.26.52:495][ 21]LogUI1047GameOptions: Warning: Unsupported struct property type for option 'GameOptions.Property.Weapons.AmmoGrantMelee'
[2026.08.30-08.26.52:495][ 21]LogUI1047GameOptions: Warning: Unsupported struct property type for option 'GameOptions.Property.Weapons.AmmoGrantAmountMelee'
[2026.08.30-08.26.52:495][ 21]LogUI1047GameOptions: Warning: Unsupported struct property type for option 'GameOptions.Property.Weapons.AmmoGrantRanged'
[2026.08.30-08.26.52:495][ 21]LogUI1047GameOptions: Warning: Unsupported struct property type for option 'GameOptions.Property.Weapons.AmmoGrantAmountRanged'
[2026.08.30-08.26.52:495][ 21]LogUI1047GameOptions: Warning: Unsupported struct property type for option 'GameOptions.Property.Weapons.StartingAmmoRestriction'
[2026.08.30-08.26.52:495][ 21]LogUI1047GameOptions: Warning: Unsupported property type for option 'GameOptions.Property.FactionSelection.RestrictToFactions'
[2026.08.30-08.26.52:495][ 21]LogUI1047GameOptions: Warning: Unsupported struct property type for option 'GameOptions.Property.FactionSelection.CustomLoadouts'
[2026.08.30-08.26.52:495][ 21]LogUI1047GameOptions: Warning: Unsupported property type for option 'GameOptions.Property.ItemPads.ItemPadTypes'
[2026.08.30-08.26.52:495][ 21]LogUI1047GameOptions: Warning: Unsupported struct property type for option 'GameOptions.Property.BotSpawning.Difficulty'
[2026.08.30-08.26.52:495][ 21]LogUI1047GameOptions: Warning: Unsupported struct property type for option 'GameOptions.Property.BotSpawning.FactionLoadoutOptions'
[2026.08.30-08.26.52:510][ 22]LogPortalWarsUI: Configuring InGameOptionsViewModel from lobby
[2026.08.30-08.26.52:702][ 45]LogStreaming: Display: FlushAsyncLoading(3831): 1 QueuedPackages, 0 AsyncPackages
[2026.08.30-08.26.52:923][ 67]LogLoadingScreen: Hiding loading screen when 'IsShowingInitialLoadingScreen()' is false.
[2026.08.30-08.26.52:923][ 67]LogLoadingScreen: (nothing wants to show it anymore)
[2026.08.30-08.26.52:923][ 67]LogLoadingScreen: Garbage Collecting before dropping load screen
[2026.08.30-08.26.52:924][ 67]LogRHI: ShaderPipelineCache: Batch mode changed (0): Size: 83 -> 1, Time: 16.000000 -> 0.000000
[2026.08.30-08.26.52:924][ 67]LogCore: Display: Setting hang detector multiplier to 1.0000s. New hang duration: 0.0000s. New present duration: 0.0000s.
[2026.08.30-08.26.52:924][ 67]LogLoadingScreen: LoadingScreen was visible for 2.47s
[2026.08.30-08.26.52:932][ 67]LogUObjectHash: Compacting FUObjectHashTables data took   1.98ms
[2026.08.30-08.26.52:939][ 68]LogStreaming: Display: FlushAsyncLoading(3839): 1 QueuedPackages, 0 AsyncPackages
[2026.08.30-08.26.53:002][ 75]LogSlate: InvalidateAllWidgets triggered.  All widgets were invalidated
[2026.08.30-08.26.53:505][125]LogStreaming: Display: FlushAsyncLoading(3851): 1 QueuedPackages, 0 AsyncPackages
[2026.08.30-08.26.54:023][177]LogStreamableManager: Display: RequestAsyncLoad() called with empty or only null assets!
[2026.08.30-08.26.54:023][177]LogViewport: Display: Viewport MouseLockMode Changed, LockOnCapture -> LockInFullscreen
[2026.08.30-08.26.54:023][177]LogViewport: Display: Viewport MouseCaptureMode Changed, CapturePermanently -> CaptureDuringRightMouseDown
[2026.08.30-08.26.54:023][177]LogViewport: Display: Player bShowMouseCursor Changed, False -> True
[2026.08.30-08.26.54:026][177]LogStreamableManager: Display: RequestAsyncLoad() called with empty or only null assets!
[2026.08.30-08.26.54:027][177]LogStreaming: Display: FlushAsyncLoading(3857): 1 QueuedPackages, 0 AsyncPackages
[2026.08.30-08.26.54:048][177]LogStreamableManager: Display: RequestAsyncLoad() called with empty or only null assets!
[2026.08.30-08.26.54:055][177]LogGF1047SublevelComponent: PreGame_Loadout (LevelStreamingDynamic_0) is being loaded
[2026.08.30-08.26.54:055][177]LogGF1047SublevelComponent: Loading level LevelStreamingDynamic_0 (requested as PreGame_Loadout)
[2026.08.30-08.26.54:055][177]LogGF1047SublevelComponent: PreGame_Lighting was not found
[2026.08.30-08.26.54:055][177]LogGF1047SublevelComponent: PreGame_Loadout_Orion was not found
[2026.08.30-08.26.54:055][177]LogGF1047SublevelComponent: PreGame_Lighting_Orion was not found
[2026.08.30-08.26.54:055][177]LogGF1047SublevelComponent: Waiting for 1 sublevels and 0 data layers to load
[2026.08.30-08.26.54:056][177]LogSlate: InvalidateAllWidgets triggered.  All widgets were invalidated
[2026.08.30-08.26.54:063][178]LogStreaming: Display: FlushAsyncLoading(3909): 1 QueuedPackages, 159 AsyncPackages
[2026.08.30-08.26.54:104][182]LogStreaming: Display: FlushAsyncLoading(3914): 1 QueuedPackages, 0 AsyncPackages
[2026.08.30-08.26.54:108][183]LogGF1047SublevelComponent: LevelStreamingDynamic_0 has finished loading, broadcasting
[2026.08.30-08.26.54:108][183]LogGF1047SublevelComponent: Sublevel LevelStreamingDynamic_0 finished loading, 0 levels remain
[2026.08.30-08.26.54:108][183]LogGF1047SublevelComponent: All sublevels loaded, broadcasting completion
[2026.08.30-08.26.54:108][183]LogPortalWarsUI: PreGameLoadoutSelection loading completed
[2026.08.30-08.26.54:108][183]LogPortalWarsUI: Outro-ing all 1 transition stingers
[2026.08.30-08.26.54:109][183]LogMovieSceneECS: Warning: Unable to resolve property 'ColorAndOpacity' from 'OverlaySlot' instance 'OverlaySlot_5'
[2026.08.30-08.26.54:109][183]LogMovieScene: Warning: Unable to resolve property 'ColorAndOpacity' from 'OverlaySlot' instance 'OverlaySlot_5'
[2026.08.30-08.26.54:131][185]LogSlate: InvalidateAllWidgets triggered.  All widgets were invalidated
[2026.08.30-08.26.54:153][188]LogStreaming: Display: FlushAsyncLoading(3987): 1 QueuedPackages, 490 AsyncPackages
[2026.08.30-08.26.54:159][189]LogStreaming: Display: FlushAsyncLoading(3988): 1 QueuedPackages, 302 AsyncPackages
[2026.08.30-08.26.54:170][189]LogScript: Warning: Script Msg: Divide by zero: Divide_DoubleDouble
[2026.08.30-08.26.54:174][189]LogScript: Warning: Script Msg: Attempted to access index -1 from array 'AnimationCollection_3_F5DD290046FF94C1A862F9AA8AAC5562' of length 12 in '/Game/Characters/Skeleton_V5/Animations/Menu/S_ABP_GenericTransition_AnimationArray.S_ABP_GenericTransition_AnimationArray'!
[2026.08.30-08.26.54:174][189]LogScript: Warning: Script Msg: Attempted to access index -1 from array 'AnimationCollection_3_F5DD290046FF94C1A862F9AA8AAC5562' of length 12 in '/Game/Characters/Skeleton_V5/Animations/Menu/S_ABP_GenericTransition_AnimationArray.S_ABP_GenericTransition_AnimationArray'!
[2026.08.30-08.26.54:178][189]LogStaticMesh: [SM_PortalBase_Oval_Front_V3] Mesh is marked for CPU read.
[2026.08.30-08.26.54:192][191]LogStreaming: Display: FlushAsyncLoading(3994): 1 QueuedPackages, 58 AsyncPackages
[2026.08.30-08.26.54:218][191]LogScript: Warning: Script Msg: Divide by zero: Divide_DoubleDouble
[2026.08.30-08.26.54:230][191]LogScript: Warning: Script Msg: Attempted to access index -1 from array 'AnimationCollection_3_F5DD290046FF94C1A862F9AA8AAC5562' of length 12 in '/Game/Characters/Skeleton_V5/Animations/Menu/S_ABP_GenericTransition_AnimationArray.S_ABP_GenericTransition_AnimationArray'!
[2026.08.30-08.26.54:230][191]LogScript: Warning: Script Msg: Attempted to access index -1 from array 'AnimationCollection_3_F5DD290046FF94C1A862F9AA8AAC5562' of length 12 in '/Game/Characters/Skeleton_V5/Animations/Menu/S_ABP_GenericTransition_AnimationArray.S_ABP_GenericTransition_AnimationArray'!
[2026.08.30-08.26.54:245][191]LogScript: Warning: Script Msg: Divide by zero: Divide_DoubleDouble
[2026.08.30-08.26.54:250][191]LogScript: Warning: Script Msg: Attempted to access index -1 from array 'AnimationCollection_3_F5DD290046FF94C1A862F9AA8AAC5562' of length 12 in '/Game/Characters/Skeleton_V5/Animations/Menu/S_ABP_GenericTransition_AnimationArray.S_ABP_GenericTransition_AnimationArray'!
[2026.08.30-08.26.54:250][191]LogScript: Warning: Script Msg: Attempted to access index -1 from array 'AnimationCollection_3_F5DD290046FF94C1A862F9AA8AAC5562' of length 12 in '/Game/Characters/Skeleton_V5/Animations/Menu/S_ABP_GenericTransition_AnimationArray.S_ABP_GenericTransition_AnimationArray'!
[2026.08.30-08.26.54:260][192]LogAnimation: Warning: SetStartPosition called on an invalid context or with an invalid type
[2026.08.30-08.26.54:322][199]LogStaticMesh: [SM_PortalBase_Oval_Front_V3] Mesh is marked for CPU read.
[2026.08.30-08.26.54:464][214]LogNiagara: Warning: Failed to acquire niagara system NiagaraSystem /Game/CosmeticPreviews/PrePostGame/VFX/NS_PrePostGame_Open.NS_PrePostGame_Open from the pool with MaxPoolSize=32 and PoolPrimeSize=0
[2026.08.30-08.26.54:464][214]LogNiagara: Warning: Creating niagara system NS_PrePostGame_Open without pooling isn't recommended and will result in a hitch
[2026.08.30-08.26.55:064][274]LogNiagara: Warning: Failed to acquire niagara system NiagaraSystem /Game/CosmeticPreviews/PrePostGame/VFX/NS_PrePostGame_Open.NS_PrePostGame_Open from the pool with MaxPoolSize=32 and PoolPrimeSize=0
[2026.08.30-08.26.55:064][274]LogNiagara: Warning: Creating niagara system NS_PrePostGame_Open without pooling isn't recommended and will result in a hitch
[2026.08.30-08.26.55:173][285]LogNiagara: Warning: Failed to acquire niagara system NiagaraSystem /Game/VFX/NiagaraSystems/PreGame_Portal/NS_PreGame_FactionPortal_01.NS_PreGame_FactionPortal_01 from the pool with MaxPoolSize=32 and PoolPrimeSize=0
[2026.08.30-08.26.55:173][285]LogNiagara: Warning: Creating niagara system NS_PreGame_FactionPortal_01 without pooling isn't recommended and will result in a hitch
[2026.08.30-08.26.55:263][294]LogNiagara: Warning: Failed to acquire niagara system NiagaraSystem /Game/CosmeticPreviews/PrePostGame/VFX/NS_PrePostGame_Open.NS_PrePostGame_Open from the pool with MaxPoolSize=32 and PoolPrimeSize=0
[2026.08.30-08.26.55:263][294]LogNiagara: Warning: Creating niagara system NS_PrePostGame_Open without pooling isn't recommended and will result in a hitch
[2026.08.30-08.26.55:673][335]LogNiagara: Warning: Failed to acquire niagara system NiagaraSystem /Game/VFX/NiagaraSystems/PreGame_Portal/NS_PreGame_FactionPortal_01.NS_PreGame_FactionPortal_01 from the pool with MaxPoolSize=32 and PoolPrimeSize=0
[2026.08.30-08.26.55:673][335]LogNiagara: Warning: Creating niagara system NS_PreGame_FactionPortal_01 without pooling isn't recommended and will result in a hitch
[2026.08.30-08.26.55:873][355]LogNiagara: Warning: Failed to acquire niagara system NiagaraSystem /Game/VFX/NiagaraSystems/PreGame_Portal/NS_PreGame_FactionPortal_01.NS_PreGame_FactionPortal_01 from the pool with MaxPoolSize=32 and PoolPrimeSize=0
[2026.08.30-08.26.55:873][355]LogNiagara: Warning: Creating niagara system NS_PreGame_FactionPortal_01 without pooling isn't recommended and will result in a hitch
[2026.08.30-08.26.56:474][415]LogNiagara: Warning: Failed to acquire niagara system NiagaraSystem /Game/CosmeticPreviews/PrePostGame/VFX/NS_PrePostGame_Close.NS_PrePostGame_Close from the pool with MaxPoolSize=32 and PoolPrimeSize=0
[2026.08.30-08.26.56:474][415]LogNiagara: Warning: Creating niagara system NS_PrePostGame_Close without pooling isn't recommended and will result in a hitch
[2026.08.30-08.26.57:072][474]LogNiagara: Warning: Failed to acquire niagara system NiagaraSystem /Game/CosmeticPreviews/PrePostGame/VFX/NS_PrePostGame_Close.NS_PrePostGame_Close from the pool with MaxPoolSize=32 and PoolPrimeSize=0
[2026.08.30-08.26.57:072][474]LogNiagara: Warning: Creating niagara system NS_PrePostGame_Close without pooling isn't recommended and will result in a hitch
[2026.08.30-08.26.57:277][494]LogNiagara: Warning: Failed to acquire niagara system NiagaraSystem /Game/CosmeticPreviews/PrePostGame/VFX/NS_PrePostGame_Close.NS_PrePostGame_Close from the pool with MaxPoolSize=32 and PoolPrimeSize=0
[2026.08.30-08.26.57:277][494]LogNiagara: Warning: Creating niagara system NS_PrePostGame_Close without pooling isn't recommended and will result in a hitch
[2026.08.30-08.27.00:240][790]LogStreaming: Display: FlushAsyncLoading(4023): 1 QueuedPackages, 0 AsyncPackages
[2026.08.30-08.27.02:032][969]LogSlate: InvalidateAllWidgets triggered.  All widgets were invalidated
[2026.08.30-08.27.05:463][312]LogSlate: InvalidateAllWidgets triggered.  All widgets were invalidated
[2026.08.30-08.27.06:441][410]LogSlate: InvalidateAllWidgets triggered.  All widgets were invalidated
[2026.08.30-08.27.06:447][410]LogStreamableManager: Display: RequestAsyncLoad() called with empty or only null assets!
[2026.08.30-08.27.06:448][410]LogStreamableManager: Display: RequestAsyncLoad() called with empty or only null assets!
[2026.08.30-08.27.06:450][410]LogStreamableManager: Display: RequestAsyncLoad() called with empty or only null assets!
[2026.08.30-08.27.06:451][410]LogStreamableManager: Display: RequestAsyncLoad() called with empty or only null assets!
[2026.08.30-08.27.06:453][411]LogScript: Warning: Script Msg: Attempted to access index 1 from array 'CurrentDisplayedEntries' of length 1 in '/Game/UI/HUD/InGameTabMenu/Scoreboard/WBP_ScoreboardPlayer.WBP_ScoreboardPlayer_C:UpdateStatValueWidgets'!
[2026.08.30-08.27.06:453][411]LogScript: Warning: Script Msg: Attempted to access index 2 from array 'CurrentDisplayedEntries' of length 1 in '/Game/UI/HUD/InGameTabMenu/Scoreboard/WBP_ScoreboardPlayer.WBP_ScoreboardPlayer_C:UpdateStatValueWidgets'!
[2026.08.30-08.27.06:453][411]LogScript: Warning: Script Msg: Attempted to access index 3 from array 'CurrentDisplayedEntries' of length 1 in '/Game/UI/HUD/InGameTabMenu/Scoreboard/WBP_ScoreboardPlayer.WBP_ScoreboardPlayer_C:UpdateStatValueWidgets'!
[2026.08.30-08.27.06:453][411]LogScript: Warning: Script Msg: Attempted to access index 4 from array 'CurrentDisplayedEntries' of length 1 in '/Game/UI/HUD/InGameTabMenu/Scoreboard/WBP_ScoreboardPlayer.WBP_ScoreboardPlayer_C:UpdateStatValueWidgets'!
[2026.08.30-08.27.06:453][411]LogScript: Warning: Script Msg: Attempted to access index 1 from array 'CurrentDisplayedEntries' of length 1 in '/Game/UI/HUD/InGameTabMenu/Scoreboard/WBP_ScoreboardPlayer.WBP_ScoreboardPlayer_C:UpdateStatValueWidgets'!
[2026.08.30-08.27.06:453][411]LogScript: Warning: Script Msg: Attempted to access index 2 from array 'CurrentDisplayedEntries' of length 1 in '/Game/UI/HUD/InGameTabMenu/Scoreboard/WBP_ScoreboardPlayer.WBP_ScoreboardPlayer_C:UpdateStatValueWidgets'!
[2026.08.30-08.27.06:453][411]LogScript: Warning: Script Msg: Attempted to access index 3 from array 'CurrentDisplayedEntries' of length 1 in '/Game/UI/HUD/InGameTabMenu/Scoreboard/WBP_ScoreboardPlayer.WBP_ScoreboardPlayer_C:UpdateStatValueWidgets'!
[2026.08.30-08.27.06:453][411]LogScript: Warning: Script Msg: Attempted to access index 4 from array 'CurrentDisplayedEntries' of length 1 in '/Game/UI/HUD/InGameTabMenu/Scoreboard/WBP_ScoreboardPlayer.WBP_ScoreboardPlayer_C:UpdateStatValueWidgets'!
[2026.08.30-08.27.06:456][411]LogStreamableManager: Display: RequestAsyncLoad() called with empty or only null assets!
[2026.08.30-08.27.06:458][411]LogStreamableManager: Display: RequestAsyncLoad() called with empty or only null assets!
[2026.08.30-08.27.06:462][412]LogScript: Warning: Script Msg: Attempted to access index 1 from array 'CurrentDisplayedEntries' of length 1 in '/Game/UI/HUD/InGameTabMenu/Scoreboard/WBP_ScoreboardPlayer.WBP_ScoreboardPlayer_C:UpdateStatValueWidgets'!
[2026.08.30-08.27.06:463][412]LogScript: Warning: Script Msg: Attempted to access index 2 from array 'CurrentDisplayedEntries' of length 1 in '/Game/UI/HUD/InGameTabMenu/Scoreboard/WBP_ScoreboardPlayer.WBP_ScoreboardPlayer_C:UpdateStatValueWidgets'!
[2026.08.30-08.27.06:463][412]LogScript: Warning: Script Msg: Attempted to access index 3 from array 'CurrentDisplayedEntries' of length 1 in '/Game/UI/HUD/InGameTabMenu/Scoreboard/WBP_ScoreboardPlayer.WBP_ScoreboardPlayer_C:UpdateStatValueWidgets'!
[2026.08.30-08.27.06:463][412]LogScript: Warning: Script Msg: Attempted to access index 4 from array 'CurrentDisplayedEntries' of length 1 in '/Game/UI/HUD/InGameTabMenu/Scoreboard/WBP_ScoreboardPlayer.WBP_ScoreboardPlayer_C:UpdateStatValueWidgets'!
[2026.08.30-08.27.06:463][412]LogScript: Warning: Script Msg: Attempted to access index 1 from array 'CurrentDisplayedEntries' of length 1 in '/Game/UI/HUD/InGameTabMenu/Scoreboard/WBP_ScoreboardPlayer.WBP_ScoreboardPlayer_C:UpdateStatValueWidgets'!
[2026.08.30-08.27.06:463][412]LogScript: Warning: Script Msg: Attempted to access index 2 from array 'CurrentDisplayedEntries' of length 1 in '/Game/UI/HUD/InGameTabMenu/Scoreboard/WBP_ScoreboardPlayer.WBP_ScoreboardPlayer_C:UpdateStatValueWidgets'!
[2026.08.30-08.27.06:463][412]LogScript: Warning: Script Msg: Attempted to access index 3 from array 'CurrentDisplayedEntries' of length 1 in '/Game/UI/HUD/InGameTabMenu/Scoreboard/WBP_ScoreboardPlayer.WBP_ScoreboardPlayer_C:UpdateStatValueWidgets'!
[2026.08.30-08.27.06:463][412]LogScript: Warning: Script Msg: Attempted to access index 4 from array 'CurrentDisplayedEntries' of length 1 in '/Game/UI/HUD/InGameTabMenu/Scoreboard/WBP_ScoreboardPlayer.WBP_ScoreboardPlayer_C:UpdateStatValueWidgets'!
[2026.08.30-08.27.06:463][412]LogScript: Warning: Script Msg: Attempted to access index 1 from array 'CurrentDisplayedEntries' of length 1 in '/Game/UI/HUD/InGameTabMenu/Scoreboard/WBP_ScoreboardPlayer.WBP_ScoreboardPlayer_C:UpdateStatValueWidgets'!
[2026.08.30-08.27.06:463][412]LogScript: Warning: Script Msg: Attempted to access index 2 from array 'CurrentDisplayedEntries' of length 1 in '/Game/UI/HUD/InGameTabMenu/Scoreboard/WBP_ScoreboardPlayer.WBP_ScoreboardPlayer_C:UpdateStatValueWidgets'!
[2026.08.30-08.27.06:463][412]LogScript: Warning: Script Msg: Attempted to access index 3 from array 'CurrentDisplayedEntries' of length 1 in '/Game/UI/HUD/InGameTabMenu/Scoreboard/WBP_ScoreboardPlayer.WBP_ScoreboardPlayer_C:UpdateStatValueWidgets'!
[2026.08.30-08.27.06:463][412]LogScript: Warning: Script Msg: Attempted to access index 4 from array 'CurrentDisplayedEntries' of length 1 in '/Game/UI/HUD/InGameTabMenu/Scoreboard/WBP_ScoreboardPlayer.WBP_ScoreboardPlayer_C:UpdateStatValueWidgets'!
[2026.08.30-08.27.06:463][412]LogScript: Warning: Script Msg: Attempted to access index 1 from array 'CurrentDisplayedEntries' of length 1 in '/Game/UI/HUD/InGameTabMenu/Scoreboard/WBP_ScoreboardPlayer.WBP_ScoreboardPlayer_C:UpdateStatValueWidgets'!
[2026.08.30-08.27.06:463][412]LogScript: Warning: Script Msg: Attempted to access index 2 from array 'CurrentDisplayedEntries' of length 1 in '/Game/UI/HUD/InGameTabMenu/Scoreboard/WBP_ScoreboardPlayer.WBP_ScoreboardPlayer_C:UpdateStatValueWidgets'!
[2026.08.30-08.27.06:463][412]LogScript: Warning: Script Msg: Attempted to access index 3 from array 'CurrentDisplayedEntries' of length 1 in '/Game/UI/HUD/InGameTabMenu/Scoreboard/WBP_ScoreboardPlayer.WBP_ScoreboardPlayer_C:UpdateStatValueWidgets'!
[2026.08.30-08.27.06:463][412]LogScript: Warning: Script Msg: Attempted to access index 4 from array 'CurrentDisplayedEntries' of length 1 in '/Game/UI/HUD/InGameTabMenu/Scoreboard/WBP_ScoreboardPlayer.WBP_ScoreboardPlayer_C:UpdateStatValueWidgets'!
[2026.08.30-08.27.11:751][941]LogStreaming: Display: FlushAsyncLoading(4062): 1 QueuedPackages, 112 AsyncPackages
[2026.08.30-08.27.11:772][943]LogStreaming: Display: FlushAsyncLoading(4067): 1 QueuedPackages, 0 AsyncPackages
[2026.08.30-08.27.11:784][943]LogScript: Warning: Script Msg: Divide by zero: Divide_DoubleDouble
[2026.08.30-08.27.11:784][943]AnimBlueprintLog: Warning: SLOTNODE: 'DefaultSlot' in animation instance class ABP_AER_BurstRifle_Base_WPN_C already exists. Remove duplicates from the animation graph for this class.
[2026.08.30-08.27.11:787][943]LogBlueprintUserMessages: [BP_DefaultCharacterCosmeticPreview_PrePost_C_2147464614] Character Cosmetic Preview is being used to preview Non Character items at a root level!
[2026.08.30-08.27.12:559][ 22]LogPortalWarsUI: Outro-ing all 0 transition stingers
[2026.08.30-08.27.12:570][ 23]LogPortalWarsUI: Outro-ing all 0 transition stingers
[2026.08.30-08.27.12:579][ 24]LogStreaming: Display: FlushAsyncLoading(4070): 1 QueuedPackages, 0 AsyncPackages
[2026.08.30-08.27.12:587][ 24]LogPortalWarsUI: Created transition stinger of type /Game/UI/Stinger/WBP_DoorsTransitionStinger.WBP_DoorsTransitionStinger_C
[2026.08.30-08.27.13:022][ 68]LogSlate: InvalidateAllWidgets triggered.  All widgets were invalidated
[2026.08.30-08.27.14:601][226]LogSlate: InvalidateAllWidgets triggered.  All widgets were invalidated
[2026.08.30-08.27.14:860][252]LogStaticMesh: [SM_Cube_01] Mesh is marked for CPU read.
[2026.08.30-08.27.14:860][252]LogSlate: InvalidateAllWidgets triggered.  All widgets were invalidated
[2026.08.30-08.27.14:910][257]LogGF1047Experience: UnloadCurrentExperience from state Loaded
[2026.08.30-08.27.14:916][257]LogViewport: Display: Viewport MouseLockMode Changed, LockInFullscreen -> LockOnCapture
[2026.08.30-08.27.14:917][257]LogViewport: Display: Viewport MouseCaptureMode Changed, CaptureDuringRightMouseDown -> CapturePermanently
[2026.08.30-08.27.14:917][257]LogViewport: Display: Player bShowMouseCursor Changed, True -> False
[2026.08.30-08.27.14:917][257]LogGF1047SublevelComponent: PreGame_Loadout (LevelStreamingDynamic_0) is being unloaded
[2026.08.30-08.27.14:919][257]LogActorPool: Clearing all actor pools
[2026.08.30-08.27.14:919][257]LogGF1047Experience: Starting experience load (CLIENT): Default__EXP_Firecracker_C
[2026.08.30-08.27.14:919][257]LogStreamableManager: Display: RequestAsyncLoad() called with empty or only null assets!
[2026.08.30-08.27.14:993][264]LogUObjectHash: Compacting FUObjectHashTables data took   2.21ms
[2026.08.30-08.27.15:007][265]LogConsoleManager: Display:  |-> Unsetting r.Translucency.DynamicRes.TimeBudget, now 0.500000
[2026.08.30-08.27.15:037][267]LogUObjectHash: Compacting FUObjectHashTables data took   1.59ms
[2026.08.30-08.27.15:063][270]LogStaticMesh: [SM_PortalBase_Oval_Front_V3] Mesh is marked for CPU read.
[2026.08.30-08.27.15:067][271]LogGF1047Experience: Experience load complete (CLIENT): Default__EXP_Firecracker_C
[2026.08.30-08.27.15:067][271]LogStreaming: Display: FlushAsyncLoading(4207): 1 QueuedPackages, 346 AsyncPackages
[2026.08.30-08.27.15:068][271]LogStreamableManager: Display: RequestAsyncLoad() called with empty or only null assets!
[2026.08.30-08.27.15:077][271]LogUI1047GameOptions: Warning: Unsupported struct property type for option 'GameOptions.Property.Weapons.AmmoGrantMelee'
[2026.08.30-08.27.15:077][271]LogUI1047GameOptions: Warning: Unsupported struct property type for option 'GameOptions.Property.Weapons.AmmoGrantAmountMelee'
[2026.08.30-08.27.15:077][271]LogUI1047GameOptions: Warning: Unsupported struct property type for option 'GameOptions.Property.Weapons.AmmoGrantRanged'
[2026.08.30-08.27.15:077][271]LogUI1047GameOptions: Warning: Unsupported struct property type for option 'GameOptions.Property.Weapons.AmmoGrantAmountRanged'
[2026.08.30-08.27.15:077][271]LogUI1047GameOptions: Warning: Unsupported struct property type for option 'GameOptions.Property.Weapons.StartingAmmoRestriction'
[2026.08.30-08.27.15:077][271]LogUI1047GameOptions: Warning: Unsupported property type for option 'GameOptions.Property.FactionSelection.RestrictToFactions'
[2026.08.30-08.27.15:077][271]LogUI1047GameOptions: Warning: Unsupported struct property type for option 'GameOptions.Property.FactionSelection.CustomLoadouts'
[2026.08.30-08.27.15:077][271]LogUI1047GameOptions: Warning: Unsupported property type for option 'GameOptions.Property.ItemPads.ItemPadTypes'
[2026.08.30-08.27.15:077][271]LogUI1047GameOptions: Warning: Unsupported struct property type for option 'GameOptions.Property.BotSpawning.Difficulty'
[2026.08.30-08.27.15:077][271]LogUI1047GameOptions: Warning: Unsupported struct property type for option 'GameOptions.Property.BotSpawning.FactionLoadoutOptions'
[2026.08.30-08.27.15:077][271]LogUI1047GameOptions: Warning: Unsupported struct property type for option 'GameOptions.Property.Weapons.AmmoGrantMelee'
[2026.08.30-08.27.15:077][271]LogUI1047GameOptions: Warning: Unsupported struct property type for option 'GameOptions.Property.Weapons.AmmoGrantAmountMelee'
[2026.08.30-08.27.15:077][271]LogUI1047GameOptions: Warning: Unsupported struct property type for option 'GameOptions.Property.Weapons.AmmoGrantRanged'
[2026.08.30-08.27.15:077][271]LogUI1047GameOptions: Warning: Unsupported struct property type for option 'GameOptions.Property.Weapons.AmmoGrantAmountRanged'
[2026.08.30-08.27.15:077][271]LogUI1047GameOptions: Warning: Unsupported struct property type for option 'GameOptions.Property.Weapons.StartingAmmoRestriction'
[2026.08.30-08.27.15:077][271]LogUI1047GameOptions: Warning: Unsupported property type for option 'GameOptions.Property.FactionSelection.RestrictToFactions'
[2026.08.30-08.27.15:077][271]LogUI1047GameOptions: Warning: Unsupported struct property type for option 'GameOptions.Property.FactionSelection.CustomLoadouts'
[2026.08.30-08.27.15:077][271]LogUI1047GameOptions: Warning: Unsupported property type for option 'GameOptions.Property.ItemPads.ItemPadTypes'
[2026.08.30-08.27.15:077][271]LogUI1047GameOptions: Warning: Unsupported struct property type for option 'GameOptions.Property.BotSpawning.Difficulty'
[2026.08.30-08.27.15:077][271]LogUI1047GameOptions: Warning: Unsupported struct property type for option 'GameOptions.Property.BotSpawning.FactionLoadoutOptions'
[2026.08.30-08.27.15:092][271]LogStreamableManager: Display: RequestAsyncLoad() called with empty or only null assets!
[2026.08.30-08.27.15:092][271]LogStreamableManager: Display: RequestAsyncLoad() called with empty or only null assets!
[2026.08.30-08.27.15:092][271]LogStreamableManager: Display: RequestAsyncLoad() called with empty or only null assets!
[2026.08.30-08.27.15:092][271]LogStreamableManager: Display: RequestAsyncLoad() called with empty or only null assets!
[2026.08.30-08.27.15:092][271]LogStreamableManager: Display: RequestAsyncLoad() called with empty or only null assets!
[2026.08.30-08.27.15:092][271]LogStreamableManager: Display: RequestAsyncLoad() called with empty or only null assets!
[2026.08.30-08.27.15:093][271]LogStreamableManager: Display: RequestAsyncLoad() called with empty or only null assets!
[2026.08.30-08.27.15:093][271]LogStreamableManager: Display: RequestAsyncLoad() called with empty or only null assets!
[2026.08.30-08.27.15:094][271]LogStreamableManager: Display: RequestAsyncLoad() called with empty or only null assets!
[2026.08.30-08.27.15:094][271]LogStreamableManager: Display: RequestAsyncLoad() called with empty or only null assets!
[2026.08.30-08.27.15:094][271]LogStreamableManager: Display: RequestAsyncLoad() called with empty or only null assets!
[2026.08.30-08.27.15:094][271]LogStreamableManager: Display: RequestAsyncLoad() called with empty or only null assets!
[2026.08.30-08.27.15:147][271]LogScript: Warning: Script Msg: Divide by zero: Divide_DoubleDouble
[2026.08.30-08.27.15:148][271]LogScript: Warning: Script Msg: Divide by zero: Divide_DoubleDouble
[2026.08.30-08.27.15:149][271]LogScript: Warning: Script Msg: Divide by zero: Divide_DoubleDouble
[2026.08.30-08.27.15:150][271]LogScript: Warning: Script Msg: Divide by zero: Divide_DoubleDouble
[2026.08.30-08.27.15:151][271]LogScript: Warning: Script Msg: Divide by zero: Divide_DoubleDouble
[2026.08.30-08.27.15:152][271]LogScript: Warning: Script Msg: Divide by zero: Divide_DoubleDouble
[2026.08.30-08.27.15:153][271]LogScript: Warning: Script Msg: Divide by zero: Divide_DoubleDouble
[2026.08.30-08.27.15:154][271]LogScript: Warning: Script Msg: Divide by zero: Divide_DoubleDouble
[2026.08.30-08.27.15:170][271]LogScript: Warning: Script Msg: Divide by zero: Divide_DoubleDouble
[2026.08.30-08.27.15:173][271]LogScript: Warning: Script Msg: Divide by zero: Divide_DoubleDouble
[2026.08.30-08.27.15:175][271]LogScript: Warning: Script Msg: Divide by zero: Divide_DoubleDouble
[2026.08.30-08.27.15:178][271]LogScript: Warning: Script Msg: Divide by zero: Divide_DoubleDouble
[2026.08.30-08.27.15:180][271]LogScript: Warning: Script Msg: Divide by zero: Divide_DoubleDouble
[2026.08.30-08.27.15:182][271]LogScript: Warning: Script Msg: Divide by zero: Divide_DoubleDouble
[2026.08.30-08.27.15:184][271]LogScript: Warning: Script Msg: Divide by zero: Divide_DoubleDouble
[2026.08.30-08.27.15:187][271]LogScript: Warning: Script Msg: Divide by zero: Divide_DoubleDouble
[2026.08.30-08.27.15:189][271]LogScript: Warning: Script Msg: Divide by zero: Divide_DoubleDouble
[2026.08.30-08.27.15:192][271]LogScript: Warning: Script Msg: Divide by zero: Divide_DoubleDouble
[2026.08.30-08.27.15:194][271]LogScript: Warning: Script Msg: Divide by zero: Divide_DoubleDouble
[2026.08.30-08.27.15:197][271]LogScript: Warning: Script Msg: Divide by zero: Divide_DoubleDouble
[2026.08.30-08.27.15:199][271]LogScript: Warning: Script Msg: Divide by zero: Divide_DoubleDouble
[2026.08.30-08.27.15:202][271]LogScript: Warning: Script Msg: Divide by zero: Divide_DoubleDouble
[2026.08.30-08.27.15:204][271]LogScript: Warning: Script Msg: Divide by zero: Divide_DoubleDouble
[2026.08.30-08.27.15:206][271]LogScript: Warning: Script Msg: Divide by zero: Divide_DoubleDouble
[2026.08.30-08.27.15:209][271]LogScript: Warning: Script Msg: Divide by zero: Divide_DoubleDouble
[2026.08.30-08.27.15:211][271]LogScript: Warning: Script Msg: Divide by zero: Divide_DoubleDouble
[2026.08.30-08.27.15:229][272]LogScript: Warning: Script Msg: Divide by zero: Divide_DoubleDouble
[2026.08.30-08.27.15:229][272]LogScript: Warning: Script Msg: Divide by zero: Divide_DoubleDouble
[2026.08.30-08.27.15:232][272]LogPortalWarsCore: Warning: Could not find ammo texture for tag 'None'
[2026.08.30-08.27.15:232][272]LogStreamableManager: Display: RequestAsyncLoad() called with empty or only null assets!
[2026.08.30-08.27.15:245][272]LogStreamableManager: Display: RequestAsyncLoad() called with empty or only null assets!
[2026.08.30-08.27.15:245][272]LogStreamableManager: Display: RequestAsyncLoad() called with empty or only null assets!
[2026.08.30-08.27.15:245][272]LogScript: Warning: Script Msg: Attempted to access index 0 from array 'Textures' of length 0 in '/Game/UI/MainMenu/Locker/PlayerCard/WBP_PlayerCard.WBP_PlayerCard_C:UpdateBadges'!
[2026.08.30-08.27.15:245][272]LogScript: Warning: Script Msg: Attempted to access index 1 from array 'Textures' of length 0 in '/Game/UI/MainMenu/Locker/PlayerCard/WBP_PlayerCard.WBP_PlayerCard_C:UpdateBadges'!
[2026.08.30-08.27.15:245][272]LogScript: Warning: Script Msg: Attempted to access index 2 from array 'Textures' of length 0 in '/Game/UI/MainMenu/Locker/PlayerCard/WBP_PlayerCard.WBP_PlayerCard_C:UpdateBadges'!
[2026.08.30-08.27.15:245][272]LogStreamableManager: Display: RequestAsyncLoad() called with empty or only null assets!
[2026.08.30-08.27.15:245][272]LogStreamableManager: Display: RequestAsyncLoad() called with empty or only null assets!
[2026.08.30-08.27.15:245][272]LogScript: Warning: Script Msg: Attempted to access index 0 from array 'Textures' of length 0 in '/Game/UI/MainMenu/Locker/PlayerCard/WBP_PlayerCard.WBP_PlayerCard_C:UpdateBadges'!
[2026.08.30-08.27.15:245][272]LogScript: Warning: Script Msg: Attempted to access index 1 from array 'Textures' of length 0 in '/Game/UI/MainMenu/Locker/PlayerCard/WBP_PlayerCard.WBP_PlayerCard_C:UpdateBadges'!
[2026.08.30-08.27.15:245][272]LogScript: Warning: Script Msg: Attempted to access index 2 from array 'Textures' of length 0 in '/Game/UI/MainMenu/Locker/PlayerCard/WBP_PlayerCard.WBP_PlayerCard_C:UpdateBadges'!
[2026.08.30-08.27.15:245][272]LogStreamableManager: Display: RequestAsyncLoad() called with empty or only null assets!
[2026.08.30-08.27.15:245][272]LogStreamableManager: Display: RequestAsyncLoad() called with empty or only null assets!
[2026.08.30-08.27.15:246][272]LogUI1047: Warning: UUI1047ActionKeySetViewModel::RefreshStateFromEnhancedInputAction ~ bUseInputMappingContextAssets is set to true but no assets were provided in InputMappingContextAssets for UI1047ActionKeySetViewModel_2147458765
[2026.08.30-08.27.15:246][272]LogUI1047: Warning: UUI1047ActionKeySetViewModel::RefreshStateFromEnhancedInputAction ~ bUseInputMappingContextAssets is set to true but no assets were provided in InputMappingContextAssets for UI1047ActionKeySetViewModel_2147458762
[2026.08.30-08.27.15:246][272]LogStreamableManager: Display: RequestAsyncLoad() called with empty or only null assets!
[2026.08.30-08.27.15:246][272]LogStreamableManager: Display: RequestAsyncLoad() called with empty or only null assets!
[2026.08.30-08.27.15:250][272]LogPortalWarsUI: Configuring InGameOptionsViewModel from lobby
[2026.08.30-08.27.15:261][272]LogStreamableManager: Display: RequestAsyncLoad() called with empty or only null assets!
[2026.08.30-08.27.15:261][272]LogStreamableManager: Display: RequestAsyncLoad() called with empty or only null assets!
[2026.08.30-08.27.15:264][272]LogScript: Warning: Script Msg: Attempted to access index -1 from array 'LocalRoundOutcomes' of length 0 in '/MOD_Firecracker/UI/WBP_Assault_MatchStatusCenter.WBP_Assault_MatchStatusCenter_C:On Local Round Outcomes Changed'!
[2026.08.30-08.27.15:314][278]LogStaticMesh: [SM_PortalBase_Oval_Front_V3] Mesh is marked for CPU read.
[2026.08.30-08.27.15:658][315]LogStreamableManager: Display: RequestAsyncLoad() called with empty or only null assets!
[2026.08.30-08.27.15:658][315]LogPortalWarsUI: Outro-ing all 1 transition stingers
[2026.08.30-08.27.15:659][315]LogSlate: InvalidateAllWidgets triggered.  All widgets were invalidated
[2026.08.30-08.27.15:694][318]LogScript: Warning: Script Msg: Divide by zero: Divide_DoubleDouble
[2026.08.30-08.27.15:696][319]LogPhysics: Warning: FConstraintInstance::GetRefFrame : Contained scale.
[2026.08.30-08.27.15:698][319]LogPhysics: Warning: FConstraintInstance::GetRefFrame : Contained scale.
[2026.08.30-08.27.15:699][319]LogCore1047: Warning: UCore1047SettingDefinition::ApplyValue Classic Portal Controls is not Enabled via bEnabled so setting value will not be applied.
[2026.08.30-08.27.15:699][319]LogCore1047: Warning: UCore1047SettingDefinition::ApplyValue Classic Portal Controls is not Enabled via bEnabled so setting value will not be applied.
[2026.08.30-08.27.15:699][319]Core1047InputUserSettings: PostInitializePlayerInput >> Re-applying Player Profile Keybinds!
[2026.08.30-08.27.15:699][319]LogCore1047: Warning: UCore1047SettingDefinition::ApplyValue Classic Portal Controls is not Enabled via bEnabled so setting value will not be applied.
[2026.08.30-08.27.15:699][319]LogCore1047: Warning: UCore1047SettingDefinition::ApplyValue Classic Portal Controls is not Enabled via bEnabled so setting value will not be applied.
[2026.08.30-08.27.15:699][319]Core1047InputUserSettings: PostInitializePlayerInput >> Re-applying Player Profile Keybinds!
[2026.08.30-08.27.15:699][319]LogPhysics: Warning: FConstraintInstance::GetRefFrame : Contained scale.
[2026.08.30-08.27.15:700][319]LogAnimation: Warning: SLOTNODE: 'FiringLeftSlot' in animation instance class ABP_FirstPersonBase_V5_C already exists. Remove duplicates from the animation graph for this class.
[2026.08.30-08.27.15:706][320]LogPhysics: Warning: FConstraintInstance::GetRefFrame : Contained scale.
[2026.08.30-08.27.15:710][320]LogSlate: InvalidateAllWidgets triggered.  All widgets were invalidated
[2026.08.30-08.27.15:727][322]LogPhysics: Warning: FConstraintInstance::GetRefFrame : Contained scale.
[2026.08.30-08.27.15:747][324]LogPhysics: Warning: FConstraintInstance::GetRefFrame : Contained scale.
[2026.08.30-08.27.15:750][324]LogAbilitySystem: Warning: GameplayCueNotify GameplayCue.Ability.ControlledFalling at index -1 not found in runtime cue set.
[2026.08.30-08.27.15:758][325]LogAbilitySystem: Warning: No gameplay cues found to load from object SkinBP_SBK_RhinokCC_FP_C_2147457746.
[2026.08.30-08.27.15:789][328]LogAbilitySystem: Warning: GameplayCueNotify GameplayCue.Ability.ControlledFalling at index -1 not found in runtime cue set.
[2026.08.30-08.27.15:792][328]LogScript: Warning: Script Msg: Divide by zero: Divide_DoubleDouble
[2026.08.30-08.27.15:840][333]LogStaticMesh: [SM_Cylinder_Lines] Mesh is marked for CPU read.
[2026.08.30-08.27.15:870][336]LogScript: Warning: Script Msg: Divide by zero: Divide_DoubleDouble
[2026.08.30-08.27.15:880][337]LogScript: Warning: Script Msg: Divide by zero: Divide_DoubleDouble
[2026.08.30-08.27.15:888][338]LogScript: Warning: Script Msg: Divide by zero: Divide_DoubleDouble
[2026.08.30-08.27.15:895][339]LogScript: Warning: Script Msg: Divide by zero: Divide_DoubleDouble
[2026.08.30-08.27.16:016][346]LogScript: Warning: Script Msg: Divide by zero: Divide_DoubleDouble
[2026.08.30-08.27.16:024][347]LogAbilitySystem: Warning: GameplayCueNotify GameplayCue.Ability.ControlledFalling at index -1 not found in runtime cue set.
[2026.08.30-08.27.16:050][351]LogAbilitySystem: Warning: GameplayCueNotify GameplayCue.Ability.ControlledFalling at index -1 not found in runtime cue set.
[2026.08.30-08.27.16:059][352]LogScript: Warning: Script Msg: Divide by zero: Divide_DoubleDouble
[2026.08.30-08.27.16:067][353]LogAbilitySystem: Warning: GameplayCueNotify GameplayCue.Ability.ControlledFalling at index -1 not found in runtime cue set.
[2026.08.30-08.27.16:132][361]LogPhysics: Warning: Initialising Body : Scale3D is (nearly) zero: <NoName>
[2026.08.30-08.27.16:132][361]LogPhysics: Warning: Initialising Body : Scale3D is (nearly) zero: <NoName>
[2026.08.30-08.27.16:161][364]LogAbilitySystem: Warning: GameplayCueNotify GameplayCue.Ability.ControlledFalling at index -1 not found in runtime cue set.
[2026.08.30-08.27.16:190][367]LogAnimation: Warning: SLOTNODE: 'DefaultSlot' in animation instance class ABP_AER_BurstRifle_Base_WPN_C already exists. Remove duplicates from the animation graph for this class.
[2026.08.30-08.27.16:231][371]LogStaticMesh: [SM_FX_Sphere_01] Mesh is marked for CPU read.
[2026.08.30-08.27.16:267][375]LogPhysics: Warning: Initialising Body : Scale3D is (nearly) zero: <NoName>
[2026.08.30-08.27.16:268][375]LogPhysics: Warning: Initialising Body : Scale3D is (nearly) zero: <NoName>
[2026.08.30-08.27.23:492][ 96]LogPortalWarsUI: Outro-ing all 0 transition stingers
[2026.08.30-08.27.23:699][117]LogAbilitySystem: Display: GameplayCueNotify /Game/GameplayAbilities/GameplayCues/Locomotion/GCN_Locomotion.GCN_Locomotion_C was not loaded when GameplayCue was invoked. Starting async loading.
[2026.08.30-08.27.23:711][118]LogAbilitySystem: Display: GameplayCueNotify /Game/GameplayAbilities/GameplayCues/Locomotion/GCN_Locomotion_Metal.GCN_Locomotion_Metal_C was not loaded when GameplayCue was invoked. Starting async loading.
[2026.08.30-08.27.24:586][206]LogAbilitySystem: Display: GameplayCueNotify /Game/GameplayAbilities/GameplayCues/Portals/GCN_FirePortal.GCN_FirePortal_C was not loaded when GameplayCue was invoked. Starting async loading.
[2026.08.30-08.27.24:608][208]LogNiagara: Warning: Failed to acquire niagara system NiagaraSystem /Game/VFX/NiagaraSystems/Portal/NS_PortalGun_Tracer_NDC.NS_PortalGun_Tracer_NDC from the pool with MaxPoolSize=32 and PoolPrimeSize=0
[2026.08.30-08.27.24:608][208]LogNiagara: Warning: Creating niagara system NS_PortalGun_Tracer_NDC without pooling isn't recommended and will result in a hitch
[2026.08.30-08.27.24:608][208]LogNiagara: Warning: Failed to acquire niagara system NiagaraSystem /Game/VFX/NiagaraSystems/Portal/NS_PortalGun_Muzzle.NS_PortalGun_Muzzle from the pool with MaxPoolSize=32 and PoolPrimeSize=0
[2026.08.30-08.27.24:608][208]LogNiagara: Warning: Creating niagara system NS_PortalGun_Muzzle without pooling isn't recommended and will result in a hitch
[2026.08.30-08.27.24:609][208]LogAbilitySystem: Display: GameplayCueNotify /Game/GameplayAbilities/GameplayCues/Portals/GCNL_FirePortalLauncher.GCNL_FirePortalLauncher_C was not loaded when GameplayCue was invoked. Starting async loading.
[2026.08.30-08.27.24:737][221]LogAbilitySystem: Display: GameplayCueNotify /Game/GameplayAbilities/GameplayCues/GCN_JumpPad.GCN_JumpPad_C was not loaded when GameplayCue was invoked. Starting async loading.
[2026.08.30-08.27.25:262][273]LogNiagara: Warning: Failed to acquire niagara system NiagaraSystem /FCT_Meridian/VFX/NS_MiraJetpackBurst.NS_MiraJetpackBurst from the pool with MaxPoolSize=32 and PoolPrimeSize=0
[2026.08.30-08.27.25:262][273]LogNiagara: Warning: Creating niagara system NS_MiraJetpackBurst without pooling isn't recommended and will result in a hitch
[2026.08.30-08.27.25:262][273]LogNiagara: Warning: Failed to acquire niagara system NiagaraSystem /FCT_Meridian/VFX/NS_MiraJetpack.NS_MiraJetpack from the pool with MaxPoolSize=32 and PoolPrimeSize=0
[2026.08.30-08.27.25:262][273]LogNiagara: Warning: Creating niagara system NS_MiraJetpack without pooling isn't recommended and will result in a hitch
[2026.08.30-08.27.25:389][286]LogNiagara: Warning: Failed to acquire niagara system NiagaraSystem /FCT_Meridian/VFX/NS_MiraJetpackRemove.NS_MiraJetpackRemove from the pool with MaxPoolSize=32 and PoolPrimeSize=0
[2026.08.30-08.27.25:389][286]LogNiagara: Warning: Creating niagara system NS_MiraJetpackRemove without pooling isn't recommended and will result in a hitch
[2026.08.30-08.27.27:720][519]LogAbilitySystem: Display: GameplayCueNotify /Game/GameplayAbilities/GameplayCues/Portals/GCNL_Portal_Teleport_Character.GCNL_Portal_Teleport_Character_C was not loaded when GameplayCue was invoked. Starting async loading.
[2026.08.30-08.27.27:742][521]LogAbilitySystem: Display: GameplayCueNotify /Game/GameplayAbilities/GameplayCues/Portals/GCN_Portal_Teleport.GCN_Portal_Teleport_C was not loaded when GameplayCue was invoked. Starting async loading.
[2026.08.30-08.27.27:762][523]LogNiagara: Warning: Failed to acquire niagara system NiagaraSystem /Game/VFX/NiagaraSystems/Portal/NS_PortalWave.NS_PortalWave from the pool with MaxPoolSize=32 and PoolPrimeSize=0
[2026.08.30-08.27.27:762][523]LogNiagara: Warning: Creating niagara system NS_PortalWave without pooling isn't recommended and will result in a hitch
[2026.08.30-08.27.28:360][583]LogNiagara: Warning: Failed to acquire niagara system NiagaraSystem /FCT_Aeros/VFX/Thruster/Oni/NS_JetpackBurst_Oni.NS_JetpackBurst_Oni from the pool with MaxPoolSize=32 and PoolPrimeSize=0
[2026.08.30-08.27.28:360][583]LogNiagara: Warning: Creating niagara system NS_JetpackBurst_Oni without pooling isn't recommended and will result in a hitch
[2026.08.30-08.27.28:360][583]LogNiagara: Warning: Failed to acquire niagara system NiagaraSystem /FCT_Aeros/VFX/Thruster/Oni/NS_Jetpack_Oni.NS_Jetpack_Oni from the pool with MaxPoolSize=32 and PoolPrimeSize=0
[2026.08.30-08.27.28:360][583]LogNiagara: Warning: Creating niagara system NS_Jetpack_Oni without pooling isn't recommended and will result in a hitch
[2026.08.30-08.27.28:460][593]LogAbilitySystem: Display: GameplayCueNotify /Game/GameplayAbilities/GameplayCues/Locomotion/GCN_Locomotion_Default.GCN_Locomotion_Default_C was not loaded when GameplayCue was invoked. Starting async loading.
[2026.08.30-08.27.28:471][594]LogAbilitySystem: Display: GameplayCueNotify /Game/GameplayAbilities/GameplayCues/GCN_Interact_Failed.GCN_Interact_Failed_C was not loaded when GameplayCue was invoked. Starting async loading.
[2026.08.30-08.27.28:541][601]LogScript: Warning: Script Msg: Divide by zero: Divide_DoubleDouble
[2026.08.30-08.27.28:560][603]LogAbilitySystem: Display: GameplayCueNotify /Game/GameplayAbilities/GameplayCues/Portals/GCN_ClosePortals.GCN_ClosePortals_C was not loaded when GameplayCue was invoked. Starting async loading.
[2026.08.30-08.27.28:581][605]LogNiagara: Warning: Failed to acquire niagara system NiagaraSystem /Game/VFX/NiagaraSystems/Portal/NS_PortalGun_MuzzleClose_01.NS_PortalGun_MuzzleClose_01 from the pool with MaxPoolSize=32 and PoolPrimeSize=0
[2026.08.30-08.27.28:581][605]LogNiagara: Warning: Creating niagara system NS_PortalGun_MuzzleClose_01 without pooling isn't recommended and will result in a hitch
[2026.08.30-08.27.28:609][608]LogNiagara: Warning: Failed to acquire niagara system NiagaraSystem /FCT_Aeros/VFX/Thruster/Oni/NS_JetpackRemove_Oni.NS_JetpackRemove_Oni from the pool with MaxPoolSize=32 and PoolPrimeSize=0
[2026.08.30-08.27.28:609][608]LogNiagara: Warning: Creating niagara system NS_JetpackRemove_Oni without pooling isn't recommended and will result in a hitch
[2026.08.30-08.27.28:640][611]LogAbilitySystem: Display: GameplayCueNotify /Game/GameplayAbilities/GameplayCues/Locomotion/GCN_Locomotion_Rubber.GCN_Locomotion_Rubber_C was not loaded when GameplayCue was invoked. Starting async loading.
[2026.08.30-08.27.29:290][676]LogAbilitySystem: Display: GameplayCueNotify /Game/GameplayAbilities/GameplayCues/Locomotion/GCN_Locomotion_PortalWall.GCN_Locomotion_PortalWall_C was not loaded when GameplayCue was invoked. Starting async loading.
[2026.08.30-08.27.29:420][689]LogNiagara: Warning: Failed to acquire niagara system NiagaraSystem /Game/VFX/NiagaraSystems/DefaultTracer/3P/NS_Default_Tracer_01_NDC_3P.NS_Default_Tracer_01_NDC_3P from the pool with MaxPoolSize=32 and PoolPrimeSize=0
[2026.08.30-08.27.29:420][689]LogNiagara: Warning: Creating niagara system NS_Default_Tracer_01_NDC_3P without pooling isn't recommended and will result in a hitch
[2026.08.30-08.27.29:757][723]LogNiagara: Warning: Failed to acquire niagara system NiagaraSystem /Game/VFX/NiagaraSystems/DefaultTracer/1P/NS_Default_Tracer_01_NDC_1P.NS_Default_Tracer_01_NDC_1P from the pool with MaxPoolSize=32 and PoolPrimeSize=0
[2026.08.30-08.27.29:757][723]LogNiagara: Warning: Creating niagara system NS_Default_Tracer_01_NDC_1P without pooling isn't recommended and will result in a hitch
[2026.08.30-08.27.29:876][736]LogNiagara: Warning: Failed to acquire niagara system NiagaraSystem /Game/VFX/NiagaraSystems/Impact/NS_Weapon_Metal_Impact.NS_Weapon_Metal_Impact from the pool with MaxPoolSize=32 and PoolPrimeSize=0
[2026.08.30-08.27.29:876][736]LogNiagara: Warning: Creating niagara system NS_Weapon_Metal_Impact without pooling isn't recommended and will result in a hitch
[2026.08.30-08.27.30:970][844]LogAbilitySystem: Display: GameplayCueNotify /Game/GameplayAbilities/GameplayCues/Locomotion/GCN_Locomotion_Glass.GCN_Locomotion_Glass_C was not loaded when GameplayCue was invoked. Starting async loading.
[2026.08.30-08.27.31:162][863]LogNiagara: Warning: Failed to acquire niagara system NiagaraSystem /Game/VFX/NiagaraSystems/Impact/NS_Weapon_Metal_Impact.NS_Weapon_Metal_Impact from the pool with MaxPoolSize=32 and PoolPrimeSize=0
[2026.08.30-08.27.31:162][863]LogNiagara: Warning: Creating niagara system NS_Weapon_Metal_Impact without pooling isn't recommended and will result in a hitch
[2026.08.30-08.27.31:191][866]LogNiagara: Warning: Failed to acquire niagara system NiagaraSystem /Game/VFX/NiagaraSystems/Impact/NS_Weapon_Blood_Impact.NS_Weapon_Blood_Impact from the pool with MaxPoolSize=32 and PoolPrimeSize=0
[2026.08.30-08.27.31:191][866]LogNiagara: Warning: Creating niagara system NS_Weapon_Blood_Impact without pooling isn't recommended and will result in a hitch
[2026.08.30-08.27.31:259][873]LogAbilitySystem: Display: GameplayCueNotify /Game/GameplayAbilities/GameplayCues/GCN_TakenDamage_Local.GCN_TakenDamage_Local_C was not loaded when GameplayCue was invoked. Starting async loading.
[2026.08.30-08.27.31:580][905]LogNiagara: Warning: Failed to acquire niagara system NiagaraSystem /FCT_Aeros/VFX/Thruster/Oni/NS_JetpackBurst_Oni.NS_JetpackBurst_Oni from the pool with MaxPoolSize=32 and PoolPrimeSize=0
[2026.08.30-08.27.31:580][905]LogNiagara: Warning: Creating niagara system NS_JetpackBurst_Oni without pooling isn't recommended and will result in a hitch
[2026.08.30-08.27.31:580][905]LogNiagara: Warning: Failed to acquire niagara system NiagaraSystem /FCT_Aeros/VFX/Thruster/Oni/NS_Jetpack_Oni.NS_Jetpack_Oni from the pool with MaxPoolSize=32 and PoolPrimeSize=0
[2026.08.30-08.27.31:580][905]LogNiagara: Warning: Creating niagara system NS_Jetpack_Oni without pooling isn't recommended and will result in a hitch
[2026.08.30-08.27.31:720][919]LogNiagara: Warning: Failed to acquire niagara system NiagaraSystem /FCT_Aeros/VFX/Thruster/Oni/NS_JetpackRemove_Oni.NS_JetpackRemove_Oni from the pool with MaxPoolSize=32 and PoolPrimeSize=0
[2026.08.30-08.27.31:720][919]LogNiagara: Warning: Creating niagara system NS_JetpackRemove_Oni without pooling isn't recommended and will result in a hitch
[2026.08.30-08.27.32:250][972]LogNiagara: Warning: Failed to acquire niagara system NiagaraSystem /Game/VFX/NiagaraSystems/Impact/NS_StadiumShield_Impact.NS_StadiumShield_Impact from the pool with MaxPoolSize=32 and PoolPrimeSize=0
[2026.08.30-08.27.32:250][972]LogNiagara: Warning: Creating niagara system NS_StadiumShield_Impact without pooling isn't recommended and will result in a hitch
[2026.08.30-08.27.32:920][ 39]LogAbilitySystem: Display: GameplayCueNotify /EQP_AER_StimShot/GameplayAbilities/GameplayCues/GCNL_StimShot.GCNL_StimShot_C was not loaded when GameplayCue was invoked. Starting async loading.
[2026.08.30-08.27.32:920][ 39]LogAbilitySystem: Display: GameplayCueNotify /EQP_AER_StimShot/GameplayAbilities/GameplayCues/GCNL_StimShot.GCNL_StimShot_C was not loaded when GameplayCue was invoked. Starting async loading.
[2026.08.30-08.27.33:480][ 95]LogAbilitySystem: Display: GameplayCueNotify /Game/GameplayAbilities/GameplayCues/GCNL_HealthRegen.GCNL_HealthRegen_C was not loaded when GameplayCue was invoked. Starting async loading.
[2026.08.30-08.27.33:480][ 95]LogAbilitySystem: Display: GameplayCueNotify /Game/GameplayAbilities/GameplayCues/GCNL_HealthRegen.GCNL_HealthRegen_C was not loaded when GameplayCue was invoked. Starting async loading.
[2026.08.30-08.27.34:040][151]LogNiagara: Warning: Niagara Effect has completed naturally but has an effect type with the "Asleep" cull reaction. If an effect like this is culled before it can complete then it could leak into the scalability manager and be reactivated incorrectly. Please verify this is using the correct EffectType.
Component:NiagaraComponent /MAP_TriHard/TriHard_Main.TriHard_Main:PersistentLevel.BP_Character_Base_C_2147457817.TeleportableComponent.NiagaraComponent_2147457084
System:NiagaraSystem /Game/Portals/Blueprints/VFX/PortalLinkDirectionIndicator/NS_PortalDirectionIndicator_Single.NS_PortalDirectionIndicator_Single
[2026.08.30-08.27.34:310][178]LogNiagara: Warning: Failed to acquire niagara system NiagaraSystem /Game/VFX/NiagaraSystems/Portal/NS_CHAR_PortalExit.NS_CHAR_PortalExit from the pool with MaxPoolSize=32 and PoolPrimeSize=0
[2026.08.30-08.27.34:310][178]LogNiagara: Warning: Creating niagara system NS_CHAR_PortalExit without pooling isn't recommended and will result in a hitch
[2026.08.30-08.27.34:749][222]LogActorComponent: Warning: SetAutoActivate called on component NiagaraComponent /MAP_TriHard/Sublevels/TRIHARD_SL_Portals.TRIHARD_SL_Portals:PersistentLevel.BP_PortalWall_V5_C_1.LaunchVFX after construction!
[2026.08.30-08.27.35:300][277]LogAbilitySystem: Display: GameplayCueNotify /Game/GameplayAbilities/GameplayCues/Portals/GCN_FirePortal_Outcome.GCN_FirePortal_Outcome_C was not loaded when GameplayCue was invoked. Starting async loading.
[2026.08.30-08.27.35:310][278]LogNiagara: Warning: Niagara Effect has completed naturally but has an effect type with the "Asleep" cull reaction. If an effect like this is culled before it can complete then it could leak into the scalability manager and be reactivated incorrectly. Please verify this is using the correct EffectType.
Component:NiagaraComponent /MAP_TriHard/TriHard_Main.TriHard_Main:PersistentLevel.BP_Character_Base_C_2147457991.TeleportableComponent.NiagaraComponent_2147457061
System:NiagaraSystem /Game/Portals/Blueprints/VFX/PortalLinkDirectionIndicator/NS_PortalDirectionIndicator_Single.NS_PortalDirectionIndicator_Single
[2026.08.30-08.27.35:422][289]LogNiagara: Warning: Failed to acquire niagara system NiagaraSystem /Game/VFX/NiagaraSystems/Portal/NS_PortalGun_Muzzle.NS_PortalGun_Muzzle from the pool with MaxPoolSize=32 and PoolPrimeSize=0
[2026.08.30-08.27.35:422][289]LogNiagara: Warning: Creating niagara system NS_PortalGun_Muzzle without pooling isn't recommended and will result in a hitch
[2026.08.30-08.27.38:299][577]LogActorComponent: Warning: SetAutoActivate called on component NiagaraComponent /MAP_TriHard/Sublevels/TRIHARD_SL_Portals.TRIHARD_SL_Portals:PersistentLevel.BP_PortalWall_V5_C_1.LaunchVFX after construction!
[2026.08.30-08.27.38:440][591]LogNiagara: Warning: Niagara Effect has completed naturally but has an effect type with the "Asleep" cull reaction. If an effect like this is culled before it can complete then it could leak into the scalability manager and be reactivated incorrectly. Please verify this is using the correct EffectType.
Component:NiagaraComponent /MAP_TriHard/TriHard_Main.TriHard_Main:PersistentLevel.BP_Character_Base_C_2147457817.TeleportableComponent.NiagaraComponent_2147457084
System:NiagaraSystem /Game/Portals/Blueprints/VFX/PortalLinkDirectionIndicator/NS_PortalDirectionIndicator_Single.NS_PortalDirectionIndicator_Single
[2026.08.30-08.27.39:320][679]LogNiagara: Warning: Failed to acquire niagara system NiagaraSystem /Game/VFX/NiagaraSystems/Portal/NS_PortalWave.NS_PortalWave from the pool with MaxPoolSize=32 and PoolPrimeSize=0
[2026.08.30-08.27.39:320][679]LogNiagara: Warning: Creating niagara system NS_PortalWave without pooling isn't recommended and will result in a hitch
[2026.08.30-08.27.42:601][  7]LogNiagara: Warning: Failed to acquire niagara system NiagaraSystem /MOD_Firecracker/Objectives/Bomb/Skins/Base/VFX/NS_Firecracker_BombPlanted.NS_Firecracker_BombPlanted from the pool with MaxPoolSize=32 and PoolPrimeSize=0
[2026.08.30-08.27.42:602][  7]LogNiagara: Warning: Creating niagara system NS_Firecracker_BombPlanted without pooling isn't recommended and will result in a hitch
[2026.08.30-08.27.42:755][ 23]LogNiagara: Warning: Failed to acquire niagara system NiagaraSystem /Game/VFX/NiagaraSystems/Impact/NS_Weapon_Metal_Impact.NS_Weapon_Metal_Impact from the pool with MaxPoolSize=32 and PoolPrimeSize=0
[2026.08.30-08.27.42:755][ 23]LogNiagara: Warning: Creating niagara system NS_Weapon_Metal_Impact without pooling isn't recommended and will result in a hitch
[2026.08.30-08.27.43:081][ 56]LogAbilitySystem: Display: GameplayCueNotify /PRK_SpeedySlayer/GameplayAbilities/GameplayCues/GCNL_SpeedySlayer.GCNL_SpeedySlayer_C was not loaded when GameplayCue was invoked. Starting async loading.
[2026.08.30-08.27.43:081][ 56]LogAbilitySystem: Display: GameplayCueNotify /PRK_SpeedySlayer/GameplayAbilities/GameplayCues/GCNL_SpeedySlayer.GCNL_SpeedySlayer_C was not loaded when GameplayCue was invoked. Starting async loading.
[2026.08.30-08.27.43:082][ 56]LogNiagara: Warning: Failed to acquire niagara system NiagaraSystem /Game/VFX/NiagaraSystems/PlayerDeath/NS_PlayerDeath.NS_PlayerDeath from the pool with MaxPoolSize=32 and PoolPrimeSize=0
[2026.08.30-08.27.43:082][ 56]LogNiagara: Warning: Creating niagara system NS_PlayerDeath without pooling isn't recommended and will result in a hitch
[2026.08.30-08.27.43:091][ 57]LogNiagara: StaticMesh data interface has no valid mesh - NiagaraDataInterfaceStaticMesh /MAP_TriHard/TriHard_Main.TriHard_Main:PersistentLevel.BP_WeaponPickup_C_2147456935.Niagara.NiagaraDataInterfaceStaticMesh_1
[2026.08.30-08.27.45:239][271]LogAbilitySystem: Display: GameplayCueNotify /Game/GameplayAbilities/GameplayCues/GCN_Flinch.GCN_Flinch_C was not loaded when GameplayCue was invoked. Starting async loading.
[2026.08.30-08.27.45:319][279]LogAbilitySystem: Display: GameplayCueNotify /Game/GameplayAbilities/GameplayCues/GCN_Melee_Swing.GCN_Melee_Swing_C was not loaded when GameplayCue was invoked. Starting async loading.
[2026.08.30-08.27.45:319][279]LogBlueprintUserMessages: Weapon Skin: Default__SkinBP_SBK_SMG_Base_C
[2026.08.30-08.27.45:319][279]LogBlueprintUserMessages: Montages: AM_SBK_SMG_Base_FP_CHR_Melee_03AM_TP_AR_Melee
[2026.08.30-08.27.45:319][279]LogBlueprintUserMessages: Weapon Skin: Default__SkinBP_SBK_SMG_Base_C
[2026.08.30-08.27.46:071][354]LogNiagara: StaticMesh data interface has no valid mesh - NiagaraDataInterfaceStaticMesh /MAP_TriHard/TriHard_Main.TriHard_Main:PersistentLevel.BP_WeaponPickup_C_2147456872.Niagara.NiagaraDataInterfaceStaticMesh_1
[2026.08.30-08.27.46:071][354]LogNiagara: Warning: Failed to acquire niagara system NiagaraSystem /Game/VFX/NiagaraSystems/PlayerDeath/NS_PlayerDeath.NS_PlayerDeath from the pool with MaxPoolSize=32 and PoolPrimeSize=0
[2026.08.30-08.27.46:071][354]LogNiagara: Warning: Creating niagara system NS_PlayerDeath without pooling isn't recommended and will result in a hitch
[2026.08.30-08.27.46:079][355]LogAbilitySystem: Display: GameplayCueNotify /Game/GameplayAbilities/GameplayCues/GCN_Melee_Hit_Base.GCN_Melee_Hit_Base_C was not loaded when GameplayCue was invoked. Starting async loading.
[2026.08.30-08.27.46:378][385]LogNiagara: Warning: Failed to acquire niagara system NiagaraSystem /EQP_SBK_StickyGrenade/Skins/Base/VFX/NS_Sabrask_StickyGrenade_Explosion.NS_Sabrask_StickyGrenade_Explosion from the pool with MaxPoolSize=32 and PoolPrimeSize=0
[2026.08.30-08.27.46:378][385]LogNiagara: Warning: Creating niagara system NS_Sabrask_StickyGrenade_Explosion without pooling isn't recommended and will result in a hitch
[2026.08.30-08.27.46:628][410]LogAbilitySystem: Display: GameplayCueNotify /Game/GameplayAbilities/GameplayCues/GCN_Pickup_Ammo.GCN_Pickup_Ammo_C was not loaded when GameplayCue was invoked. Starting async loading.
[2026.08.30-08.27.48:080][555]LogAbilitySystem: Warning: GameplayCueNotify_Actor GCNL_Death_C_2147456954 had active timelines when it was recycled.
[2026.08.30-08.27.49:100][657]LogPhysics: Warning: FConstraintInstance::GetRefFrame : Contained scale.
[2026.08.30-08.27.49:129][660]LogScript: Warning: Script Msg: Divide by zero: Divide_DoubleDouble
[2026.08.30-08.27.49:138][661]LogAbilitySystem: Warning: GameplayCueNotify GameplayCue.Ability.ControlledFalling at index -1 not found in runtime cue set.
[2026.08.30-08.27.49:464][694]LogD3D12RHI: OnlineHeap RollOver Detected. Increase the heap size to prevent creation of additional heaps
[2026.08.30-08.27.49:924][740]LogD3D12RHI: OnlineHeap RollOver Detected. Increase the heap size to prevent creation of additional heaps
[2026.08.30-08.27.49:943][742]LogD3D12RHI: OnlineHeap RollOver Detected. Increase the heap size to prevent creation of additional heaps
[2026.08.30-08.27.50:374][785]LogD3D12RHI: OnlineHeap RollOver Detected. Increase the heap size to prevent creation of additional heaps
[2026.08.30-08.27.50:554][803]LogD3D12RHI: OnlineHeap RollOver Detected. Increase the heap size to prevent creation of additional heaps
[2026.08.30-08.27.50:673][815]LogD3D12RHI: OnlineHeap RollOver Detected. Increase the heap size to prevent creation of additional heaps
[2026.08.30-08.27.50:713][819]LogD3D12RHI: OnlineHeap RollOver Detected. Increase the heap size to prevent creation of additional heaps
[2026.08.30-08.27.50:743][822]LogD3D12RHI: OnlineHeap RollOver Detected. Increase the heap size to prevent creation of additional heaps
[2026.08.30-08.27.50:855][833]LogD3D12RHI: OnlineHeap RollOver Detected. Increase the heap size to prevent creation of additional heaps
[2026.08.30-08.27.51:043][852]LogD3D12RHI: OnlineHeap RollOver Detected. Increase the heap size to prevent creation of additional heaps
[2026.08.30-08.27.51:080][855]LogAbilitySystem: Warning: GameplayCueNotify_Actor GCNL_Death_C_2147456869 had active timelines when it was recycled.
[2026.08.30-08.27.51:144][862]LogD3D12RHI: OnlineHeap RollOver Detected. Increase the heap size to prevent creation of additional heaps
[2026.08.30-08.27.51:631][910]LogNiagara: Warning: Failed to acquire niagara system NiagaraSystem /MOD_Firecracker/Objectives/Bomb/Skins/Base/VFX/NS_Firecracker_Defuse.NS_Firecracker_Defuse from the pool with MaxPoolSize=32 and PoolPrimeSize=0
[2026.08.30-08.27.51:631][910]LogNiagara: Warning: Creating niagara system NS_Firecracker_Defuse without pooling isn't recommended and will result in a hitch
[2026.08.30-08.27.52:069][954]LogPhysics: Warning: FConstraintInstance::GetRefFrame : Contained scale.
[2026.08.30-08.27.52:098][957]LogScript: Warning: Script Msg: Divide by zero: Divide_DoubleDouble
[2026.08.30-08.27.52:108][958]LogAbilitySystem: Warning: GameplayCueNotify GameplayCue.Ability.ControlledFalling at index -1 not found in runtime cue set.
[2026.08.30-08.27.52:591][  6]LogNiagara: StaticMesh data interface has no valid mesh - NiagaraDataInterfaceStaticMesh /MAP_TriHard/TriHard_Main.TriHard_Main:PersistentLevel.BP_WeaponPickup_C_2147456495.Niagara.NiagaraDataInterfaceStaticMesh_1
[2026.08.30-08.27.52:591][  6]LogNiagara: StaticMesh data interface has no valid mesh - NiagaraDataInterfaceStaticMesh /MAP_TriHard/TriHard_Main.TriHard_Main:PersistentLevel.BP_WeaponPickup_C_2147456493.Niagara.NiagaraDataInterfaceStaticMesh_1
[2026.08.30-08.27.52:601][  7]LogNiagara: Warning: Failed to acquire niagara system NiagaraSystem /Game/Items/Pickups/VFX/NS_WeaponPad_V2.NS_WeaponPad_V2 from the pool with MaxPoolSize=32 and PoolPrimeSize=0
[2026.08.30-08.27.52:601][  7]LogNiagara: Warning: Creating niagara system NS_WeaponPad_V2 without pooling isn't recommended and will result in a hitch
[2026.08.30-08.27.52:648][ 12]LogNiagara: Warning: Failed to acquire niagara system NiagaraSystem /Game/Items/Pickups/VFX/NS_WeaponPad_V2.NS_WeaponPad_V2 from the pool with MaxPoolSize=32 and PoolPrimeSize=0
[2026.08.30-08.27.52:648][ 12]LogNiagara: Warning: Creating niagara system NS_WeaponPad_V2 without pooling isn't recommended and will result in a hitch
[2026.08.30-08.27.52:923][ 40]LogD3D12RHI: OnlineHeap RollOver Detected. Increase the heap size to prevent creation of additional heaps
[2026.08.30-08.27.54:284][176]LogD3D12RHI: OnlineHeap RollOver Detected. Increase the heap size to prevent creation of additional heaps
[2026.08.30-08.27.54:314][179]LogD3D12RHI: OnlineHeap RollOver Detected. Increase the heap size to prevent creation of additional heaps
[2026.08.30-08.27.54:751][222]LogNiagara: Warning: Niagara Effect has completed naturally but has an effect type with the "Asleep" cull reaction. If an effect like this is culled before it can complete then it could leak into the scalability manager and be reactivated incorrectly. Please verify this is using the correct EffectType.
Component:NiagaraComponent /MAP_TriHard/TriHard_Main.TriHard_Main:PersistentLevel.BP_Character_Base_C_2147456728.TeleportableComponent.NiagaraComponent_2147456477
System:NiagaraSystem /Game/Portals/Blueprints/VFX/PortalLinkDirectionIndicator/NS_PortalDirectionIndicator_Single.NS_PortalDirectionIndicator_Single
[2026.08.30-08.27.55:871][334]LogAbilitySystem: Display: GameplayCueNotify /Game/GameplayAbilities/GameplayCues/GCN_Pickup_Weapon_Power.GCN_Pickup_Weapon_Power_C was not loaded when GameplayCue was invoked. Starting async loading.
[2026.08.30-08.27.55:873][334]LogNiagara: StaticMesh data interface has no valid mesh - NiagaraDataInterfaceStaticMesh /MAP_TriHard/TriHard_Main.TriHard_Main:PersistentLevel.BP_WeaponPickup_C_2147456431.Niagara.NiagaraDataInterfaceStaticMesh_1
[2026.08.30-08.27.55:873][334]LogNiagara: Warning: Niagara system NiagaraSystem /Game/Items/Pickups/VFX/NS_Pickup_Rarity.NS_Pickup_Rarity took 1.21 ms to activate. Consider optimizing the system or priming the pool.
[2026.08.30-08.27.56:313][379]LogD3D12RHI: OnlineHeap RollOver Detected. Increase the heap size to prevent creation of additional heaps
[2026.08.30-08.27.56:493][397]LogD3D12RHI: OnlineHeap RollOver Detected. Increase the heap size to prevent creation of additional heaps
[2026.08.30-08.27.57:210][468]LogAbilitySystem: Display: GameplayCueNotify /POW_Overshield/GameplayAbilities/GameplayCues/GCNL_Overshield_Active.GCNL_Overshield_Active_C was not loaded when GameplayCue was invoked. Starting async loading.
[2026.08.30-08.27.57:210][468]LogAbilitySystem: Display: GameplayCueNotify /POW_Overshield/GameplayAbilities/GameplayCues/GCNL_Overshield_Active.GCNL_Overshield_Active_C was not loaded when GameplayCue was invoked. Starting async loading.
[2026.08.30-08.27.57:211][468]LogAbilitySystem: Display: GameplayCueNotify /Game/GameplayAbilities/GameplayCues/GCN_Pickup_PowerUp.GCN_Pickup_PowerUp_C was not loaded when GameplayCue was invoked. Starting async loading.
[2026.08.30-08.27.57:232][470]LogNiagara: Warning: Failed to acquire niagara system NiagaraSystem /POW_Overshield/VFX/NS_Overshield_1P_Looping.NS_Overshield_1P_Looping from the pool with MaxPoolSize=32 and PoolPrimeSize=0
[2026.08.30-08.27.57:232][470]LogNiagara: Warning: Creating niagara system NS_Overshield_1P_Looping without pooling isn't recommended and will result in a hitch
[2026.08.30-08.27.57:370][484]LogActorComponent: Error: May not destroy component NiagaraComponent /MAP_TriHard/TriHard_Main.TriHard_Main:PersistentLevel.PortalWarsWorldSettings.NiagaraComponent_2147456484 owned by PortalWarsWorldSettings /MAP_TriHard/TriHard_Main.TriHard_Main:PersistentLevel.PortalWarsWorldSettings.
[2026.08.30-08.27.58:960][643]LogNiagara: Warning: Failed to acquire niagara system NiagaraSystem /Game/VFX/NiagaraSystems/DefaultTracer/3P/NS_Default_Tracer_01_NDC_3P.NS_Default_Tracer_01_NDC_3P from the pool with MaxPoolSize=32 and PoolPrimeSize=0
[2026.08.30-08.27.58:960][643]LogNiagara: Warning: Creating niagara system NS_Default_Tracer_01_NDC_3P without pooling isn't recommended and will result in a hitch
[2026.08.30-08.27.59:051][652]LogNiagara: Warning: Failed to acquire niagara system NiagaraSystem /Game/VFX/NiagaraSystems/Impact/NS_Weapon_Glass_Impact.NS_Weapon_Glass_Impact from the pool with MaxPoolSize=32 and PoolPrimeSize=0
[2026.08.30-08.27.59:051][652]LogNiagara: Warning: Creating niagara system NS_Weapon_Glass_Impact without pooling isn't recommended and will result in a hitch
[2026.08.30-08.27.59:074][655]LogD3D12RHI: OnlineHeap RollOver Detected. Increase the heap size to prevent creation of additional heaps
[2026.08.30-08.27.59:290][676]LogNiagara: Warning: Niagara Effect has completed naturally but has an effect type with the "Asleep" cull reaction. If an effect like this is culled before it can complete then it could leak into the scalability manager and be reactivated incorrectly. Please verify this is using the correct EffectType.
Component:NiagaraComponent /MAP_TriHard/TriHard_Main.TriHard_Main:PersistentLevel.BP_PowerUp_Overshield_AffectedPlayer_1P_CameraLens_C_2147456397.NiagaraComponent0
System:NiagaraSystem /POW_Overshield/VFX/NS_Overshield_InitialBurst_CameraLens_1P.NS_Overshield_InitialBurst_CameraLens_1P
[2026.08.30-08.27.59:924][740]LogD3D12RHI: OnlineHeap RollOver Detected. Increase the heap size to prevent creation of additional heaps
[2026.08.30-08.28.00:704][818]LogD3D12RHI: OnlineHeap RollOver Detected. Increase the heap size to prevent creation of additional heaps
[2026.08.30-08.28.01:321][879]LogNiagara: Warning: Failed to acquire niagara system NiagaraSystem /EQP_AER_StimShot/VFX/NiagaraSystem/NS_StimShot-3p1.NS_StimShot-3p1 from the pool with MaxPoolSize=32 and PoolPrimeSize=0
[2026.08.30-08.28.01:321][879]LogNiagara: Warning: Creating niagara system NS_StimShot-3p1 without pooling isn't recommended and will result in a hitch
[2026.08.30-08.28.03:001][ 47]LogNiagara: StaticMesh data interface has no valid mesh - NiagaraDataInterfaceStaticMesh /MAP_TriHard/TriHard_Main.TriHard_Main:PersistentLevel.BP_WeaponPickup_C_2147456310.Niagara.NiagaraDataInterfaceStaticMesh_1
[2026.08.30-08.28.03:351][ 82]LogNiagara: StaticMesh data interface has no valid mesh - NiagaraDataInterfaceStaticMesh /MAP_TriHard/TriHard_Main.TriHard_Main:PersistentLevel.BP_WeaponPickup_C_2147456298.Niagara.NiagaraDataInterfaceStaticMesh_1
[2026.08.30-08.28.04:900][237]LogNiagara: Warning: Niagara Effect has completed naturally but has an effect type with the "Asleep" cull reaction. If an effect like this is culled before it can complete then it could leak into the scalability manager and be reactivated incorrectly. Please verify this is using the correct EffectType.
Component:NiagaraComponent /MAP_TriHard/TriHard_Main.TriHard_Main:PersistentLevel.BP_Character_Base_C_2147456728.TeleportableComponent.NiagaraComponent_2147456477
System:NiagaraSystem /Game/Portals/Blueprints/VFX/PortalLinkDirectionIndicator/NS_PortalDirectionIndicator_Single.NS_PortalDirectionIndicator_Single
[2026.08.30-08.28.06:714][419]LogD3D12RHI: OnlineHeap RollOver Detected. Increase the heap size to prevent creation of additional heaps
[2026.08.30-08.28.07:410][488]LogNiagara: Warning: Failed to acquire niagara system NiagaraSystem /MOD_Firecracker/Objectives/Tablet/Skins/Base/VFX/NS_FirecrackerTablet_AntennaSignal_01.NS_FirecrackerTablet_AntennaSignal_01 from the pool with MaxPoolSize=32 and PoolPrimeSize=0
[2026.08.30-08.28.07:410][488]LogNiagara: Warning: Creating niagara system NS_FirecrackerTablet_AntennaSignal_01 without pooling isn't recommended and will result in a hitch
[2026.08.30-08.28.09:040][651]LogPhysics: Warning: FConstraintInstance::GetRefFrame : Contained scale.
[2026.08.30-08.28.09:069][654]LogScript: Warning: Script Msg: Divide by zero: Divide_DoubleDouble
[2026.08.30-08.28.09:080][655]LogAbilitySystem: Warning: GameplayCueNotify GameplayCue.Ability.ControlledFalling at index -1 not found in runtime cue set.
[2026.08.30-08.28.09:360][683]LogPhysics: Warning: FConstraintInstance::GetRefFrame : Contained scale.
[2026.08.30-08.28.09:389][686]LogScript: Warning: Script Msg: Divide by zero: Divide_DoubleDouble
[2026.08.30-08.28.09:399][687]LogAbilitySystem: Warning: GameplayCueNotify GameplayCue.Ability.ControlledFalling at index -1 not found in runtime cue set.
[2026.08.30-08.28.10:011][748]LogNiagara: Warning: Niagara Effect has completed naturally but has an effect type with the "Asleep" cull reaction. If an effect like this is culled before it can complete then it could leak into the scalability manager and be reactivated incorrectly. Please verify this is using the correct EffectType.
Component:NiagaraComponent /MAP_TriHard/TriHard_Main.TriHard_Main:PersistentLevel.BP_Character_Base_C_2147457975.TeleportableComponent.NiagaraComponent_2147457186
System:NiagaraSystem /Game/Portals/Blueprints/VFX/PortalLinkDirectionIndicator/NS_PortalDirectionIndicator_Single.NS_PortalDirectionIndicator_Single
[2026.08.30-08.28.13:041][ 51]LogAnimation: Warning: SLOTNODE: 'DefaultSlot' in animation instance class ABP_MER_ChargePistol_Base_WPN_C already exists. Remove duplicates from the animation graph for this class.
[2026.08.30-08.28.13:450][ 92]LogNiagara: StaticMesh data interface has no valid mesh - NiagaraDataInterfaceStaticMesh /MAP_TriHard/TriHard_Main.TriHard_Main:PersistentLevel.BP_WeaponPickup_C_2147456064.Niagara.NiagaraDataInterfaceStaticMesh_1
[2026.08.30-08.28.13:600][105]LogNiagara: StaticMesh data interface has no valid mesh - NiagaraDataInterfaceStaticMesh /MAP_TriHard/TriHard_Main.TriHard_Main:PersistentLevel.BP_WeaponPickup_C_2147456038.Niagara.NiagaraDataInterfaceStaticMesh_1
[2026.08.30-08.28.14:950][241]LogActorComponent: Error: May not destroy component NiagaraComponent /MAP_TriHard/TriHard_Main.TriHard_Main:PersistentLevel.PortalWarsWorldSettings.NiagaraComponent_2147456485 owned by PortalWarsWorldSettings /MAP_TriHard/TriHard_Main.TriHard_Main:PersistentLevel.PortalWarsWorldSettings.
[2026.08.30-08.28.15:301][276]LogNiagara: StaticMesh data interface has no valid mesh - NiagaraDataInterfaceStaticMesh /MAP_TriHard/TriHard_Main.TriHard_Main:PersistentLevel.BP_WeaponPickup_C_2147456012.Niagara.NiagaraDataInterfaceStaticMesh_1
[2026.08.30-08.28.15:302][276]LogNiagara: Warning: Failed to acquire niagara system NiagaraSystem /WEP_AER_Railgun/Skins/VFX/NS_Aeros_Railgun_Tracer_01_3P.NS_Aeros_Railgun_Tracer_01_3P from the pool with MaxPoolSize=32 and PoolPrimeSize=0
[2026.08.30-08.28.15:302][276]LogNiagara: Warning: Creating niagara system NS_Aeros_Railgun_Tracer_01_3P without pooling isn't recommended and will result in a hitch
[2026.08.30-08.28.16:191][365]LogNiagara: Warning: Failed to acquire niagara system NiagaraSystem /Game/VFX/NiagaraSystems/Impact/NS_Weapon_Metal_Impact.NS_Weapon_Metal_Impact from the pool with MaxPoolSize=32 and PoolPrimeSize=0
[2026.08.30-08.28.16:191][365]LogNiagara: Warning: Creating niagara system NS_Weapon_Metal_Impact without pooling isn't recommended and will result in a hitch
[2026.08.30-08.28.16:470][393]LogNiagara: Warning: Failed to acquire niagara system NiagaraSystem /Game/VFX/NiagaraSystems/Impact/NS_Weapon_Metal_Impact.NS_Weapon_Metal_Impact from the pool with MaxPoolSize=32 and PoolPrimeSize=0
[2026.08.30-08.28.16:470][393]LogNiagara: Warning: Creating niagara system NS_Weapon_Metal_Impact without pooling isn't recommended and will result in a hitch
[2026.08.30-08.28.16:611][407]LogNiagara: Warning: Failed to acquire niagara system NiagaraSystem /Game/VFX/NiagaraSystems/Impact/NS_Weapon_Metal_Impact.NS_Weapon_Metal_Impact from the pool with MaxPoolSize=32 and PoolPrimeSize=0
[2026.08.30-08.28.16:611][407]LogNiagara: Warning: Creating niagara system NS_Weapon_Metal_Impact without pooling isn't recommended and will result in a hitch
[2026.08.30-08.28.16:951][441]LogNiagara: Warning: Failed to acquire niagara system NiagaraSystem /Game/VFX/NiagaraSystems/Impact/NS_Weapon_Blood_Impact.NS_Weapon_Blood_Impact from the pool with MaxPoolSize=32 and PoolPrimeSize=0
[2026.08.30-08.28.16:951][441]LogNiagara: Warning: Creating niagara system NS_Weapon_Blood_Impact without pooling isn't recommended and will result in a hitch
[2026.08.30-08.28.17:096][456]LogD3D12RHI: OnlineHeap RollOver Detected. Increase the heap size to prevent creation of additional heaps
[2026.08.30-08.28.17:495][496]LogD3D12RHI: OnlineHeap RollOver Detected. Increase the heap size to prevent creation of additional heaps
[2026.08.30-08.28.17:521][498]LogNiagara: Warning: Failed to acquire niagara system NiagaraSystem /WEP_AER_Railgun/Skins/VFX/NS_AerosRailgun_Impact.NS_AerosRailgun_Impact from the pool with MaxPoolSize=32 and PoolPrimeSize=0
[2026.08.30-08.28.17:521][498]LogNiagara: Warning: Creating niagara system NS_AerosRailgun_Impact without pooling isn't recommended and will result in a hitch
[2026.08.30-08.28.17:539][500]LogNiagara: StaticMesh data interface has no valid mesh - NiagaraDataInterfaceStaticMesh /MAP_TriHard/TriHard_Main.TriHard_Main:PersistentLevel.BP_WeaponPickup_C_2147455950.Niagara.NiagaraDataInterfaceStaticMesh_1
[2026.08.30-08.28.17:550][501]LogNiagara: Warning: Failed to acquire niagara system NiagaraSystem /Game/VFX/NiagaraSystems/Impact/NS_StadiumShield_Impact.NS_StadiumShield_Impact from the pool with MaxPoolSize=32 and PoolPrimeSize=0
[2026.08.30-08.28.17:551][501]LogNiagara: Warning: Creating niagara system NS_StadiumShield_Impact without pooling isn't recommended and will result in a hitch
[2026.08.30-08.28.17:805][527]LogD3D12RHI: OnlineHeap RollOver Detected. Increase the heap size to prevent creation of additional heaps
[2026.08.30-08.28.18:506][597]LogBlueprintUserMessages: Weapon Skin: Default__SkinBP_SBK_SMG_Base_C
[2026.08.30-08.28.18:506][597]LogBlueprintUserMessages: Montages: AM_SBK_SMG_Base_FP_CHR_Melee_03AM_TP_AR_Melee
[2026.08.30-08.28.18:506][597]LogBlueprintUserMessages: Weapon Skin: Default__SkinBP_SBK_SMG_Base_C
[2026.08.30-08.28.18:607][607]LogAbilitySystem: Warning: GameplayCueNotify_Actor GCNL_Death_C_2147456869 had active timelines when it was recycled.
[2026.08.30-08.28.18:847][631]LogNiagara: StaticMesh data interface has no valid mesh - NiagaraDataInterfaceStaticMesh /MAP_TriHard/TriHard_Main.TriHard_Main:PersistentLevel.BP_WeaponPickup_C_2147455879.Niagara.NiagaraDataInterfaceStaticMesh_1
[2026.08.30-08.28.19:630][709]LogPhysics: Warning: FConstraintInstance::GetRefFrame : Contained scale.
[2026.08.30-08.28.19:659][712]LogScript: Warning: Script Msg: Divide by zero: Divide_DoubleDouble
[2026.08.30-08.28.19:669][713]LogAbilitySystem: Warning: GameplayCueNotify GameplayCue.Ability.ControlledFalling at index -1 not found in runtime cue set.
[2026.08.30-08.28.20:051][751]LogAnimation: Warning: SLOTNODE: 'DefaultSlot' in animation instance class ABP_AER_BurstRifle_Base_WPN_C already exists. Remove duplicates from the animation graph for this class.
[2026.08.30-08.28.21:330][879]LogPhysics: Warning: FConstraintInstance::GetRefFrame : Contained scale.
[2026.08.30-08.28.21:359][882]LogScript: Warning: Script Msg: Divide by zero: Divide_DoubleDouble
[2026.08.30-08.28.21:370][883]LogAbilitySystem: Warning: GameplayCueNotify GameplayCue.Ability.ControlledFalling at index -1 not found in runtime cue set.
[2026.08.30-08.28.23:549][101]LogPhysics: Warning: FConstraintInstance::GetRefFrame : Contained scale.
[2026.08.30-08.28.23:589][105]LogScript: Warning: Script Msg: Divide by zero: Divide_DoubleDouble
[2026.08.30-08.28.23:600][106]LogAbilitySystem: Warning: GameplayCueNotify GameplayCue.Ability.ControlledFalling at index -1 not found in runtime cue set.
[2026.08.30-08.28.23:852][131]LogAbilitySystem: Warning: GameplayCueNotify_Actor GCNL_Death_C_2147456869 had active timelines when it was recycled.
[2026.08.30-08.28.24:851][231]LogPhysics: Warning: FConstraintInstance::GetRefFrame : Contained scale.
[2026.08.30-08.28.24:880][234]LogScript: Warning: Script Msg: Divide by zero: Divide_DoubleDouble
[2026.08.30-08.28.24:890][235]LogAbilitySystem: Warning: GameplayCueNotify GameplayCue.Ability.ControlledFalling at index -1 not found in runtime cue set.
[2026.08.30-08.28.27:261][472]LogNiagara: Warning: Niagara Effect has completed naturally but has an effect type with the "Asleep" cull reaction. If an effect like this is culled before it can complete then it could leak into the scalability manager and be reactivated incorrectly. Please verify this is using the correct EffectType.
Component:NiagaraComponent /MAP_TriHard/TriHard_Main.TriHard_Main:PersistentLevel.BP_Character_Base_C_2147455720.TeleportableComponent.NiagaraComponent_2147455485
System:NiagaraSystem /Game/Portals/Blueprints/VFX/PortalLinkDirectionIndicator/NS_PortalDirectionIndicator_Single.NS_PortalDirectionIndicator_Single
[2026.08.30-08.28.27:470][493]LogViewport: Display: Viewport MouseLockMode Changed, LockOnCapture -> LockInFullscreen
[2026.08.30-08.28.27:470][493]LogViewport: Display: Viewport MouseCaptureMode Changed, CapturePermanently -> CaptureDuringRightMouseDown
[2026.08.30-08.28.27:470][493]LogViewport: Display: Player bShowMouseCursor Changed, False -> True
[2026.08.30-08.28.27:471][493]LogSlate: InvalidateAllWidgets triggered.  All widgets were invalidated
[2026.08.30-08.28.27:478][493]LogStreamableManager: Display: RequestAsyncLoad() called with empty or only null assets!
[2026.08.30-08.28.27:479][493]LogStreamableManager: Display: RequestAsyncLoad() called with empty or only null assets!
[2026.08.30-08.28.27:480][493]LogStreamableManager: Display: RequestAsyncLoad() called with empty or only null assets!
[2026.08.30-08.28.27:482][493]LogStreamableManager: Display: RequestAsyncLoad() called with empty or only null assets!
[2026.08.30-08.28.27:484][494]LogScript: Warning: Script Msg: Attempted to access index 1 from array 'CurrentDisplayedEntries' of length 1 in '/Game/UI/HUD/InGameTabMenu/Scoreboard/WBP_ScoreboardPlayer.WBP_ScoreboardPlayer_C:UpdateStatValueWidgets'!
[2026.08.30-08.28.27:484][494]LogScript: Warning: Script Msg: Attempted to access index 2 from array 'CurrentDisplayedEntries' of length 1 in '/Game/UI/HUD/InGameTabMenu/Scoreboard/WBP_ScoreboardPlayer.WBP_ScoreboardPlayer_C:UpdateStatValueWidgets'!
[2026.08.30-08.28.27:484][494]LogScript: Warning: Script Msg: Attempted to access index 3 from array 'CurrentDisplayedEntries' of length 1 in '/Game/UI/HUD/InGameTabMenu/Scoreboard/WBP_ScoreboardPlayer.WBP_ScoreboardPlayer_C:UpdateStatValueWidgets'!
[2026.08.30-08.28.27:484][494]LogScript: Warning: Script Msg: Attempted to access index 4 from array 'CurrentDisplayedEntries' of length 1 in '/Game/UI/HUD/InGameTabMenu/Scoreboard/WBP_ScoreboardPlayer.WBP_ScoreboardPlayer_C:UpdateStatValueWidgets'!
[2026.08.30-08.28.27:484][494]LogScript: Warning: Script Msg: Attempted to access index 1 from array 'CurrentDisplayedEntries' of length 1 in '/Game/UI/HUD/InGameTabMenu/Scoreboard/WBP_ScoreboardPlayer.WBP_ScoreboardPlayer_C:UpdateStatValueWidgets'!
[2026.08.30-08.28.27:484][494]LogScript: Warning: Script Msg: Attempted to access index 2 from array 'CurrentDisplayedEntries' of length 1 in '/Game/UI/HUD/InGameTabMenu/Scoreboard/WBP_ScoreboardPlayer.WBP_ScoreboardPlayer_C:UpdateStatValueWidgets'!
[2026.08.30-08.28.27:484][494]LogScript: Warning: Script Msg: Attempted to access index 3 from array 'CurrentDisplayedEntries' of length 1 in '/Game/UI/HUD/InGameTabMenu/Scoreboard/WBP_ScoreboardPlayer.WBP_ScoreboardPlayer_C:UpdateStatValueWidgets'!
[2026.08.30-08.28.27:484][494]LogScript: Warning: Script Msg: Attempted to access index 4 from array 'CurrentDisplayedEntries' of length 1 in '/Game/UI/HUD/InGameTabMenu/Scoreboard/WBP_ScoreboardPlayer.WBP_ScoreboardPlayer_C:UpdateStatValueWidgets'!
[2026.08.30-08.28.27:484][494]LogScript: Warning: Script Msg: Attempted to access index 1 from array 'CurrentDisplayedEntries' of length 1 in '/Game/UI/HUD/InGameTabMenu/Scoreboard/WBP_ScoreboardPlayer.WBP_ScoreboardPlayer_C:UpdateStatValueWidgets'!
[2026.08.30-08.28.27:484][494]LogScript: Warning: Script Msg: Attempted to access index 2 from array 'CurrentDisplayedEntries' of length 1 in '/Game/UI/HUD/InGameTabMenu/Scoreboard/WBP_ScoreboardPlayer.WBP_ScoreboardPlayer_C:UpdateStatValueWidgets'!
[2026.08.30-08.28.27:484][494]LogScript: Warning: Script Msg: Attempted to access index 3 from array 'CurrentDisplayedEntries' of length 1 in '/Game/UI/HUD/InGameTabMenu/Scoreboard/WBP_ScoreboardPlayer.WBP_ScoreboardPlayer_C:UpdateStatValueWidgets'!
[2026.08.30-08.28.27:484][494]LogScript: Warning: Script Msg: Attempted to access index 4 from array 'CurrentDisplayedEntries' of length 1 in '/Game/UI/HUD/InGameTabMenu/Scoreboard/WBP_ScoreboardPlayer.WBP_ScoreboardPlayer_C:UpdateStatValueWidgets'!
[2026.08.30-08.28.27:484][494]LogScript: Warning: Script Msg: Attempted to access index 1 from array 'CurrentDisplayedEntries' of length 1 in '/Game/UI/HUD/InGameTabMenu/Scoreboard/WBP_ScoreboardPlayer.WBP_ScoreboardPlayer_C:UpdateStatValueWidgets'!
[2026.08.30-08.28.27:484][494]LogScript: Warning: Script Msg: Attempted to access index 2 from array 'CurrentDisplayedEntries' of length 1 in '/Game/UI/HUD/InGameTabMenu/Scoreboard/WBP_ScoreboardPlayer.WBP_ScoreboardPlayer_C:UpdateStatValueWidgets'!
[2026.08.30-08.28.27:484][494]LogScript: Warning: Script Msg: Attempted to access index 3 from array 'CurrentDisplayedEntries' of length 1 in '/Game/UI/HUD/InGameTabMenu/Scoreboard/WBP_ScoreboardPlayer.WBP_ScoreboardPlayer_C:UpdateStatValueWidgets'!
[2026.08.30-08.28.27:484][494]LogScript: Warning: Script Msg: Attempted to access index 4 from array 'CurrentDisplayedEntries' of length 1 in '/Game/UI/HUD/InGameTabMenu/Scoreboard/WBP_ScoreboardPlayer.WBP_ScoreboardPlayer_C:UpdateStatValueWidgets'!
[2026.08.30-08.28.27:488][494]LogStreamableManager: Display: RequestAsyncLoad() called with empty or only null assets!
[2026.08.30-08.28.27:491][494]LogStreamableManager: Display: RequestAsyncLoad() called with empty or only null assets!
[2026.08.30-08.28.27:494][495]LogScript: Warning: Script Msg: Attempted to access index 1 from array 'CurrentDisplayedEntries' of length 1 in '/Game/UI/HUD/InGameTabMenu/Scoreboard/WBP_ScoreboardPlayer.WBP_ScoreboardPlayer_C:UpdateStatValueWidgets'!
[2026.08.30-08.28.27:494][495]LogScript: Warning: Script Msg: Attempted to access index 2 from array 'CurrentDisplayedEntries' of length 1 in '/Game/UI/HUD/InGameTabMenu/Scoreboard/WBP_ScoreboardPlayer.WBP_ScoreboardPlayer_C:UpdateStatValueWidgets'!
[2026.08.30-08.28.27:494][495]LogScript: Warning: Script Msg: Attempted to access index 3 from array 'CurrentDisplayedEntries' of length 1 in '/Game/UI/HUD/InGameTabMenu/Scoreboard/WBP_ScoreboardPlayer.WBP_ScoreboardPlayer_C:UpdateStatValueWidgets'!
[2026.08.30-08.28.27:494][495]LogScript: Warning: Script Msg: Attempted to access index 4 from array 'CurrentDisplayedEntries' of length 1 in '/Game/UI/HUD/InGameTabMenu/Scoreboard/WBP_ScoreboardPlayer.WBP_ScoreboardPlayer_C:UpdateStatValueWidgets'!
[2026.08.30-08.28.27:494][495]LogScript: Warning: Script Msg: Attempted to access index 1 from array 'CurrentDisplayedEntries' of length 1 in '/Game/UI/HUD/InGameTabMenu/Scoreboard/WBP_ScoreboardPlayer.WBP_ScoreboardPlayer_C:UpdateStatValueWidgets'!
[2026.08.30-08.28.27:494][495]LogScript: Warning: Script Msg: Attempted to access index 2 from array 'CurrentDisplayedEntries' of length 1 in '/Game/UI/HUD/InGameTabMenu/Scoreboard/WBP_ScoreboardPlayer.WBP_ScoreboardPlayer_C:UpdateStatValueWidgets'!
[2026.08.30-08.28.27:494][495]LogScript: Warning: Script Msg: Attempted to access index 3 from array 'CurrentDisplayedEntries' of length 1 in '/Game/UI/HUD/InGameTabMenu/Scoreboard/WBP_ScoreboardPlayer.WBP_ScoreboardPlayer_C:UpdateStatValueWidgets'!
[2026.08.30-08.28.27:494][495]LogScript: Warning: Script Msg: Attempted to access index 4 from array 'CurrentDisplayedEntries' of length 1 in '/Game/UI/HUD/InGameTabMenu/Scoreboard/WBP_ScoreboardPlayer.WBP_ScoreboardPlayer_C:UpdateStatValueWidgets'!
[2026.08.30-08.28.28:029][549]LogNiagara: Warning: Failed to acquire niagara system NiagaraSystem /Game/VFX/NiagaraSystems/Portal/NS_PortalWave.NS_PortalWave from the pool with MaxPoolSize=32 and PoolPrimeSize=0
[2026.08.30-08.28.28:029][549]LogNiagara: Warning: Creating niagara system NS_PortalWave without pooling isn't recommended and will result in a hitch
[2026.08.30-08.28.28:911][637]LogViewport: Display: Viewport MouseLockMode Changed, LockInFullscreen -> LockOnCapture
[2026.08.30-08.28.28:911][637]LogViewport: Display: Viewport MouseCaptureMode Changed, CaptureDuringRightMouseDown -> CapturePermanently
[2026.08.30-08.28.28:911][637]LogViewport: Display: Player bShowMouseCursor Changed, True -> False
[2026.08.30-08.28.29:030][649]LogNiagara: Warning: Niagara Effect has completed naturally but has an effect type with the "Asleep" cull reaction. If an effect like this is culled before it can complete then it could leak into the scalability manager and be reactivated incorrectly. Please verify this is using the correct EffectType.
Component:NiagaraComponent /MAP_TriHard/TriHard_Main.TriHard_Main:PersistentLevel.BP_Character_Base_C_2147455655.TeleportableComponent.NiagaraComponent_2147455484
System:NiagaraSystem /Game/Portals/Blueprints/VFX/PortalLinkDirectionIndicator/NS_PortalDirectionIndicator_Single.NS_PortalDirectionIndicator_Single
[2026.08.30-08.28.29:539][700]LogNiagara: StaticMesh data interface has no valid mesh - NiagaraDataInterfaceStaticMesh /MAP_TriHard/TriHard_Main.TriHard_Main:PersistentLevel.BP_WeaponPickup_C_2147455207.Niagara.NiagaraDataInterfaceStaticMesh_1
[2026.08.30-08.28.29:871][733]LogNiagara: Warning: Failed to acquire niagara system NiagaraSystem /Game/VFX/NiagaraSystems/Impact/NS_Weapon_Default_Impact.NS_Weapon_Default_Impact from the pool with MaxPoolSize=32 and PoolPrimeSize=0
[2026.08.30-08.28.29:871][733]LogNiagara: Warning: Creating niagara system NS_Weapon_Default_Impact without pooling isn't recommended and will result in a hitch
[2026.08.30-08.28.30:050][751]LogNiagara: Warning: Niagara Effect has completed naturally but has an effect type with the "Asleep" cull reaction. If an effect like this is culled before it can complete then it could leak into the scalability manager and be reactivated incorrectly. Please verify this is using the correct EffectType.
Component:NiagaraComponent /MAP_TriHard/TriHard_Main.TriHard_Main:PersistentLevel.BP_Character_Base_C_2147455655.TeleportableComponent.NiagaraComponent_2147455484
System:NiagaraSystem /Game/Portals/Blueprints/VFX/PortalLinkDirectionIndicator/NS_PortalDirectionIndicator_Single.NS_PortalDirectionIndicator_Single
[2026.08.30-08.28.31:011][847]LogNiagara: StaticMesh data interface has no valid mesh - NiagaraDataInterfaceStaticMesh /MAP_TriHard/TriHard_Main.TriHard_Main:PersistentLevel.BP_WeaponPickup_C_2147455171.Niagara.NiagaraDataInterfaceStaticMesh_1
[2026.08.30-08.28.33:599][106]LogNiagara: StaticMesh data interface has no valid mesh - NiagaraDataInterfaceStaticMesh /MAP_TriHard/TriHard_Main.TriHard_Main:PersistentLevel.BP_WeaponPickup_C_2147455127.Niagara.NiagaraDataInterfaceStaticMesh_1
[2026.08.30-08.28.34:542][200]LogAbilitySystem: Warning: GameplayCueNotify_Actor GCNL_Death_C_2147456869 had active timelines when it was recycled.
[2026.08.30-08.28.34:671][213]LogAbilitySystem: Display: GameplayCueNotify /MOD_Firecracker/GameplayAbilities/GameplayCues/GCN_BombPlantZone_Explode_BeginDetonation.GCN_BombPlantZone_Explode_BeginDetonation_C was not loaded when GameplayCue was invoked. Starting async loading.
[2026.08.30-08.28.34:671][213]LogAbilitySystem: Display: GameplayCueNotify /MOD_Firecracker/GameplayAbilities/GameplayCues/GCN_BombPlantZone_Explode_BeginDetonation.GCN_BombPlantZone_Explode_BeginDetonation_C was not loaded when GameplayCue was invoked. Starting async loading.
[2026.08.30-08.28.34:673][213]LogSlate: InvalidateAllWidgets triggered.  All widgets were invalidated
[2026.08.30-08.28.34:673][213]LogPortalWarsUI: Outro-ing all 0 transition stingers
[2026.08.30-08.28.34:680][213]LogStreamableManager: Display: RequestAsyncLoad() called with empty or only null assets!
[2026.08.30-08.28.34:680][213]LogStreamableManager: Display: RequestAsyncLoad() called with empty or only null assets!
[2026.08.30-08.28.34:680][213]LogStreamableManager: Display: RequestAsyncLoad() called with empty or only null assets!
[2026.08.30-08.28.34:680][213]LogStreamableManager: Display: RequestAsyncLoad() called with empty or only null assets!
[2026.08.30-08.28.34:680][213]LogStreamableManager: Display: RequestAsyncLoad() called with empty or only null assets!
[2026.08.30-08.28.34:681][213]LogStreamableManager: Display: RequestAsyncLoad() called with empty or only null assets!
[2026.08.30-08.28.34:681][213]LogStreamableManager: Display: RequestAsyncLoad() called with empty or only null assets!
[2026.08.30-08.28.34:681][213]LogStreamableManager: Display: RequestAsyncLoad() called with empty or only null assets!
[2026.08.30-08.28.34:681][213]LogStreamableManager: Display: RequestAsyncLoad() called with empty or only null assets!
[2026.08.30-08.28.34:681][213]LogStreamableManager: Display: RequestAsyncLoad() called with empty or only null assets!
[2026.08.30-08.28.34:682][214]LogStreamableManager: Display: RequestAsyncLoad() called with empty or only null assets!
[2026.08.30-08.28.34:682][214]LogStreamableManager: Display: RequestAsyncLoad() called with empty or only null assets!
[2026.08.30-08.28.34:688][214]LogSlate: InvalidateAllWidgets triggered.  All widgets were invalidated
[2026.08.30-08.28.34:716][217]LogNiagara: Warning: Failed to acquire niagara system NiagaraSystem /MOD_Firecracker/Objectives/Bomb/Skins/Base/VFX/NS_Firecracker_Success.NS_Firecracker_Success from the pool with MaxPoolSize=32 and PoolPrimeSize=0
[2026.08.30-08.28.34:717][217]LogNiagara: Warning: Creating niagara system NS_Firecracker_Success without pooling isn't recommended and will result in a hitch
[2026.08.30-08.28.34:717][217]LogNiagara: Warning: Failed to acquire niagara system NiagaraSystem /MOD_Firecracker/Objectives/Bomb/Skins/Base/VFX/NS_Firecracker_SuccessGlobal.NS_Firecracker_SuccessGlobal from the pool with MaxPoolSize=32 and PoolPrimeSize=0
[2026.08.30-08.28.34:717][217]LogNiagara: Warning: Creating niagara system NS_Firecracker_SuccessGlobal without pooling isn't recommended and will result in a hitch
[2026.08.30-08.28.34:812][228]LogStreamableManager: Display: RequestAsyncLoad() called with empty or only null assets!
[2026.08.30-08.28.35:195][266]LogAbilitySystem: Display: GameplayCueNotify /MOD_Firecracker/GameplayAbilities/GameplayCues/GCN_BombPlantZone_Explode_Detonate.GCN_BombPlantZone_Explode_Detonate_C was not loaded when GameplayCue was invoked. Starting async loading.
[2026.08.30-08.28.35:239][271]LogNiagara: Error: GPU particle read could not find GPU context for 'NS_Firecracker_Success.RedRockets', emitter either doesn't exist or is not a GPU simulation.
[2026.08.30-08.28.35:239][271]LogNiagara: Error: GPU particle read could not find GPU context for 'NS_Firecracker_Success.BlueRockets', emitter either doesn't exist or is not a GPU simulation.
[2026.08.30-08.28.35:239][271]LogNiagara: Error: GPU particle read could not find GPU context for 'NS_Firecracker_Success.PurpleRockets', emitter either doesn't exist or is not a GPU simulation.
[2026.08.30-08.28.35:239][271]LogNiagara: Error: GPU particle read could not find GPU context for 'NS_Firecracker_Success.YellowRockets', emitter either doesn't exist or is not a GPU simulation.
[2026.08.30-08.28.35:239][271]LogNiagara: Error: GPU particle read could not find GPU context for 'NS_Firecracker_Success.RedRockets', emitter either doesn't exist or is not a GPU simulation.
[2026.08.30-08.28.35:239][271]LogNiagara: Error: GPU particle read could not find GPU context for 'NS_Firecracker_Success.BlueRockets', emitter either doesn't exist or is not a GPU simulation.
[2026.08.30-08.28.35:239][271]LogNiagara: Error: GPU particle read could not find GPU context for 'NS_Firecracker_Success.PurpleRockets', emitter either doesn't exist or is not a GPU simulation.
[2026.08.30-08.28.35:239][271]LogNiagara: Error: GPU particle read could not find GPU context for 'NS_Firecracker_Success.YellowRockets', emitter either doesn't exist or is not a GPU simulation.
[2026.08.30-08.28.37:112][457]LogNiagara: Warning: Failed to acquire niagara system NiagaraSystem /Game/VFX/NiagaraSystems/Impact/NS_Weapon_Rubber_Impact.NS_Weapon_Rubber_Impact from the pool with MaxPoolSize=32 and PoolPrimeSize=0
[2026.08.30-08.28.37:112][457]LogNiagara: Warning: Creating niagara system NS_Weapon_Rubber_Impact without pooling isn't recommended and will result in a hitch
[2026.08.30-08.28.38:602][606]LogAbilitySystem: Warning: GameplayCueNotify_Actor GCNL_Death_C_2147456954 had active timelines when it was recycled.
[2026.08.30-08.28.39:680][714]LogStreaming: Display: FlushAsyncLoading(4938): 1 QueuedPackages, 0 AsyncPackages
[2026.08.30-08.28.39:687][714]LogPortalWarsUI: Created transition stinger of type /Game/UI/Stinger/WBP_PostMatchTransitionStinger.WBP_PostMatchTransitionStinger_C
[2026.08.30-08.28.40:874][833]LogNiagara: StaticMesh data interface has no valid mesh - NiagaraDataInterfaceStaticMesh /MAP_TriHard/TriHard_Main.TriHard_Main:PersistentLevel.BP_WeaponPickup_C_2147454820.Niagara.NiagaraDataInterfaceStaticMesh_1
[2026.08.30-08.28.41:922][938]LogAbilitySystem: Warning: GameplayCueNotify_Actor GCNL_Death_C_2147456954 has active latent actions (Delays, etc) when it was recycled.
[2026.08.30-08.28.41:930][939]LogGF1047Experience: UnloadCurrentExperience from state Loaded
[2026.08.30-08.28.41:931][939]LogGF1047Scheduler: Unregistering variant schedule from game options (0 triggers)
[2026.08.30-08.28.41:952][939]LogActorPool: Clearing all actor pools
[2026.08.30-08.28.41:952][939]LogGF1047Experience: Starting experience load (CLIENT): Default__EXP_Intermission_Generic_C
[2026.08.30-08.28.41:953][939]LogStreamableManager: Display: RequestAsyncLoad() called with empty or only null assets!
[2026.08.30-08.28.41:954][939]LogSlate: InvalidateAllWidgets triggered.  All widgets were invalidated
[2026.08.30-08.28.42:031][939]LogUObjectHash: Compacting FUObjectHashTables data took   2.75ms
[2026.08.30-08.28.42:037][939]LogGF1047Experience: Experience load complete (CLIENT): Default__EXP_Intermission_Generic_C
[2026.08.30-08.28.42:037][939]LogStreaming: Display: FlushAsyncLoading(4945): 1 QueuedPackages, 0 AsyncPackages
[2026.08.30-08.28.42:039][939]LogStreamableManager: Display: RequestAsyncLoad() called with empty or only null assets!
[2026.08.30-08.28.42:047][940]LogUI1047GameOptions: Warning: Unsupported struct property type for option 'GameOptions.Property.Weapons.AmmoGrantMelee'
[2026.08.30-08.28.42:047][940]LogUI1047GameOptions: Warning: Unsupported struct property type for option 'GameOptions.Property.Weapons.AmmoGrantAmountMelee'
[2026.08.30-08.28.42:047][940]LogUI1047GameOptions: Warning: Unsupported struct property type for option 'GameOptions.Property.Weapons.AmmoGrantRanged'
[2026.08.30-08.28.42:047][940]LogUI1047GameOptions: Warning: Unsupported struct property type for option 'GameOptions.Property.Weapons.AmmoGrantAmountRanged'
[2026.08.30-08.28.42:047][940]LogUI1047GameOptions: Warning: Unsupported struct property type for option 'GameOptions.Property.Weapons.StartingAmmoRestriction'
[2026.08.30-08.28.42:047][940]LogUI1047GameOptions: Warning: Unsupported property type for option 'GameOptions.Property.FactionSelection.RestrictToFactions'
[2026.08.30-08.28.42:047][940]LogUI1047GameOptions: Warning: Unsupported struct property type for option 'GameOptions.Property.FactionSelection.CustomLoadouts'
[2026.08.30-08.28.42:047][940]LogUI1047GameOptions: Warning: Unsupported property type for option 'GameOptions.Property.ItemPads.ItemPadTypes'
[2026.08.30-08.28.42:047][940]LogUI1047GameOptions: Warning: Unsupported struct property type for option 'GameOptions.Property.BotSpawning.Difficulty'
[2026.08.30-08.28.42:047][940]LogUI1047GameOptions: Warning: Unsupported struct property type for option 'GameOptions.Property.BotSpawning.FactionLoadoutOptions'
[2026.08.30-08.28.42:048][940]LogUI1047GameOptions: Warning: Unsupported struct property type for option 'GameOptions.Property.Weapons.AmmoGrantMelee'
[2026.08.30-08.28.42:048][940]LogUI1047GameOptions: Warning: Unsupported struct property type for option 'GameOptions.Property.Weapons.AmmoGrantAmountMelee'
[2026.08.30-08.28.42:048][940]LogUI1047GameOptions: Warning: Unsupported struct property type for option 'GameOptions.Property.Weapons.AmmoGrantRanged'
[2026.08.30-08.28.42:048][940]LogUI1047GameOptions: Warning: Unsupported struct property type for option 'GameOptions.Property.Weapons.AmmoGrantAmountRanged'
[2026.08.30-08.28.42:048][940]LogUI1047GameOptions: Warning: Unsupported struct property type for option 'GameOptions.Property.Weapons.StartingAmmoRestriction'
[2026.08.30-08.28.42:048][940]LogUI1047GameOptions: Warning: Unsupported property type for option 'GameOptions.Property.FactionSelection.RestrictToFactions'
[2026.08.30-08.28.42:048][940]LogUI1047GameOptions: Warning: Unsupported struct property type for option 'GameOptions.Property.FactionSelection.CustomLoadouts'
[2026.08.30-08.28.42:048][940]LogUI1047GameOptions: Warning: Unsupported property type for option 'GameOptions.Property.ItemPads.ItemPadTypes'
[2026.08.30-08.28.42:048][940]LogUI1047GameOptions: Warning: Unsupported struct property type for option 'GameOptions.Property.BotSpawning.Difficulty'
[2026.08.30-08.28.42:048][940]LogUI1047GameOptions: Warning: Unsupported struct property type for option 'GameOptions.Property.BotSpawning.FactionLoadoutOptions'
[2026.08.30-08.28.42:055][940]LogPortalWarsUI: Configuring InGameOptionsViewModel from lobby
[2026.08.30-08.28.42:073][941]LogStreamableManager: Display: RequestAsyncLoad() called with empty or only null assets!
[2026.08.30-08.28.42:074][941]LogStreamableManager: Display: RequestAsyncLoad() called with empty or only null assets!
[2026.08.30-08.28.42:076][941]LogStreaming: Display: FlushAsyncLoading(4949): 1 QueuedPackages, 0 AsyncPackages
[2026.08.30-08.28.42:336][971]LogStreamableManager: Display: RequestAsyncLoad() called with empty or only null assets!
[2026.08.30-08.28.42:337][971]LogViewport: Display: Viewport MouseLockMode Changed, LockOnCapture -> LockInFullscreen
[2026.08.30-08.28.42:337][971]LogViewport: Display: Viewport MouseCaptureMode Changed, CapturePermanently -> CaptureDuringRightMouseDown
[2026.08.30-08.28.42:337][971]LogViewport: Display: Player bShowMouseCursor Changed, False -> True
[2026.08.30-08.28.42:340][971]LogStreamableManager: Display: RequestAsyncLoad() called with empty or only null assets!
[2026.08.30-08.28.42:344][971]LogStreaming: Display: FlushAsyncLoading(4951): 1 QueuedPackages, 0 AsyncPackages
[2026.08.30-08.28.42:356][971]LogStreamableManager: Display: RequestAsyncLoad() called with empty or only null assets!
[2026.08.30-08.28.42:365][971]LogGF1047SublevelComponent: PreGame_Loadout (LevelStreamingDynamic_0) is being loaded
[2026.08.30-08.28.42:365][971]LogGF1047SublevelComponent: Loading level LevelStreamingDynamic_0 (requested as PreGame_Loadout)
[2026.08.30-08.28.42:365][971]LogGF1047SublevelComponent: PreGame_Lighting was not found
[2026.08.30-08.28.42:365][971]LogGF1047SublevelComponent: Waiting for 1 sublevels and 0 data layers to load
[2026.08.30-08.28.42:366][971]LogSlate: InvalidateAllWidgets triggered.  All widgets were invalidated
[2026.08.30-08.28.42:408][975]LogStreaming: Display: FlushAsyncLoading(4960): 1 QueuedPackages, 0 AsyncPackages
[2026.08.30-08.28.42:412][976]LogGF1047SublevelComponent: LevelStreamingDynamic_0 has finished loading, broadcasting
[2026.08.30-08.28.42:412][976]LogGF1047SublevelComponent: Sublevel LevelStreamingDynamic_0 finished loading, 0 levels remain
[2026.08.30-08.28.42:412][976]LogGF1047SublevelComponent: All sublevels loaded, broadcasting completion
[2026.08.30-08.28.42:412][976]LogPortalWarsUI: PreGameLoadoutSelection loading completed
[2026.08.30-08.28.42:413][976]LogPortalWarsUI: Outro-ing all 1 transition stingers
[2026.08.30-08.28.42:425][977]LogScript: Warning: Script Msg: Divide by zero: Divide_DoubleDouble
[2026.08.30-08.28.42:426][977]LogScript: Warning: Script Msg: Attempted to access index -1 from array 'AnimationCollection_3_F5DD290046FF94C1A862F9AA8AAC5562' of length 12 in '/Game/Characters/Skeleton_V5/Animations/Menu/S_ABP_GenericTransition_AnimationArray.S_ABP_GenericTransition_AnimationArray'!
[2026.08.30-08.28.42:426][977]LogScript: Warning: Script Msg: Attempted to access index -1 from array 'AnimationCollection_3_F5DD290046FF94C1A862F9AA8AAC5562' of length 12 in '/Game/Characters/Skeleton_V5/Animations/Menu/S_ABP_GenericTransition_AnimationArray.S_ABP_GenericTransition_AnimationArray'!
[2026.08.30-08.28.42:432][978]LogSlate: InvalidateAllWidgets triggered.  All widgets were invalidated
[2026.08.30-08.28.42:435][978]LogScript: Warning: Script Msg: Divide by zero: Divide_DoubleDouble
[2026.08.30-08.28.42:435][978]LogStreaming: Display: FlushAsyncLoading(4988): 1 QueuedPackages, 0 AsyncPackages
[2026.08.30-08.28.42:438][978]LogScript: Warning: Script Msg: Attempted to access index -1 from array 'AnimationCollection_3_F5DD290046FF94C1A862F9AA8AAC5562' of length 12 in '/Game/Characters/Skeleton_V5/Animations/Menu/S_ABP_GenericTransition_AnimationArray.S_ABP_GenericTransition_AnimationArray'!
[2026.08.30-08.28.42:438][978]LogScript: Warning: Script Msg: Attempted to access index -1 from array 'AnimationCollection_3_F5DD290046FF94C1A862F9AA8AAC5562' of length 12 in '/Game/Characters/Skeleton_V5/Animations/Menu/S_ABP_GenericTransition_AnimationArray.S_ABP_GenericTransition_AnimationArray'!
[2026.08.30-08.28.42:445][978]LogScript: Warning: Script Msg: Divide by zero: Divide_DoubleDouble
[2026.08.30-08.28.42:445][978]AnimBlueprintLog: Warning: SLOTNODE: 'DefaultSlot' in animation instance class ABP_AER_BurstRifle_Base_WPN_C already exists. Remove duplicates from the animation graph for this class.
[2026.08.30-08.28.42:446][978]LogScript: Warning: Script Msg: Attempted to access index -1 from array 'AnimationCollection_3_F5DD290046FF94C1A862F9AA8AAC5562' of length 12 in '/Game/Characters/Skeleton_V5/Animations/Menu/S_ABP_GenericTransition_AnimationArray.S_ABP_GenericTransition_AnimationArray'!
[2026.08.30-08.28.42:446][978]LogScript: Warning: Script Msg: Attempted to access index -1 from array 'AnimationCollection_3_F5DD290046FF94C1A862F9AA8AAC5562' of length 12 in '/Game/Characters/Skeleton_V5/Animations/Menu/S_ABP_GenericTransition_AnimationArray.S_ABP_GenericTransition_AnimationArray'!
[2026.08.30-08.28.42:566][993]LogAnimation: Warning: SetStartPosition called on an invalid context or with an invalid type
[2026.08.30-08.28.47:302][465]LogPortalWarsUI: Forcing PreGameLoadoutSelection outro transition as time has expired
[2026.08.30-08.28.47:302][465]LogPortalWarsUI: Outro-ing all 0 transition stingers
[2026.08.30-08.28.52:252][960]LogSlate: InvalidateAllWidgets triggered.  All widgets were invalidated
[2026.08.30-08.28.52:257][960]LogStreamableManager: Display: RequestAsyncLoad() called with empty or only null assets!
[2026.08.30-08.28.52:259][960]LogStreamableManager: Display: RequestAsyncLoad() called with empty or only null assets!
[2026.08.30-08.28.52:260][960]LogStreamableManager: Display: RequestAsyncLoad() called with empty or only null assets!
[2026.08.30-08.28.52:261][960]LogStreamableManager: Display: RequestAsyncLoad() called with empty or only null assets!
[2026.08.30-08.28.52:263][961]LogScript: Warning: Script Msg: Attempted to access index 1 from array 'CurrentDisplayedEntries' of length 1 in '/Game/UI/HUD/InGameTabMenu/Scoreboard/WBP_ScoreboardPlayer.WBP_ScoreboardPlayer_C:UpdateStatValueWidgets'!
[2026.08.30-08.28.52:263][961]LogScript: Warning: Script Msg: Attempted to access index 2 from array 'CurrentDisplayedEntries' of length 1 in '/Game/UI/HUD/InGameTabMenu/Scoreboard/WBP_ScoreboardPlayer.WBP_ScoreboardPlayer_C:UpdateStatValueWidgets'!
[2026.08.30-08.28.52:263][961]LogScript: Warning: Script Msg: Attempted to access index 3 from array 'CurrentDisplayedEntries' of length 1 in '/Game/UI/HUD/InGameTabMenu/Scoreboard/WBP_ScoreboardPlayer.WBP_ScoreboardPlayer_C:UpdateStatValueWidgets'!
[2026.08.30-08.28.52:263][961]LogScript: Warning: Script Msg: Attempted to access index 4 from array 'CurrentDisplayedEntries' of length 1 in '/Game/UI/HUD/InGameTabMenu/Scoreboard/WBP_ScoreboardPlayer.WBP_ScoreboardPlayer_C:UpdateStatValueWidgets'!
[2026.08.30-08.28.52:263][961]LogScript: Warning: Script Msg: Attempted to access index 1 from array 'CurrentDisplayedEntries' of length 1 in '/Game/UI/HUD/InGameTabMenu/Scoreboard/WBP_ScoreboardPlayer.WBP_ScoreboardPlayer_C:UpdateStatValueWidgets'!
[2026.08.30-08.28.52:263][961]LogScript: Warning: Script Msg: Attempted to access index 2 from array 'CurrentDisplayedEntries' of length 1 in '/Game/UI/HUD/InGameTabMenu/Scoreboard/WBP_ScoreboardPlayer.WBP_ScoreboardPlayer_C:UpdateStatValueWidgets'!
[2026.08.30-08.28.52:263][961]LogScript: Warning: Script Msg: Attempted to access index 3 from array 'CurrentDisplayedEntries' of length 1 in '/Game/UI/HUD/InGameTabMenu/Scoreboard/WBP_ScoreboardPlayer.WBP_ScoreboardPlayer_C:UpdateStatValueWidgets'!
[2026.08.30-08.28.52:263][961]LogScript: Warning: Script Msg: Attempted to access index 4 from array 'CurrentDisplayedEntries' of length 1 in '/Game/UI/HUD/InGameTabMenu/Scoreboard/WBP_ScoreboardPlayer.WBP_ScoreboardPlayer_C:UpdateStatValueWidgets'!
[2026.08.30-08.28.52:263][961]LogScript: Warning: Script Msg: Attempted to access index 1 from array 'CurrentDisplayedEntries' of length 1 in '/Game/UI/HUD/InGameTabMenu/Scoreboard/WBP_ScoreboardPlayer.WBP_ScoreboardPlayer_C:UpdateStatValueWidgets'!
[2026.08.30-08.28.52:263][961]LogScript: Warning: Script Msg: Attempted to access index 2 from array 'CurrentDisplayedEntries' of length 1 in '/Game/UI/HUD/InGameTabMenu/Scoreboard/WBP_ScoreboardPlayer.WBP_ScoreboardPlayer_C:UpdateStatValueWidgets'!
[2026.08.30-08.28.52:263][961]LogScript: Warning: Script Msg: Attempted to access index 3 from array 'CurrentDisplayedEntries' of length 1 in '/Game/UI/HUD/InGameTabMenu/Scoreboard/WBP_ScoreboardPlayer.WBP_ScoreboardPlayer_C:UpdateStatValueWidgets'!
[2026.08.30-08.28.52:263][961]LogScript: Warning: Script Msg: Attempted to access index 4 from array 'CurrentDisplayedEntries' of length 1 in '/Game/UI/HUD/InGameTabMenu/Scoreboard/WBP_ScoreboardPlayer.WBP_ScoreboardPlayer_C:UpdateStatValueWidgets'!
[2026.08.30-08.28.52:263][961]LogScript: Warning: Script Msg: Attempted to access index 1 from array 'CurrentDisplayedEntries' of length 1 in '/Game/UI/HUD/InGameTabMenu/Scoreboard/WBP_ScoreboardPlayer.WBP_ScoreboardPlayer_C:UpdateStatValueWidgets'!
[2026.08.30-08.28.52:263][961]LogScript: Warning: Script Msg: Attempted to access index 2 from array 'CurrentDisplayedEntries' of length 1 in '/Game/UI/HUD/InGameTabMenu/Scoreboard/WBP_ScoreboardPlayer.WBP_ScoreboardPlayer_C:UpdateStatValueWidgets'!
[2026.08.30-08.28.52:263][961]LogScript: Warning: Script Msg: Attempted to access index 3 from array 'CurrentDisplayedEntries' of length 1 in '/Game/UI/HUD/InGameTabMenu/Scoreboard/WBP_ScoreboardPlayer.WBP_ScoreboardPlayer_C:UpdateStatValueWidgets'!
[2026.08.30-08.28.52:263][961]LogScript: Warning: Script Msg: Attempted to access index 4 from array 'CurrentDisplayedEntries' of length 1 in '/Game/UI/HUD/InGameTabMenu/Scoreboard/WBP_ScoreboardPlayer.WBP_ScoreboardPlayer_C:UpdateStatValueWidgets'!
[2026.08.30-08.28.52:267][961]LogStreamableManager: Display: RequestAsyncLoad() called with empty or only null assets!
[2026.08.30-08.28.52:269][961]LogStreamableManager: Display: RequestAsyncLoad() called with empty or only null assets!
[2026.08.30-08.28.52:273][962]LogScript: Warning: Script Msg: Attempted to access index 1 from array 'CurrentDisplayedEntries' of length 1 in '/Game/UI/HUD/InGameTabMenu/Scoreboard/WBP_ScoreboardPlayer.WBP_ScoreboardPlayer_C:UpdateStatValueWidgets'!
[2026.08.30-08.28.52:273][962]LogScript: Warning: Script Msg: Attempted to access index 2 from array 'CurrentDisplayedEntries' of length 1 in '/Game/UI/HUD/InGameTabMenu/Scoreboard/WBP_ScoreboardPlayer.WBP_ScoreboardPlayer_C:UpdateStatValueWidgets'!
[2026.08.30-08.28.52:273][962]LogScript: Warning: Script Msg: Attempted to access index 3 from array 'CurrentDisplayedEntries' of length 1 in '/Game/UI/HUD/InGameTabMenu/Scoreboard/WBP_ScoreboardPlayer.WBP_ScoreboardPlayer_C:UpdateStatValueWidgets'!
[2026.08.30-08.28.52:273][962]LogScript: Warning: Script Msg: Attempted to access index 4 from array 'CurrentDisplayedEntries' of length 1 in '/Game/UI/HUD/InGameTabMenu/Scoreboard/WBP_ScoreboardPlayer.WBP_ScoreboardPlayer_C:UpdateStatValueWidgets'!
[2026.08.30-08.28.52:273][962]LogScript: Warning: Script Msg: Attempted to access index 1 from array 'CurrentDisplayedEntries' of length 1 in '/Game/UI/HUD/InGameTabMenu/Scoreboard/WBP_ScoreboardPlayer.WBP_ScoreboardPlayer_C:UpdateStatValueWidgets'!
[2026.08.30-08.28.52:273][962]LogScript: Warning: Script Msg: Attempted to access index 2 from array 'CurrentDisplayedEntries' of length 1 in '/Game/UI/HUD/InGameTabMenu/Scoreboard/WBP_ScoreboardPlayer.WBP_ScoreboardPlayer_C:UpdateStatValueWidgets'!
[2026.08.30-08.28.52:273][962]LogScript: Warning: Script Msg: Attempted to access index 3 from array 'CurrentDisplayedEntries' of length 1 in '/Game/UI/HUD/InGameTabMenu/Scoreboard/WBP_ScoreboardPlayer.WBP_ScoreboardPlayer_C:UpdateStatValueWidgets'!
[2026.08.30-08.28.52:273][962]LogScript: Warning: Script Msg: Attempted to access index 4 from array 'CurrentDisplayedEntries' of length 1 in '/Game/UI/HUD/InGameTabMenu/Scoreboard/WBP_ScoreboardPlayer.WBP_ScoreboardPlayer_C:UpdateStatValueWidgets'!
[2026.08.30-08.28.52:672][  2]LogStreaming: Display: FlushAsyncLoading(5016): 1 QueuedPackages, 77 AsyncPackages
[2026.08.30-08.28.52:692][  4]LogStreaming: Display: FlushAsyncLoading(5019): 1 QueuedPackages, 0 AsyncPackages
[2026.08.30-08.28.52:697][  4]LogScript: Warning: Script Msg: Divide by zero: Divide_DoubleDouble
[2026.08.30-08.28.52:697][  4]AnimBlueprintLog: Warning: SLOTNODE: 'DefaultSlot' in animation instance class ABP_MER_LMG_Base_WPN_C already exists. Remove duplicates from the animation graph for this class.
[2026.08.30-08.28.52:697][  4]AnimBlueprintLog: Warning: SLOTNODE: 'SlotFire01' in animation instance class ABP_MER_LMG_Base_WPN_C already exists. Remove duplicates from the animation graph for this class.
[2026.08.30-08.28.52:697][  4]AnimBlueprintLog: Warning: SLOTNODE: 'SlotFire02' in animation instance class ABP_MER_LMG_Base_WPN_C already exists. Remove duplicates from the animation graph for this class.
[2026.08.30-08.28.52:697][  4]AnimBlueprintLog: Warning: SLOTNODE: 'SlotFire03' in animation instance class ABP_MER_LMG_Base_WPN_C already exists. Remove duplicates from the animation graph for this class.
[2026.08.30-08.28.52:698][  4]LogBlueprintUserMessages: [BP_DefaultCharacterCosmeticPreview_PrePost_C_2147452675] Character Cosmetic Preview is being used to preview Non Character items at a root level!
[2026.08.30-08.28.53:028][ 38]LogStreaming: Display: FlushAsyncLoading(5022): 1 QueuedPackages, 0 AsyncPackages
[2026.08.30-08.28.53:034][ 38]LogPortalWarsUI: Created transition stinger of type /Game/UI/Stinger/WBP_DoorsTransitionStinger.WBP_DoorsTransitionStinger_C
[2026.08.30-08.28.55:052][240]LogSlate: InvalidateAllWidgets triggered.  All widgets were invalidated
[2026.08.30-08.28.55:301][265]LogGF1047Experience: UnloadCurrentExperience from state Loaded
[2026.08.30-08.28.55:306][265]LogViewport: Display: Viewport MouseLockMode Changed, LockInFullscreen -> LockOnCapture
[2026.08.30-08.28.55:306][265]LogViewport: Display: Viewport MouseCaptureMode Changed, CaptureDuringRightMouseDown -> CapturePermanently
[2026.08.30-08.28.55:306][265]LogViewport: Display: Player bShowMouseCursor Changed, True -> False
[2026.08.30-08.28.55:306][265]LogGF1047SublevelComponent: PreGame_Loadout (LevelStreamingDynamic_0) is being unloaded
[2026.08.30-08.28.55:313][265]LogActorPool: Clearing all actor pools
[2026.08.30-08.28.55:313][265]LogGF1047Experience: Starting experience load (CLIENT): Default__EXP_Firecracker_C
[2026.08.30-08.28.55:313][265]LogStreamableManager: Display: RequestAsyncLoad() called with empty or only null assets!
[2026.08.30-08.28.55:345][265]LogUObjectHash: Compacting FUObjectHashTables data took   2.51ms
[2026.08.30-08.28.55:349][265]LogGF1047Experience: Experience load complete (CLIENT): Default__EXP_Firecracker_C
[2026.08.30-08.28.55:350][265]LogStreaming: Display: FlushAsyncLoading(5023): 1 QueuedPackages, 0 AsyncPackages
[2026.08.30-08.28.55:352][265]LogStreamableManager: Display: RequestAsyncLoad() called with empty or only null assets!
[2026.08.30-08.28.55:363][266]LogUI1047GameOptions: Warning: Unsupported struct property type for option 'GameOptions.Property.Weapons.AmmoGrantMelee'
[2026.08.30-08.28.55:363][266]LogUI1047GameOptions: Warning: Unsupported struct property type for option 'GameOptions.Property.Weapons.AmmoGrantAmountMelee'
[2026.08.30-08.28.55:363][266]LogUI1047GameOptions: Warning: Unsupported struct property type for option 'GameOptions.Property.Weapons.AmmoGrantRanged'
[2026.08.30-08.28.55:363][266]LogUI1047GameOptions: Warning: Unsupported struct property type for option 'GameOptions.Property.Weapons.AmmoGrantAmountRanged'
[2026.08.30-08.28.55:363][266]LogUI1047GameOptions: Warning: Unsupported struct property type for option 'GameOptions.Property.Weapons.StartingAmmoRestriction'
[2026.08.30-08.28.55:363][266]LogUI1047GameOptions: Warning: Unsupported property type for option 'GameOptions.Property.FactionSelection.RestrictToFactions'
[2026.08.30-08.28.55:363][266]LogUI1047GameOptions: Warning: Unsupported struct property type for option 'GameOptions.Property.FactionSelection.CustomLoadouts'
[2026.08.30-08.28.55:363][266]LogUI1047GameOptions: Warning: Unsupported property type for option 'GameOptions.Property.ItemPads.ItemPadTypes'
[2026.08.30-08.28.55:363][266]LogUI1047GameOptions: Warning: Unsupported struct property type for option 'GameOptions.Property.BotSpawning.Difficulty'
[2026.08.30-08.28.55:363][266]LogUI1047GameOptions: Warning: Unsupported struct property type for option 'GameOptions.Property.BotSpawning.FactionLoadoutOptions'
[2026.08.30-08.28.55:364][266]LogUI1047GameOptions: Warning: Unsupported struct property type for option 'GameOptions.Property.Weapons.AmmoGrantMelee'
[2026.08.30-08.28.55:364][266]LogUI1047GameOptions: Warning: Unsupported struct property type for option 'GameOptions.Property.Weapons.AmmoGrantAmountMelee'
[2026.08.30-08.28.55:364][266]LogUI1047GameOptions: Warning: Unsupported struct property type for option 'GameOptions.Property.Weapons.AmmoGrantRanged'
[2026.08.30-08.28.55:364][266]LogUI1047GameOptions: Warning: Unsupported struct property type for option 'GameOptions.Property.Weapons.AmmoGrantAmountRanged'
[2026.08.30-08.28.55:364][266]LogUI1047GameOptions: Warning: Unsupported struct property type for option 'GameOptions.Property.Weapons.StartingAmmoRestriction'
[2026.08.30-08.28.55:364][266]LogUI1047GameOptions: Warning: Unsupported property type for option 'GameOptions.Property.FactionSelection.RestrictToFactions'
[2026.08.30-08.28.55:364][266]LogUI1047GameOptions: Warning: Unsupported struct property type for option 'GameOptions.Property.FactionSelection.CustomLoadouts'
[2026.08.30-08.28.55:364][266]LogUI1047GameOptions: Warning: Unsupported property type for option 'GameOptions.Property.ItemPads.ItemPadTypes'
[2026.08.30-08.28.55:364][266]LogUI1047GameOptions: Warning: Unsupported struct property type for option 'GameOptions.Property.BotSpawning.Difficulty'
[2026.08.30-08.28.55:364][266]LogUI1047GameOptions: Warning: Unsupported struct property type for option 'GameOptions.Property.BotSpawning.FactionLoadoutOptions'
[2026.08.30-08.28.55:372][266]LogStreamableManager: Display: RequestAsyncLoad() called with empty or only null assets!
[2026.08.30-08.28.55:372][266]LogStreamableManager: Display: RequestAsyncLoad() called with empty or only null assets!
[2026.08.30-08.28.55:372][266]LogStreamableManager: Display: RequestAsyncLoad() called with empty or only null assets!
[2026.08.30-08.28.55:372][266]LogStreamableManager: Display: RequestAsyncLoad() called with empty or only null assets!
[2026.08.30-08.28.55:372][266]LogStreamableManager: Display: RequestAsyncLoad() called with empty or only null assets!
[2026.08.30-08.28.55:372][266]LogStreamableManager: Display: RequestAsyncLoad() called with empty or only null assets!
[2026.08.30-08.28.55:372][266]LogStreamableManager: Display: RequestAsyncLoad() called with empty or only null assets!
[2026.08.30-08.28.55:372][266]LogStreamableManager: Display: RequestAsyncLoad() called with empty or only null assets!
[2026.08.30-08.28.55:373][266]LogStreamableManager: Display: RequestAsyncLoad() called with empty or only null assets!
[2026.08.30-08.28.55:374][266]LogStreamableManager: Display: RequestAsyncLoad() called with empty or only null assets!
[2026.08.30-08.28.55:374][266]LogStreamableManager: Display: RequestAsyncLoad() called with empty or only null assets!
[2026.08.30-08.28.55:374][266]LogStreamableManager: Display: RequestAsyncLoad() called with empty or only null assets!
[2026.08.30-08.28.55:422][266]LogScript: Warning: Script Msg: Divide by zero: Divide_DoubleDouble
[2026.08.30-08.28.55:423][266]LogScript: Warning: Script Msg: Divide by zero: Divide_DoubleDouble
[2026.08.30-08.28.55:424][266]LogScript: Warning: Script Msg: Divide by zero: Divide_DoubleDouble
[2026.08.30-08.28.55:425][266]LogScript: Warning: Script Msg: Divide by zero: Divide_DoubleDouble
[2026.08.30-08.28.55:426][266]LogScript: Warning: Script Msg: Divide by zero: Divide_DoubleDouble
[2026.08.30-08.28.55:427][266]LogScript: Warning: Script Msg: Divide by zero: Divide_DoubleDouble
[2026.08.30-08.28.55:428][266]LogScript: Warning: Script Msg: Divide by zero: Divide_DoubleDouble
[2026.08.30-08.28.55:429][266]LogScript: Warning: Script Msg: Divide by zero: Divide_DoubleDouble
[2026.08.30-08.28.55:443][266]LogScript: Warning: Script Msg: Divide by zero: Divide_DoubleDouble
[2026.08.30-08.28.55:445][266]LogScript: Warning: Script Msg: Divide by zero: Divide_DoubleDouble
[2026.08.30-08.28.55:448][266]LogScript: Warning: Script Msg: Divide by zero: Divide_DoubleDouble
[2026.08.30-08.28.55:450][266]LogScript: Warning: Script Msg: Divide by zero: Divide_DoubleDouble
[2026.08.30-08.28.55:452][266]LogScript: Warning: Script Msg: Divide by zero: Divide_DoubleDouble
[2026.08.30-08.28.55:455][266]LogScript: Warning: Script Msg: Divide by zero: Divide_DoubleDouble
[2026.08.30-08.28.55:457][266]LogScript: Warning: Script Msg: Divide by zero: Divide_DoubleDouble
[2026.08.30-08.28.55:459][266]LogScript: Warning: Script Msg: Divide by zero: Divide_DoubleDouble
[2026.08.30-08.28.55:461][266]LogScript: Warning: Script Msg: Divide by zero: Divide_DoubleDouble
[2026.08.30-08.28.55:463][266]LogScript: Warning: Script Msg: Divide by zero: Divide_DoubleDouble
[2026.08.30-08.28.55:466][266]LogScript: Warning: Script Msg: Divide by zero: Divide_DoubleDouble
[2026.08.30-08.28.55:468][266]LogScript: Warning: Script Msg: Divide by zero: Divide_DoubleDouble
[2026.08.30-08.28.55:470][266]LogScript: Warning: Script Msg: Divide by zero: Divide_DoubleDouble
[2026.08.30-08.28.55:473][266]LogScript: Warning: Script Msg: Divide by zero: Divide_DoubleDouble
[2026.08.30-08.28.55:475][266]LogScript: Warning: Script Msg: Divide by zero: Divide_DoubleDouble
[2026.08.30-08.28.55:477][266]LogScript: Warning: Script Msg: Divide by zero: Divide_DoubleDouble
[2026.08.30-08.28.55:481][266]LogScript: Warning: Script Msg: Divide by zero: Divide_DoubleDouble
[2026.08.30-08.28.55:483][266]LogScript: Warning: Script Msg: Divide by zero: Divide_DoubleDouble
[2026.08.30-08.28.55:486][266]LogSlate: InvalidateAllWidgets triggered.  All widgets were invalidated
[2026.08.30-08.28.55:495][266]LogScript: Warning: Script Msg: Divide by zero: Divide_DoubleDouble
[2026.08.30-08.28.55:495][266]LogScript: Warning: Script Msg: Divide by zero: Divide_DoubleDouble
[2026.08.30-08.28.55:498][266]LogPortalWarsCore: Warning: Could not find ammo texture for tag 'None'
[2026.08.30-08.28.55:498][266]LogStreamableManager: Display: RequestAsyncLoad() called with empty or only null assets!
[2026.08.30-08.28.55:510][266]LogStreamableManager: Display: RequestAsyncLoad() called with empty or only null assets!
[2026.08.30-08.28.55:510][266]LogStreamableManager: Display: RequestAsyncLoad() called with empty or only null assets!
[2026.08.30-08.28.55:510][266]LogScript: Warning: Script Msg: Attempted to access index 0 from array 'Textures' of length 0 in '/Game/UI/MainMenu/Locker/PlayerCard/WBP_PlayerCard.WBP_PlayerCard_C:UpdateBadges'!
[2026.08.30-08.28.55:510][266]LogScript: Warning: Script Msg: Attempted to access index 1 from array 'Textures' of length 0 in '/Game/UI/MainMenu/Locker/PlayerCard/WBP_PlayerCard.WBP_PlayerCard_C:UpdateBadges'!
[2026.08.30-08.28.55:510][266]LogScript: Warning: Script Msg: Attempted to access index 2 from array 'Textures' of length 0 in '/Game/UI/MainMenu/Locker/PlayerCard/WBP_PlayerCard.WBP_PlayerCard_C:UpdateBadges'!
[2026.08.30-08.28.55:510][266]LogStreamableManager: Display: RequestAsyncLoad() called with empty or only null assets!
[2026.08.30-08.28.55:510][266]LogStreamableManager: Display: RequestAsyncLoad() called with empty or only null assets!
[2026.08.30-08.28.55:510][266]LogStreamableManager: Display: RequestAsyncLoad() called with empty or only null assets!
[2026.08.30-08.28.55:510][266]LogStreamableManager: Display: RequestAsyncLoad() called with empty or only null assets!
[2026.08.30-08.28.55:510][266]LogScript: Warning: Script Msg: Attempted to access index 0 from array 'Textures' of length 0 in '/Game/UI/MainMenu/Locker/PlayerCard/WBP_PlayerCard.WBP_PlayerCard_C:UpdateBadges'!
[2026.08.30-08.28.55:510][266]LogScript: Warning: Script Msg: Attempted to access index 1 from array 'Textures' of length 0 in '/Game/UI/MainMenu/Locker/PlayerCard/WBP_PlayerCard.WBP_PlayerCard_C:UpdateBadges'!
[2026.08.30-08.28.55:510][266]LogScript: Warning: Script Msg: Attempted to access index 2 from array 'Textures' of length 0 in '/Game/UI/MainMenu/Locker/PlayerCard/WBP_PlayerCard.WBP_PlayerCard_C:UpdateBadges'!
[2026.08.30-08.28.55:510][266]LogStreamableManager: Display: RequestAsyncLoad() called with empty or only null assets!
[2026.08.30-08.28.55:510][266]LogStreamableManager: Display: RequestAsyncLoad() called with empty or only null assets!
[2026.08.30-08.28.55:511][266]LogUI1047: Warning: UUI1047ActionKeySetViewModel::RefreshStateFromEnhancedInputAction ~ bUseInputMappingContextAssets is set to true but no assets were provided in InputMappingContextAssets for UI1047ActionKeySetViewModel_2147447253
[2026.08.30-08.28.55:512][266]LogUI1047: Warning: UUI1047ActionKeySetViewModel::RefreshStateFromEnhancedInputAction ~ bUseInputMappingContextAssets is set to true but no assets were provided in InputMappingContextAssets for UI1047ActionKeySetViewModel_2147447250
[2026.08.30-08.28.55:512][266]LogStreamableManager: Display: RequestAsyncLoad() called with empty or only null assets!
[2026.08.30-08.28.55:512][266]LogStreamableManager: Display: RequestAsyncLoad() called with empty or only null assets!
[2026.08.30-08.28.55:515][266]LogPortalWarsUI: Configuring InGameOptionsViewModel from lobby
[2026.08.30-08.28.55:527][266]LogStreamableManager: Display: RequestAsyncLoad() called with empty or only null assets!
[2026.08.30-08.28.55:527][266]LogStreamableManager: Display: RequestAsyncLoad() called with empty or only null assets!
[2026.08.30-08.28.55:530][266]LogScript: Warning: Script Msg: Attempted to access index -1 from array 'LocalRoundOutcomes' of length 0 in '/MOD_Firecracker/UI/WBP_Assault_MatchStatusCenter.WBP_Assault_MatchStatusCenter_C:On Local Round Outcomes Changed'!
[2026.08.30-08.28.55:545][267]LogStreaming: Display: FlushAsyncLoading(5054): 1 QueuedPackages, 90 AsyncPackages
[2026.08.30-08.28.55:546][267]LogStreamableManager: Display: RequestAsyncLoad() called with empty or only null assets!
[2026.08.30-08.28.55:547][267]LogStreamableManager: Display: RequestAsyncLoad() called with empty or only null assets!
[2026.08.30-08.28.55:560][268]LogConsoleManager: Display:  |-> Unsetting r.Translucency.DynamicRes.TimeBudget, now 0.500000
[2026.08.30-08.28.55:588][269]LogUObjectHash: Compacting FUObjectHashTables data took   2.51ms
[2026.08.30-08.28.55:770][290]LogStreamableManager: Display: RequestAsyncLoad() called with empty or only null assets!
[2026.08.30-08.28.55:773][290]LogPortalWarsUI: Outro-ing all 1 transition stingers
[2026.08.30-08.28.55:773][290]LogSlate: InvalidateAllWidgets triggered.  All widgets were invalidated
[2026.08.30-08.28.55:778][290]LogScript: Warning: Script Msg: Divide by zero: Divide_DoubleDouble
[2026.08.30-08.28.55:969][310]LogPhysics: Warning: FConstraintInstance::GetRefFrame : Contained scale.
[2026.08.30-08.28.55:971][310]LogPhysics: Warning: FConstraintInstance::GetRefFrame : Contained scale.
[2026.08.30-08.28.55:971][310]LogCore1047: Warning: UCore1047SettingDefinition::ApplyValue Classic Portal Controls is not Enabled via bEnabled so setting value will not be applied.
[2026.08.30-08.28.55:971][310]LogCore1047: Warning: UCore1047SettingDefinition::ApplyValue Classic Portal Controls is not Enabled via bEnabled so setting value will not be applied.
[2026.08.30-08.28.55:971][310]Core1047InputUserSettings: PostInitializePlayerInput >> Re-applying Player Profile Keybinds!
[2026.08.30-08.28.55:971][310]LogCore1047: Warning: UCore1047SettingDefinition::ApplyValue Classic Portal Controls is not Enabled via bEnabled so setting value will not be applied.
[2026.08.30-08.28.55:971][310]LogCore1047: Warning: UCore1047SettingDefinition::ApplyValue Classic Portal Controls is not Enabled via bEnabled so setting value will not be applied.
[2026.08.30-08.28.55:972][310]Core1047InputUserSettings: PostInitializePlayerInput >> Re-applying Player Profile Keybinds!
[2026.08.30-08.28.55:974][310]LogPhysics: Warning: FConstraintInstance::GetRefFrame : Contained scale.
[2026.08.30-08.28.55:975][310]LogAnimation: Warning: SLOTNODE: 'FiringLeftSlot' in animation instance class ABP_FirstPersonBase_V5_C already exists. Remove duplicates from the animation graph for this class.
[2026.08.30-08.28.55:982][311]LogPhysics: Warning: FConstraintInstance::GetRefFrame : Contained scale.
[2026.08.30-08.28.55:985][311]LogSlate: InvalidateAllWidgets triggered.  All widgets were invalidated
[2026.08.30-08.28.55:991][312]LogPhysics: Warning: FConstraintInstance::GetRefFrame : Contained scale.
[2026.08.30-08.28.56:002][313]LogPhysics: Warning: FConstraintInstance::GetRefFrame : Contained scale.
[2026.08.30-08.28.56:006][313]LogAbilitySystem: Warning: No gameplay cues found to load from object SkinBP_SBK_RhinokCC_FP_C_2147445994.
[2026.08.30-08.28.56:013][314]LogScript: Warning: Script Msg: Divide by zero: Divide_DoubleDouble
[2026.08.30-08.28.56:051][318]LogAbilitySystem: Warning: GameplayCueNotify GameplayCue.Ability.ControlledFalling at index -1 not found in runtime cue set.
[2026.08.30-08.28.56:179][331]LogAbilitySystem: Warning: GameplayCueNotify GameplayCue.Ability.ControlledFalling at index -1 not found in runtime cue set.
[2026.08.30-08.28.56:189][332]LogAbilitySystem: Warning: GameplayCueNotify GameplayCue.Ability.ControlledFalling at index -1 not found in runtime cue set.
[2026.08.30-08.28.56:199][333]LogScript: Warning: Script Msg: Divide by zero: Divide_DoubleDouble
[2026.08.30-08.28.56:209][334]LogScript: Warning: Script Msg: Divide by zero: Divide_DoubleDouble
[2026.08.30-08.28.56:219][335]LogScript: Warning: Script Msg: Divide by zero: Divide_DoubleDouble
[2026.08.30-08.28.56:229][336]LogScript: Warning: Script Msg: Divide by zero: Divide_DoubleDouble
[2026.08.30-08.28.56:240][337]LogScript: Warning: Script Msg: Divide by zero: Divide_DoubleDouble
[2026.08.30-08.28.56:250][338]LogScript: Warning: Script Msg: Divide by zero: Divide_DoubleDouble
[2026.08.30-08.28.56:260][339]LogAbilitySystem: Warning: GameplayCueNotify GameplayCue.Ability.ControlledFalling at index -1 not found in runtime cue set.
[2026.08.30-08.28.56:271][340]LogAbilitySystem: Warning: GameplayCueNotify GameplayCue.Ability.ControlledFalling at index -1 not found in runtime cue set.
[2026.08.30-08.28.56:280][341]LogAbilitySystem: Warning: GameplayCueNotify GameplayCue.Ability.ControlledFalling at index -1 not found in runtime cue set.
[2026.08.30-08.28.56:340][347]LogPhysics: Warning: Initialising Body : Scale3D is (nearly) zero: <NoName>
[2026.08.30-08.28.56:340][347]LogPhysics: Warning: Initialising Body : Scale3D is (nearly) zero: <NoName>
[2026.08.30-08.28.56:432][356]LogAnimation: Warning: SLOTNODE: 'DefaultSlot' in animation instance class ABP_MER_LMG_Base_WPN_C already exists. Remove duplicates from the animation graph for this class.
[2026.08.30-08.28.56:432][356]LogAnimation: Warning: SLOTNODE: 'SlotFire01' in animation instance class ABP_MER_LMG_Base_WPN_C already exists. Remove duplicates from the animation graph for this class.
[2026.08.30-08.28.56:432][356]LogAnimation: Warning: SLOTNODE: 'SlotFire02' in animation instance class ABP_MER_LMG_Base_WPN_C already exists. Remove duplicates from the animation graph for this class.
[2026.08.30-08.28.56:432][356]LogAnimation: Warning: SLOTNODE: 'SlotFire03' in animation instance class ABP_MER_LMG_Base_WPN_C already exists. Remove duplicates from the animation graph for this class.
[2026.08.30-08.28.56:534][366]LogPhysics: Warning: Initialising Body : Scale3D is (nearly) zero: <NoName>
[2026.08.30-08.28.56:534][366]LogPhysics: Warning: Initialising Body : Scale3D is (nearly) zero: <NoName>
[2026.08.30-08.28.59:462][658]LogViewport: Display: Viewport MouseLockMode Changed, LockOnCapture -> LockInFullscreen
[2026.08.30-08.28.59:462][658]LogViewport: Display: Viewport MouseCaptureMode Changed, CapturePermanently -> CaptureDuringRightMouseDown
[2026.08.30-08.28.59:462][658]LogViewport: Display: Player bShowMouseCursor Changed, False -> True
[2026.08.30-08.28.59:463][658]LogSlate: InvalidateAllWidgets triggered.  All widgets were invalidated
[2026.08.30-08.28.59:470][658]LogStreamableManager: Display: RequestAsyncLoad() called with empty or only null assets!
[2026.08.30-08.28.59:471][658]LogStreamableManager: Display: RequestAsyncLoad() called with empty or only null assets!
[2026.08.30-08.28.59:472][658]LogStreamableManager: Display: RequestAsyncLoad() called with empty or only null assets!
[2026.08.30-08.28.59:474][658]LogStreamableManager: Display: RequestAsyncLoad() called with empty or only null assets!
[2026.08.30-08.28.59:476][659]LogScript: Warning: Script Msg: Attempted to access index 1 from array 'CurrentDisplayedEntries' of length 1 in '/Game/UI/HUD/InGameTabMenu/Scoreboard/WBP_ScoreboardPlayer.WBP_ScoreboardPlayer_C:UpdateStatValueWidgets'!
[2026.08.30-08.28.59:476][659]LogScript: Warning: Script Msg: Attempted to access index 2 from array 'CurrentDisplayedEntries' of length 1 in '/Game/UI/HUD/InGameTabMenu/Scoreboard/WBP_ScoreboardPlayer.WBP_ScoreboardPlayer_C:UpdateStatValueWidgets'!
[2026.08.30-08.28.59:476][659]LogScript: Warning: Script Msg: Attempted to access index 3 from array 'CurrentDisplayedEntries' of length 1 in '/Game/UI/HUD/InGameTabMenu/Scoreboard/WBP_ScoreboardPlayer.WBP_ScoreboardPlayer_C:UpdateStatValueWidgets'!
[2026.08.30-08.28.59:476][659]LogScript: Warning: Script Msg: Attempted to access index 4 from array 'CurrentDisplayedEntries' of length 1 in '/Game/UI/HUD/InGameTabMenu/Scoreboard/WBP_ScoreboardPlayer.WBP_ScoreboardPlayer_C:UpdateStatValueWidgets'!
[2026.08.30-08.28.59:476][659]LogScript: Warning: Script Msg: Attempted to access index 1 from array 'CurrentDisplayedEntries' of length 1 in '/Game/UI/HUD/InGameTabMenu/Scoreboard/WBP_ScoreboardPlayer.WBP_ScoreboardPlayer_C:UpdateStatValueWidgets'!
[2026.08.30-08.28.59:476][659]LogScript: Warning: Script Msg: Attempted to access index 2 from array 'CurrentDisplayedEntries' of length 1 in '/Game/UI/HUD/InGameTabMenu/Scoreboard/WBP_ScoreboardPlayer.WBP_ScoreboardPlayer_C:UpdateStatValueWidgets'!
[2026.08.30-08.28.59:476][659]LogScript: Warning: Script Msg: Attempted to access index 3 from array 'CurrentDisplayedEntries' of length 1 in '/Game/UI/HUD/InGameTabMenu/Scoreboard/WBP_ScoreboardPlayer.WBP_ScoreboardPlayer_C:UpdateStatValueWidgets'!
[2026.08.30-08.28.59:476][659]LogScript: Warning: Script Msg: Attempted to access index 4 from array 'CurrentDisplayedEntries' of length 1 in '/Game/UI/HUD/InGameTabMenu/Scoreboard/WBP_ScoreboardPlayer.WBP_ScoreboardPlayer_C:UpdateStatValueWidgets'!
[2026.08.30-08.28.59:476][659]LogScript: Warning: Script Msg: Attempted to access index 1 from array 'CurrentDisplayedEntries' of length 1 in '/Game/UI/HUD/InGameTabMenu/Scoreboard/WBP_ScoreboardPlayer.WBP_ScoreboardPlayer_C:UpdateStatValueWidgets'!
[2026.08.30-08.28.59:476][659]LogScript: Warning: Script Msg: Attempted to access index 2 from array 'CurrentDisplayedEntries' of length 1 in '/Game/UI/HUD/InGameTabMenu/Scoreboard/WBP_ScoreboardPlayer.WBP_ScoreboardPlayer_C:UpdateStatValueWidgets'!
[2026.08.30-08.28.59:476][659]LogScript: Warning: Script Msg: Attempted to access index 3 from array 'CurrentDisplayedEntries' of length 1 in '/Game/UI/HUD/InGameTabMenu/Scoreboard/WBP_ScoreboardPlayer.WBP_ScoreboardPlayer_C:UpdateStatValueWidgets'!
[2026.08.30-08.28.59:476][659]LogScript: Warning: Script Msg: Attempted to access index 4 from array 'CurrentDisplayedEntries' of length 1 in '/Game/UI/HUD/InGameTabMenu/Scoreboard/WBP_ScoreboardPlayer.WBP_ScoreboardPlayer_C:UpdateStatValueWidgets'!
[2026.08.30-08.28.59:476][659]LogScript: Warning: Script Msg: Attempted to access index 1 from array 'CurrentDisplayedEntries' of length 1 in '/Game/UI/HUD/InGameTabMenu/Scoreboard/WBP_ScoreboardPlayer.WBP_ScoreboardPlayer_C:UpdateStatValueWidgets'!
[2026.08.30-08.28.59:476][659]LogScript: Warning: Script Msg: Attempted to access index 2 from array 'CurrentDisplayedEntries' of length 1 in '/Game/UI/HUD/InGameTabMenu/Scoreboard/WBP_ScoreboardPlayer.WBP_ScoreboardPlayer_C:UpdateStatValueWidgets'!
[2026.08.30-08.28.59:476][659]LogScript: Warning: Script Msg: Attempted to access index 3 from array 'CurrentDisplayedEntries' of length 1 in '/Game/UI/HUD/InGameTabMenu/Scoreboard/WBP_ScoreboardPlayer.WBP_ScoreboardPlayer_C:UpdateStatValueWidgets'!
[2026.08.30-08.28.59:476][659]LogScript: Warning: Script Msg: Attempted to access index 4 from array 'CurrentDisplayedEntries' of length 1 in '/Game/UI/HUD/InGameTabMenu/Scoreboard/WBP_ScoreboardPlayer.WBP_ScoreboardPlayer_C:UpdateStatValueWidgets'!
[2026.08.30-08.28.59:479][659]LogStreamableManager: Display: RequestAsyncLoad() called with empty or only null assets!
[2026.08.30-08.28.59:482][659]LogStreamableManager: Display: RequestAsyncLoad() called with empty or only null assets!
[2026.08.30-08.28.59:486][660]LogScript: Warning: Script Msg: Attempted to access index 1 from array 'CurrentDisplayedEntries' of length 1 in '/Game/UI/HUD/InGameTabMenu/Scoreboard/WBP_ScoreboardPlayer.WBP_ScoreboardPlayer_C:UpdateStatValueWidgets'!
[2026.08.30-08.28.59:486][660]LogScript: Warning: Script Msg: Attempted to access index 2 from array 'CurrentDisplayedEntries' of length 1 in '/Game/UI/HUD/InGameTabMenu/Scoreboard/WBP_ScoreboardPlayer.WBP_ScoreboardPlayer_C:UpdateStatValueWidgets'!
[2026.08.30-08.28.59:486][660]LogScript: Warning: Script Msg: Attempted to access index 3 from array 'CurrentDisplayedEntries' of length 1 in '/Game/UI/HUD/InGameTabMenu/Scoreboard/WBP_ScoreboardPlayer.WBP_ScoreboardPlayer_C:UpdateStatValueWidgets'!
[2026.08.30-08.28.59:486][660]LogScript: Warning: Script Msg: Attempted to access index 4 from array 'CurrentDisplayedEntries' of length 1 in '/Game/UI/HUD/InGameTabMenu/Scoreboard/WBP_ScoreboardPlayer.WBP_ScoreboardPlayer_C:UpdateStatValueWidgets'!
[2026.08.30-08.28.59:486][660]LogScript: Warning: Script Msg: Attempted to access index 1 from array 'CurrentDisplayedEntries' of length 1 in '/Game/UI/HUD/InGameTabMenu/Scoreboard/WBP_ScoreboardPlayer.WBP_ScoreboardPlayer_C:UpdateStatValueWidgets'!
[2026.08.30-08.28.59:486][660]LogScript: Warning: Script Msg: Attempted to access index 2 from array 'CurrentDisplayedEntries' of length 1 in '/Game/UI/HUD/InGameTabMenu/Scoreboard/WBP_ScoreboardPlayer.WBP_ScoreboardPlayer_C:UpdateStatValueWidgets'!
[2026.08.30-08.28.59:486][660]LogScript: Warning: Script Msg: Attempted to access index 3 from array 'CurrentDisplayedEntries' of length 1 in '/Game/UI/HUD/InGameTabMenu/Scoreboard/WBP_ScoreboardPlayer.WBP_ScoreboardPlayer_C:UpdateStatValueWidgets'!
[2026.08.30-08.28.59:486][660]LogScript: Warning: Script Msg: Attempted to access index 4 from array 'CurrentDisplayedEntries' of length 1 in '/Game/UI/HUD/InGameTabMenu/Scoreboard/WBP_ScoreboardPlayer.WBP_ScoreboardPlayer_C:UpdateStatValueWidgets'!
[2026.08.30-08.29.00:161][728]LogViewport: Display: Viewport MouseLockMode Changed, LockInFullscreen -> LockOnCapture
[2026.08.30-08.29.00:161][728]LogViewport: Display: Viewport MouseCaptureMode Changed, CaptureDuringRightMouseDown -> CapturePermanently
[2026.08.30-08.29.00:161][728]LogViewport: Display: Player bShowMouseCursor Changed, True -> False
[2026.08.30-08.29.00:762][788]LogViewport: Display: Viewport MouseLockMode Changed, LockOnCapture -> LockInFullscreen
[2026.08.30-08.29.00:762][788]LogViewport: Display: Viewport MouseCaptureMode Changed, CapturePermanently -> CaptureDuringRightMouseDown
[2026.08.30-08.29.00:762][788]LogViewport: Display: Player bShowMouseCursor Changed, False -> True
[2026.08.30-08.29.00:763][788]LogSlate: InvalidateAllWidgets triggered.  All widgets were invalidated
[2026.08.30-08.29.01:172][829]LogEnhancedInput: Warning: Called AddMappingContext with a null Mapping Context! No changes have been applied.
[2026.08.30-08.29.01:172][829]LogViewport: Display: Viewport MouseLockMode Changed, LockInFullscreen -> LockOnCapture
[2026.08.30-08.29.01:172][829]LogViewport: Display: Viewport MouseCaptureMode Changed, CaptureDuringRightMouseDown -> CapturePermanently
[2026.08.30-08.29.01:172][829]LogViewport: Display: Player bShowMouseCursor Changed, True -> False
[2026.08.30-08.29.03:753][ 87]LogPortalWarsUI: Outro-ing all 0 transition stingers
[2026.08.30-08.29.05:261][238]LogActorComponent: Error: May not destroy component NiagaraComponent /MAP_TriHard/TriHard_Main.TriHard_Main:PersistentLevel.PortalWarsWorldSettings.NiagaraComponent_2147456485 owned by PortalWarsWorldSettings /MAP_TriHard/TriHard_Main.TriHard_Main:PersistentLevel.PortalWarsWorldSettings.
[2026.08.30-08.29.05:391][251]LogActorComponent: Error: May not destroy component NiagaraComponent /MAP_TriHard/TriHard_Main.TriHard_Main:PersistentLevel.PortalWarsWorldSettings.NiagaraComponent_2147456484 owned by PortalWarsWorldSettings /MAP_TriHard/TriHard_Main.TriHard_Main:PersistentLevel.PortalWarsWorldSettings.
[2026.08.30-08.29.06:611][373]LogViewport: Display: Viewport MouseLockMode Changed, LockOnCapture -> LockInFullscreen
[2026.08.30-08.29.06:611][373]LogViewport: Display: Viewport MouseCaptureMode Changed, CapturePermanently -> CaptureDuringRightMouseDown
[2026.08.30-08.29.06:611][373]LogViewport: Display: Player bShowMouseCursor Changed, False -> True
[2026.08.30-08.29.06:612][373]LogSlate: InvalidateAllWidgets triggered.  All widgets were invalidated
[2026.08.30-08.29.12:981][ 10]LogNiagara: Warning: Niagara Effect has completed naturally but has an effect type with the "Asleep" cull reaction. If an effect like this is culled before it can complete then it could leak into the scalability manager and be reactivated incorrectly. Please verify this is using the correct EffectType.
Component:NiagaraComponent /MAP_TriHard/TriHard_Main.TriHard_Main:PersistentLevel.BP_Character_Base_C_2147446009.TeleportableComponent.NiagaraComponent_2147445259
System:NiagaraSystem /Game/Portals/Blueprints/VFX/PortalLinkDirectionIndicator/NS_PortalDirectionIndicator_Single.NS_PortalDirectionIndicator_Single
[2026.08.30-08.29.15:971][309]LogEnhancedInput: Warning: Called AddMappingContext with a null Mapping Context! No changes have been applied.
[2026.08.30-08.29.15:971][309]LogViewport: Display: Viewport MouseLockMode Changed, LockInFullscreen -> LockOnCapture
[2026.08.30-08.29.15:971][309]LogViewport: Display: Viewport MouseCaptureMode Changed, CaptureDuringRightMouseDown -> CapturePermanently
[2026.08.30-08.29.15:971][309]LogViewport: Display: Player bShowMouseCursor Changed, True -> False
[2026.08.30-08.29.17:622][474]LogNiagara: StaticMesh data interface has no valid mesh - NiagaraDataInterfaceStaticMesh /MAP_TriHard/TriHard_Main.TriHard_Main:PersistentLevel.BP_WeaponPickup_C_2147445226.Niagara.NiagaraDataInterfaceStaticMesh_1
[2026.08.30-08.29.18:132][525]LogScript: Warning: Script Msg: Divide by zero: Divide_DoubleDouble
[2026.08.30-08.29.18:777][590]LogBlueprintUserMessages: Weapon Skin: Default__SkinBP_SBK_SMG_Base_C
[2026.08.30-08.29.18:777][590]LogBlueprintUserMessages: Montages: AM_SBK_SMG_Base_FP_CHR_Melee_04AM_TP_AR_Melee
[2026.08.30-08.29.18:777][590]LogBlueprintUserMessages: Weapon Skin: Default__SkinBP_SBK_SMG_Base_C
[2026.08.30-08.29.19:485][660]LogNiagara: StaticMesh data interface has no valid mesh - NiagaraDataInterfaceStaticMesh /MAP_TriHard/TriHard_Main.TriHard_Main:PersistentLevel.BP_WeaponPickup_C_2147445155.Niagara.NiagaraDataInterfaceStaticMesh_1
[2026.08.30-08.29.22:632][975]LogAbilitySystem: Warning: GameplayCueNotify_Actor GCNL_Death_C_2147456954 had active timelines when it was recycled.
[2026.08.30-08.29.23:661][ 78]LogPhysics: Warning: FConstraintInstance::GetRefFrame : Contained scale.
[2026.08.30-08.29.23:690][ 81]LogScript: Warning: Script Msg: Divide by zero: Divide_DoubleDouble
[2026.08.30-08.29.23:700][ 82]LogAbilitySystem: Warning: GameplayCueNotify GameplayCue.Ability.ControlledFalling at index -1 not found in runtime cue set.
[2026.08.30-08.29.24:492][161]LogAbilitySystem: Warning: GameplayCueNotify_Actor GCNL_Death_C_2147456869 had active timelines when it was recycled.
[2026.08.30-08.29.24:521][164]LogAkAudio: Error: Failed to post AkAudioEvent 'stop_sx_player_highSpeed' with an AkComponent that's not valid.
[2026.08.30-08.29.24:522][164]LogAnimation: Warning: SLOTNODE: 'FiringLeftSlot' in animation instance class ABP_FirstPersonBase_V5_C already exists. Remove duplicates from the animation graph for this class.
[2026.08.30-08.29.24:523][164]LogSlate: InvalidateAllWidgets triggered.  All widgets were invalidated
[2026.08.30-08.29.24:525][164]LogScript: Warning: Script Msg: Divide by zero: Divide_DoubleDouble
[2026.08.30-08.29.24:531][165]LogSlate: InvalidateAllWidgets triggered.  All widgets were invalidated
[2026.08.30-08.29.24:533][165]LogAbilitySystem: Warning: No gameplay cues found to load from object SkinBP_MER_Azael_FP_C_2147444920.
[2026.08.30-08.29.24:540][166]LogNiagara: StaticMesh data interface has no valid mesh - NiagaraDataInterfaceStaticMesh /MAP_TriHard/TriHard_Main.TriHard_Main:PersistentLevel.BP_WeaponPickup_C_2147444912.Niagara.NiagaraDataInterfaceStaticMesh_1
[2026.08.30-08.29.24:549][167]LogPhysics: Warning: Initialising Body : Scale3D is (nearly) zero: <NoName>
[2026.08.30-08.29.24:549][167]LogPhysics: Warning: Initialising Body : Scale3D is (nearly) zero: <NoName>
[2026.08.30-08.29.25:502][262]LogPhysics: Warning: FConstraintInstance::GetRefFrame : Contained scale.
[2026.08.30-08.29.25:504][262]LogCore1047: Warning: UCore1047SettingDefinition::ApplyValue Classic Portal Controls is not Enabled via bEnabled so setting value will not be applied.
[2026.08.30-08.29.25:504][262]LogCore1047: Warning: UCore1047SettingDefinition::ApplyValue Classic Portal Controls is not Enabled via bEnabled so setting value will not be applied.
[2026.08.30-08.29.25:504][262]Core1047InputUserSettings: PostInitializePlayerInput >> Re-applying Player Profile Keybinds!
[2026.08.30-08.29.25:504][262]LogCore1047: Warning: UCore1047SettingDefinition::ApplyValue Classic Portal Controls is not Enabled via bEnabled so setting value will not be applied.
[2026.08.30-08.29.25:504][262]LogCore1047: Warning: UCore1047SettingDefinition::ApplyValue Classic Portal Controls is not Enabled via bEnabled so setting value will not be applied.
[2026.08.30-08.29.25:504][262]Core1047InputUserSettings: PostInitializePlayerInput >> Re-applying Player Profile Keybinds!
[2026.08.30-08.29.25:506][262]LogAnimation: Warning: SLOTNODE: 'FiringLeftSlot' in animation instance class ABP_FirstPersonBase_V5_C already exists. Remove duplicates from the animation graph for this class.
[2026.08.30-08.29.25:509][262]LogScript: Warning: Script Msg: Divide by zero: Divide_DoubleDouble
[2026.08.30-08.29.25:509][262]LogAbilitySystem: Warning: No gameplay cues found to load from object SkinBP_SBK_RhinokCC_FP_C_2147444748.
[2026.08.30-08.29.25:515][263]LogSlate: InvalidateAllWidgets triggered.  All widgets were invalidated
[2026.08.30-08.29.25:540][266]LogScript: Warning: Script Msg: Divide by zero: Divide_DoubleDouble
[2026.08.30-08.29.25:549][267]LogAbilitySystem: Warning: GameplayCueNotify GameplayCue.Ability.ControlledFalling at index -1 not found in runtime cue set.
[2026.08.30-08.29.25:586][271]LogPhysics: Warning: Initialising Body : Scale3D is (nearly) zero: <NoName>
[2026.08.30-08.29.25:586][271]LogPhysics: Warning: Initialising Body : Scale3D is (nearly) zero: <NoName>
[2026.08.30-08.29.25:635][276]LogPhysics: Warning: Initialising Body : Scale3D is (nearly) zero: <NoName>
[2026.08.30-08.29.25:635][276]LogPhysics: Warning: Initialising Body : Scale3D is (nearly) zero: <NoName>
[2026.08.30-08.29.29:091][621]LogNiagara: StaticMesh data interface has no valid mesh - NiagaraDataInterfaceStaticMesh /MAP_TriHard/TriHard_Main.TriHard_Main:PersistentLevel.BP_WeaponPickup_C_2147444621.Niagara.NiagaraDataInterfaceStaticMesh_1
[2026.08.30-08.29.29:170][629]LogNiagara: StaticMesh data interface has no valid mesh - NiagaraDataInterfaceStaticMesh /MAP_TriHard/TriHard_Main.TriHard_Main:PersistentLevel.BP_WeaponPickup_C_2147444620.Niagara.NiagaraDataInterfaceStaticMesh_1
[2026.08.30-08.29.29:831][695]LogPhysics: Warning: FConstraintInstance::GetRefFrame : Contained scale.
[2026.08.30-08.29.29:860][698]LogScript: Warning: Script Msg: Divide by zero: Divide_DoubleDouble
[2026.08.30-08.29.29:871][699]LogAbilitySystem: Warning: GameplayCueNotify GameplayCue.Ability.ControlledFalling at index -1 not found in runtime cue set.
[2026.08.30-08.29.33:580][ 70]LogNiagara: StaticMesh data interface has no valid mesh - NiagaraDataInterfaceStaticMesh /MAP_TriHard/TriHard_Main.TriHard_Main:PersistentLevel.BP_WeaponPickup_C_2147444471.Niagara.NiagaraDataInterfaceStaticMesh_1
[2026.08.30-08.29.33:581][ 70]LogNiagara: StaticMesh data interface has no valid mesh - NiagaraDataInterfaceStaticMesh /MAP_TriHard/TriHard_Main.TriHard_Main:PersistentLevel.BP_WeaponPickup_C_2147444469.Niagara.NiagaraDataInterfaceStaticMesh_1
[2026.08.30-08.29.33:830][ 95]LogNiagara: StaticMesh data interface has no valid mesh - NiagaraDataInterfaceStaticMesh /MAP_TriHard/TriHard_Main.TriHard_Main:PersistentLevel.BP_WeaponPickup_C_2147444434.Niagara.NiagaraDataInterfaceStaticMesh_1
[2026.08.30-08.29.34:352][147]LogNiagara: StaticMesh data interface has no valid mesh - NiagaraDataInterfaceStaticMesh /MAP_TriHard/TriHard_Main.TriHard_Main:PersistentLevel.BP_WeaponPickup_C_2147444416.Niagara.NiagaraDataInterfaceStaticMesh_1
[2026.08.30-08.29.35:081][220]LogActorComponent: Error: May not destroy component NiagaraComponent /MAP_TriHard/TriHard_Main.TriHard_Main:PersistentLevel.PortalWarsWorldSettings.NiagaraComponent_2147456485 owned by PortalWarsWorldSettings /MAP_TriHard/TriHard_Main.TriHard_Main:PersistentLevel.PortalWarsWorldSettings.
[2026.08.30-08.29.35:121][224]LogViewport: Display: Viewport MouseLockMode Changed, LockOnCapture -> LockInFullscreen
[2026.08.30-08.29.35:121][224]LogViewport: Display: Viewport MouseCaptureMode Changed, CapturePermanently -> CaptureDuringRightMouseDown
[2026.08.30-08.29.35:121][224]LogViewport: Display: Player bShowMouseCursor Changed, False -> True
[2026.08.30-08.29.35:122][224]LogSlate: InvalidateAllWidgets triggered.  All widgets were invalidated
[2026.08.30-08.29.35:222][234]LogActorComponent: Error: May not destroy component NiagaraComponent /MAP_TriHard/TriHard_Main.TriHard_Main:PersistentLevel.PortalWarsWorldSettings.NiagaraComponent_2147456484 owned by PortalWarsWorldSettings /MAP_TriHard/TriHard_Main.TriHard_Main:PersistentLevel.PortalWarsWorldSettings.
[2026.08.30-08.29.37:350][447]LogViewport: Display: Viewport MouseLockMode Changed, LockInFullscreen -> LockOnCapture
[2026.08.30-08.29.37:350][447]LogViewport: Display: Viewport MouseCaptureMode Changed, CaptureDuringRightMouseDown -> CapturePermanently
[2026.08.30-08.29.37:350][447]LogViewport: Display: Player bShowMouseCursor Changed, True -> False
[2026.08.30-08.29.37:460][458]LogNiagara: Warning: Failed to acquire niagara system NiagaraSystem /EQP_SBK_StickyGrenade/Skins/Base/VFX/NS_Sabrask_StickyGrenade_Explosion.NS_Sabrask_StickyGrenade_Explosion from the pool with MaxPoolSize=32 and PoolPrimeSize=0
[2026.08.30-08.29.37:460][458]LogNiagara: Warning: Creating niagara system NS_Sabrask_StickyGrenade_Explosion without pooling isn't recommended and will result in a hitch
[2026.08.30-08.29.37:816][494]LogNiagara: StaticMesh data interface has no valid mesh - NiagaraDataInterfaceStaticMesh /MAP_TriHard/TriHard_Main.TriHard_Main:PersistentLevel.BP_WeaponPickup_C_2147444379.Niagara.NiagaraDataInterfaceStaticMesh_1
[2026.08.30-08.29.38:812][593]LogAbilitySystem: Warning: GameplayCueNotify_Actor GCNL_Death_C_2147456869 had active timelines when it was recycled.
[2026.08.30-08.29.39:352][647]LogAbilitySystem: Warning: GameplayCueNotify_Actor GCNL_Death_C_2147456954 had active timelines when it was recycled.
[2026.08.30-08.29.39:381][650]LogSlate: InvalidateAllWidgets triggered.  All widgets were invalidated
[2026.08.30-08.29.39:390][651]LogAkAudio: Error: Failed to post AkAudioEvent 'stop_sx_player_highSpeed' with an AkComponent that's not valid.
[2026.08.30-08.29.39:392][651]LogAnimation: Warning: SLOTNODE: 'FiringLeftSlot' in animation instance class ABP_FirstPersonBase_V5_C already exists. Remove duplicates from the animation graph for this class.
[2026.08.30-08.29.39:395][651]LogScript: Warning: Script Msg: Divide by zero: Divide_DoubleDouble
[2026.08.30-08.29.39:401][652]LogSlate: InvalidateAllWidgets triggered.  All widgets were invalidated
[2026.08.30-08.29.39:401][652]LogAbilitySystem: Warning: No gameplay cues found to load from object SkinBP_AER_OniX_VarB_FP_C_2147444284.
[2026.08.30-08.29.39:411][653]AnimBlueprintLog: Warning: SLOTNODE: 'DefaultSlot' in animation instance class ABP_MER_LMG_Base_WPN_C already exists. Remove duplicates from the animation graph for this class.
[2026.08.30-08.29.39:411][653]AnimBlueprintLog: Warning: SLOTNODE: 'SlotFire01' in animation instance class ABP_MER_LMG_Base_WPN_C already exists. Remove duplicates from the animation graph for this class.
[2026.08.30-08.29.39:411][653]AnimBlueprintLog: Warning: SLOTNODE: 'SlotFire02' in animation instance class ABP_MER_LMG_Base_WPN_C already exists. Remove duplicates from the animation graph for this class.
[2026.08.30-08.29.39:411][653]AnimBlueprintLog: Warning: SLOTNODE: 'SlotFire03' in animation instance class ABP_MER_LMG_Base_WPN_C already exists. Remove duplicates from the animation graph for this class.
[2026.08.30-08.29.39:411][653]AnimBlueprintLog: Warning: SLOTNODE: 'DefaultSlot' in animation instance class ABP_MER_ChargePistol_Base_WPN_C already exists. Remove duplicates from the animation graph for this class.
[2026.08.30-08.29.39:852][697]LogPhysics: Warning: FConstraintInstance::GetRefFrame : Contained scale.
[2026.08.30-08.29.39:880][700]LogScript: Warning: Script Msg: Divide by zero: Divide_DoubleDouble
[2026.08.30-08.29.39:889][701]LogAbilitySystem: Warning: GameplayCueNotify GameplayCue.Ability.ControlledFalling at index -1 not found in runtime cue set.
[2026.08.30-08.29.40:362][748]LogPhysics: Warning: FConstraintInstance::GetRefFrame : Contained scale.
[2026.08.30-08.29.40:363][748]LogCore1047: Warning: UCore1047SettingDefinition::ApplyValue Classic Portal Controls is not Enabled via bEnabled so setting value will not be applied.
[2026.08.30-08.29.40:364][748]LogCore1047: Warning: UCore1047SettingDefinition::ApplyValue Classic Portal Controls is not Enabled via bEnabled so setting value will not be applied.
[2026.08.30-08.29.40:364][748]Core1047InputUserSettings: PostInitializePlayerInput >> Re-applying Player Profile Keybinds!
[2026.08.30-08.29.40:364][748]LogCore1047: Warning: UCore1047SettingDefinition::ApplyValue Classic Portal Controls is not Enabled via bEnabled so setting value will not be applied.
[2026.08.30-08.29.40:364][748]LogCore1047: Warning: UCore1047SettingDefinition::ApplyValue Classic Portal Controls is not Enabled via bEnabled so setting value will not be applied.
[2026.08.30-08.29.40:364][748]Core1047InputUserSettings: PostInitializePlayerInput >> Re-applying Player Profile Keybinds!
[2026.08.30-08.29.40:366][748]LogAnimation: Warning: SLOTNODE: 'FiringLeftSlot' in animation instance class ABP_FirstPersonBase_V5_C already exists. Remove duplicates from the animation graph for this class.
[2026.08.30-08.29.40:369][748]LogScript: Warning: Script Msg: Divide by zero: Divide_DoubleDouble
[2026.08.30-08.29.40:369][748]LogAbilitySystem: Warning: No gameplay cues found to load from object SkinBP_SBK_RhinokCC_FP_C_2147444052.
[2026.08.30-08.29.40:375][749]LogSlate: InvalidateAllWidgets triggered.  All widgets were invalidated
[2026.08.30-08.29.40:401][752]LogScript: Warning: Script Msg: Divide by zero: Divide_DoubleDouble
[2026.08.30-08.29.40:409][753]LogAbilitySystem: Warning: GameplayCueNotify GameplayCue.Ability.ControlledFalling at index -1 not found in runtime cue set.
[2026.08.30-08.29.40:445][757]LogPhysics: Warning: Initialising Body : Scale3D is (nearly) zero: <NoName>
[2026.08.30-08.29.40:445][757]LogPhysics: Warning: Initialising Body : Scale3D is (nearly) zero: <NoName>
[2026.08.30-08.29.40:495][762]LogPhysics: Warning: Initialising Body : Scale3D is (nearly) zero: <NoName>
[2026.08.30-08.29.40:495][762]LogPhysics: Warning: Initialising Body : Scale3D is (nearly) zero: <NoName>
[2026.08.30-08.29.42:831][995]LogAbilitySystem: Warning: GameplayCueNotify_Actor GCNL_Death_C_2147444375 had active timelines when it was recycled.
[2026.08.30-08.29.43:840][ 96]LogPhysics: Warning: FConstraintInstance::GetRefFrame : Contained scale.
[2026.08.30-08.29.43:870][ 99]LogScript: Warning: Script Msg: Divide by zero: Divide_DoubleDouble
[2026.08.30-08.29.43:880][100]LogAbilitySystem: Warning: GameplayCueNotify GameplayCue.Ability.ControlledFalling at index -1 not found in runtime cue set.
[2026.08.30-08.29.44:851][197]LogNiagara: Warning: Failed to acquire niagara system NiagaraSystem /POW_Overshield/VFX/NS_Overshield_3P_Looping.NS_Overshield_3P_Looping from the pool with MaxPoolSize=32 and PoolPrimeSize=0
[2026.08.30-08.29.44:851][197]LogNiagara: Warning: Creating niagara system NS_Overshield_3P_Looping without pooling isn't recommended and will result in a hitch
[2026.08.30-08.29.46:282][340]LogScript: Warning: Script Msg: Divide by zero: Divide_DoubleDouble
[2026.08.30-08.29.46:891][401]LogNiagara: Warning: Niagara Effect has completed naturally but has an effect type with the "Asleep" cull reaction. If an effect like this is culled before it can complete then it could leak into the scalability manager and be reactivated incorrectly. Please verify this is using the correct EffectType.
Component:NiagaraComponent /MAP_TriHard/TriHard_Main.TriHard_Main:PersistentLevel.BP_Character_Base_C_2147443896.TeleportableComponent.NiagaraComponent_2147443811
System:NiagaraSystem /Game/Portals/Blueprints/VFX/PortalLinkDirectionIndicator/NS_PortalDirectionIndicator_Single.NS_PortalDirectionIndicator_Single
[2026.08.30-08.29.48:861][598]LogNiagara: Warning: Niagara Effect has completed naturally but has an effect type with the "Asleep" cull reaction. If an effect like this is culled before it can complete then it could leak into the scalability manager and be reactivated incorrectly. Please verify this is using the correct EffectType.
Component:NiagaraComponent /MAP_TriHard/TriHard_Main.TriHard_Main:PersistentLevel.BP_Character_Base_C_2147444229.TeleportableComponent.NiagaraComponent_2147443764
System:NiagaraSystem /Game/Portals/Blueprints/VFX/PortalLinkDirectionIndicator/NS_PortalDirectionIndicator_Single.NS_PortalDirectionIndicator_Single
[2026.08.30-08.29.48:941][606]LogNiagara: Warning: Niagara Effect has completed naturally but has an effect type with the "Asleep" cull reaction. If an effect like this is culled before it can complete then it could leak into the scalability manager and be reactivated incorrectly. Please verify this is using the correct EffectType.
Component:NiagaraComponent /MAP_TriHard/TriHard_Main.TriHard_Main:PersistentLevel.BP_Character_Base_C_2147443896.TeleportableComponent.NiagaraComponent_2147443811
System:NiagaraSystem /Game/Portals/Blueprints/VFX/PortalLinkDirectionIndicator/NS_PortalDirectionIndicator_Single.NS_PortalDirectionIndicator_Single
[2026.08.30-08.29.50:591][771]LogNiagara: StaticMesh data interface has no valid mesh - NiagaraDataInterfaceStaticMesh /MAP_TriHard/TriHard_Main.TriHard_Main:PersistentLevel.BP_WeaponPickup_C_2147443744.Niagara.NiagaraDataInterfaceStaticMesh_1
[2026.08.30-08.29.50:911][803]LogNiagara: StaticMesh data interface has no valid mesh - NiagaraDataInterfaceStaticMesh /MAP_TriHard/TriHard_Main.TriHard_Main:PersistentLevel.BP_WeaponPickup_C_2147443733.Niagara.NiagaraDataInterfaceStaticMesh_1
[2026.08.30-08.29.51:824][895]LogNiagara: Warning: Failed to acquire niagara system NiagaraSystem /Game/VFX/NiagaraSystems/Impact/NS_Weapon_Rubber_Impact.NS_Weapon_Rubber_Impact from the pool with MaxPoolSize=32 and PoolPrimeSize=0
[2026.08.30-08.29.51:824][895]LogNiagara: Warning: Creating niagara system NS_Weapon_Rubber_Impact without pooling isn't recommended and will result in a hitch
[2026.08.30-08.29.52:158][928]LogBlueprintUserMessages: Weapon Skin: Default__SkinBP_SBK_SMG_Base_C
[2026.08.30-08.29.52:158][928]LogBlueprintUserMessages: Montages: AM_SBK_SMG_Base_FP_CHR_Melee_02AM_TP_AR_Melee
[2026.08.30-08.29.52:158][928]LogBlueprintUserMessages: Weapon Skin: Default__SkinBP_SBK_SMG_Base_C
[2026.08.30-08.29.52:413][953]LogActorComponent: Error: May not destroy component NiagaraComponent /MAP_TriHard/TriHard_Main.TriHard_Main:PersistentLevel.PortalWarsWorldSettings.NiagaraComponent_2147456485 owned by PortalWarsWorldSettings /MAP_TriHard/TriHard_Main.TriHard_Main:PersistentLevel.PortalWarsWorldSettings.
[2026.08.30-08.29.53:080][ 20]LogBlueprintUserMessages: Weapon Skin: Default__SkinBP_SBK_SMG_Base_C
[2026.08.30-08.29.53:080][ 20]LogBlueprintUserMessages: Montages: AM_SBK_SMG_Base_FP_CHR_Melee_06AM_TP_AR_Melee
[2026.08.30-08.29.53:080][ 20]LogBlueprintUserMessages: Weapon Skin: Default__SkinBP_SBK_SMG_Base_C
[2026.08.30-08.29.53:400][ 52]LogNiagara: StaticMesh data interface has no valid mesh - NiagaraDataInterfaceStaticMesh /MAP_TriHard/TriHard_Main.TriHard_Main:PersistentLevel.BP_WeaponPickup_C_2147443634.Niagara.NiagaraDataInterfaceStaticMesh_1
[2026.08.30-08.29.53:411][ 53]LogActorComponent: Error: May not destroy component NiagaraComponent /MAP_TriHard/TriHard_Main.TriHard_Main:PersistentLevel.PortalWarsWorldSettings.NiagaraComponent_2147456484 owned by PortalWarsWorldSettings /MAP_TriHard/TriHard_Main.TriHard_Main:PersistentLevel.PortalWarsWorldSettings.
[2026.08.30-08.29.55:319][244]LogNiagara: StaticMesh data interface has no valid mesh - NiagaraDataInterfaceStaticMesh /MAP_TriHard/TriHard_Main.TriHard_Main:PersistentLevel.BP_WeaponPickup_C_2147443575.Niagara.NiagaraDataInterfaceStaticMesh_1
[2026.08.30-08.29.56:612][373]LogPhysics: Warning: FConstraintInstance::GetRefFrame : Contained scale.
[2026.08.30-08.29.56:640][376]LogScript: Warning: Script Msg: Divide by zero: Divide_DoubleDouble
[2026.08.30-08.29.56:650][377]LogAbilitySystem: Warning: GameplayCueNotify GameplayCue.Ability.ControlledFalling at index -1 not found in runtime cue set.
[2026.08.30-08.29.58:410][553]LogNiagara: StaticMesh data interface has no valid mesh - NiagaraDataInterfaceStaticMesh /MAP_TriHard/TriHard_Main.TriHard_Main:PersistentLevel.BP_WeaponPickup_C_2147443460.Niagara.NiagaraDataInterfaceStaticMesh_1
[2026.08.30-08.29.58:410][553]LogAbilitySystem: Warning: GameplayCueNotify_Actor GCNL_Death_C_2147444375 had active timelines when it was recycled.
[2026.08.30-08.29.58:411][553]LogNiagara: StaticMesh data interface has no valid mesh - NiagaraDataInterfaceStaticMesh /MAP_TriHard/TriHard_Main.TriHard_Main:PersistentLevel.BP_WeaponPickup_C_2147443460.Niagara.NiagaraDataInterfaceStaticMesh_1
[2026.08.30-08.29.59:402][652]LogPhysics: Warning: FConstraintInstance::GetRefFrame : Contained scale.
[2026.08.30-08.29.59:430][655]LogScript: Warning: Script Msg: Divide by zero: Divide_DoubleDouble
[2026.08.30-08.29.59:440][656]LogAbilitySystem: Warning: GameplayCueNotify GameplayCue.Ability.ControlledFalling at index -1 not found in runtime cue set.
[2026.08.30-08.30.00:322][744]LogAbilitySystem: Warning: GameplayCueNotify_Actor GCNL_Death_C_2147456954 had active timelines when it was recycled.
[2026.08.30-08.30.01:342][846]LogPhysics: Warning: FConstraintInstance::GetRefFrame : Contained scale.
[2026.08.30-08.30.01:380][850]LogScript: Warning: Script Msg: Divide by zero: Divide_DoubleDouble
[2026.08.30-08.30.01:391][851]LogAbilitySystem: Warning: GameplayCueNotify GameplayCue.Ability.ControlledFalling at index -1 not found in runtime cue set.
[2026.08.30-08.30.03:802][ 92]LogAnimation: Warning: SLOTNODE: 'DefaultSlot' in animation instance class ABP_MER_LMG_Base_WPN_C already exists. Remove duplicates from the animation graph for this class.
[2026.08.30-08.30.03:802][ 92]LogAnimation: Warning: SLOTNODE: 'SlotFire01' in animation instance class ABP_MER_LMG_Base_WPN_C already exists. Remove duplicates from the animation graph for this class.
[2026.08.30-08.30.03:802][ 92]LogAnimation: Warning: SLOTNODE: 'SlotFire02' in animation instance class ABP_MER_LMG_Base_WPN_C already exists. Remove duplicates from the animation graph for this class.
[2026.08.30-08.30.03:802][ 92]LogAnimation: Warning: SLOTNODE: 'SlotFire03' in animation instance class ABP_MER_LMG_Base_WPN_C already exists. Remove duplicates from the animation graph for this class.
[2026.08.30-08.30.04:171][129]LogBlueprintUserMessages: Weapon Skin: Default__SkinBP_SBK_SMG_Base_C
[2026.08.30-08.30.04:171][129]LogBlueprintUserMessages: Montages: AM_SBK_SMG_Base_FP_CHR_Melee_02AM_TP_AR_Melee
[2026.08.30-08.30.04:171][129]LogBlueprintUserMessages: Weapon Skin: Default__SkinBP_SBK_SMG_Base_C
[2026.08.30-08.30.05:240][236]LogNiagara: Warning: Niagara Effect has completed naturally but has an effect type with the "Asleep" cull reaction. If an effect like this is culled before it can complete then it could leak into the scalability manager and be reactivated incorrectly. Please verify this is using the correct EffectType.
Component:NiagaraComponent /MAP_TriHard/TriHard_Main.TriHard_Main:PersistentLevel.BP_Character_Base_C_2147443540.TeleportableComponent.NiagaraComponent_2147443253
System:NiagaraSystem /Game/Portals/Blueprints/VFX/PortalLinkDirectionIndicator/NS_PortalDirectionIndicator_Single.NS_PortalDirectionIndicator_Single
[2026.08.30-08.30.05:340][246]LogNiagara: StaticMesh data interface has no valid mesh - NiagaraDataInterfaceStaticMesh /MAP_TriHard/TriHard_Main.TriHard_Main:PersistentLevel.BP_WeaponPickup_C_2147443237.Niagara.NiagaraDataInterfaceStaticMesh_1
[2026.08.30-08.30.05:532][265]LogNiagara: StaticMesh data interface has no valid mesh - NiagaraDataInterfaceStaticMesh /MAP_TriHard/TriHard_Main.TriHard_Main:PersistentLevel.BP_WeaponPickup_C_2147443214.Niagara.NiagaraDataInterfaceStaticMesh_1
[2026.08.30-08.30.09:560][668]LogBlueprintUserMessages: Weapon Skin: Default__SkinBP_SBK_SMG_Base_C
[2026.08.30-08.30.09:560][668]LogBlueprintUserMessages: Montages: AM_SBK_SMG_Base_FP_CHR_Melee_04AM_TP_AR_Melee
[2026.08.30-08.30.09:560][668]LogBlueprintUserMessages: Weapon Skin: Default__SkinBP_SBK_SMG_Base_C
[2026.08.30-08.30.10:350][747]LogAbilitySystem: Warning: GameplayCueNotify_Actor GCNL_Death_C_2147456954 had active timelines when it was recycled.
[2026.08.30-08.30.10:540][766]LogAbilitySystem: Warning: GameplayCueNotify_Actor GCNL_Death_C_2147444375 had active timelines when it was recycled.
[2026.08.30-08.30.11:383][850]LogPhysics: Warning: FConstraintInstance::GetRefFrame : Contained scale.
[2026.08.30-08.30.11:410][853]LogScript: Warning: Script Msg: Divide by zero: Divide_DoubleDouble
[2026.08.30-08.30.11:421][854]LogAbilitySystem: Warning: GameplayCueNotify GameplayCue.Ability.ControlledFalling at index -1 not found in runtime cue set.
[2026.08.30-08.30.11:541][866]LogPhysics: Warning: FConstraintInstance::GetRefFrame : Contained scale.
[2026.08.30-08.30.11:570][869]LogScript: Warning: Script Msg: Divide by zero: Divide_DoubleDouble
[2026.08.30-08.30.11:580][870]LogAbilitySystem: Warning: GameplayCueNotify GameplayCue.Ability.ControlledFalling at index -1 not found in runtime cue set.
[2026.08.30-08.30.11:671][879]LogAnimation: Warning: SLOTNODE: 'DefaultSlot' in animation instance class ABP_MER_LMG_Base_WPN_C already exists. Remove duplicates from the animation graph for this class.
[2026.08.30-08.30.11:671][879]LogAnimation: Warning: SLOTNODE: 'SlotFire01' in animation instance class ABP_MER_LMG_Base_WPN_C already exists. Remove duplicates from the animation graph for this class.
[2026.08.30-08.30.11:671][879]LogAnimation: Warning: SLOTNODE: 'SlotFire02' in animation instance class ABP_MER_LMG_Base_WPN_C already exists. Remove duplicates from the animation graph for this class.
[2026.08.30-08.30.11:671][879]LogAnimation: Warning: SLOTNODE: 'SlotFire03' in animation instance class ABP_MER_LMG_Base_WPN_C already exists. Remove duplicates from the animation graph for this class.
[2026.08.30-08.30.11:772][889]LogNiagara: StaticMesh data interface has no valid mesh - NiagaraDataInterfaceStaticMesh /MAP_TriHard/TriHard_Main.TriHard_Main:PersistentLevel.BP_WeaponPickup_C_2147442997.Niagara.NiagaraDataInterfaceStaticMesh_1
[2026.08.30-08.30.15:891][301]LogActorComponent: Warning: SetAutoActivate called on component NiagaraComponent /MAP_TriHard/Sublevels/TRIHARD_SL_Portals.TRIHARD_SL_Portals:PersistentLevel.BP_PortalWall_V5_C_12.LaunchVFX after construction!
[2026.08.30-08.30.15:941][306]LogNiagara: Warning: Niagara Effect has completed naturally but has an effect type with the "Asleep" cull reaction. If an effect like this is culled before it can complete then it could leak into the scalability manager and be reactivated incorrectly. Please verify this is using the correct EffectType.
Component:NiagaraComponent /MAP_TriHard/TriHard_Main.TriHard_Main:PersistentLevel.BP_Character_Base_C_2147443896.TeleportableComponent.NiagaraComponent_2147443811
System:NiagaraSystem /Game/Portals/Blueprints/VFX/PortalLinkDirectionIndicator/NS_PortalDirectionIndicator_Single.NS_PortalDirectionIndicator_Single
[2026.08.30-08.30.16:584][370]LogNiagara: StaticMesh data interface has no valid mesh - NiagaraDataInterfaceStaticMesh /MAP_TriHard/TriHard_Main.TriHard_Main:PersistentLevel.BP_WeaponPickup_C_2147442931.Niagara.NiagaraDataInterfaceStaticMesh_1
[2026.08.30-08.30.16:780][390]LogAbilitySystem: Warning: GameplayCueNotify_Actor GCNL_Death_C_2147444375 had active timelines when it was recycled.
[2026.08.30-08.30.17:142][426]LogScript: Warning: Script Msg: Divide by zero: Divide_DoubleDouble
[2026.08.30-08.30.17:785][491]LogPhysics: Warning: FConstraintInstance::GetRefFrame : Contained scale.
[2026.08.30-08.30.17:816][494]LogScript: Warning: Script Msg: Divide by zero: Divide_DoubleDouble
[2026.08.30-08.30.17:826][495]LogAbilitySystem: Warning: GameplayCueNotify GameplayCue.Ability.ControlledFalling at index -1 not found in runtime cue set.
[2026.08.30-08.30.18:014][514]LogNiagara: StaticMesh data interface has no valid mesh - NiagaraDataInterfaceStaticMesh /MAP_TriHard/TriHard_Main.TriHard_Main:PersistentLevel.BP_WeaponPickup_C_2147442823.Niagara.NiagaraDataInterfaceStaticMesh_1
[2026.08.30-08.30.18:770][590]LogActorComponent: Warning: SetAutoActivate called on component NiagaraComponent /MAP_TriHard/Sublevels/TRIHARD_SL_Portals.TRIHARD_SL_Portals:PersistentLevel.BP_PortalWall_V5_C_12.LaunchVFX after construction!
[2026.08.30-08.30.19:942][706]LogNiagara: StaticMesh data interface has no valid mesh - NiagaraDataInterfaceStaticMesh /MAP_TriHard/TriHard_Main.TriHard_Main:PersistentLevel.BP_WeaponPickup_C_2147442799.Niagara.NiagaraDataInterfaceStaticMesh_1
[2026.08.30-08.30.19:942][706]LogNiagara: Warning: Failed to acquire niagara system NiagaraSystem /Game/VFX/NiagaraSystems/PlayerDeath/NS_PlayerDeath.NS_PlayerDeath from the pool with MaxPoolSize=32 and PoolPrimeSize=0
[2026.08.30-08.30.19:942][706]LogNiagara: Warning: Creating niagara system NS_PlayerDeath without pooling isn't recommended and will result in a hitch
[2026.08.30-08.30.21:582][870]LogAbilitySystem: Warning: GameplayCueNotify_Actor GCNL_Death_C_2147456954 had active timelines when it was recycled.
[2026.08.30-08.30.21:601][872]LogSlate: InvalidateAllWidgets triggered.  All widgets were invalidated
[2026.08.30-08.30.21:610][873]LogAkAudio: Error: Failed to post AkAudioEvent 'stop_sx_player_highSpeed' with an AkComponent that's not valid.
[2026.08.30-08.30.21:612][873]LogAnimation: Warning: SLOTNODE: 'FiringLeftSlot' in animation instance class ABP_FirstPersonBase_V5_C already exists. Remove duplicates from the animation graph for this class.
[2026.08.30-08.30.21:615][873]LogScript: Warning: Script Msg: Divide by zero: Divide_DoubleDouble
[2026.08.30-08.30.21:620][874]LogSlate: InvalidateAllWidgets triggered.  All widgets were invalidated
[2026.08.30-08.30.21:621][874]AnimBlueprintLog: Warning: SLOTNODE: 'DefaultSlot' in animation instance class ABP_MER_LMG_Base_WPN_C already exists. Remove duplicates from the animation graph for this class.
[2026.08.30-08.30.21:621][874]AnimBlueprintLog: Warning: SLOTNODE: 'SlotFire01' in animation instance class ABP_MER_LMG_Base_WPN_C already exists. Remove duplicates from the animation graph for this class.
[2026.08.30-08.30.21:621][874]AnimBlueprintLog: Warning: SLOTNODE: 'SlotFire02' in animation instance class ABP_MER_LMG_Base_WPN_C already exists. Remove duplicates from the animation graph for this class.
[2026.08.30-08.30.21:621][874]AnimBlueprintLog: Warning: SLOTNODE: 'SlotFire03' in animation instance class ABP_MER_LMG_Base_WPN_C already exists. Remove duplicates from the animation graph for this class.
[2026.08.30-08.30.21:621][874]LogAbilitySystem: Warning: No gameplay cues found to load from object SkinBP_AER_OniX_VarB_FP_C_2147442703.
[2026.08.30-08.30.21:631][875]AnimBlueprintLog: Warning: SLOTNODE: 'DefaultSlot' in animation instance class ABP_MER_ChargePistol_Base_WPN_C already exists. Remove duplicates from the animation graph for this class.
[2026.08.30-08.30.22:611][973]LogPhysics: Warning: FConstraintInstance::GetRefFrame : Contained scale.
[2026.08.30-08.30.22:613][973]LogCore1047: Warning: UCore1047SettingDefinition::ApplyValue Classic Portal Controls is not Enabled via bEnabled so setting value will not be applied.
[2026.08.30-08.30.22:613][973]LogCore1047: Warning: UCore1047SettingDefinition::ApplyValue Classic Portal Controls is not Enabled via bEnabled so setting value will not be applied.
[2026.08.30-08.30.22:613][973]Core1047InputUserSettings: PostInitializePlayerInput >> Re-applying Player Profile Keybinds!
[2026.08.30-08.30.22:613][973]LogCore1047: Warning: UCore1047SettingDefinition::ApplyValue Classic Portal Controls is not Enabled via bEnabled so setting value will not be applied.
[2026.08.30-08.30.22:613][973]LogCore1047: Warning: UCore1047SettingDefinition::ApplyValue Classic Portal Controls is not Enabled via bEnabled so setting value will not be applied.
[2026.08.30-08.30.22:613][973]Core1047InputUserSettings: PostInitializePlayerInput >> Re-applying Player Profile Keybinds!
[2026.08.30-08.30.22:615][973]LogAnimation: Warning: SLOTNODE: 'FiringLeftSlot' in animation instance class ABP_FirstPersonBase_V5_C already exists. Remove duplicates from the animation graph for this class.
[2026.08.30-08.30.22:619][973]LogScript: Warning: Script Msg: Divide by zero: Divide_DoubleDouble
[2026.08.30-08.30.22:619][973]LogAbilitySystem: Warning: No gameplay cues found to load from object SkinBP_SBK_RhinokCC_FP_C_2147442531.
[2026.08.30-08.30.22:625][974]LogNiagara: StaticMesh data interface has no valid mesh - NiagaraDataInterfaceStaticMesh /MAP_TriHard/TriHard_Main.TriHard_Main:PersistentLevel.BP_WeaponPickup_C_2147442522.Niagara.NiagaraDataInterfaceStaticMesh_1
[2026.08.30-08.30.22:628][974]LogScript: Warning: Script Msg: Divide by zero: Divide_DoubleDouble
[2026.08.30-08.30.22:628][974]LogSlate: InvalidateAllWidgets triggered.  All widgets were invalidated
[2026.08.30-08.30.22:654][977]LogScript: Warning: Script Msg: Divide by zero: Divide_DoubleDouble
[2026.08.30-08.30.22:661][978]LogAbilitySystem: Warning: GameplayCueNotify GameplayCue.Ability.ControlledFalling at index -1 not found in runtime cue set.
[2026.08.30-08.30.22:694][982]LogPhysics: Warning: Initialising Body : Scale3D is (nearly) zero: <NoName>
[2026.08.30-08.30.22:694][982]LogPhysics: Warning: Initialising Body : Scale3D is (nearly) zero: <NoName>
[2026.08.30-08.30.22:741][987]LogPhysics: Warning: Initialising Body : Scale3D is (nearly) zero: <NoName>
[2026.08.30-08.30.22:741][987]LogPhysics: Warning: Initialising Body : Scale3D is (nearly) zero: <NoName>
[2026.08.30-08.30.23:017][ 15]LogAbilitySystem: Warning: GameplayCueNotify_Actor GCNL_Death_C_2147444375 had active timelines when it was recycled.
[2026.08.30-08.30.24:031][115]LogPhysics: Warning: FConstraintInstance::GetRefFrame : Contained scale.
[2026.08.30-08.30.24:070][119]LogScript: Warning: Script Msg: Divide by zero: Divide_DoubleDouble
[2026.08.30-08.30.24:081][120]LogAbilitySystem: Warning: GameplayCueNotify GameplayCue.Ability.ControlledFalling at index -1 not found in runtime cue set.
[2026.08.30-08.30.24:951][207]LogAbilitySystem: Warning: GameplayCueNotify_Actor GCNL_Death_C_2147456869 had active timelines when it was recycled.
[2026.08.30-08.30.25:665][278]LogScript: Warning: Script Msg: Divide by zero: Divide_DoubleDouble
[2026.08.30-08.30.25:789][291]LogNiagara: StaticMesh data interface has no valid mesh - NiagaraDataInterfaceStaticMesh /MAP_TriHard/TriHard_Main.TriHard_Main:PersistentLevel.BP_WeaponPickup_C_2147442299.Niagara.NiagaraDataInterfaceStaticMesh_1
[2026.08.30-08.30.25:790][291]LogNiagara: StaticMesh data interface has no valid mesh - NiagaraDataInterfaceStaticMesh /MAP_TriHard/TriHard_Main.TriHard_Main:PersistentLevel.BP_WeaponPickup_C_2147442298.Niagara.NiagaraDataInterfaceStaticMesh_1
[2026.08.30-08.30.25:790][291]LogNiagara: StaticMesh data interface has no valid mesh - NiagaraDataInterfaceStaticMesh /MAP_TriHard/TriHard_Main.TriHard_Main:PersistentLevel.BP_WeaponPickup_C_2147442297.Niagara.NiagaraDataInterfaceStaticMesh_1
[2026.08.30-08.30.25:799][292]LogNiagara: StaticMesh data interface has no valid mesh - NiagaraDataInterfaceStaticMesh /MAP_TriHard/TriHard_Main.TriHard_Main:PersistentLevel.BP_WeaponPickup_C_2147442296.Niagara.NiagaraDataInterfaceStaticMesh_1
[2026.08.30-08.30.25:960][308]LogPhysics: Warning: FConstraintInstance::GetRefFrame : Contained scale.
[2026.08.30-08.30.25:990][311]LogScript: Warning: Script Msg: Divide by zero: Divide_DoubleDouble
[2026.08.30-08.30.26:000][312]LogAbilitySystem: Warning: GameplayCueNotify GameplayCue.Ability.ControlledFalling at index -1 not found in runtime cue set.
[2026.08.30-08.30.26:283][340]LogScript: Warning: Script Msg: Divide by zero: Divide_DoubleDouble
[2026.08.30-08.30.28:271][539]LogBlueprintUserMessages: Weapon Skin: Default__SkinBP_SBK_SMG_Base_C
[2026.08.30-08.30.28:271][539]LogBlueprintUserMessages: Montages: AM_SBK_SMG_Base_FP_CHR_Melee_06AM_TP_AR_Melee
[2026.08.30-08.30.28:271][539]LogBlueprintUserMessages: Weapon Skin: Default__SkinBP_SBK_SMG_Base_C
[2026.08.30-08.30.29:141][626]LogBlueprintUserMessages: Weapon Skin: Default__SkinBP_SBK_SMG_Base_C
[2026.08.30-08.30.29:141][626]LogBlueprintUserMessages: Montages: AM_SBK_SMG_Base_FP_CHR_Melee_05AM_TP_AR_Melee
[2026.08.30-08.30.29:141][626]LogBlueprintUserMessages: Weapon Skin: Default__SkinBP_SBK_SMG_Base_C
[2026.08.30-08.30.29:442][656]LogNiagara: StaticMesh data interface has no valid mesh - NiagaraDataInterfaceStaticMesh /MAP_TriHard/TriHard_Main.TriHard_Main:PersistentLevel.BP_WeaponPickup_C_2147442152.Niagara.NiagaraDataInterfaceStaticMesh_1
[2026.08.30-08.30.30:011][713]LogScript: Warning: Script Msg: Divide by zero: Divide_DoubleDouble
[2026.08.30-08.30.30:163][728]LogBlueprintUserMessages: Weapon Skin: Default__SkinBP_SBK_SMG_Base_C
[2026.08.30-08.30.30:163][728]LogBlueprintUserMessages: Montages: AM_SBK_SMG_Base_FP_CHR_Melee_04AM_TP_AR_Melee
[2026.08.30-08.30.30:163][728]LogBlueprintUserMessages: Weapon Skin: Default__SkinBP_SBK_SMG_Base_C
[2026.08.30-08.30.30:664][778]LogAbilitySystem: Warning: GameplayCueNotify_Actor GCNL_Death_C_2147456869 had active timelines when it was recycled.
[2026.08.30-08.30.30:702][782]LogNiagara: StaticMesh data interface has no valid mesh - NiagaraDataInterfaceStaticMesh /MAP_TriHard/TriHard_Main.TriHard_Main:PersistentLevel.BP_WeaponPickup_C_2147442098.Niagara.NiagaraDataInterfaceStaticMesh_1
[2026.08.30-08.30.31:672][879]LogPhysics: Warning: FConstraintInstance::GetRefFrame : Contained scale.
[2026.08.30-08.30.31:700][882]LogScript: Warning: Script Msg: Divide by zero: Divide_DoubleDouble
[2026.08.30-08.30.31:719][884]LogAbilitySystem: Warning: GameplayCueNotify GameplayCue.Ability.ControlledFalling at index -1 not found in runtime cue set.
[2026.08.30-08.30.32:451][957]LogAbilitySystem: Display: GameplayCueNotify /Game/GameplayAbilities/GameplayCues/GCN_Pickup_Weapon.GCN_Pickup_Weapon_C was not loaded when GameplayCue was invoked. Starting async loading.
[2026.08.30-08.30.32:451][957]LogNiagara: StaticMesh data interface has no valid mesh - NiagaraDataInterfaceStaticMesh /MAP_TriHard/TriHard_Main.TriHard_Main:PersistentLevel.BP_WeaponPickup_C_2147441993.Niagara.NiagaraDataInterfaceStaticMesh_1
[2026.08.30-08.30.33:452][ 57]Log1047Weapon: Warning: Client -1 UGF1047WeaponDrawVisualsStateComponent had to use fallback timer to select item Client -1
[2026.08.30-08.30.33:751][ 87]LogAnimation: Warning: SLOTNODE: 'DefaultSlot' in animation instance class ABP_MER_LMG_Base_WPN_C already exists. Remove duplicates from the animation graph for this class.
[2026.08.30-08.30.33:751][ 87]LogAnimation: Warning: SLOTNODE: 'SlotFire01' in animation instance class ABP_MER_LMG_Base_WPN_C already exists. Remove duplicates from the animation graph for this class.
[2026.08.30-08.30.33:751][ 87]LogAnimation: Warning: SLOTNODE: 'SlotFire02' in animation instance class ABP_MER_LMG_Base_WPN_C already exists. Remove duplicates from the animation graph for this class.
[2026.08.30-08.30.33:751][ 87]LogAnimation: Warning: SLOTNODE: 'SlotFire03' in animation instance class ABP_MER_LMG_Base_WPN_C already exists. Remove duplicates from the animation graph for this class.
[2026.08.30-08.30.34:422][154]LogNiagara: StaticMesh data interface has no valid mesh - NiagaraDataInterfaceStaticMesh /MAP_TriHard/TriHard_Main.TriHard_Main:PersistentLevel.BP_WeaponPickup_C_2147441944.Niagara.NiagaraDataInterfaceStaticMesh_1
[2026.08.30-08.30.34:451][157]LogAbilitySystem: Warning: GameplayCueNotify_Actor GCNL_Death_C_2147444375 had active timelines when it was recycled.
[2026.08.30-08.30.35:461][258]LogPhysics: Warning: FConstraintInstance::GetRefFrame : Contained scale.
[2026.08.30-08.30.35:490][261]LogScript: Warning: Script Msg: Divide by zero: Divide_DoubleDouble
[2026.08.30-08.30.35:499][262]LogAbilitySystem: Warning: GameplayCueNotify GameplayCue.Ability.ControlledFalling at index -1 not found in runtime cue set.
[2026.08.30-08.30.35:701][282]LogAbilitySystem: Warning: GameplayCueNotify_Actor GCNL_Death_C_2147456869 had active timelines when it was recycled.
[2026.08.30-08.30.35:740][286]LogAkAudio: Error: Failed to post AkAudioEvent 'stop_sx_player_highSpeed' with an AkComponent that's not valid.
[2026.08.30-08.30.35:741][286]LogAnimation: Warning: SLOTNODE: 'FiringLeftSlot' in animation instance class ABP_FirstPersonBase_V5_C already exists. Remove duplicates from the animation graph for this class.
[2026.08.30-08.30.35:743][286]LogSlate: InvalidateAllWidgets triggered.  All widgets were invalidated
[2026.08.30-08.30.35:745][286]LogScript: Warning: Script Msg: Divide by zero: Divide_DoubleDouble
[2026.08.30-08.30.35:752][287]LogSlate: InvalidateAllWidgets triggered.  All widgets were invalidated
[2026.08.30-08.30.35:753][287]LogAbilitySystem: Warning: No gameplay cues found to load from object SkinBP_MER_Azael_FP_C_2147441782.
[2026.08.30-08.30.35:771][289]LogPhysics: Warning: Initialising Body : Scale3D is (nearly) zero: <NoName>
[2026.08.30-08.30.35:771][289]LogPhysics: Warning: Initialising Body : Scale3D is (nearly) zero: <NoName>
[2026.08.30-08.30.36:701][382]LogPhysics: Warning: FConstraintInstance::GetRefFrame : Contained scale.
[2026.08.30-08.30.36:702][382]LogCore1047: Warning: UCore1047SettingDefinition::ApplyValue Classic Portal Controls is not Enabled via bEnabled so setting value will not be applied.
[2026.08.30-08.30.36:702][382]LogCore1047: Warning: UCore1047SettingDefinition::ApplyValue Classic Portal Controls is not Enabled via bEnabled so setting value will not be applied.
[2026.08.30-08.30.36:702][382]Core1047InputUserSettings: PostInitializePlayerInput >> Re-applying Player Profile Keybinds!
[2026.08.30-08.30.36:702][382]LogCore1047: Warning: UCore1047SettingDefinition::ApplyValue Classic Portal Controls is not Enabled via bEnabled so setting value will not be applied.
[2026.08.30-08.30.36:703][382]LogCore1047: Warning: UCore1047SettingDefinition::ApplyValue Classic Portal Controls is not Enabled via bEnabled so setting value will not be applied.
[2026.08.30-08.30.36:703][382]Core1047InputUserSettings: PostInitializePlayerInput >> Re-applying Player Profile Keybinds!
[2026.08.30-08.30.36:705][382]LogAnimation: Warning: SLOTNODE: 'FiringLeftSlot' in animation instance class ABP_FirstPersonBase_V5_C already exists. Remove duplicates from the animation graph for this class.
[2026.08.30-08.30.36:708][382]LogScript: Warning: Script Msg: Divide by zero: Divide_DoubleDouble
[2026.08.30-08.30.36:709][382]LogAbilitySystem: Warning: No gameplay cues found to load from object SkinBP_SBK_RhinokCC_FP_C_2147441590.
[2026.08.30-08.30.36:716][383]LogSlate: InvalidateAllWidgets triggered.  All widgets were invalidated
[2026.08.30-08.30.36:742][386]LogScript: Warning: Script Msg: Divide by zero: Divide_DoubleDouble
[2026.08.30-08.30.36:751][387]LogAbilitySystem: Warning: GameplayCueNotify GameplayCue.Ability.ControlledFalling at index -1 not found in runtime cue set.
[2026.08.30-08.30.36:783][391]LogPhysics: Warning: Initialising Body : Scale3D is (nearly) zero: <NoName>
[2026.08.30-08.30.36:784][391]LogPhysics: Warning: Initialising Body : Scale3D is (nearly) zero: <NoName>
[2026.08.30-08.30.36:833][396]LogPhysics: Warning: Initialising Body : Scale3D is (nearly) zero: <NoName>
[2026.08.30-08.30.36:833][396]LogPhysics: Warning: Initialising Body : Scale3D is (nearly) zero: <NoName>
[2026.08.30-08.30.38:992][611]LogNiagara: StaticMesh data interface has no valid mesh - NiagaraDataInterfaceStaticMesh /MAP_TriHard/TriHard_Main.TriHard_Main:PersistentLevel.BP_WeaponPickup_C_2147441458.Niagara.NiagaraDataInterfaceStaticMesh_1
[2026.08.30-08.30.39:421][654]LogAbilitySystem: Warning: GameplayCueNotify_Actor GCNL_Death_C_2147456954 had active timelines when it was recycled.
[2026.08.30-08.30.40:016][714]LogNiagara: StaticMesh data interface has no valid mesh - NiagaraDataInterfaceStaticMesh /MAP_TriHard/TriHard_Main.TriHard_Main:PersistentLevel.BP_WeaponPickup_C_2147441416.Niagara.NiagaraDataInterfaceStaticMesh_1
[2026.08.30-08.30.40:017][714]LogNiagara: StaticMesh data interface has no valid mesh - NiagaraDataInterfaceStaticMesh /MAP_TriHard/TriHard_Main.TriHard_Main:PersistentLevel.BP_WeaponPickup_C_2147441415.Niagara.NiagaraDataInterfaceStaticMesh_1
[2026.08.30-08.30.40:017][714]LogNiagara: StaticMesh data interface has no valid mesh - NiagaraDataInterfaceStaticMesh /MAP_TriHard/TriHard_Main.TriHard_Main:PersistentLevel.BP_WeaponPickup_C_2147441414.Niagara.NiagaraDataInterfaceStaticMesh_1
[2026.08.30-08.30.40:027][715]LogNiagara: StaticMesh data interface has no valid mesh - NiagaraDataInterfaceStaticMesh /MAP_TriHard/TriHard_Main.TriHard_Main:PersistentLevel.BP_WeaponPickup_C_2147441413.Niagara.NiagaraDataInterfaceStaticMesh_1
[2026.08.30-08.30.40:027][715]LogNiagara: StaticMesh data interface has no valid mesh - NiagaraDataInterfaceStaticMesh /MAP_TriHard/TriHard_Main.TriHard_Main:PersistentLevel.BP_WeaponPickup_C_2147441412.Niagara.NiagaraDataInterfaceStaticMesh_1
[2026.08.30-08.30.40:210][733]LogActorComponent: Warning: SetAutoActivate called on component NiagaraComponent /MAP_TriHard/Sublevels/TRIHARD_SL_Portals.TRIHARD_SL_Portals:PersistentLevel.BP_PortalWall_V5_C_7.LaunchVFX after construction!
[2026.08.30-08.30.40:470][759]LogPhysics: Warning: FConstraintInstance::GetRefFrame : Contained scale.
[2026.08.30-08.30.40:500][762]LogScript: Warning: Script Msg: Divide by zero: Divide_DoubleDouble
[2026.08.30-08.30.40:511][763]LogAbilitySystem: Warning: GameplayCueNotify GameplayCue.Ability.ControlledFalling at index -1 not found in runtime cue set.
[2026.08.30-08.30.40:732][785]LogActorComponent: Warning: SetAutoActivate called on component NiagaraComponent /MAP_TriHard/Sublevels/TRIHARD_SL_Portals.TRIHARD_SL_Portals:PersistentLevel.BP_PortalWall_V5_C_7.LaunchVFX after construction!
[2026.08.30-08.30.41:821][894]LogNiagara: Warning: Niagara Effect has completed naturally but has an effect type with the "Asleep" cull reaction. If an effect like this is culled before it can complete then it could leak into the scalability manager and be reactivated incorrectly. Please verify this is using the correct EffectType.
Component:NiagaraComponent /MAP_TriHard/TriHard_Main.TriHard_Main:PersistentLevel.BP_Character_Base_C_2147442280.TeleportableComponent.NiagaraComponent_2147441298
System:NiagaraSystem /Game/Portals/Blueprints/VFX/PortalLinkDirectionIndicator/NS_PortalDirectionIndicator_Single.NS_PortalDirectionIndicator_Single
[2026.08.30-08.30.42:551][967]LogAbilitySystem: Warning: GameplayCueNotify_Actor GCNL_Death_C_2147456869 had active timelines when it was recycled.
[2026.08.30-08.30.43:432][ 55]LogNiagara: StaticMesh data interface has no valid mesh - NiagaraDataInterfaceStaticMesh /MAP_TriHard/TriHard_Main.TriHard_Main:PersistentLevel.BP_WeaponPickup_C_2147441211.Niagara.NiagaraDataInterfaceStaticMesh_1
[2026.08.30-08.30.43:434][ 55]LogAbilitySystem: Display: ClientActivateAbilityFailed_Implementation. PredictionKey :479 Ability: Default__GA_WeaponFire_C
[2026.08.30-08.30.43:551][ 67]LogPhysics: Warning: FConstraintInstance::GetRefFrame : Contained scale.
[2026.08.30-08.30.43:551][ 67]LogAbilitySystem: Display: ClientActivateAbilityFailed_Implementation. PredictionKey :482 Ability: Default__GA_StimShot_C
[2026.08.30-08.30.43:579][ 70]LogScript: Warning: Script Msg: Divide by zero: Divide_DoubleDouble
[2026.08.30-08.30.43:590][ 71]LogAbilitySystem: Warning: GameplayCueNotify GameplayCue.Ability.ControlledFalling at index -1 not found in runtime cue set.
[2026.08.30-08.30.47:991][511]LogActorComponent: Warning: SetAutoActivate called on component NiagaraComponent /MAP_TriHard/Sublevels/TRIHARD_SL_Portals.TRIHARD_SL_Portals:PersistentLevel.BP_PortalWall_V5_C_18.LaunchVFX after construction!
[2026.08.30-08.30.48:432][555]LogAbilitySystem: Warning: GameplayCueNotify_Actor GCNL_Death_C_2147456869 had active timelines when it was recycled.
[2026.08.30-08.30.48:471][559]LogAkAudio: Error: Failed to post AkAudioEvent 'stop_sx_player_highSpeed' with an AkComponent that's not valid.
[2026.08.30-08.30.48:471][559]LogAkAudio: Error: Failed to post AkAudioEvent 'play_sx_player_highSpeed' with an AkComponent that's not valid.
[2026.08.30-08.30.48:473][559]LogAnimation: Warning: SLOTNODE: 'FiringLeftSlot' in animation instance class ABP_FirstPersonBase_V5_C already exists. Remove duplicates from the animation graph for this class.
[2026.08.30-08.30.48:474][559]LogSlate: InvalidateAllWidgets triggered.  All widgets were invalidated
[2026.08.30-08.30.48:476][559]LogScript: Warning: Script Msg: Divide by zero: Divide_DoubleDouble
[2026.08.30-08.30.48:476][559]LogAbilitySystem: Warning: No gameplay cues found to load from object SkinBP_MER_Azael_FP_C_2147441020.
[2026.08.30-08.30.48:482][560]LogSlate: InvalidateAllWidgets triggered.  All widgets were invalidated
[2026.08.30-08.30.48:528][565]LogPhysics: Warning: Initialising Body : Scale3D is (nearly) zero: <NoName>
[2026.08.30-08.30.48:528][565]LogPhysics: Warning: Initialising Body : Scale3D is (nearly) zero: <NoName>
[2026.08.30-08.30.49:442][656]LogPhysics: Warning: FConstraintInstance::GetRefFrame : Contained scale.
[2026.08.30-08.30.49:444][656]LogCore1047: Warning: UCore1047SettingDefinition::ApplyValue Classic Portal Controls is not Enabled via bEnabled so setting value will not be applied.
[2026.08.30-08.30.49:444][656]LogCore1047: Warning: UCore1047SettingDefinition::ApplyValue Classic Portal Controls is not Enabled via bEnabled so setting value will not be applied.
[2026.08.30-08.30.49:444][656]Core1047InputUserSettings: PostInitializePlayerInput >> Re-applying Player Profile Keybinds!
[2026.08.30-08.30.49:444][656]LogCore1047: Warning: UCore1047SettingDefinition::ApplyValue Classic Portal Controls is not Enabled via bEnabled so setting value will not be applied.
[2026.08.30-08.30.49:444][656]LogCore1047: Warning: UCore1047SettingDefinition::ApplyValue Classic Portal Controls is not Enabled via bEnabled so setting value will not be applied.
[2026.08.30-08.30.49:444][656]Core1047InputUserSettings: PostInitializePlayerInput >> Re-applying Player Profile Keybinds!
[2026.08.30-08.30.49:446][656]LogAnimation: Warning: SLOTNODE: 'FiringLeftSlot' in animation instance class ABP_FirstPersonBase_V5_C already exists. Remove duplicates from the animation graph for this class.
[2026.08.30-08.30.49:450][656]LogScript: Warning: Script Msg: Divide by zero: Divide_DoubleDouble
[2026.08.30-08.30.49:450][656]LogAbilitySystem: Warning: No gameplay cues found to load from object SkinBP_SBK_RhinokCC_FP_C_2147440802.
[2026.08.30-08.30.49:457][657]LogSlate: InvalidateAllWidgets triggered.  All widgets were invalidated
[2026.08.30-08.30.49:482][660]LogScript: Warning: Script Msg: Divide by zero: Divide_DoubleDouble
[2026.08.30-08.30.49:491][661]LogAbilitySystem: Warning: GameplayCueNotify GameplayCue.Ability.ControlledFalling at index -1 not found in runtime cue set.
[2026.08.30-08.30.49:527][665]LogPhysics: Warning: Initialising Body : Scale3D is (nearly) zero: <NoName>
[2026.08.30-08.30.49:527][665]LogPhysics: Warning: Initialising Body : Scale3D is (nearly) zero: <NoName>
[2026.08.30-08.30.49:577][670]LogPhysics: Warning: Initialising Body : Scale3D is (nearly) zero: <NoName>
[2026.08.30-08.30.49:577][670]LogPhysics: Warning: Initialising Body : Scale3D is (nearly) zero: <NoName>
[2026.08.30-08.30.51:191][831]LogNiagara: StaticMesh data interface has no valid mesh - NiagaraDataInterfaceStaticMesh /MAP_TriHard/TriHard_Main.TriHard_Main:PersistentLevel.BP_WeaponPickup_C_2147440689.Niagara.NiagaraDataInterfaceStaticMesh_1
[2026.08.30-08.30.51:260][838]LogNiagara: StaticMesh data interface has no valid mesh - NiagaraDataInterfaceStaticMesh /MAP_TriHard/TriHard_Main.TriHard_Main:PersistentLevel.BP_WeaponPickup_C_2147440680.Niagara.NiagaraDataInterfaceStaticMesh_1
[2026.08.30-08.30.51:280][840]LogNiagara: StaticMesh data interface has no valid mesh - NiagaraDataInterfaceStaticMesh /MAP_TriHard/TriHard_Main.TriHard_Main:PersistentLevel.BP_WeaponPickup_C_2147440679.Niagara.NiagaraDataInterfaceStaticMesh_1
[2026.08.30-08.30.51:762][888]LogNiagara: StaticMesh data interface has no valid mesh - NiagaraDataInterfaceStaticMesh /MAP_TriHard/TriHard_Main.TriHard_Main:PersistentLevel.BP_WeaponPickup_C_2147440677.Niagara.NiagaraDataInterfaceStaticMesh_1
[2026.08.30-08.30.54:912][203]LogNiagara: StaticMesh data interface has no valid mesh - NiagaraDataInterfaceStaticMesh /MAP_TriHard/TriHard_Main.TriHard_Main:PersistentLevel.BP_WeaponPickup_C_2147440631.Niagara.NiagaraDataInterfaceStaticMesh_1
[2026.08.30-08.30.55:113][223]LogEOSSDK: LogEOS: Updating Product SDK Config, Time: 343.111847
[2026.08.30-08.30.55:293][241]LogEOSSDK: LogEOS: SDK Config Product Update Request Completed - No Change
[2026.08.30-08.30.55:293][241]LogEOSSDK: LogEOS: ScheduleNextSDKConfigDataUpdate - Time: 343.283295, Update Interval: 302.061829
[2026.08.30-08.30.55:533][265]LogBlueprintUserMessages: Weapon Skin: Default__SkinBP_SBK_SMG_Base_C
[2026.08.30-08.30.55:533][265]LogBlueprintUserMessages: Montages: AM_SBK_SMG_Base_FP_CHR_Melee_02AM_TP_AR_Melee
[2026.08.30-08.30.55:533][265]LogBlueprintUserMessages: Weapon Skin: Default__SkinBP_SBK_SMG_Base_C
[2026.08.30-08.30.55:660][278]LogActorComponent: Warning: SetAutoActivate called on component NiagaraComponent /MAP_TriHard/Sublevels/TRIHARD_SL_Portals.TRIHARD_SL_Portals:PersistentLevel.BP_PortalWall_V5_C_18.LaunchVFX after construction!
[2026.08.30-08.30.56:202][332]LogAbilitySystem: Warning: GameplayCueNotify_Actor GCNL_Death_C_2147456869 had active timelines when it was recycled.
[2026.08.30-08.30.56:621][374]LogBlueprintUserMessages: Weapon Skin: Default__SkinBP_SBK_SMG_Base_C
[2026.08.30-08.30.56:621][374]LogBlueprintUserMessages: Montages: AM_SBK_SMG_Base_FP_CHR_Melee_02AM_TP_AR_Melee
[2026.08.30-08.30.56:621][374]LogBlueprintUserMessages: Weapon Skin: Default__SkinBP_SBK_SMG_Base_C
[2026.08.30-08.30.56:911][403]LogNiagara: StaticMesh data interface has no valid mesh - NiagaraDataInterfaceStaticMesh /MAP_TriHard/TriHard_Main.TriHard_Main:PersistentLevel.BP_WeaponPickup_C_2147440584.Niagara.NiagaraDataInterfaceStaticMesh_1
[2026.08.30-08.30.57:241][436]LogPhysics: Warning: FConstraintInstance::GetRefFrame : Contained scale.
[2026.08.30-08.30.57:271][439]LogScript: Warning: Script Msg: Divide by zero: Divide_DoubleDouble
[2026.08.30-08.30.57:281][440]LogAbilitySystem: Warning: GameplayCueNotify GameplayCue.Ability.ControlledFalling at index -1 not found in runtime cue set.
[2026.08.30-08.30.57:580][470]LogBlueprintUserMessages: Weapon Skin: Default__SkinBP_SBK_SMG_Base_C
[2026.08.30-08.30.57:580][470]LogBlueprintUserMessages: Montages: AM_SBK_SMG_Base_FP_CHR_Melee_06AM_TP_AR_Melee
[2026.08.30-08.30.57:580][470]LogBlueprintUserMessages: Weapon Skin: Default__SkinBP_SBK_SMG_Base_C
[2026.08.30-08.30.57:620][474]LogNiagara: StaticMesh data interface has no valid mesh - NiagaraDataInterfaceStaticMesh /MAP_TriHard/TriHard_Main.TriHard_Main:PersistentLevel.BP_WeaponPickup_C_2147440478.Niagara.NiagaraDataInterfaceStaticMesh_1
[2026.08.30-08.30.57:641][476]LogAbilitySystem: Display: ClientActivateAbilityFailed_Implementation. PredictionKey :496 Ability: Default__GA_Melee_C
[2026.08.30-08.30.59:382][650]LogAnimation: Warning: SLOTNODE: 'DefaultSlot' in animation instance class ABP_MER_LMG_Base_WPN_C already exists. Remove duplicates from the animation graph for this class.
[2026.08.30-08.30.59:382][650]LogAnimation: Warning: SLOTNODE: 'SlotFire01' in animation instance class ABP_MER_LMG_Base_WPN_C already exists. Remove duplicates from the animation graph for this class.
[2026.08.30-08.30.59:382][650]LogAnimation: Warning: SLOTNODE: 'SlotFire02' in animation instance class ABP_MER_LMG_Base_WPN_C already exists. Remove duplicates from the animation graph for this class.
[2026.08.30-08.30.59:382][650]LogAnimation: Warning: SLOTNODE: 'SlotFire03' in animation instance class ABP_MER_LMG_Base_WPN_C already exists. Remove duplicates from the animation graph for this class.
[2026.08.30-08.30.59:912][703]LogAbilitySystem: Warning: GameplayCueNotify_Actor GCNL_Death_C_2147456954 had active timelines when it was recycled.
[2026.08.30-08.31.00:932][805]LogPhysics: Warning: FConstraintInstance::GetRefFrame : Contained scale.
[2026.08.30-08.31.00:960][808]LogScript: Warning: Script Msg: Divide by zero: Divide_DoubleDouble
[2026.08.30-08.31.00:970][809]LogAbilitySystem: Warning: GameplayCueNotify GameplayCue.Ability.ControlledFalling at index -1 not found in runtime cue set.
[2026.08.30-08.31.01:902][902]LogAbilitySystem: Warning: GameplayCueNotify_Actor GCNL_Death_C_2147456869 had active timelines when it was recycled.
[2026.08.30-08.31.02:623][974]LogAbilitySystem: Warning: GameplayCueNotify_Actor GCNL_Death_C_2147444375 had active timelines when it was recycled.
[2026.08.30-08.31.02:651][977]LogAkAudio: Error: Failed to post AkAudioEvent 'stop_sx_player_highSpeed' with an AkComponent that's not valid.
[2026.08.30-08.31.02:653][977]LogAnimation: Warning: SLOTNODE: 'FiringLeftSlot' in animation instance class ABP_FirstPersonBase_V5_C already exists. Remove duplicates from the animation graph for this class.
[2026.08.30-08.31.02:654][977]LogSlate: InvalidateAllWidgets triggered.  All widgets were invalidated
[2026.08.30-08.31.02:656][977]LogScript: Warning: Script Msg: Divide by zero: Divide_DoubleDouble
[2026.08.30-08.31.02:665][978]LogSlate: InvalidateAllWidgets triggered.  All widgets were invalidated
[2026.08.30-08.31.02:665][978]LogAbilitySystem: Warning: No gameplay cues found to load from object SkinBP_AER_OniX_VarB_FP_C_2147440288.
[2026.08.30-08.31.02:674][979]AnimBlueprintLog: Warning: SLOTNODE: 'DefaultSlot' in animation instance class ABP_MER_LMG_Base_WPN_C already exists. Remove duplicates from the animation graph for this class.
[2026.08.30-08.31.02:674][979]AnimBlueprintLog: Warning: SLOTNODE: 'SlotFire01' in animation instance class ABP_MER_LMG_Base_WPN_C already exists. Remove duplicates from the animation graph for this class.
[2026.08.30-08.31.02:674][979]AnimBlueprintLog: Warning: SLOTNODE: 'SlotFire02' in animation instance class ABP_MER_LMG_Base_WPN_C already exists. Remove duplicates from the animation graph for this class.
[2026.08.30-08.31.02:674][979]AnimBlueprintLog: Warning: SLOTNODE: 'SlotFire03' in animation instance class ABP_MER_LMG_Base_WPN_C already exists. Remove duplicates from the animation graph for this class.
[2026.08.30-08.31.02:675][979]AnimBlueprintLog: Warning: SLOTNODE: 'DefaultSlot' in animation instance class ABP_MER_ChargePistol_Base_WPN_C already exists. Remove duplicates from the animation graph for this class.
[2026.08.30-08.31.02:909][  3]LogPhysics: Warning: FConstraintInstance::GetRefFrame : Contained scale.
[2026.08.30-08.31.02:941][  6]LogScript: Warning: Script Msg: Divide by zero: Divide_DoubleDouble
[2026.08.30-08.31.02:950][  7]LogAbilitySystem: Warning: GameplayCueNotify GameplayCue.Ability.ControlledFalling at index -1 not found in runtime cue set.
[2026.08.30-08.31.03:651][ 77]LogPhysics: Warning: FConstraintInstance::GetRefFrame : Contained scale.
[2026.08.30-08.31.03:652][ 77]LogCore1047: Warning: UCore1047SettingDefinition::ApplyValue Classic Portal Controls is not Enabled via bEnabled so setting value will not be applied.
[2026.08.30-08.31.03:652][ 77]LogCore1047: Warning: UCore1047SettingDefinition::ApplyValue Classic Portal Controls is not Enabled via bEnabled so setting value will not be applied.
[2026.08.30-08.31.03:652][ 77]Core1047InputUserSettings: PostInitializePlayerInput >> Re-applying Player Profile Keybinds!
[2026.08.30-08.31.03:653][ 77]LogCore1047: Warning: UCore1047SettingDefinition::ApplyValue Classic Portal Controls is not Enabled via bEnabled so setting value will not be applied.
[2026.08.30-08.31.03:653][ 77]LogCore1047: Warning: UCore1047SettingDefinition::ApplyValue Classic Portal Controls is not Enabled via bEnabled so setting value will not be applied.
[2026.08.30-08.31.03:653][ 77]Core1047InputUserSettings: PostInitializePlayerInput >> Re-applying Player Profile Keybinds!
[2026.08.30-08.31.03:655][ 77]LogAnimation: Warning: SLOTNODE: 'FiringLeftSlot' in animation instance class ABP_FirstPersonBase_V5_C already exists. Remove duplicates from the animation graph for this class.
[2026.08.30-08.31.03:658][ 77]LogScript: Warning: Script Msg: Divide by zero: Divide_DoubleDouble
[2026.08.30-08.31.03:658][ 77]LogAbilitySystem: Warning: No gameplay cues found to load from object SkinBP_SBK_RhinokCC_FP_C_2147440065.
[2026.08.30-08.31.03:665][ 78]LogSlate: InvalidateAllWidgets triggered.  All widgets were invalidated
[2026.08.30-08.31.03:690][ 81]LogScript: Warning: Script Msg: Divide by zero: Divide_DoubleDouble
[2026.08.30-08.31.03:699][ 82]LogAbilitySystem: Warning: GameplayCueNotify GameplayCue.Ability.ControlledFalling at index -1 not found in runtime cue set.
[2026.08.30-08.31.03:738][ 86]LogPhysics: Warning: Initialising Body : Scale3D is (nearly) zero: <NoName>
[2026.08.30-08.31.03:738][ 86]LogPhysics: Warning: Initialising Body : Scale3D is (nearly) zero: <NoName>
[2026.08.30-08.31.03:788][ 91]LogPhysics: Warning: Initialising Body : Scale3D is (nearly) zero: <NoName>
[2026.08.30-08.31.03:788][ 91]LogPhysics: Warning: Initialising Body : Scale3D is (nearly) zero: <NoName>
[2026.08.30-08.31.04:543][166]LogAnimation: Warning: Trying to use FAnimCurveBufferAccess on an animation that is not compressed with UniformIndexable, this is not supported and will not work in cooked builds. Animation: AnimSequence /Game/Characters/Skeleton_V5/Animations/ThirdPerson/Hipfire/AS_TP_HipFire_Crouch_Start_L.AS_TP_HipFire_Crouch_Start_L
[2026.08.30-08.31.04:543][166]LogAnimDistanceMatchingLibrary: Warning: Anim sequence (AS_TP_HipFire_Crouch_Start_L) is missing a distance curve or doesn't cover enough distance for GetTimeAfterDistanceTraveled.
[2026.08.30-08.31.04:651][177]LogAnimation: Warning: Trying to use FAnimCurveBufferAccess on an animation that is not compressed with UniformIndexable, this is not supported and will not work in cooked builds. Animation: AnimSequence /Game/Characters/Skeleton_V5/Animations/ThirdPerson/Hipfire/AS_TP_HipFire_Crouch_Start_L.AS_TP_HipFire_Crouch_Start_L
[2026.08.30-08.31.04:651][177]LogAnimDistanceMatchingLibrary: Warning: Anim sequence (AS_TP_HipFire_Crouch_Start_L) is missing a distance curve or doesn't cover enough distance for GetTimeAfterDistanceTraveled.
[2026.08.30-08.31.06:541][366]LogNiagara: StaticMesh data interface has no valid mesh - NiagaraDataInterfaceStaticMesh /MAP_TriHard/TriHard_Main.TriHard_Main:PersistentLevel.BP_WeaponPickup_C_2147439919.Niagara.NiagaraDataInterfaceStaticMesh_1
[2026.08.30-08.31.06:622][374]LogNiagara: StaticMesh data interface has no valid mesh - NiagaraDataInterfaceStaticMesh /MAP_TriHard/TriHard_Main.TriHard_Main:PersistentLevel.BP_WeaponPickup_C_2147439918.Niagara.NiagaraDataInterfaceStaticMesh_1
[2026.08.30-08.31.06:722][384]LogNiagara: StaticMesh data interface has no valid mesh - NiagaraDataInterfaceStaticMesh /MAP_TriHard/TriHard_Main.TriHard_Main:PersistentLevel.BP_WeaponPickup_C_2147439917.Niagara.NiagaraDataInterfaceStaticMesh_1
[2026.08.30-08.31.07:661][478]LogActorComponent: Warning: SetAutoActivate called on component NiagaraComponent /MAP_TriHard/Sublevels/TRIHARD_SL_Portals.TRIHARD_SL_Portals:PersistentLevel.BP_PortalWall_V5_C_7.LaunchVFX after construction!
[2026.08.30-08.31.07:832][495]LogNiagara: StaticMesh data interface has no valid mesh - NiagaraDataInterfaceStaticMesh /MAP_TriHard/TriHard_Main.TriHard_Main:PersistentLevel.BP_WeaponPickup_C_2147439849.Niagara.NiagaraDataInterfaceStaticMesh_1
[2026.08.30-08.31.07:832][495]LogNiagara: StaticMesh data interface has no valid mesh - NiagaraDataInterfaceStaticMesh /MAP_TriHard/TriHard_Main.TriHard_Main:PersistentLevel.BP_WeaponPickup_C_2147439848.Niagara.NiagaraDataInterfaceStaticMesh_1
[2026.08.30-08.31.10:261][738]LogBlueprintUserMessages: Weapon Skin: Default__SkinBP_SBK_SMG_Base_C
[2026.08.30-08.31.10:261][738]LogBlueprintUserMessages: Montages: AM_SBK_SMG_Base_FP_CHR_Melee_05AM_TP_AR_Melee
[2026.08.30-08.31.10:261][738]LogBlueprintUserMessages: Weapon Skin: Default__SkinBP_SBK_SMG_Base_C
[2026.08.30-08.31.12:162][928]LogPhysics: Warning: FConstraintInstance::GetRefFrame : Contained scale.
[2026.08.30-08.31.12:201][932]LogScript: Warning: Script Msg: Divide by zero: Divide_DoubleDouble
[2026.08.30-08.31.12:211][933]LogAbilitySystem: Warning: GameplayCueNotify GameplayCue.Ability.ControlledFalling at index -1 not found in runtime cue set.
[2026.08.30-08.31.12:823][994]LogAbilitySystem: Warning: GameplayCueNotify_Actor GCNL_Death_C_2147444375 had active timelines when it was recycled.
[2026.08.30-08.31.13:602][ 72]LogNiagara: StaticMesh data interface has no valid mesh - NiagaraDataInterfaceStaticMesh /MAP_TriHard/TriHard_Main.TriHard_Main:PersistentLevel.BP_WeaponPickup_C_2147439621.Niagara.NiagaraDataInterfaceStaticMesh_1
[2026.08.30-08.31.13:782][ 90]LogNiagara: StaticMesh data interface has no valid mesh - NiagaraDataInterfaceStaticMesh /MAP_TriHard/TriHard_Main.TriHard_Main:PersistentLevel.BP_WeaponPickup_C_2147439591.Niagara.NiagaraDataInterfaceStaticMesh_1
[2026.08.30-08.31.13:851][ 97]LogPhysics: Warning: FConstraintInstance::GetRefFrame : Contained scale.
[2026.08.30-08.31.13:879][100]LogScript: Warning: Script Msg: Divide by zero: Divide_DoubleDouble
[2026.08.30-08.31.13:890][101]LogAbilitySystem: Warning: GameplayCueNotify GameplayCue.Ability.ControlledFalling at index -1 not found in runtime cue set.
[2026.08.30-08.31.14:371][149]LogActorComponent: Warning: SetAutoActivate called on component NiagaraComponent /MAP_TriHard/Sublevels/TRIHARD_SL_Portals.TRIHARD_SL_Portals:PersistentLevel.BP_PortalWall_V5_C_7.LaunchVFX after construction!
[2026.08.30-08.31.18:201][532]LogNiagara: StaticMesh data interface has no valid mesh - NiagaraDataInterfaceStaticMesh /MAP_TriHard/TriHard_Main.TriHard_Main:PersistentLevel.BP_WeaponPickup_C_2147439489.Niagara.NiagaraDataInterfaceStaticMesh_1
[2026.08.30-08.31.18:603][572]LogAbilitySystem: Warning: GameplayCueNotify_Actor GCNL_Death_C_2147444375 had active timelines when it was recycled.
[2026.08.30-08.31.18:632][575]LogSlate: InvalidateAllWidgets triggered.  All widgets were invalidated
[2026.08.30-08.31.18:642][576]LogAkAudio: Error: Failed to post AkAudioEvent 'stop_sx_player_highSpeed' with an AkComponent that's not valid.
[2026.08.30-08.31.18:642][576]LogAkAudio: Error: Failed to post AkAudioEvent 'play_sx_player_highSpeed' with an AkComponent that's not valid.
[2026.08.30-08.31.18:643][576]LogAnimation: Warning: SLOTNODE: 'FiringLeftSlot' in animation instance class ABP_FirstPersonBase_V5_C already exists. Remove duplicates from the animation graph for this class.
[2026.08.30-08.31.18:646][576]LogScript: Warning: Script Msg: Divide by zero: Divide_DoubleDouble
[2026.08.30-08.31.18:647][576]LogAbilitySystem: Warning: No gameplay cues found to load from object SkinBP_AER_OniX_VarB_FP_C_2147439419.
[2026.08.30-08.31.18:652][577]LogSlate: InvalidateAllWidgets triggered.  All widgets were invalidated
[2026.08.30-08.31.18:652][577]AnimBlueprintLog: Warning: SLOTNODE: 'DefaultSlot' in animation instance class ABP_MER_LMG_Base_WPN_C already exists. Remove duplicates from the animation graph for this class.
[2026.08.30-08.31.18:652][577]AnimBlueprintLog: Warning: SLOTNODE: 'SlotFire01' in animation instance class ABP_MER_LMG_Base_WPN_C already exists. Remove duplicates from the animation graph for this class.
[2026.08.30-08.31.18:652][577]AnimBlueprintLog: Warning: SLOTNODE: 'SlotFire02' in animation instance class ABP_MER_LMG_Base_WPN_C already exists. Remove duplicates from the animation graph for this class.
[2026.08.30-08.31.18:652][577]AnimBlueprintLog: Warning: SLOTNODE: 'SlotFire03' in animation instance class ABP_MER_LMG_Base_WPN_C already exists. Remove duplicates from the animation graph for this class.
[2026.08.30-08.31.18:653][577]AnimBlueprintLog: Warning: SLOTNODE: 'DefaultSlot' in animation instance class ABP_MER_ChargePistol_Base_WPN_C already exists. Remove duplicates from the animation graph for this class.
[2026.08.30-08.31.18:790][591]LogAbilitySystem: Warning: GameplayCueNotify_Actor GCNL_Death_C_2147456869 had active timelines when it was recycled.
[2026.08.30-08.31.19:632][675]LogPhysics: Warning: FConstraintInstance::GetRefFrame : Contained scale.
[2026.08.30-08.31.19:633][675]LogCore1047: Warning: UCore1047SettingDefinition::ApplyValue Classic Portal Controls is not Enabled via bEnabled so setting value will not be applied.
[2026.08.30-08.31.19:634][675]LogCore1047: Warning: UCore1047SettingDefinition::ApplyValue Classic Portal Controls is not Enabled via bEnabled so setting value will not be applied.
[2026.08.30-08.31.19:634][675]Core1047InputUserSettings: PostInitializePlayerInput >> Re-applying Player Profile Keybinds!
[2026.08.30-08.31.19:634][675]LogCore1047: Warning: UCore1047SettingDefinition::ApplyValue Classic Portal Controls is not Enabled via bEnabled so setting value will not be applied.
[2026.08.30-08.31.19:634][675]LogCore1047: Warning: UCore1047SettingDefinition::ApplyValue Classic Portal Controls is not Enabled via bEnabled so setting value will not be applied.
[2026.08.30-08.31.19:634][675]Core1047InputUserSettings: PostInitializePlayerInput >> Re-applying Player Profile Keybinds!
[2026.08.30-08.31.19:636][675]LogAnimation: Warning: SLOTNODE: 'FiringLeftSlot' in animation instance class ABP_FirstPersonBase_V5_C already exists. Remove duplicates from the animation graph for this class.
[2026.08.30-08.31.19:639][675]LogScript: Warning: Script Msg: Divide by zero: Divide_DoubleDouble
[2026.08.30-08.31.19:639][675]LogAbilitySystem: Warning: No gameplay cues found to load from object SkinBP_SBK_RhinokCC_FP_C_2147439217.
[2026.08.30-08.31.19:646][676]LogSlate: InvalidateAllWidgets triggered.  All widgets were invalidated
[2026.08.30-08.31.19:672][679]LogScript: Warning: Script Msg: Divide by zero: Divide_DoubleDouble
[2026.08.30-08.31.19:681][680]LogAbilitySystem: Warning: GameplayCueNotify GameplayCue.Ability.ControlledFalling at index -1 not found in runtime cue set.
[2026.08.30-08.31.19:716][684]LogPhysics: Warning: Initialising Body : Scale3D is (nearly) zero: <NoName>
[2026.08.30-08.31.19:716][684]LogPhysics: Warning: Initialising Body : Scale3D is (nearly) zero: <NoName>
[2026.08.30-08.31.19:766][689]LogPhysics: Warning: Initialising Body : Scale3D is (nearly) zero: <NoName>
[2026.08.30-08.31.19:766][689]LogPhysics: Warning: Initialising Body : Scale3D is (nearly) zero: <NoName>
[2026.08.30-08.31.19:807][693]LogPhysics: Warning: FConstraintInstance::GetRefFrame : Contained scale.
[2026.08.30-08.31.19:876][700]LogScript: Warning: Script Msg: Divide by zero: Divide_DoubleDouble
[2026.08.30-08.31.19:887][701]LogAbilitySystem: Warning: GameplayCueNotify GameplayCue.Ability.ControlledFalling at index -1 not found in runtime cue set.
[2026.08.30-08.31.23:202][ 32]LogAbilitySystem: Warning: GameplayCueNotify_Actor GCNL_Death_C_2147456954 had active timelines when it was recycled.
[2026.08.30-08.31.24:212][133]LogPhysics: Warning: FConstraintInstance::GetRefFrame : Contained scale.
[2026.08.30-08.31.24:222][134]LogNiagara: StaticMesh data interface has no valid mesh - NiagaraDataInterfaceStaticMesh /MAP_TriHard/TriHard_Main.TriHard_Main:PersistentLevel.BP_WeaponPickup_C_2147438946.Niagara.NiagaraDataInterfaceStaticMesh_1
[2026.08.30-08.31.24:249][137]LogScript: Warning: Script Msg: Divide by zero: Divide_DoubleDouble
[2026.08.30-08.31.24:259][138]LogAbilitySystem: Warning: GameplayCueNotify GameplayCue.Ability.ControlledFalling at index -1 not found in runtime cue set.
[2026.08.30-08.31.26:282][340]LogNiagara: StaticMesh data interface has no valid mesh - NiagaraDataInterfaceStaticMesh /MAP_TriHard/TriHard_Main.TriHard_Main:PersistentLevel.BP_WeaponPickup_C_2147438738.Niagara.NiagaraDataInterfaceStaticMesh_1
[2026.08.30-08.31.26:461][358]LogNiagara: StaticMesh data interface has no valid mesh - NiagaraDataInterfaceStaticMesh /MAP_TriHard/TriHard_Main.TriHard_Main:PersistentLevel.BP_WeaponPickup_C_2147438737.Niagara.NiagaraDataInterfaceStaticMesh_1
[2026.08.30-08.31.26:501][362]LogNiagara: StaticMesh data interface has no valid mesh - NiagaraDataInterfaceStaticMesh /MAP_TriHard/TriHard_Main.TriHard_Main:PersistentLevel.BP_WeaponPickup_C_2147438736.Niagara.NiagaraDataInterfaceStaticMesh_1
[2026.08.30-08.31.26:631][375]LogNiagara: StaticMesh data interface has no valid mesh - NiagaraDataInterfaceStaticMesh /MAP_TriHard/TriHard_Main.TriHard_Main:PersistentLevel.BP_WeaponPickup_C_2147438735.Niagara.NiagaraDataInterfaceStaticMesh_1
[2026.08.30-08.31.26:832][395]LogNiagara: StaticMesh data interface has no valid mesh - NiagaraDataInterfaceStaticMesh /MAP_TriHard/TriHard_Main.TriHard_Main:PersistentLevel.BP_WeaponPickup_C_2147438732.Niagara.NiagaraDataInterfaceStaticMesh_1
[2026.08.30-08.31.27:959][508]LogNiagara: StaticMesh data interface has no valid mesh - NiagaraDataInterfaceStaticMesh /MAP_TriHard/TriHard_Main.TriHard_Main:PersistentLevel.BP_WeaponPickup_C_2147438721.Niagara.NiagaraDataInterfaceStaticMesh_1
[2026.08.30-08.31.28:965][608]LogSlate: InvalidateAllWidgets triggered.  All widgets were invalidated
[2026.08.30-08.31.28:965][608]LogPortalWarsUI: Outro-ing all 0 transition stingers
[2026.08.30-08.31.28:973][608]LogStreamableManager: Display: RequestAsyncLoad() called with empty or only null assets!
[2026.08.30-08.31.28:973][608]LogStreamableManager: Display: RequestAsyncLoad() called with empty or only null assets!
[2026.08.30-08.31.28:973][608]LogStreamableManager: Display: RequestAsyncLoad() called with empty or only null assets!
[2026.08.30-08.31.28:973][608]LogStreamableManager: Display: RequestAsyncLoad() called with empty or only null assets!
[2026.08.30-08.31.28:973][608]LogStreamableManager: Display: RequestAsyncLoad() called with empty or only null assets!
[2026.08.30-08.31.28:973][608]LogStreamableManager: Display: RequestAsyncLoad() called with empty or only null assets!
[2026.08.30-08.31.28:974][608]LogStreamableManager: Display: RequestAsyncLoad() called with empty or only null assets!
[2026.08.30-08.31.28:974][608]LogStreamableManager: Display: RequestAsyncLoad() called with empty or only null assets!
[2026.08.30-08.31.28:985][610]LogStreamableManager: Display: RequestAsyncLoad() called with empty or only null assets!
[2026.08.30-08.31.28:985][610]LogStreamableManager: Display: RequestAsyncLoad() called with empty or only null assets!
[2026.08.30-08.31.28:985][610]LogStreamableManager: Display: RequestAsyncLoad() called with empty or only null assets!
[2026.08.30-08.31.29:246][637]LogAbilitySystem: Warning: GameplayCueNotify_Actor GCNL_Death_C_2147456954 had active timelines when it was recycled.
[2026.08.30-08.31.29:358][648]LogActorComponent: Warning: SetAutoActivate called on component NiagaraComponent /MAP_TriHard/Sublevels/TRIHARD_SL_Portals.TRIHARD_SL_Portals:PersistentLevel.BP_PortalWall_V5_C_18.LaunchVFX after construction!
[2026.08.30-08.31.29:958][708]LogD3D12RHI: OnlineHeap RollOver Detected. Increase the heap size to prevent creation of additional heaps
[2026.08.30-08.31.30:453][757]LogAbilitySystem: Warning: GameplayCueNotify_Actor GCNL_Death_C_2147456869 had active timelines when it was recycled.
[2026.08.30-08.31.31:010][813]LogBlueprintUserMessages: Weapon Skin: Default__SkinBP_SBK_SMG_Base_C
[2026.08.30-08.31.31:010][813]LogBlueprintUserMessages: Montages: AM_SBK_SMG_Base_FP_CHR_Melee_03AM_TP_AR_Melee
[2026.08.30-08.31.31:010][813]LogBlueprintUserMessages: Weapon Skin: Default__SkinBP_SBK_SMG_Base_C
[2026.08.30-08.31.33:322][ 44]LogNiagara: Warning: Failed to acquire niagara system NiagaraSystem /Game/VFX/NiagaraSystems/Impact/NS_Weapon_Blood_Impact.NS_Weapon_Blood_Impact from the pool with MaxPoolSize=32 and PoolPrimeSize=0
[2026.08.30-08.31.33:322][ 44]LogNiagara: Warning: Creating niagara system NS_Weapon_Blood_Impact without pooling isn't recommended and will result in a hitch
[2026.08.30-08.31.33:961][108]LogBlueprintUserMessages: Weapon Skin: Default__SkinBP_SBK_SMG_Base_C
[2026.08.30-08.31.33:961][108]LogBlueprintUserMessages: Montages: AM_SBK_SMG_Base_FP_CHR_Melee_07AM_TP_AR_Melee
[2026.08.30-08.31.33:961][108]LogBlueprintUserMessages: Weapon Skin: Default__SkinBP_SBK_SMG_Base_C
[2026.08.30-08.31.33:971][109]LogStreaming: Display: FlushAsyncLoading(5527): 1 QueuedPackages, 0 AsyncPackages
[2026.08.30-08.31.33:979][109]LogPortalWarsUI: Created transition stinger of type /Game/UI/Stinger/WBP_PostMatchTransitionStinger.WBP_PostMatchTransitionStinger_C
[2026.08.30-08.31.34:609][173]LogNiagara: StaticMesh data interface has no valid mesh - NiagaraDataInterfaceStaticMesh /MAP_TriHard/TriHard_Main.TriHard_Main:PersistentLevel.BP_WeaponPickup_C_2147438352.Niagara.NiagaraDataInterfaceStaticMesh_1
[2026.08.30-08.31.36:183][330]LogGF1047Experience: UnloadCurrentExperience from state Loaded
[2026.08.30-08.31.36:183][330]LogGF1047Scheduler: Unregistering variant schedule from game options (0 triggers)
[2026.08.30-08.31.36:211][330]LogActorPool: Clearing all actor pools
[2026.08.30-08.31.36:211][330]LogGF1047Experience: Starting experience load (CLIENT): Default__EXP_Intermission_Generic_C
[2026.08.30-08.31.36:211][330]LogStreamableManager: Display: RequestAsyncLoad() called with empty or only null assets!
[2026.08.30-08.31.36:211][330]LogAbilitySystem: Warning: Attribute BonusMagazineSize has no valid attribute set present, returning
[2026.08.30-08.31.36:211][330]LogAbilitySystem: Warning: Attribute FiringSpreadMultiplier has no valid attribute set present, returning
[2026.08.30-08.31.36:211][330]LogAbilitySystem: Warning: Attribute FiringSpeedMultiplier has no valid attribute set present, returning
[2026.08.30-08.31.36:211][330]LogAbilitySystem: Warning: Attribute RefireTimeMultiplier has no valid attribute set present, returning
[2026.08.30-08.31.36:291][330]LogUObjectHash: Compacting FUObjectHashTables data took   2.56ms
[2026.08.30-08.31.36:297][330]LogGF1047Experience: Experience load complete (CLIENT): Default__EXP_Intermission_Generic_C
[2026.08.30-08.31.36:297][330]LogStreaming: Display: FlushAsyncLoading(5528): 1 QueuedPackages, 0 AsyncPackages
[2026.08.30-08.31.36:300][330]LogStreamableManager: Display: RequestAsyncLoad() called with empty or only null assets!
[2026.08.30-08.31.36:302][331]LogAbilitySystem: Warning: GameplayCueNotify_Actor GCNL_Death_C_2147456869 has active latent actions (Delays, etc) when it was recycled.
[2026.08.30-08.31.36:307][331]LogUI1047GameOptions: Warning: Unsupported struct property type for option 'GameOptions.Property.Weapons.AmmoGrantMelee'
[2026.08.30-08.31.36:307][331]LogUI1047GameOptions: Warning: Unsupported struct property type for option 'GameOptions.Property.Weapons.AmmoGrantAmountMelee'
[2026.08.30-08.31.36:307][331]LogUI1047GameOptions: Warning: Unsupported struct property type for option 'GameOptions.Property.Weapons.AmmoGrantRanged'
[2026.08.30-08.31.36:307][331]LogUI1047GameOptions: Warning: Unsupported struct property type for option 'GameOptions.Property.Weapons.AmmoGrantAmountRanged'
[2026.08.30-08.31.36:307][331]LogUI1047GameOptions: Warning: Unsupported struct property type for option 'GameOptions.Property.Weapons.StartingAmmoRestriction'
[2026.08.30-08.31.36:307][331]LogUI1047GameOptions: Warning: Unsupported property type for option 'GameOptions.Property.FactionSelection.RestrictToFactions'
[2026.08.30-08.31.36:307][331]LogUI1047GameOptions: Warning: Unsupported struct property type for option 'GameOptions.Property.FactionSelection.CustomLoadouts'
[2026.08.30-08.31.36:307][331]LogUI1047GameOptions: Warning: Unsupported property type for option 'GameOptions.Property.ItemPads.ItemPadTypes'
[2026.08.30-08.31.36:307][331]LogUI1047GameOptions: Warning: Unsupported struct property type for option 'GameOptions.Property.BotSpawning.Difficulty'
[2026.08.30-08.31.36:307][331]LogUI1047GameOptions: Warning: Unsupported struct property type for option 'GameOptions.Property.BotSpawning.FactionLoadoutOptions'
[2026.08.30-08.31.36:308][331]LogUI1047GameOptions: Warning: Unsupported struct property type for option 'GameOptions.Property.Weapons.AmmoGrantMelee'
[2026.08.30-08.31.36:308][331]LogUI1047GameOptions: Warning: Unsupported struct property type for option 'GameOptions.Property.Weapons.AmmoGrantAmountMelee'
[2026.08.30-08.31.36:308][331]LogUI1047GameOptions: Warning: Unsupported struct property type for option 'GameOptions.Property.Weapons.AmmoGrantRanged'
[2026.08.30-08.31.36:308][331]LogUI1047GameOptions: Warning: Unsupported struct property type for option 'GameOptions.Property.Weapons.AmmoGrantAmountRanged'
[2026.08.30-08.31.36:308][331]LogUI1047GameOptions: Warning: Unsupported struct property type for option 'GameOptions.Property.Weapons.StartingAmmoRestriction'
[2026.08.30-08.31.36:308][331]LogUI1047GameOptions: Warning: Unsupported property type for option 'GameOptions.Property.FactionSelection.RestrictToFactions'
[2026.08.30-08.31.36:308][331]LogUI1047GameOptions: Warning: Unsupported struct property type for option 'GameOptions.Property.FactionSelection.CustomLoadouts'
[2026.08.30-08.31.36:308][331]LogUI1047GameOptions: Warning: Unsupported property type for option 'GameOptions.Property.ItemPads.ItemPadTypes'
[2026.08.30-08.31.36:308][331]LogUI1047GameOptions: Warning: Unsupported struct property type for option 'GameOptions.Property.BotSpawning.Difficulty'
[2026.08.30-08.31.36:308][331]LogUI1047GameOptions: Warning: Unsupported struct property type for option 'GameOptions.Property.BotSpawning.FactionLoadoutOptions'
[2026.08.30-08.31.36:311][331]LogStreamableManager: Display: RequestAsyncLoad() called with empty or only null assets!
[2026.08.30-08.31.36:311][331]LogStreamableManager: Display: RequestAsyncLoad() called with empty or only null assets!
[2026.08.30-08.31.36:312][331]LogStreaming: Display: FlushAsyncLoading(5532): 1 QueuedPackages, 0 AsyncPackages
[2026.08.30-08.31.36:316][331]LogSlate: InvalidateAllWidgets triggered.  All widgets were invalidated
[2026.08.30-08.31.36:321][331]LogPortalWarsUI: Configuring InGameOptionsViewModel from lobby
[2026.08.30-08.31.36:599][361]LogStreamableManager: Display: RequestAsyncLoad() called with empty or only null assets!
[2026.08.30-08.31.36:599][361]LogViewport: Display: Viewport MouseLockMode Changed, LockOnCapture -> LockInFullscreen
[2026.08.30-08.31.36:599][361]LogViewport: Display: Viewport MouseCaptureMode Changed, CapturePermanently -> CaptureDuringRightMouseDown
[2026.08.30-08.31.36:599][361]LogViewport: Display: Player bShowMouseCursor Changed, False -> True
[2026.08.30-08.31.36:602][361]LogStreamableManager: Display: RequestAsyncLoad() called with empty or only null assets!
[2026.08.30-08.31.36:607][361]LogStreaming: Display: FlushAsyncLoading(5534): 1 QueuedPackages, 0 AsyncPackages
[2026.08.30-08.31.36:620][361]LogStreamableManager: Display: RequestAsyncLoad() called with empty or only null assets!
[2026.08.30-08.31.36:628][361]LogGF1047SublevelComponent: PreGame_Loadout (LevelStreamingDynamic_0) is being loaded
[2026.08.30-08.31.36:628][361]LogGF1047SublevelComponent: Loading level LevelStreamingDynamic_0 (requested as PreGame_Loadout)
[2026.08.30-08.31.36:628][361]LogGF1047SublevelComponent: PreGame_Lighting was not found
[2026.08.30-08.31.36:628][361]LogGF1047SublevelComponent: Waiting for 1 sublevels and 0 data layers to load
[2026.08.30-08.31.36:629][361]LogSlate: InvalidateAllWidgets triggered.  All widgets were invalidated
[2026.08.30-08.31.36:637][362]LogActorComponent: Warning: SetAutoActivate called on component NiagaraComponent /MAP_TriHard/Sublevels/TRIHARD_SL_Portals.TRIHARD_SL_Portals:PersistentLevel.BP_PortalWall_V5_C_18.LaunchVFX after construction!
[2026.08.30-08.31.36:670][365]LogStreaming: Display: FlushAsyncLoading(5543): 1 QueuedPackages, 0 AsyncPackages
[2026.08.30-08.31.36:675][366]LogGF1047SublevelComponent: LevelStreamingDynamic_0 has finished loading, broadcasting
[2026.08.30-08.31.36:675][366]LogGF1047SublevelComponent: Sublevel LevelStreamingDynamic_0 finished loading, 0 levels remain
[2026.08.30-08.31.36:675][366]LogGF1047SublevelComponent: All sublevels loaded, broadcasting completion
[2026.08.30-08.31.36:675][366]LogPortalWarsUI: PreGameLoadoutSelection loading completed
[2026.08.30-08.31.36:676][366]LogPortalWarsUI: Outro-ing all 1 transition stingers
[2026.08.30-08.31.36:687][367]LogScript: Warning: Script Msg: Divide by zero: Divide_DoubleDouble
[2026.08.30-08.31.36:688][367]LogScript: Warning: Script Msg: Attempted to access index -1 from array 'AnimationCollection_3_F5DD290046FF94C1A862F9AA8AAC5562' of length 12 in '/Game/Characters/Skeleton_V5/Animations/Menu/S_ABP_GenericTransition_AnimationArray.S_ABP_GenericTransition_AnimationArray'!
[2026.08.30-08.31.36:688][367]LogScript: Warning: Script Msg: Attempted to access index -1 from array 'AnimationCollection_3_F5DD290046FF94C1A862F9AA8AAC5562' of length 12 in '/Game/Characters/Skeleton_V5/Animations/Menu/S_ABP_GenericTransition_AnimationArray.S_ABP_GenericTransition_AnimationArray'!
[2026.08.30-08.31.36:696][368]LogSlate: InvalidateAllWidgets triggered.  All widgets were invalidated
[2026.08.30-08.31.36:699][368]LogScript: Warning: Script Msg: Divide by zero: Divide_DoubleDouble
[2026.08.30-08.31.36:700][368]LogScript: Warning: Script Msg: Attempted to access index -1 from array 'AnimationCollection_3_F5DD290046FF94C1A862F9AA8AAC5562' of length 12 in '/Game/Characters/Skeleton_V5/Animations/Menu/S_ABP_GenericTransition_AnimationArray.S_ABP_GenericTransition_AnimationArray'!
[2026.08.30-08.31.36:700][368]LogScript: Warning: Script Msg: Attempted to access index -1 from array 'AnimationCollection_3_F5DD290046FF94C1A862F9AA8AAC5562' of length 12 in '/Game/Characters/Skeleton_V5/Animations/Menu/S_ABP_GenericTransition_AnimationArray.S_ABP_GenericTransition_AnimationArray'!
[2026.08.30-08.31.36:700][368]LogStreaming: Display: FlushAsyncLoading(5562): 1 QueuedPackages, 0 AsyncPackages
[2026.08.30-08.31.36:706][368]LogScript: Warning: Script Msg: Divide by zero: Divide_DoubleDouble
[2026.08.30-08.31.36:706][368]AnimBlueprintLog: Warning: SLOTNODE: 'DefaultSlot' in animation instance class ABP_MER_LMG_Base_WPN_C already exists. Remove duplicates from the animation graph for this class.
[2026.08.30-08.31.36:706][368]AnimBlueprintLog: Warning: SLOTNODE: 'SlotFire01' in animation instance class ABP_MER_LMG_Base_WPN_C already exists. Remove duplicates from the animation graph for this class.
[2026.08.30-08.31.36:706][368]AnimBlueprintLog: Warning: SLOTNODE: 'SlotFire02' in animation instance class ABP_MER_LMG_Base_WPN_C already exists. Remove duplicates from the animation graph for this class.
[2026.08.30-08.31.36:706][368]AnimBlueprintLog: Warning: SLOTNODE: 'SlotFire03' in animation instance class ABP_MER_LMG_Base_WPN_C already exists. Remove duplicates from the animation graph for this class.
[2026.08.30-08.31.36:708][368]LogScript: Warning: Script Msg: Attempted to access index -1 from array 'AnimationCollection_3_F5DD290046FF94C1A862F9AA8AAC5562' of length 12 in '/Game/Characters/Skeleton_V5/Animations/Menu/S_ABP_GenericTransition_AnimationArray.S_ABP_GenericTransition_AnimationArray'!
[2026.08.30-08.31.36:708][368]LogScript: Warning: Script Msg: Attempted to access index -1 from array 'AnimationCollection_3_F5DD290046FF94C1A862F9AA8AAC5562' of length 12 in '/Game/Characters/Skeleton_V5/Animations/Menu/S_ABP_GenericTransition_AnimationArray.S_ABP_GenericTransition_AnimationArray'!
[2026.08.30-08.31.36:828][384]LogAnimation: Warning: SetStartPosition called on an invalid context or with an invalid type
[2026.08.30-08.31.40:473][747]LogSlate: InvalidateAllWidgets triggered.  All widgets were invalidated
[2026.08.30-08.31.40:479][747]LogStreamableManager: Display: RequestAsyncLoad() called with empty or only null assets!
[2026.08.30-08.31.40:480][747]LogStreamableManager: Display: RequestAsyncLoad() called with empty or only null assets!
[2026.08.30-08.31.40:481][747]LogStreamableManager: Display: RequestAsyncLoad() called with empty or only null assets!
[2026.08.30-08.31.40:483][747]LogStreamableManager: Display: RequestAsyncLoad() called with empty or only null assets!
[2026.08.30-08.31.40:485][748]LogScript: Warning: Script Msg: Attempted to access index 1 from array 'CurrentDisplayedEntries' of length 1 in '/Game/UI/HUD/InGameTabMenu/Scoreboard/WBP_ScoreboardPlayer.WBP_ScoreboardPlayer_C:UpdateStatValueWidgets'!
[2026.08.30-08.31.40:485][748]LogScript: Warning: Script Msg: Attempted to access index 2 from array 'CurrentDisplayedEntries' of length 1 in '/Game/UI/HUD/InGameTabMenu/Scoreboard/WBP_ScoreboardPlayer.WBP_ScoreboardPlayer_C:UpdateStatValueWidgets'!
[2026.08.30-08.31.40:485][748]LogScript: Warning: Script Msg: Attempted to access index 3 from array 'CurrentDisplayedEntries' of length 1 in '/Game/UI/HUD/InGameTabMenu/Scoreboard/WBP_ScoreboardPlayer.WBP_ScoreboardPlayer_C:UpdateStatValueWidgets'!
[2026.08.30-08.31.40:485][748]LogScript: Warning: Script Msg: Attempted to access index 4 from array 'CurrentDisplayedEntries' of length 1 in '/Game/UI/HUD/InGameTabMenu/Scoreboard/WBP_ScoreboardPlayer.WBP_ScoreboardPlayer_C:UpdateStatValueWidgets'!
[2026.08.30-08.31.40:485][748]LogScript: Warning: Script Msg: Attempted to access index 1 from array 'CurrentDisplayedEntries' of length 1 in '/Game/UI/HUD/InGameTabMenu/Scoreboard/WBP_ScoreboardPlayer.WBP_ScoreboardPlayer_C:UpdateStatValueWidgets'!
[2026.08.30-08.31.40:485][748]LogScript: Warning: Script Msg: Attempted to access index 2 from array 'CurrentDisplayedEntries' of length 1 in '/Game/UI/HUD/InGameTabMenu/Scoreboard/WBP_ScoreboardPlayer.WBP_ScoreboardPlayer_C:UpdateStatValueWidgets'!
[2026.08.30-08.31.40:485][748]LogScript: Warning: Script Msg: Attempted to access index 3 from array 'CurrentDisplayedEntries' of length 1 in '/Game/UI/HUD/InGameTabMenu/Scoreboard/WBP_ScoreboardPlayer.WBP_ScoreboardPlayer_C:UpdateStatValueWidgets'!
[2026.08.30-08.31.40:485][748]LogScript: Warning: Script Msg: Attempted to access index 4 from array 'CurrentDisplayedEntries' of length 1 in '/Game/UI/HUD/InGameTabMenu/Scoreboard/WBP_ScoreboardPlayer.WBP_ScoreboardPlayer_C:UpdateStatValueWidgets'!
[2026.08.30-08.31.40:485][748]LogScript: Warning: Script Msg: Attempted to access index 1 from array 'CurrentDisplayedEntries' of length 1 in '/Game/UI/HUD/InGameTabMenu/Scoreboard/WBP_ScoreboardPlayer.WBP_ScoreboardPlayer_C:UpdateStatValueWidgets'!
[2026.08.30-08.31.40:485][748]LogScript: Warning: Script Msg: Attempted to access index 2 from array 'CurrentDisplayedEntries' of length 1 in '/Game/UI/HUD/InGameTabMenu/Scoreboard/WBP_ScoreboardPlayer.WBP_ScoreboardPlayer_C:UpdateStatValueWidgets'!
[2026.08.30-08.31.40:485][748]LogScript: Warning: Script Msg: Attempted to access index 3 from array 'CurrentDisplayedEntries' of length 1 in '/Game/UI/HUD/InGameTabMenu/Scoreboard/WBP_ScoreboardPlayer.WBP_ScoreboardPlayer_C:UpdateStatValueWidgets'!
[2026.08.30-08.31.40:485][748]LogScript: Warning: Script Msg: Attempted to access index 4 from array 'CurrentDisplayedEntries' of length 1 in '/Game/UI/HUD/InGameTabMenu/Scoreboard/WBP_ScoreboardPlayer.WBP_ScoreboardPlayer_C:UpdateStatValueWidgets'!
[2026.08.30-08.31.40:485][748]LogScript: Warning: Script Msg: Attempted to access index 1 from array 'CurrentDisplayedEntries' of length 1 in '/Game/UI/HUD/InGameTabMenu/Scoreboard/WBP_ScoreboardPlayer.WBP_ScoreboardPlayer_C:UpdateStatValueWidgets'!
[2026.08.30-08.31.40:485][748]LogScript: Warning: Script Msg: Attempted to access index 2 from array 'CurrentDisplayedEntries' of length 1 in '/Game/UI/HUD/InGameTabMenu/Scoreboard/WBP_ScoreboardPlayer.WBP_ScoreboardPlayer_C:UpdateStatValueWidgets'!
[2026.08.30-08.31.40:485][748]LogScript: Warning: Script Msg: Attempted to access index 3 from array 'CurrentDisplayedEntries' of length 1 in '/Game/UI/HUD/InGameTabMenu/Scoreboard/WBP_ScoreboardPlayer.WBP_ScoreboardPlayer_C:UpdateStatValueWidgets'!
[2026.08.30-08.31.40:485][748]LogScript: Warning: Script Msg: Attempted to access index 4 from array 'CurrentDisplayedEntries' of length 1 in '/Game/UI/HUD/InGameTabMenu/Scoreboard/WBP_ScoreboardPlayer.WBP_ScoreboardPlayer_C:UpdateStatValueWidgets'!
[2026.08.30-08.31.40:488][748]LogStreamableManager: Display: RequestAsyncLoad() called with empty or only null assets!
[2026.08.30-08.31.40:490][748]LogStreamableManager: Display: RequestAsyncLoad() called with empty or only null assets!
[2026.08.30-08.31.40:495][749]LogScript: Warning: Script Msg: Attempted to access index 1 from array 'CurrentDisplayedEntries' of length 1 in '/Game/UI/HUD/InGameTabMenu/Scoreboard/WBP_ScoreboardPlayer.WBP_ScoreboardPlayer_C:UpdateStatValueWidgets'!
[2026.08.30-08.31.40:495][749]LogScript: Warning: Script Msg: Attempted to access index 2 from array 'CurrentDisplayedEntries' of length 1 in '/Game/UI/HUD/InGameTabMenu/Scoreboard/WBP_ScoreboardPlayer.WBP_ScoreboardPlayer_C:UpdateStatValueWidgets'!
[2026.08.30-08.31.40:495][749]LogScript: Warning: Script Msg: Attempted to access index 3 from array 'CurrentDisplayedEntries' of length 1 in '/Game/UI/HUD/InGameTabMenu/Scoreboard/WBP_ScoreboardPlayer.WBP_ScoreboardPlayer_C:UpdateStatValueWidgets'!
[2026.08.30-08.31.40:495][749]LogScript: Warning: Script Msg: Attempted to access index 4 from array 'CurrentDisplayedEntries' of length 1 in '/Game/UI/HUD/InGameTabMenu/Scoreboard/WBP_ScoreboardPlayer.WBP_ScoreboardPlayer_C:UpdateStatValueWidgets'!
[2026.08.30-08.31.40:495][749]LogScript: Warning: Script Msg: Attempted to access index 1 from array 'CurrentDisplayedEntries' of length 1 in '/Game/UI/HUD/InGameTabMenu/Scoreboard/WBP_ScoreboardPlayer.WBP_ScoreboardPlayer_C:UpdateStatValueWidgets'!
[2026.08.30-08.31.40:495][749]LogScript: Warning: Script Msg: Attempted to access index 2 from array 'CurrentDisplayedEntries' of length 1 in '/Game/UI/HUD/InGameTabMenu/Scoreboard/WBP_ScoreboardPlayer.WBP_ScoreboardPlayer_C:UpdateStatValueWidgets'!
[2026.08.30-08.31.40:495][749]LogScript: Warning: Script Msg: Attempted to access index 3 from array 'CurrentDisplayedEntries' of length 1 in '/Game/UI/HUD/InGameTabMenu/Scoreboard/WBP_ScoreboardPlayer.WBP_ScoreboardPlayer_C:UpdateStatValueWidgets'!
[2026.08.30-08.31.40:495][749]LogScript: Warning: Script Msg: Attempted to access index 4 from array 'CurrentDisplayedEntries' of length 1 in '/Game/UI/HUD/InGameTabMenu/Scoreboard/WBP_ScoreboardPlayer.WBP_ScoreboardPlayer_C:UpdateStatValueWidgets'!
[2026.08.30-08.31.41:403][840]LogStreaming: Display: FlushAsyncLoading(5591): 1 QueuedPackages, 98 AsyncPackages
[2026.08.30-08.31.41:424][842]LogStreaming: Display: FlushAsyncLoading(5595): 1 QueuedPackages, 0 AsyncPackages
[2026.08.30-08.31.41:443][842]LogScript: Warning: Script Msg: Divide by zero: Divide_DoubleDouble
[2026.08.30-08.31.41:445][842]LogBlueprintUserMessages: [BP_DefaultCharacterCosmeticPreview_PrePost_C_2147436119] Character Cosmetic Preview is being used to preview Non Character items at a root level!
[2026.08.30-08.31.41:556][857]LogPortalWarsUI: Forcing PreGameLoadoutSelection outro transition as time has expired
[2026.08.30-08.31.41:556][857]LogPortalWarsUI: Outro-ing all 0 transition stingers
[2026.08.30-08.31.45:242][224]LogStreaming: Display: FlushAsyncLoading(5598): 1 QueuedPackages, 0 AsyncPackages
[2026.08.30-08.31.45:248][224]LogPortalWarsUI: Created transition stinger of type /Game/UI/Stinger/WBP_DoorsTransitionStinger.WBP_DoorsTransitionStinger_C
[2026.08.30-08.31.47:263][426]LogSlate: InvalidateAllWidgets triggered.  All widgets were invalidated
[2026.08.30-08.31.47:502][450]LogGF1047Experience: UnloadCurrentExperience from state Loaded
[2026.08.30-08.31.47:508][450]LogViewport: Display: Viewport MouseLockMode Changed, LockInFullscreen -> LockOnCapture
[2026.08.30-08.31.47:508][450]LogViewport: Display: Viewport MouseCaptureMode Changed, CaptureDuringRightMouseDown -> CapturePermanently
[2026.08.30-08.31.47:508][450]LogViewport: Display: Player bShowMouseCursor Changed, True -> False
[2026.08.30-08.31.47:508][450]LogGF1047SublevelComponent: PreGame_Loadout (LevelStreamingDynamic_0) is being unloaded
[2026.08.30-08.31.47:511][450]LogActorPool: Clearing all actor pools
[2026.08.30-08.31.47:511][450]LogGF1047Experience: Starting experience load (CLIENT): Default__EXP_Firecracker_C
[2026.08.30-08.31.47:511][450]LogStreamableManager: Display: RequestAsyncLoad() called with empty or only null assets!
[2026.08.30-08.31.47:553][450]LogUObjectHash: Compacting FUObjectHashTables data took   2.53ms
[2026.08.30-08.31.47:558][450]LogGF1047Experience: Experience load complete (CLIENT): Default__EXP_Firecracker_C
[2026.08.30-08.31.47:558][450]LogStreaming: Display: FlushAsyncLoading(5599): 1 QueuedPackages, 0 AsyncPackages
[2026.08.30-08.31.47:560][450]LogStreamableManager: Display: RequestAsyncLoad() called with empty or only null assets!
[2026.08.30-08.31.47:572][451]LogUI1047GameOptions: Warning: Unsupported struct property type for option 'GameOptions.Property.Weapons.AmmoGrantMelee'
[2026.08.30-08.31.47:572][451]LogUI1047GameOptions: Warning: Unsupported struct property type for option 'GameOptions.Property.Weapons.AmmoGrantAmountMelee'
[2026.08.30-08.31.47:572][451]LogUI1047GameOptions: Warning: Unsupported struct property type for option 'GameOptions.Property.Weapons.AmmoGrantRanged'
[2026.08.30-08.31.47:572][451]LogUI1047GameOptions: Warning: Unsupported struct property type for option 'GameOptions.Property.Weapons.AmmoGrantAmountRanged'
[2026.08.30-08.31.47:572][451]LogUI1047GameOptions: Warning: Unsupported struct property type for option 'GameOptions.Property.Weapons.StartingAmmoRestriction'
[2026.08.30-08.31.47:572][451]LogUI1047GameOptions: Warning: Unsupported property type for option 'GameOptions.Property.FactionSelection.RestrictToFactions'
[2026.08.30-08.31.47:572][451]LogUI1047GameOptions: Warning: Unsupported struct property type for option 'GameOptions.Property.FactionSelection.CustomLoadouts'
[2026.08.30-08.31.47:572][451]LogUI1047GameOptions: Warning: Unsupported property type for option 'GameOptions.Property.ItemPads.ItemPadTypes'
[2026.08.30-08.31.47:572][451]LogUI1047GameOptions: Warning: Unsupported struct property type for option 'GameOptions.Property.BotSpawning.Difficulty'
[2026.08.30-08.31.47:572][451]LogUI1047GameOptions: Warning: Unsupported struct property type for option 'GameOptions.Property.BotSpawning.FactionLoadoutOptions'
[2026.08.30-08.31.47:573][451]LogUI1047GameOptions: Warning: Unsupported struct property type for option 'GameOptions.Property.Weapons.AmmoGrantMelee'
[2026.08.30-08.31.47:573][451]LogUI1047GameOptions: Warning: Unsupported struct property type for option 'GameOptions.Property.Weapons.AmmoGrantAmountMelee'
[2026.08.30-08.31.47:573][451]LogUI1047GameOptions: Warning: Unsupported struct property type for option 'GameOptions.Property.Weapons.AmmoGrantRanged'
[2026.08.30-08.31.47:573][451]LogUI1047GameOptions: Warning: Unsupported struct property type for option 'GameOptions.Property.Weapons.AmmoGrantAmountRanged'
[2026.08.30-08.31.47:573][451]LogUI1047GameOptions: Warning: Unsupported struct property type for option 'GameOptions.Property.Weapons.StartingAmmoRestriction'
[2026.08.30-08.31.47:573][451]LogUI1047GameOptions: Warning: Unsupported property type for option 'GameOptions.Property.FactionSelection.RestrictToFactions'
[2026.08.30-08.31.47:573][451]LogUI1047GameOptions: Warning: Unsupported struct property type for option 'GameOptions.Property.FactionSelection.CustomLoadouts'
[2026.08.30-08.31.47:573][451]LogUI1047GameOptions: Warning: Unsupported property type for option 'GameOptions.Property.ItemPads.ItemPadTypes'
[2026.08.30-08.31.47:573][451]LogUI1047GameOptions: Warning: Unsupported struct property type for option 'GameOptions.Property.BotSpawning.Difficulty'
[2026.08.30-08.31.47:573][451]LogUI1047GameOptions: Warning: Unsupported struct property type for option 'GameOptions.Property.BotSpawning.FactionLoadoutOptions'
[2026.08.30-08.31.47:580][451]LogStreamableManager: Display: RequestAsyncLoad() called with empty or only null assets!
[2026.08.30-08.31.47:581][451]LogStreamableManager: Display: RequestAsyncLoad() called with empty or only null assets!
[2026.08.30-08.31.47:581][451]LogStreamableManager: Display: RequestAsyncLoad() called with empty or only null assets!
[2026.08.30-08.31.47:581][451]LogStreamableManager: Display: RequestAsyncLoad() called with empty or only null assets!
[2026.08.30-08.31.47:581][451]LogStreamableManager: Display: RequestAsyncLoad() called with empty or only null assets!
[2026.08.30-08.31.47:581][451]LogStreamableManager: Display: RequestAsyncLoad() called with empty or only null assets!
[2026.08.30-08.31.47:581][451]LogStreamableManager: Display: RequestAsyncLoad() called with empty or only null assets!
[2026.08.30-08.31.47:581][451]LogStreamableManager: Display: RequestAsyncLoad() called with empty or only null assets!
[2026.08.30-08.31.47:582][451]LogStreamableManager: Display: RequestAsyncLoad() called with empty or only null assets!
[2026.08.30-08.31.47:583][451]LogStreamableManager: Display: RequestAsyncLoad() called with empty or only null assets!
[2026.08.30-08.31.47:583][451]LogStreamableManager: Display: RequestAsyncLoad() called with empty or only null assets!
[2026.08.30-08.31.47:583][451]LogStreamableManager: Display: RequestAsyncLoad() called with empty or only null assets!
[2026.08.30-08.31.47:634][451]LogScript: Warning: Script Msg: Divide by zero: Divide_DoubleDouble
[2026.08.30-08.31.47:635][451]LogScript: Warning: Script Msg: Divide by zero: Divide_DoubleDouble
[2026.08.30-08.31.47:636][451]LogScript: Warning: Script Msg: Divide by zero: Divide_DoubleDouble
[2026.08.30-08.31.47:637][451]LogScript: Warning: Script Msg: Divide by zero: Divide_DoubleDouble
[2026.08.30-08.31.47:638][451]LogScript: Warning: Script Msg: Divide by zero: Divide_DoubleDouble
[2026.08.30-08.31.47:639][451]LogScript: Warning: Script Msg: Divide by zero: Divide_DoubleDouble
[2026.08.30-08.31.47:640][451]LogScript: Warning: Script Msg: Divide by zero: Divide_DoubleDouble
[2026.08.30-08.31.47:641][451]LogScript: Warning: Script Msg: Divide by zero: Divide_DoubleDouble
[2026.08.30-08.31.47:657][451]LogScript: Warning: Script Msg: Divide by zero: Divide_DoubleDouble
[2026.08.30-08.31.47:659][451]LogScript: Warning: Script Msg: Divide by zero: Divide_DoubleDouble
[2026.08.30-08.31.47:661][451]LogScript: Warning: Script Msg: Divide by zero: Divide_DoubleDouble
[2026.08.30-08.31.47:664][451]LogScript: Warning: Script Msg: Divide by zero: Divide_DoubleDouble
[2026.08.30-08.31.47:667][451]LogScript: Warning: Script Msg: Divide by zero: Divide_DoubleDouble
[2026.08.30-08.31.47:669][451]LogScript: Warning: Script Msg: Divide by zero: Divide_DoubleDouble
[2026.08.30-08.31.47:671][451]LogScript: Warning: Script Msg: Divide by zero: Divide_DoubleDouble
[2026.08.30-08.31.47:673][451]LogScript: Warning: Script Msg: Divide by zero: Divide_DoubleDouble
[2026.08.30-08.31.47:676][451]LogScript: Warning: Script Msg: Divide by zero: Divide_DoubleDouble
[2026.08.30-08.31.47:678][451]LogScript: Warning: Script Msg: Divide by zero: Divide_DoubleDouble
[2026.08.30-08.31.47:680][451]LogScript: Warning: Script Msg: Divide by zero: Divide_DoubleDouble
[2026.08.30-08.31.47:682][451]LogScript: Warning: Script Msg: Divide by zero: Divide_DoubleDouble
[2026.08.30-08.31.47:684][451]LogScript: Warning: Script Msg: Divide by zero: Divide_DoubleDouble
[2026.08.30-08.31.47:687][451]LogScript: Warning: Script Msg: Divide by zero: Divide_DoubleDouble
[2026.08.30-08.31.47:689][451]LogScript: Warning: Script Msg: Divide by zero: Divide_DoubleDouble
[2026.08.30-08.31.47:691][451]LogScript: Warning: Script Msg: Divide by zero: Divide_DoubleDouble
[2026.08.30-08.31.47:693][451]LogScript: Warning: Script Msg: Divide by zero: Divide_DoubleDouble
[2026.08.30-08.31.47:696][451]LogScript: Warning: Script Msg: Divide by zero: Divide_DoubleDouble
[2026.08.30-08.31.47:699][451]LogSlate: InvalidateAllWidgets triggered.  All widgets were invalidated
[2026.08.30-08.31.47:709][451]LogScript: Warning: Script Msg: Divide by zero: Divide_DoubleDouble
[2026.08.30-08.31.47:709][451]LogScript: Warning: Script Msg: Divide by zero: Divide_DoubleDouble
[2026.08.30-08.31.47:712][451]LogPortalWarsCore: Warning: Could not find ammo texture for tag 'None'
[2026.08.30-08.31.47:712][451]LogStreamableManager: Display: RequestAsyncLoad() called with empty or only null assets!
[2026.08.30-08.31.47:726][451]LogStreamableManager: Display: RequestAsyncLoad() called with empty or only null assets!
[2026.08.30-08.31.47:726][451]LogStreamableManager: Display: RequestAsyncLoad() called with empty or only null assets!
[2026.08.30-08.31.47:726][451]LogScript: Warning: Script Msg: Attempted to access index 0 from array 'Textures' of length 0 in '/Game/UI/MainMenu/Locker/PlayerCard/WBP_PlayerCard.WBP_PlayerCard_C:UpdateBadges'!
[2026.08.30-08.31.47:726][451]LogScript: Warning: Script Msg: Attempted to access index 1 from array 'Textures' of length 0 in '/Game/UI/MainMenu/Locker/PlayerCard/WBP_PlayerCard.WBP_PlayerCard_C:UpdateBadges'!
[2026.08.30-08.31.47:726][451]LogScript: Warning: Script Msg: Attempted to access index 2 from array 'Textures' of length 0 in '/Game/UI/MainMenu/Locker/PlayerCard/WBP_PlayerCard.WBP_PlayerCard_C:UpdateBadges'!
[2026.08.30-08.31.47:726][451]LogStreamableManager: Display: RequestAsyncLoad() called with empty or only null assets!
[2026.08.30-08.31.47:726][451]LogStreamableManager: Display: RequestAsyncLoad() called with empty or only null assets!
[2026.08.30-08.31.47:726][451]LogStreamableManager: Display: RequestAsyncLoad() called with empty or only null assets!
[2026.08.30-08.31.47:726][451]LogStreamableManager: Display: RequestAsyncLoad() called with empty or only null assets!
[2026.08.30-08.31.47:726][451]LogScript: Warning: Script Msg: Attempted to access index 0 from array 'Textures' of length 0 in '/Game/UI/MainMenu/Locker/PlayerCard/WBP_PlayerCard.WBP_PlayerCard_C:UpdateBadges'!
[2026.08.30-08.31.47:726][451]LogScript: Warning: Script Msg: Attempted to access index 1 from array 'Textures' of length 0 in '/Game/UI/MainMenu/Locker/PlayerCard/WBP_PlayerCard.WBP_PlayerCard_C:UpdateBadges'!
[2026.08.30-08.31.47:726][451]LogScript: Warning: Script Msg: Attempted to access index 2 from array 'Textures' of length 0 in '/Game/UI/MainMenu/Locker/PlayerCard/WBP_PlayerCard.WBP_PlayerCard_C:UpdateBadges'!
[2026.08.30-08.31.47:726][451]LogStreamableManager: Display: RequestAsyncLoad() called with empty or only null assets!
[2026.08.30-08.31.47:726][451]LogStreamableManager: Display: RequestAsyncLoad() called with empty or only null assets!
[2026.08.30-08.31.47:726][451]LogUI1047: Warning: UUI1047ActionKeySetViewModel::RefreshStateFromEnhancedInputAction ~ bUseInputMappingContextAssets is set to true but no assets were provided in InputMappingContextAssets for UI1047ActionKeySetViewModel_2147430713
[2026.08.30-08.31.47:726][451]LogUI1047: Warning: UUI1047ActionKeySetViewModel::RefreshStateFromEnhancedInputAction ~ bUseInputMappingContextAssets is set to true but no assets were provided in InputMappingContextAssets for UI1047ActionKeySetViewModel_2147430710
[2026.08.30-08.31.47:726][451]LogStreamableManager: Display: RequestAsyncLoad() called with empty or only null assets!
[2026.08.30-08.31.47:727][451]LogStreamableManager: Display: RequestAsyncLoad() called with empty or only null assets!
[2026.08.30-08.31.47:729][451]LogPortalWarsUI: Configuring InGameOptionsViewModel from lobby
[2026.08.30-08.31.47:741][451]LogStreamableManager: Display: RequestAsyncLoad() called with empty or only null assets!
[2026.08.30-08.31.47:741][451]LogStreamableManager: Display: RequestAsyncLoad() called with empty or only null assets!
[2026.08.30-08.31.47:744][451]LogScript: Warning: Script Msg: Attempted to access index -1 from array 'LocalRoundOutcomes' of length 0 in '/MOD_Firecracker/UI/WBP_Assault_MatchStatusCenter.WBP_Assault_MatchStatusCenter_C:On Local Round Outcomes Changed'!
[2026.08.30-08.31.47:758][452]LogStreamableManager: Display: RequestAsyncLoad() called with empty or only null assets!
[2026.08.30-08.31.47:758][452]LogStreamableManager: Display: RequestAsyncLoad() called with empty or only null assets!
[2026.08.30-08.31.47:759][452]LogStreaming: Display: FlushAsyncLoading(5603): 1 QueuedPackages, 0 AsyncPackages
[2026.08.30-08.31.47:760][452]LogStreamableManager: Display: RequestAsyncLoad() called with empty or only null assets!
[2026.08.30-08.31.47:775][453]LogConsoleManager: Display:  |-> Unsetting r.Translucency.DynamicRes.TimeBudget, now 0.500000
[2026.08.30-08.31.47:816][454]LogUObjectHash: Compacting FUObjectHashTables data took   2.73ms
[2026.08.30-08.31.47:960][472]LogStreamableManager: Display: RequestAsyncLoad() called with empty or only null assets!
[2026.08.30-08.31.47:965][472]LogPortalWarsUI: Outro-ing all 1 transition stingers
[2026.08.30-08.31.47:965][472]LogSlate: InvalidateAllWidgets triggered.  All widgets were invalidated
[2026.08.30-08.31.47:970][472]LogScript: Warning: Script Msg: Divide by zero: Divide_DoubleDouble
[2026.08.30-08.31.48:182][494]LogPhysics: Warning: FConstraintInstance::GetRefFrame : Contained scale.
[2026.08.30-08.31.48:185][494]LogPhysics: Warning: FConstraintInstance::GetRefFrame : Contained scale.
[2026.08.30-08.31.48:185][494]LogCore1047: Warning: UCore1047SettingDefinition::ApplyValue Classic Portal Controls is not Enabled via bEnabled so setting value will not be applied.
[2026.08.30-08.31.48:186][494]LogCore1047: Warning: UCore1047SettingDefinition::ApplyValue Classic Portal Controls is not Enabled via bEnabled so setting value will not be applied.
[2026.08.30-08.31.48:186][494]Core1047InputUserSettings: PostInitializePlayerInput >> Re-applying Player Profile Keybinds!
[2026.08.30-08.31.48:186][494]LogCore1047: Warning: UCore1047SettingDefinition::ApplyValue Classic Portal Controls is not Enabled via bEnabled so setting value will not be applied.
[2026.08.30-08.31.48:186][494]LogCore1047: Warning: UCore1047SettingDefinition::ApplyValue Classic Portal Controls is not Enabled via bEnabled so setting value will not be applied.
[2026.08.30-08.31.48:186][494]Core1047InputUserSettings: PostInitializePlayerInput >> Re-applying Player Profile Keybinds!
[2026.08.30-08.31.48:186][494]LogAnimation: Warning: SLOTNODE: 'FiringLeftSlot' in animation instance class ABP_FirstPersonBase_V5_C already exists. Remove duplicates from the animation graph for this class.
[2026.08.30-08.31.48:194][495]LogPhysics: Warning: FConstraintInstance::GetRefFrame : Contained scale.
[2026.08.30-08.31.48:197][495]LogSlate: InvalidateAllWidgets triggered.  All widgets were invalidated
[2026.08.30-08.31.48:205][496]LogPhysics: Warning: FConstraintInstance::GetRefFrame : Contained scale.
[2026.08.30-08.31.48:208][496]LogPhysics: Warning: FConstraintInstance::GetRefFrame : Contained scale.
[2026.08.30-08.31.48:219][497]LogAbilitySystem: Warning: No gameplay cues found to load from object SkinBP_SBK_RhinokCC_FP_C_2147429437.
[2026.08.30-08.31.48:227][498]LogPhysics: Warning: FConstraintInstance::GetRefFrame : Contained scale.
[2026.08.30-08.31.48:238][499]LogAbilitySystem: Warning: GameplayCueNotify GameplayCue.Ability.ControlledFalling at index -1 not found in runtime cue set.
[2026.08.30-08.31.48:248][500]LogScript: Warning: Script Msg: Divide by zero: Divide_DoubleDouble
[2026.08.30-08.31.48:397][515]LogAbilitySystem: Warning: GameplayCueNotify GameplayCue.Ability.ControlledFalling at index -1 not found in runtime cue set.
[2026.08.30-08.31.48:407][516]LogAbilitySystem: Warning: GameplayCueNotify GameplayCue.Ability.ControlledFalling at index -1 not found in runtime cue set.
[2026.08.30-08.31.48:417][517]LogAbilitySystem: Warning: GameplayCueNotify GameplayCue.Ability.ControlledFalling at index -1 not found in runtime cue set.
[2026.08.30-08.31.48:427][518]LogScript: Warning: Script Msg: Divide by zero: Divide_DoubleDouble
[2026.08.30-08.31.48:437][519]LogScript: Warning: Script Msg: Divide by zero: Divide_DoubleDouble
[2026.08.30-08.31.48:447][520]LogScript: Warning: Script Msg: Divide by zero: Divide_DoubleDouble
[2026.08.30-08.31.48:457][521]LogScript: Warning: Script Msg: Divide by zero: Divide_DoubleDouble
[2026.08.30-08.31.48:467][522]LogScript: Warning: Script Msg: Divide by zero: Divide_DoubleDouble
[2026.08.30-08.31.48:477][523]LogScript: Warning: Script Msg: Divide by zero: Divide_DoubleDouble
[2026.08.30-08.31.48:488][524]LogAbilitySystem: Warning: GameplayCueNotify GameplayCue.Ability.ControlledFalling at index -1 not found in runtime cue set.
[2026.08.30-08.31.48:498][525]LogAbilitySystem: Warning: GameplayCueNotify GameplayCue.Ability.ControlledFalling at index -1 not found in runtime cue set.
[2026.08.30-08.31.48:558][531]LogPhysics: Warning: Initialising Body : Scale3D is (nearly) zero: <NoName>
[2026.08.30-08.31.48:559][531]LogPhysics: Warning: Initialising Body : Scale3D is (nearly) zero: <NoName>
[2026.08.30-08.31.48:752][550]LogPhysics: Warning: Initialising Body : Scale3D is (nearly) zero: <NoName>
[2026.08.30-08.31.48:752][550]LogPhysics: Warning: Initialising Body : Scale3D is (nearly) zero: <NoName>
[2026.08.30-08.31.54:203][ 95]LogPhysics: Warning: FConstraintInstance::GetRefFrame : Contained scale.
[2026.08.30-08.31.54:227][ 98]LogShaderLibrary: Warning: Spent 1.44 ms in a blocking wait for shader preload, NumRefs: 2, FramePreloadStarted: 35098, CurrentFrame: 35099
[2026.08.30-08.31.54:240][ 99]LogScript: Warning: Script Msg: Divide by zero: Divide_DoubleDouble
[2026.08.30-08.31.54:260][101]LogAbilitySystem: Warning: GameplayCueNotify GameplayCue.Ability.ControlledFalling at index -1 not found in runtime cue set.
[2026.08.30-08.31.55:964][271]LogPortalWarsUI: Outro-ing all 0 transition stingers
[2026.08.30-08.31.57:482][423]LogActorComponent: Error: May not destroy component NiagaraComponent /MAP_TriHard/TriHard_Main.TriHard_Main:PersistentLevel.PortalWarsWorldSettings.NiagaraComponent_2147456485 owned by PortalWarsWorldSettings /MAP_TriHard/TriHard_Main.TriHard_Main:PersistentLevel.PortalWarsWorldSettings.
[2026.08.30-08.31.57:603][435]LogActorComponent: Error: May not destroy component NiagaraComponent /MAP_TriHard/TriHard_Main.TriHard_Main:PersistentLevel.PortalWarsWorldSettings.NiagaraComponent_2147456484 owned by PortalWarsWorldSettings /MAP_TriHard/TriHard_Main.TriHard_Main:PersistentLevel.PortalWarsWorldSettings.
[2026.08.30-08.31.59:403][615]LogNiagara: Warning: Niagara Effect has completed naturally but has an effect type with the "Asleep" cull reaction. If an effect like this is culled before it can complete then it could leak into the scalability manager and be reactivated incorrectly. Please verify this is using the correct EffectType.
Component:NiagaraComponent /MAP_TriHard/TriHard_Main.TriHard_Main:PersistentLevel.BP_Character_Base_C_2147429432.TeleportableComponent.NiagaraComponent_2147428932
System:NiagaraSystem /Game/Portals/Blueprints/VFX/PortalLinkDirectionIndicator/NS_PortalDirectionIndicator_Single.NS_PortalDirectionIndicator_Single
[2026.08.30-08.32.03:313][  6]LogNiagara: Warning: Niagara Effect has completed naturally but has an effect type with the "Asleep" cull reaction. If an effect like this is culled before it can complete then it could leak into the scalability manager and be reactivated incorrectly. Please verify this is using the correct EffectType.
Component:NiagaraComponent /MAP_TriHard/TriHard_Main.TriHard_Main:PersistentLevel.BP_Character_Base_C_2147429561.TeleportableComponent.NiagaraComponent_2147428783
System:NiagaraSystem /Game/Portals/Blueprints/VFX/PortalLinkDirectionIndicator/NS_PortalDirectionIndicator_Single.NS_PortalDirectionIndicator_Single
[2026.08.30-08.32.04:271][102]LogActorComponent: Warning: SetAutoActivate called on component NiagaraComponent /MAP_TriHard/Sublevels/TRIHARD_SL_Portals.TRIHARD_SL_Portals:PersistentLevel.BP_PortalWall_V5_C_47.LaunchVFX after construction!
[2026.08.30-08.32.04:782][153]LogNiagara: Warning: Niagara Effect has completed naturally but has an effect type with the "Asleep" cull reaction. If an effect like this is culled before it can complete then it could leak into the scalability manager and be reactivated incorrectly. Please verify this is using the correct EffectType.
Component:NiagaraComponent /MAP_TriHard/TriHard_Main.TriHard_Main:PersistentLevel.BP_Character_Base_C_2147429699.TeleportableComponent.NiagaraComponent_2147428745
System:NiagaraSystem /Game/Portals/Blueprints/VFX/PortalLinkDirectionIndicator/NS_PortalDirectionIndicator_Single.NS_PortalDirectionIndicator_Single
[2026.08.30-08.32.06:232][298]LogNiagara: Warning: Failed to acquire niagara system NiagaraSystem /FCT_Meridian/VFX/BadLuck/Jetpack/NS_JetpackBurst_Burst.NS_JetpackBurst_Burst from the pool with MaxPoolSize=32 and PoolPrimeSize=0
[2026.08.30-08.32.06:233][298]LogNiagara: Warning: Creating niagara system NS_JetpackBurst_Burst without pooling isn't recommended and will result in a hitch
[2026.08.30-08.32.06:233][298]LogNiagara: Warning: Failed to acquire niagara system NiagaraSystem /FCT_Meridian/VFX/BadLuck/Jetpack/NS_Jetpack_Badluck_Upgraded.NS_Jetpack_Badluck_Upgraded from the pool with MaxPoolSize=32 and PoolPrimeSize=0
[2026.08.30-08.32.06:233][298]LogNiagara: Warning: Creating niagara system NS_Jetpack_Badluck_Upgraded without pooling isn't recommended and will result in a hitch
[2026.08.30-08.32.06:573][332]LogNiagara: Warning: Failed to acquire niagara system NiagaraSystem /FCT_Meridian/VFX/BadLuck/Jetpack/NS_JetpackBurst_Remove_Upgraded.NS_JetpackBurst_Remove_Upgraded from the pool with MaxPoolSize=32 and PoolPrimeSize=0
[2026.08.30-08.32.06:573][332]LogNiagara: Warning: Creating niagara system NS_JetpackBurst_Remove_Upgraded without pooling isn't recommended and will result in a hitch
[2026.08.30-08.32.09:593][634]LogNiagara: StaticMesh data interface has no valid mesh - NiagaraDataInterfaceStaticMesh /MAP_TriHard/TriHard_Main.TriHard_Main:PersistentLevel.BP_WeaponPickup_C_2147428673.Niagara.NiagaraDataInterfaceStaticMesh_1
[2026.08.30-08.32.12:193][894]LogBlueprintUserMessages: Weapon Skin: Default__SkinBP_SBK_SMG_Base_C
[2026.08.30-08.32.12:193][894]LogBlueprintUserMessages: Montages: AM_SBK_SMG_Base_FP_CHR_Melee_03AM_TP_AR_Melee
[2026.08.30-08.32.12:193][894]LogBlueprintUserMessages: Weapon Skin: Default__SkinBP_SBK_SMG_Base_C
[2026.08.30-08.32.14:901][165]LogNiagara: StaticMesh data interface has no valid mesh - NiagaraDataInterfaceStaticMesh /MAP_TriHard/TriHard_Main.TriHard_Main:PersistentLevel.BP_WeaponPickup_C_2147428476.Niagara.NiagaraDataInterfaceStaticMesh_1
[2026.08.30-08.32.15:605][235]LogPhysics: Warning: FConstraintInstance::GetRefFrame : Contained scale.
[2026.08.30-08.32.15:631][238]LogScript: Warning: Script Msg: Divide by zero: Divide_DoubleDouble
[2026.08.30-08.32.15:641][239]LogAbilitySystem: Warning: GameplayCueNotify GameplayCue.Ability.ControlledFalling at index -1 not found in runtime cue set.
[2026.08.30-08.32.18:863][561]LogNiagara: Warning: Niagara Effect has completed naturally but has an effect type with the "Asleep" cull reaction. If an effect like this is culled before it can complete then it could leak into the scalability manager and be reactivated incorrectly. Please verify this is using the correct EffectType.
Component:NiagaraComponent /MAP_TriHard/TriHard_Main.TriHard_Main:PersistentLevel.BP_Character_Base_C_2147429058.TeleportableComponent.NiagaraComponent_2147428294
System:NiagaraSystem /Game/Portals/Blueprints/VFX/PortalLinkDirectionIndicator/NS_PortalDirectionIndicator_Single.NS_PortalDirectionIndicator_Single
[2026.08.30-08.32.19:902][665]LogAbilitySystem: Warning: GameplayCueNotify_Actor GCNL_Death_C_2147456869 had active timelines when it was recycled.
[2026.08.30-08.32.20:372][712]LogActorComponent: Warning: SetAutoActivate called on component NiagaraComponent /MAP_TriHard/Sublevels/TRIHARD_SL_Portals.TRIHARD_SL_Portals:PersistentLevel.BP_PortalWall_V5_C_47.LaunchVFX after construction!
[2026.08.30-08.32.20:934][768]LogPhysics: Warning: FConstraintInstance::GetRefFrame : Contained scale.
[2026.08.30-08.32.20:936][768]LogNiagara: StaticMesh data interface has no valid mesh - NiagaraDataInterfaceStaticMesh /MAP_TriHard/TriHard_Main.TriHard_Main:PersistentLevel.BP_WeaponPickup_C_2147428229.Niagara.NiagaraDataInterfaceStaticMesh_1
[2026.08.30-08.32.20:960][771]LogScript: Warning: Script Msg: Divide by zero: Divide_DoubleDouble
[2026.08.30-08.32.20:970][772]LogAbilitySystem: Warning: GameplayCueNotify GameplayCue.Ability.ControlledFalling at index -1 not found in runtime cue set.
[2026.08.30-08.32.22:152][890]LogNiagara: StaticMesh data interface has no valid mesh - NiagaraDataInterfaceStaticMesh /MAP_TriHard/TriHard_Main.TriHard_Main:PersistentLevel.BP_WeaponPickup_C_2147428171.Niagara.NiagaraDataInterfaceStaticMesh_1
[2026.08.30-08.32.24:861][161]LogNiagara: StaticMesh data interface has no valid mesh - NiagaraDataInterfaceStaticMesh /MAP_TriHard/TriHard_Main.TriHard_Main:PersistentLevel.BP_WeaponPickup_C_2147428083.Niagara.NiagaraDataInterfaceStaticMesh_1
[2026.08.30-08.32.25:582][233]LogNiagara: StaticMesh data interface has no valid mesh - NiagaraDataInterfaceStaticMesh /MAP_TriHard/TriHard_Main.TriHard_Main:PersistentLevel.BP_WeaponPickup_C_2147428043.Niagara.NiagaraDataInterfaceStaticMesh_1
[2026.08.30-08.32.25:582][233]LogNiagara: StaticMesh data interface has no valid mesh - NiagaraDataInterfaceStaticMesh /MAP_TriHard/TriHard_Main.TriHard_Main:PersistentLevel.BP_WeaponPickup_C_2147428041.Niagara.NiagaraDataInterfaceStaticMesh_1
[2026.08.30-08.32.26:983][373]LogPhysics: Warning: FConstraintInstance::GetRefFrame : Contained scale.
[2026.08.30-08.32.27:011][376]LogScript: Warning: Script Msg: Divide by zero: Divide_DoubleDouble
[2026.08.30-08.32.27:021][377]LogAbilitySystem: Warning: GameplayCueNotify GameplayCue.Ability.ControlledFalling at index -1 not found in runtime cue set.
[2026.08.30-08.32.27:091][384]LogActorComponent: Error: May not destroy component NiagaraComponent /MAP_TriHard/TriHard_Main.TriHard_Main:PersistentLevel.PortalWarsWorldSettings.NiagaraComponent_2147456484 owned by PortalWarsWorldSettings /MAP_TriHard/TriHard_Main.TriHard_Main:PersistentLevel.PortalWarsWorldSettings.
[2026.08.30-08.32.27:222][397]LogActorComponent: Error: May not destroy component NiagaraComponent /MAP_TriHard/TriHard_Main.TriHard_Main:PersistentLevel.PortalWarsWorldSettings.NiagaraComponent_2147456485 owned by PortalWarsWorldSettings /MAP_TriHard/TriHard_Main.TriHard_Main:PersistentLevel.PortalWarsWorldSettings.
[2026.08.30-08.32.28:162][491]LogPhysics: Warning: FConstraintInstance::GetRefFrame : Contained scale.
[2026.08.30-08.32.28:201][495]LogScript: Warning: Script Msg: Divide by zero: Divide_DoubleDouble
[2026.08.30-08.32.28:211][496]LogAbilitySystem: Warning: GameplayCueNotify GameplayCue.Ability.ControlledFalling at index -1 not found in runtime cue set.
[2026.08.30-08.32.29:883][664]LogAbilitySystem: Warning: GameplayCueNotify_Actor GCNL_Death_C_2147456869 had active timelines when it was recycled.
[2026.08.30-08.32.30:893][764]LogPhysics: Warning: FConstraintInstance::GetRefFrame : Contained scale.
[2026.08.30-08.32.30:920][767]LogScript: Warning: Script Msg: Divide by zero: Divide_DoubleDouble
[2026.08.30-08.32.30:930][768]LogAbilitySystem: Warning: GameplayCueNotify GameplayCue.Ability.ControlledFalling at index -1 not found in runtime cue set.
[2026.08.30-08.32.32:322][907]LogNiagara: StaticMesh data interface has no valid mesh - NiagaraDataInterfaceStaticMesh /MAP_TriHard/TriHard_Main.TriHard_Main:PersistentLevel.BP_WeaponPickup_C_2147427767.Niagara.NiagaraDataInterfaceStaticMesh_1
[2026.08.30-08.32.33:826][ 57]LogActorComponent: Error: May not destroy component NiagaraComponent /MAP_TriHard/TriHard_Main.TriHard_Main:PersistentLevel.PortalWarsWorldSettings.NiagaraComponent_2147456484 owned by PortalWarsWorldSettings /MAP_TriHard/TriHard_Main.TriHard_Main:PersistentLevel.PortalWarsWorldSettings.
[2026.08.30-08.32.34:992][174]LogNiagara: StaticMesh data interface has no valid mesh - NiagaraDataInterfaceStaticMesh /MAP_TriHard/TriHard_Main.TriHard_Main:PersistentLevel.BP_WeaponPickup_C_2147427721.Niagara.NiagaraDataInterfaceStaticMesh_1
[2026.08.30-08.32.35:602][235]LogScript: Warning: Script Msg: Divide by zero: Divide_DoubleDouble
[2026.08.30-08.32.36:522][327]LogNiagara: StaticMesh data interface has no valid mesh - NiagaraDataInterfaceStaticMesh /MAP_TriHard/TriHard_Main.TriHard_Main:PersistentLevel.BP_WeaponPickup_C_2147427666.Niagara.NiagaraDataInterfaceStaticMesh_1
[2026.08.30-08.32.41:003][775]LogPhysics: Warning: FConstraintInstance::GetRefFrame : Contained scale.
[2026.08.30-08.32.41:032][778]LogScript: Warning: Script Msg: Divide by zero: Divide_DoubleDouble
[2026.08.30-08.32.41:041][779]LogAbilitySystem: Warning: GameplayCueNotify GameplayCue.Ability.ControlledFalling at index -1 not found in runtime cue set.
[2026.08.30-08.32.41:758][851]LogNiagara: StaticMesh data interface has no valid mesh - NiagaraDataInterfaceStaticMesh /MAP_TriHard/TriHard_Main.TriHard_Main:PersistentLevel.BP_WeaponPickup_C_2147427488.Niagara.NiagaraDataInterfaceStaticMesh_1
[2026.08.30-08.32.42:524][927]LogPhysics: Warning: FConstraintInstance::GetRefFrame : Contained scale.
[2026.08.30-08.32.42:552][930]LogScript: Warning: Script Msg: Divide by zero: Divide_DoubleDouble
[2026.08.30-08.32.42:562][931]LogAbilitySystem: Warning: GameplayCueNotify GameplayCue.Ability.ControlledFalling at index -1 not found in runtime cue set.
[2026.08.30-08.32.43:133][988]LogNiagara: StaticMesh data interface has no valid mesh - NiagaraDataInterfaceStaticMesh /MAP_TriHard/TriHard_Main.TriHard_Main:PersistentLevel.BP_WeaponPickup_C_2147427347.Niagara.NiagaraDataInterfaceStaticMesh_1
[2026.08.30-08.32.48:145][488]LogAbilitySystem: Warning: GameplayCueNotify_Actor GCNL_Death_C_2147456869 had active timelines when it was recycled.
[2026.08.30-08.32.48:272][501]LogScript: Warning: Script Msg: Divide by zero: Divide_DoubleDouble
[2026.08.30-08.32.48:483][522]LogNiagara: Warning: Niagara Effect has completed naturally but has an effect type with the "Asleep" cull reaction. If an effect like this is culled before it can complete then it could leak into the scalability manager and be reactivated incorrectly. Please verify this is using the correct EffectType.
Component:NiagaraComponent /MAP_TriHard/TriHard_Main.TriHard_Main:PersistentLevel.BP_Character_Base_C_2147427836.TeleportableComponent.NiagaraComponent_2147427325
System:NiagaraSystem /Game/Portals/Blueprints/VFX/PortalLinkDirectionIndicator/NS_PortalDirectionIndicator_Single.NS_PortalDirectionIndicator_Single
[2026.08.30-08.32.49:151][589]LogPhysics: Warning: FConstraintInstance::GetRefFrame : Contained scale.
[2026.08.30-08.32.49:191][593]LogScript: Warning: Script Msg: Divide by zero: Divide_DoubleDouble
[2026.08.30-08.32.49:202][594]LogAbilitySystem: Warning: GameplayCueNotify GameplayCue.Ability.ControlledFalling at index -1 not found in runtime cue set.
[2026.08.30-08.32.50:062][680]LogBlueprintUserMessages: Weapon Skin: Default__SkinBP_SBK_SMG_Base_C
[2026.08.30-08.32.50:062][680]LogBlueprintUserMessages: Montages: AM_SBK_SMG_Base_FP_CHR_Melee_07AM_TP_AR_Melee
[2026.08.30-08.32.50:062][680]LogBlueprintUserMessages: Weapon Skin: Default__SkinBP_SBK_SMG_Base_C
[2026.08.30-08.32.50:765][750]LogNiagara: StaticMesh data interface has no valid mesh - NiagaraDataInterfaceStaticMesh /MAP_TriHard/TriHard_Main.TriHard_Main:PersistentLevel.BP_WeaponPickup_C_2147427193.Niagara.NiagaraDataInterfaceStaticMesh_1
[2026.08.30-08.32.51:402][814]LogAnimation: Warning: SLOTNODE: 'DefaultSlot' in animation instance class ABP_MER_ChargePistol_Base_WPN_C already exists. Remove duplicates from the animation graph for this class.
[2026.08.30-08.32.53:362][ 10]LogNiagara: StaticMesh data interface has no valid mesh - NiagaraDataInterfaceStaticMesh /MAP_TriHard/TriHard_Main.TriHard_Main:PersistentLevel.BP_WeaponPickup_C_2147427148.Niagara.NiagaraDataInterfaceStaticMesh_1
[2026.08.30-08.32.54:612][135]LogNiagara: StaticMesh data interface has no valid mesh - NiagaraDataInterfaceStaticMesh /MAP_TriHard/TriHard_Main.TriHard_Main:PersistentLevel.BP_WeaponPickup_C_2147427132.Niagara.NiagaraDataInterfaceStaticMesh_1
[2026.08.30-08.32.55:763][250]LogAbilitySystem: Warning: GameplayCueNotify_Actor GCNL_Death_C_2147456869 had active timelines when it was recycled.
[2026.08.30-08.32.55:793][253]LogSlate: InvalidateAllWidgets triggered.  All widgets were invalidated
[2026.08.30-08.32.55:802][254]LogAkAudio: Error: Failed to post AkAudioEvent 'stop_sx_player_highSpeed' with an AkComponent that's not valid.
[2026.08.30-08.32.55:803][254]LogAnimation: Warning: SLOTNODE: 'FiringLeftSlot' in animation instance class ABP_FirstPersonBase_V5_C already exists. Remove duplicates from the animation graph for this class.
[2026.08.30-08.32.55:806][254]LogScript: Warning: Script Msg: Divide by zero: Divide_DoubleDouble
[2026.08.30-08.32.55:813][255]LogSlate: InvalidateAllWidgets triggered.  All widgets were invalidated
[2026.08.30-08.32.55:815][255]LogAbilitySystem: Warning: No gameplay cues found to load from object SkinBP_MER_Badluck_FP_C_2147426999.
[2026.08.30-08.32.55:820][255]LogPortalWarsCore: Warning: Could not find ammo texture for tag 'None'
[2026.08.30-08.32.55:820][255]LogStreamableManager: Display: RequestAsyncLoad() called with empty or only null assets!
[2026.08.30-08.32.56:776][352]LogPhysics: Warning: FConstraintInstance::GetRefFrame : Contained scale.
[2026.08.30-08.32.56:778][352]LogCore1047: Warning: UCore1047SettingDefinition::ApplyValue Classic Portal Controls is not Enabled via bEnabled so setting value will not be applied.
[2026.08.30-08.32.56:778][352]LogCore1047: Warning: UCore1047SettingDefinition::ApplyValue Classic Portal Controls is not Enabled via bEnabled so setting value will not be applied.
[2026.08.30-08.32.56:779][352]Core1047InputUserSettings: PostInitializePlayerInput >> Re-applying Player Profile Keybinds!
[2026.08.30-08.32.56:779][352]LogCore1047: Warning: UCore1047SettingDefinition::ApplyValue Classic Portal Controls is not Enabled via bEnabled so setting value will not be applied.
[2026.08.30-08.32.56:779][352]LogCore1047: Warning: UCore1047SettingDefinition::ApplyValue Classic Portal Controls is not Enabled via bEnabled so setting value will not be applied.
[2026.08.30-08.32.56:779][352]Core1047InputUserSettings: PostInitializePlayerInput >> Re-applying Player Profile Keybinds!
[2026.08.30-08.32.56:780][352]LogAnimation: Warning: SLOTNODE: 'FiringLeftSlot' in animation instance class ABP_FirstPersonBase_V5_C already exists. Remove duplicates from the animation graph for this class.
[2026.08.30-08.32.56:784][352]LogScript: Warning: Script Msg: Divide by zero: Divide_DoubleDouble
[2026.08.30-08.32.56:785][352]LogAbilitySystem: Warning: No gameplay cues found to load from object SkinBP_SBK_RhinokCC_FP_C_2147426872.
[2026.08.30-08.32.56:793][353]LogSlate: InvalidateAllWidgets triggered.  All widgets were invalidated
[2026.08.30-08.32.56:794][353]LogScript: Warning: Script Msg: Divide by zero: Divide_DoubleDouble
[2026.08.30-08.32.56:794][353]LogAbilitySystem: Warning: No gameplay cues found to load from object SkinBP_SBK_RhinokCC_FP_C_2147426632.
[2026.08.30-08.32.56:832][357]LogScript: Warning: Script Msg: Divide by zero: Divide_DoubleDouble
[2026.08.30-08.32.56:842][358]LogAbilitySystem: Warning: GameplayCueNotify GameplayCue.Ability.ControlledFalling at index -1 not found in runtime cue set.
[2026.08.30-08.32.56:882][362]LogPhysics: Warning: Initialising Body : Scale3D is (nearly) zero: <NoName>
[2026.08.30-08.32.56:882][362]LogPhysics: Warning: Initialising Body : Scale3D is (nearly) zero: <NoName>
[2026.08.30-08.32.56:932][367]LogPhysics: Warning: Initialising Body : Scale3D is (nearly) zero: <NoName>
[2026.08.30-08.32.56:932][367]LogPhysics: Warning: Initialising Body : Scale3D is (nearly) zero: <NoName>
[2026.08.30-08.32.58:209][493]LogNiagara: StaticMesh data interface has no valid mesh - NiagaraDataInterfaceStaticMesh /MAP_TriHard/TriHard_Main.TriHard_Main:PersistentLevel.BP_WeaponPickup_C_2147426520.Niagara.NiagaraDataInterfaceStaticMesh_1
[2026.08.30-08.32.58:210][493]LogNiagara: StaticMesh data interface has no valid mesh - NiagaraDataInterfaceStaticMesh /MAP_TriHard/TriHard_Main.TriHard_Main:PersistentLevel.BP_WeaponPickup_C_2147426520.Niagara.NiagaraDataInterfaceStaticMesh_1
[2026.08.30-08.32.58:341][506]LogActorComponent: Warning: SetAutoActivate called on component NiagaraComponent /MAP_TriHard/Sublevels/TRIHARD_SL_Portals.TRIHARD_SL_Portals:PersistentLevel.BP_PortalWall_V5_C_11.LaunchVFX after construction!
[2026.08.30-08.32.58:373][509]LogAbilitySystem: Warning: GameplayCueNotify_Actor GCNL_Death_C_2147456954 had active timelines when it was recycled.
[2026.08.30-08.32.59:383][610]LogPhysics: Warning: FConstraintInstance::GetRefFrame : Contained scale.
[2026.08.30-08.32.59:421][614]LogScript: Warning: Script Msg: Divide by zero: Divide_DoubleDouble
[2026.08.30-08.32.59:432][615]LogAbilitySystem: Warning: GameplayCueNotify GameplayCue.Ability.ControlledFalling at index -1 not found in runtime cue set.
[2026.08.30-08.32.59:489][621]LogNiagara: StaticMesh data interface has no valid mesh - NiagaraDataInterfaceStaticMesh /MAP_TriHard/TriHard_Main.TriHard_Main:PersistentLevel.BP_WeaponPickup_C_2147426449.Niagara.NiagaraDataInterfaceStaticMesh_1
[2026.08.30-08.32.59:873][659]LogNiagara: StaticMesh data interface has no valid mesh - NiagaraDataInterfaceStaticMesh /MAP_TriHard/TriHard_Main.TriHard_Main:PersistentLevel.BP_WeaponPickup_C_2147426424.Niagara.NiagaraDataInterfaceStaticMesh_1
[2026.08.30-08.33.00:442][716]LogActorComponent: Warning: SetAutoActivate called on component NiagaraComponent /MAP_TriHard/Sublevels/TRIHARD_SL_Portals.TRIHARD_SL_Portals:PersistentLevel.BP_PortalWall_V5_C_11.LaunchVFX after construction!
[2026.08.30-08.33.00:753][747]LogActorComponent: Warning: SetAutoActivate called on component NiagaraComponent /MAP_TriHard/Sublevels/TRIHARD_SL_Portals.TRIHARD_SL_Portals:PersistentLevel.BP_PortalWall_V5_C_45.LaunchVFX after construction!
[2026.08.30-08.33.00:833][755]LogNiagara: StaticMesh data interface has no valid mesh - NiagaraDataInterfaceStaticMesh /MAP_TriHard/TriHard_Main.TriHard_Main:PersistentLevel.BP_WeaponPickup_C_2147426423.Niagara.NiagaraDataInterfaceStaticMesh_1
[2026.08.30-08.33.02:323][904]LogActorComponent: Error: May not destroy component NiagaraComponent /MAP_TriHard/TriHard_Main.TriHard_Main:PersistentLevel.PortalWarsWorldSettings.NiagaraComponent_2147456485 owned by PortalWarsWorldSettings /MAP_TriHard/TriHard_Main.TriHard_Main:PersistentLevel.PortalWarsWorldSettings.
[2026.08.30-08.33.06:181][290]LogNiagara: StaticMesh data interface has no valid mesh - NiagaraDataInterfaceStaticMesh /MAP_TriHard/TriHard_Main.TriHard_Main:PersistentLevel.BP_WeaponPickup_C_2147426349.Niagara.NiagaraDataInterfaceStaticMesh_1
[2026.08.30-08.33.06:895][361]LogNiagara: StaticMesh data interface has no valid mesh - NiagaraDataInterfaceStaticMesh /MAP_TriHard/TriHard_Main.TriHard_Main:PersistentLevel.BP_WeaponPickup_C_2147426306.Niagara.NiagaraDataInterfaceStaticMesh_1
[2026.08.30-08.33.07:693][441]LogViewport: Display: Viewport MouseLockMode Changed, LockOnCapture -> LockInFullscreen
[2026.08.30-08.33.07:693][441]LogViewport: Display: Viewport MouseCaptureMode Changed, CapturePermanently -> CaptureDuringRightMouseDown
[2026.08.30-08.33.07:693][441]LogViewport: Display: Player bShowMouseCursor Changed, False -> True
[2026.08.30-08.33.07:694][441]LogSlate: InvalidateAllWidgets triggered.  All widgets were invalidated
[2026.08.30-08.33.07:702][441]LogStreamableManager: Display: RequestAsyncLoad() called with empty or only null assets!
[2026.08.30-08.33.07:704][441]LogStreamableManager: Display: RequestAsyncLoad() called with empty or only null assets!
[2026.08.30-08.33.07:706][441]LogStreamableManager: Display: RequestAsyncLoad() called with empty or only null assets!
[2026.08.30-08.33.07:708][441]LogStreamableManager: Display: RequestAsyncLoad() called with empty or only null assets!
[2026.08.30-08.33.07:711][442]LogScript: Warning: Script Msg: Attempted to access index 1 from array 'CurrentDisplayedEntries' of length 1 in '/Game/UI/HUD/InGameTabMenu/Scoreboard/WBP_ScoreboardPlayer.WBP_ScoreboardPlayer_C:UpdateStatValueWidgets'!
[2026.08.30-08.33.07:711][442]LogScript: Warning: Script Msg: Attempted to access index 2 from array 'CurrentDisplayedEntries' of length 1 in '/Game/UI/HUD/InGameTabMenu/Scoreboard/WBP_ScoreboardPlayer.WBP_ScoreboardPlayer_C:UpdateStatValueWidgets'!
[2026.08.30-08.33.07:711][442]LogScript: Warning: Script Msg: Attempted to access index 3 from array 'CurrentDisplayedEntries' of length 1 in '/Game/UI/HUD/InGameTabMenu/Scoreboard/WBP_ScoreboardPlayer.WBP_ScoreboardPlayer_C:UpdateStatValueWidgets'!
[2026.08.30-08.33.07:711][442]LogScript: Warning: Script Msg: Attempted to access index 4 from array 'CurrentDisplayedEntries' of length 1 in '/Game/UI/HUD/InGameTabMenu/Scoreboard/WBP_ScoreboardPlayer.WBP_ScoreboardPlayer_C:UpdateStatValueWidgets'!
[2026.08.30-08.33.07:711][442]LogScript: Warning: Script Msg: Attempted to access index 1 from array 'CurrentDisplayedEntries' of length 1 in '/Game/UI/HUD/InGameTabMenu/Scoreboard/WBP_ScoreboardPlayer.WBP_ScoreboardPlayer_C:UpdateStatValueWidgets'!
[2026.08.30-08.33.07:711][442]LogScript: Warning: Script Msg: Attempted to access index 2 from array 'CurrentDisplayedEntries' of length 1 in '/Game/UI/HUD/InGameTabMenu/Scoreboard/WBP_ScoreboardPlayer.WBP_ScoreboardPlayer_C:UpdateStatValueWidgets'!
[2026.08.30-08.33.07:711][442]LogScript: Warning: Script Msg: Attempted to access index 3 from array 'CurrentDisplayedEntries' of length 1 in '/Game/UI/HUD/InGameTabMenu/Scoreboard/WBP_ScoreboardPlayer.WBP_ScoreboardPlayer_C:UpdateStatValueWidgets'!
[2026.08.30-08.33.07:711][442]LogScript: Warning: Script Msg: Attempted to access index 4 from array 'CurrentDisplayedEntries' of length 1 in '/Game/UI/HUD/InGameTabMenu/Scoreboard/WBP_ScoreboardPlayer.WBP_ScoreboardPlayer_C:UpdateStatValueWidgets'!
[2026.08.30-08.33.07:711][442]LogScript: Warning: Script Msg: Attempted to access index 1 from array 'CurrentDisplayedEntries' of length 1 in '/Game/UI/HUD/InGameTabMenu/Scoreboard/WBP_ScoreboardPlayer.WBP_ScoreboardPlayer_C:UpdateStatValueWidgets'!
[2026.08.30-08.33.07:711][442]LogScript: Warning: Script Msg: Attempted to access index 2 from array 'CurrentDisplayedEntries' of length 1 in '/Game/UI/HUD/InGameTabMenu/Scoreboard/WBP_ScoreboardPlayer.WBP_ScoreboardPlayer_C:UpdateStatValueWidgets'!
[2026.08.30-08.33.07:711][442]LogScript: Warning: Script Msg: Attempted to access index 3 from array 'CurrentDisplayedEntries' of length 1 in '/Game/UI/HUD/InGameTabMenu/Scoreboard/WBP_ScoreboardPlayer.WBP_ScoreboardPlayer_C:UpdateStatValueWidgets'!
[2026.08.30-08.33.07:711][442]LogScript: Warning: Script Msg: Attempted to access index 4 from array 'CurrentDisplayedEntries' of length 1 in '/Game/UI/HUD/InGameTabMenu/Scoreboard/WBP_ScoreboardPlayer.WBP_ScoreboardPlayer_C:UpdateStatValueWidgets'!
[2026.08.30-08.33.07:711][442]LogScript: Warning: Script Msg: Attempted to access index 1 from array 'CurrentDisplayedEntries' of length 1 in '/Game/UI/HUD/InGameTabMenu/Scoreboard/WBP_ScoreboardPlayer.WBP_ScoreboardPlayer_C:UpdateStatValueWidgets'!
[2026.08.30-08.33.07:711][442]LogScript: Warning: Script Msg: Attempted to access index 2 from array 'CurrentDisplayedEntries' of length 1 in '/Game/UI/HUD/InGameTabMenu/Scoreboard/WBP_ScoreboardPlayer.WBP_ScoreboardPlayer_C:UpdateStatValueWidgets'!
[2026.08.30-08.33.07:711][442]LogScript: Warning: Script Msg: Attempted to access index 3 from array 'CurrentDisplayedEntries' of length 1 in '/Game/UI/HUD/InGameTabMenu/Scoreboard/WBP_ScoreboardPlayer.WBP_ScoreboardPlayer_C:UpdateStatValueWidgets'!
[2026.08.30-08.33.07:711][442]LogScript: Warning: Script Msg: Attempted to access index 4 from array 'CurrentDisplayedEntries' of length 1 in '/Game/UI/HUD/InGameTabMenu/Scoreboard/WBP_ScoreboardPlayer.WBP_ScoreboardPlayer_C:UpdateStatValueWidgets'!
[2026.08.30-08.33.07:715][442]LogStreamableManager: Display: RequestAsyncLoad() called with empty or only null assets!
[2026.08.30-08.33.07:718][442]LogStreamableManager: Display: RequestAsyncLoad() called with empty or only null assets!
[2026.08.30-08.33.07:721][443]LogScript: Warning: Script Msg: Attempted to access index 1 from array 'CurrentDisplayedEntries' of length 1 in '/Game/UI/HUD/InGameTabMenu/Scoreboard/WBP_ScoreboardPlayer.WBP_ScoreboardPlayer_C:UpdateStatValueWidgets'!
[2026.08.30-08.33.07:721][443]LogScript: Warning: Script Msg: Attempted to access index 2 from array 'CurrentDisplayedEntries' of length 1 in '/Game/UI/HUD/InGameTabMenu/Scoreboard/WBP_ScoreboardPlayer.WBP_ScoreboardPlayer_C:UpdateStatValueWidgets'!
[2026.08.30-08.33.07:721][443]LogScript: Warning: Script Msg: Attempted to access index 3 from array 'CurrentDisplayedEntries' of length 1 in '/Game/UI/HUD/InGameTabMenu/Scoreboard/WBP_ScoreboardPlayer.WBP_ScoreboardPlayer_C:UpdateStatValueWidgets'!
[2026.08.30-08.33.07:721][443]LogScript: Warning: Script Msg: Attempted to access index 4 from array 'CurrentDisplayedEntries' of length 1 in '/Game/UI/HUD/InGameTabMenu/Scoreboard/WBP_ScoreboardPlayer.WBP_ScoreboardPlayer_C:UpdateStatValueWidgets'!
[2026.08.30-08.33.07:721][443]LogScript: Warning: Script Msg: Attempted to access index 1 from array 'CurrentDisplayedEntries' of length 1 in '/Game/UI/HUD/InGameTabMenu/Scoreboard/WBP_ScoreboardPlayer.WBP_ScoreboardPlayer_C:UpdateStatValueWidgets'!
[2026.08.30-08.33.07:721][443]LogScript: Warning: Script Msg: Attempted to access index 2 from array 'CurrentDisplayedEntries' of length 1 in '/Game/UI/HUD/InGameTabMenu/Scoreboard/WBP_ScoreboardPlayer.WBP_ScoreboardPlayer_C:UpdateStatValueWidgets'!
[2026.08.30-08.33.07:721][443]LogScript: Warning: Script Msg: Attempted to access index 3 from array 'CurrentDisplayedEntries' of length 1 in '/Game/UI/HUD/InGameTabMenu/Scoreboard/WBP_ScoreboardPlayer.WBP_ScoreboardPlayer_C:UpdateStatValueWidgets'!
[2026.08.30-08.33.07:721][443]LogScript: Warning: Script Msg: Attempted to access index 4 from array 'CurrentDisplayedEntries' of length 1 in '/Game/UI/HUD/InGameTabMenu/Scoreboard/WBP_ScoreboardPlayer.WBP_ScoreboardPlayer_C:UpdateStatValueWidgets'!
[2026.08.30-08.33.08:390][511]LogViewport: Display: Viewport MouseLockMode Changed, LockInFullscreen -> LockOnCapture
[2026.08.30-08.33.08:390][511]LogViewport: Display: Viewport MouseCaptureMode Changed, CaptureDuringRightMouseDown -> CapturePermanently
[2026.08.30-08.33.08:390][511]LogViewport: Display: Player bShowMouseCursor Changed, True -> False
[2026.08.30-08.33.10:932][765]LogNiagara: StaticMesh data interface has no valid mesh - NiagaraDataInterfaceStaticMesh /MAP_TriHard/TriHard_Main.TriHard_Main:PersistentLevel.BP_WeaponPickup_C_2147426009.Niagara.NiagaraDataInterfaceStaticMesh_1
[2026.08.30-08.33.11:163][788]LogAbilitySystem: Warning: GameplayCueNotify_Actor GCNL_Death_C_2147456954 had active timelines when it was recycled.
[2026.08.30-08.33.11:182][790]LogNiagara: StaticMesh data interface has no valid mesh - NiagaraDataInterfaceStaticMesh /MAP_TriHard/TriHard_Main.TriHard_Main:PersistentLevel.BP_WeaponPickup_C_2147426001.Niagara.NiagaraDataInterfaceStaticMesh_1
[2026.08.30-08.33.11:893][861]LogAbilitySystem: Warning: GameplayCueNotify_Actor GCNL_Death_C_2147456869 had active timelines when it was recycled.
[2026.08.30-08.33.11:923][864]LogSlate: InvalidateAllWidgets triggered.  All widgets were invalidated
[2026.08.30-08.33.11:932][865]LogAkAudio: Error: Failed to post AkAudioEvent 'stop_sx_player_highSpeed' with an AkComponent that's not valid.
[2026.08.30-08.33.11:937][865]LogScript: Warning: Script Msg: Divide by zero: Divide_DoubleDouble
[2026.08.30-08.33.11:937][865]LogAbilitySystem: Warning: No gameplay cues found to load from object SkinBP_MER_Badluck_FP_C_2147425932.
[2026.08.30-08.33.11:942][866]LogSlate: InvalidateAllWidgets triggered.  All widgets were invalidated
[2026.08.30-08.33.12:191][891]LogPhysics: Warning: FConstraintInstance::GetRefFrame : Contained scale.
[2026.08.30-08.33.12:221][894]LogScript: Warning: Script Msg: Divide by zero: Divide_DoubleDouble
[2026.08.30-08.33.12:231][895]LogAbilitySystem: Warning: GameplayCueNotify GameplayCue.Ability.ControlledFalling at index -1 not found in runtime cue set.
[2026.08.30-08.33.12:894][961]LogPhysics: Warning: FConstraintInstance::GetRefFrame : Contained scale.
[2026.08.30-08.33.12:896][961]LogCore1047: Warning: UCore1047SettingDefinition::ApplyValue Classic Portal Controls is not Enabled via bEnabled so setting value will not be applied.
[2026.08.30-08.33.12:896][961]LogCore1047: Warning: UCore1047SettingDefinition::ApplyValue Classic Portal Controls is not Enabled via bEnabled so setting value will not be applied.
[2026.08.30-08.33.12:896][961]Core1047InputUserSettings: PostInitializePlayerInput >> Re-applying Player Profile Keybinds!
[2026.08.30-08.33.12:896][961]LogCore1047: Warning: UCore1047SettingDefinition::ApplyValue Classic Portal Controls is not Enabled via bEnabled so setting value will not be applied.
[2026.08.30-08.33.12:896][961]LogCore1047: Warning: UCore1047SettingDefinition::ApplyValue Classic Portal Controls is not Enabled via bEnabled so setting value will not be applied.
[2026.08.30-08.33.12:896][961]Core1047InputUserSettings: PostInitializePlayerInput >> Re-applying Player Profile Keybinds!
[2026.08.30-08.33.12:898][961]LogAnimation: Warning: SLOTNODE: 'FiringLeftSlot' in animation instance class ABP_FirstPersonBase_V5_C already exists. Remove duplicates from the animation graph for this class.
[2026.08.30-08.33.12:901][961]LogScript: Warning: Script Msg: Divide by zero: Divide_DoubleDouble
[2026.08.30-08.33.12:901][961]LogAbilitySystem: Warning: No gameplay cues found to load from object SkinBP_SBK_RhinokCC_FP_C_2147425683.
[2026.08.30-08.33.12:907][962]LogNiagara: StaticMesh data interface has no valid mesh - NiagaraDataInterfaceStaticMesh /MAP_TriHard/TriHard_Main.TriHard_Main:PersistentLevel.BP_WeaponPickup_C_2147425672.Niagara.NiagaraDataInterfaceStaticMesh_1
[2026.08.30-08.33.12:910][962]LogSlate: InvalidateAllWidgets triggered.  All widgets were invalidated
[2026.08.30-08.33.12:935][965]LogScript: Warning: Script Msg: Divide by zero: Divide_DoubleDouble
[2026.08.30-08.33.12:942][966]LogAbilitySystem: Warning: GameplayCueNotify GameplayCue.Ability.ControlledFalling at index -1 not found in runtime cue set.
[2026.08.30-08.33.12:975][970]LogPhysics: Warning: Initialising Body : Scale3D is (nearly) zero: <NoName>
[2026.08.30-08.33.12:975][970]LogPhysics: Warning: Initialising Body : Scale3D is (nearly) zero: <NoName>
[2026.08.30-08.33.13:023][975]LogPhysics: Warning: Initialising Body : Scale3D is (nearly) zero: <NoName>
[2026.08.30-08.33.13:023][975]LogPhysics: Warning: Initialising Body : Scale3D is (nearly) zero: <NoName>
[2026.08.30-08.33.13:805][ 53]LogNiagara: StaticMesh data interface has no valid mesh - NiagaraDataInterfaceStaticMesh /MAP_TriHard/TriHard_Main.TriHard_Main:PersistentLevel.BP_WeaponPickup_C_2147425572.Niagara.NiagaraDataInterfaceStaticMesh_1
[2026.08.30-08.33.13:806][ 53]LogNiagara: StaticMesh data interface has no valid mesh - NiagaraDataInterfaceStaticMesh /MAP_TriHard/TriHard_Main.TriHard_Main:PersistentLevel.BP_WeaponPickup_C_2147425571.Niagara.NiagaraDataInterfaceStaticMesh_1
[2026.08.30-08.33.14:713][143]LogNiagara: StaticMesh data interface has no valid mesh - NiagaraDataInterfaceStaticMesh /MAP_TriHard/TriHard_Main.TriHard_Main:PersistentLevel.BP_WeaponPickup_C_2147425554.Niagara.NiagaraDataInterfaceStaticMesh_1
[2026.08.30-08.33.14:753][147]LogNiagara: StaticMesh data interface has no valid mesh - NiagaraDataInterfaceStaticMesh /MAP_TriHard/TriHard_Main.TriHard_Main:PersistentLevel.BP_WeaponPickup_C_2147425553.Niagara.NiagaraDataInterfaceStaticMesh_1
[2026.08.30-08.33.16:933][365]LogPhysics: Warning: FConstraintInstance::GetRefFrame : Contained scale.
[2026.08.30-08.33.16:962][368]LogScript: Warning: Script Msg: Divide by zero: Divide_DoubleDouble
[2026.08.30-08.33.16:971][369]LogAbilitySystem: Warning: GameplayCueNotify GameplayCue.Ability.ControlledFalling at index -1 not found in runtime cue set.
[2026.08.30-08.33.17:001][372]LogUI1047WidgetPool: Warning: Failed pool request for widget WBP_Banner_KnockedOut_C, available: 0, taken: 1, target: 0 0
[2026.08.30-08.33.17:001][372]LogStreamableManager: Display: RequestAsyncLoad() called with empty or only null assets!
[2026.08.30-08.33.17:001][372]LogNiagara: Warning: Failed to acquire niagara system NiagaraSystem /MOD_Firecracker/Objectives/Bomb/Skins/Base/VFX/NS_Firecracker_Success.NS_Firecracker_Success from the pool with MaxPoolSize=32 and PoolPrimeSize=0
[2026.08.30-08.33.17:001][372]LogNiagara: Warning: Creating niagara system NS_Firecracker_Success without pooling isn't recommended and will result in a hitch
[2026.08.30-08.33.17:004][372]LogPortalWarsUI: Outro-ing all 0 transition stingers
[2026.08.30-08.33.17:010][373]LogStreamableManager: Display: RequestAsyncLoad() called with empty or only null assets!
[2026.08.30-08.33.17:010][373]LogStreamableManager: Display: RequestAsyncLoad() called with empty or only null assets!
[2026.08.30-08.33.17:515][424]LogNiagara: Error: GPU particle read could not find GPU context for 'NS_Firecracker_Success.RedRockets', emitter either doesn't exist or is not a GPU simulation.
[2026.08.30-08.33.17:515][424]LogNiagara: Error: GPU particle read could not find GPU context for 'NS_Firecracker_Success.BlueRockets', emitter either doesn't exist or is not a GPU simulation.
[2026.08.30-08.33.17:515][424]LogNiagara: Error: GPU particle read could not find GPU context for 'NS_Firecracker_Success.PurpleRockets', emitter either doesn't exist or is not a GPU simulation.
[2026.08.30-08.33.17:515][424]LogNiagara: Error: GPU particle read could not find GPU context for 'NS_Firecracker_Success.YellowRockets', emitter either doesn't exist or is not a GPU simulation.
[2026.08.30-08.33.18:048][477]LogNiagara: Error: GPU particle read could not find GPU context for 'NS_Firecracker_Success.BlueRockets', emitter either doesn't exist or is not a GPU simulation.
[2026.08.30-08.33.18:048][477]LogNiagara: Error: GPU particle read could not find GPU context for 'NS_Firecracker_Success.PurpleRockets', emitter either doesn't exist or is not a GPU simulation.
[2026.08.30-08.33.18:048][477]LogNiagara: Error: GPU particle read could not find GPU context for 'NS_Firecracker_Success.YellowRockets', emitter either doesn't exist or is not a GPU simulation.
[2026.08.30-08.33.18:281][500]LogNiagara: StaticMesh data interface has no valid mesh - NiagaraDataInterfaceStaticMesh /MAP_TriHard/TriHard_Main.TriHard_Main:PersistentLevel.BP_WeaponPickup_C_2147425414.Niagara.NiagaraDataInterfaceStaticMesh_1
[2026.08.30-08.33.18:306][503]LogNiagara: Error: GPU particle read could not find GPU context for 'NS_Firecracker_Success.RedRockets', emitter either doesn't exist or is not a GPU simulation.
[2026.08.30-08.33.18:813][553]LogAbilitySystem: Warning: GameplayCueNotify_Actor GCNL_Death_C_2147456869 had active timelines when it was recycled.
[2026.08.30-08.33.19:023][574]LogSlate: InvalidateAllWidgets triggered.  All widgets were invalidated
[2026.08.30-08.33.25:013][173]LogStreaming: Display: FlushAsyncLoading(5985): 1 QueuedPackages, 0 AsyncPackages
[2026.08.30-08.33.25:021][173]LogPortalWarsUI: Created transition stinger of type /Game/UI/Stinger/WBP_PostMatchTransitionStinger.WBP_PostMatchTransitionStinger_C
[2026.08.30-08.33.27:264][398]LogAbilitySystem: Warning: Attribute BonusMagazineSize has no valid attribute set present, returning
[2026.08.30-08.33.27:264][398]LogAbilitySystem: Warning: Attribute FiringSpreadMultiplier has no valid attribute set present, returning
[2026.08.30-08.33.27:264][398]LogAbilitySystem: Warning: Attribute FiringSpeedMultiplier has no valid attribute set present, returning
[2026.08.30-08.33.27:264][398]LogAbilitySystem: Warning: Attribute RefireTimeMultiplier has no valid attribute set present, returning
[2026.08.30-08.33.27:273][399]LogGF1047Experience: UnloadCurrentExperience from state Loaded
[2026.08.30-08.33.27:273][399]LogGF1047Scheduler: Unregistering variant schedule from game options (0 triggers)
[2026.08.30-08.33.27:279][399]LogUI1047WidgetPool: Warning: Failed to satisfy 1 creation requests for widget WBP_Banner_KnockedOut_C
[2026.08.30-08.33.27:298][399]LogActorPool: Clearing all actor pools
[2026.08.30-08.33.27:298][399]LogGF1047Experience: Starting experience load (CLIENT): Default__EXP_PostGame_Generic_C
[2026.08.30-08.33.27:298][399]LogStreamableManager: Display: RequestAsyncLoad() called with empty or only null assets!
[2026.08.30-08.33.27:299][399]LogSlate: InvalidateAllWidgets triggered.  All widgets were invalidated
[2026.08.30-08.33.27:393][401]LogUObjectHash: Compacting FUObjectHashTables data took   2.75ms
[2026.08.30-08.33.27:416][402]LogGF1047Experience: Experience load complete (CLIENT): Default__EXP_PostGame_Generic_C
[2026.08.30-08.33.27:416][402]LogStreaming: Display: FlushAsyncLoading(5992): 1 QueuedPackages, 0 AsyncPackages
[2026.08.30-08.33.27:418][402]LogStreamableManager: Display: RequestAsyncLoad() called with empty or only null assets!
[2026.08.30-08.33.27:418][402]LogGF1047SublevelComponent: /Game/Maps/WinningCircle/WinningCircle.WinningCircle is being added as a level instance
[2026.08.30-08.33.27:418][402]LogPortalWarsUI: Reusing existing active stinger but taking over ownership
[2026.08.30-08.33.27:421][402]LogUI1047GameOptions: Warning: Unsupported struct property type for option 'GameOptions.Property.Weapons.AmmoGrantMelee'
[2026.08.30-08.33.27:421][402]LogUI1047GameOptions: Warning: Unsupported struct property type for option 'GameOptions.Property.Weapons.AmmoGrantAmountMelee'
[2026.08.30-08.33.27:421][402]LogUI1047GameOptions: Warning: Unsupported struct property type for option 'GameOptions.Property.Weapons.AmmoGrantRanged'
[2026.08.30-08.33.27:421][402]LogUI1047GameOptions: Warning: Unsupported struct property type for option 'GameOptions.Property.Weapons.AmmoGrantAmountRanged'
[2026.08.30-08.33.27:421][402]LogUI1047GameOptions: Warning: Unsupported struct property type for option 'GameOptions.Property.Weapons.StartingAmmoRestriction'
[2026.08.30-08.33.27:421][402]LogUI1047GameOptions: Warning: Unsupported property type for option 'GameOptions.Property.FactionSelection.RestrictToFactions'
[2026.08.30-08.33.27:421][402]LogUI1047GameOptions: Warning: Unsupported struct property type for option 'GameOptions.Property.FactionSelection.CustomLoadouts'
[2026.08.30-08.33.27:421][402]LogUI1047GameOptions: Warning: Unsupported property type for option 'GameOptions.Property.ItemPads.ItemPadTypes'
[2026.08.30-08.33.27:421][402]LogUI1047GameOptions: Warning: Unsupported struct property type for option 'GameOptions.Property.BotSpawning.Difficulty'
[2026.08.30-08.33.27:421][402]LogUI1047GameOptions: Warning: Unsupported struct property type for option 'GameOptions.Property.BotSpawning.FactionLoadoutOptions'
[2026.08.30-08.33.27:421][402]LogUI1047GameOptions: Warning: Unsupported struct property type for option 'GameOptions.Property.Weapons.AmmoGrantMelee'
[2026.08.30-08.33.27:421][402]LogUI1047GameOptions: Warning: Unsupported struct property type for option 'GameOptions.Property.Weapons.AmmoGrantAmountMelee'
[2026.08.30-08.33.27:421][402]LogUI1047GameOptions: Warning: Unsupported struct property type for option 'GameOptions.Property.Weapons.AmmoGrantRanged'
[2026.08.30-08.33.27:421][402]LogUI1047GameOptions: Warning: Unsupported struct property type for option 'GameOptions.Property.Weapons.AmmoGrantAmountRanged'
[2026.08.30-08.33.27:421][402]LogUI1047GameOptions: Warning: Unsupported struct property type for option 'GameOptions.Property.Weapons.StartingAmmoRestriction'
[2026.08.30-08.33.27:421][402]LogUI1047GameOptions: Warning: Unsupported property type for option 'GameOptions.Property.FactionSelection.RestrictToFactions'
[2026.08.30-08.33.27:421][402]LogUI1047GameOptions: Warning: Unsupported struct property type for option 'GameOptions.Property.FactionSelection.CustomLoadouts'
[2026.08.30-08.33.27:421][402]LogUI1047GameOptions: Warning: Unsupported property type for option 'GameOptions.Property.ItemPads.ItemPadTypes'
[2026.08.30-08.33.27:421][402]LogUI1047GameOptions: Warning: Unsupported struct property type for option 'GameOptions.Property.BotSpawning.Difficulty'
[2026.08.30-08.33.27:421][402]LogUI1047GameOptions: Warning: Unsupported struct property type for option 'GameOptions.Property.BotSpawning.FactionLoadoutOptions'
[2026.08.30-08.33.27:425][403]LogStreaming: Display: FlushAsyncLoading(5998): 1 QueuedPackages, 273 AsyncPackages
[2026.08.30-08.33.27:432][403]LogPortalWarsUI: Configuring InGameOptionsViewModel from lobby
[2026.08.30-08.33.27:495][410]LogWwiseResourceLoader: GetLanguageMapKey: Could not find language English(US) while processing asset None.
[2026.08.30-08.33.27:495][410]LogWwiseResourceLoader: Error: CreateEventNode: Could not find language for Event None (0)
[2026.08.30-08.33.27:539][417]LogAkAudio: UAkAudioEvent::LoadEventData(play_sx_postmatch_mvp_whoosh): Could not LoadEvent
[2026.08.30-08.33.27:638][423]LogWorldPartition: ULevel::OnLevelLoaded(WinningCircle)(bIsOwningWorldGameWorld=1, bIsOwningWorldPartitioned=0, InitializeForMainWorld=0, InitializeForEditor=0, InitializeForGame=1)
[2026.08.30-08.33.27:638][423]LogWorldPartition: Display: WorldPartition initialize started...
[2026.08.30-08.33.27:638][423]LogWorldPartition: UWorldPartition::Initialize : World = /Game/Maps/WinningCircle/WinningCircle_LevelInstance_1.WinningCircle, World Type = Game, IsMainWorldPartition = 0, Location = V(X=10000000.00, Y=-10000000.00), Rotation = R(0), IsEditor = 0, IsGame = 1, IsPIEWorldTravel = 0, IsCooking = 0
[2026.08.30-08.33.27:638][423]LogWorldPartition: UWorldPartition::Initialize Context : World NetMode = Client, IsServer = 0, IsDedicatedServer = 0, IsServerStreamingEnabled = 0, IsServerStreamingOutEnabled = 0, IsUsingMakingVisibleTransaction = 0, IsUsingMakingInvisibleTransaction = 0
[2026.08.30-08.33.27:638][423]LogWorldPartition: Display: WorldPartition initialize took 129 us (total: 282 us)
[2026.08.30-08.33.27:673][427]LogStreaming: Display: FlushAsyncLoading(6000): 1 QueuedPackages, 0 AsyncPackages
[2026.08.30-08.33.27:674][427]LogGF1047SublevelComponent: Core1047NonReplicatedLevelStreamingDynamic_2147425047 has finished loading, broadcasting
[2026.08.30-08.33.27:718][429]LogViewport: Display: Viewport MouseLockMode Changed, LockOnCapture -> LockInFullscreen
[2026.08.30-08.33.27:718][429]LogViewport: Display: Viewport MouseCaptureMode Changed, CapturePermanently -> CaptureDuringRightMouseDown
[2026.08.30-08.33.27:718][429]LogViewport: Display: Player bShowMouseCursor Changed, False -> True
[2026.08.30-08.33.27:718][429]LogPortalWarsUI: Outro-ing all 0 transition stingers
[2026.08.30-08.33.27:724][430]LogSlate: InvalidateAllWidgets triggered.  All widgets were invalidated
[2026.08.30-08.33.27:760][433]LogSlate: InvalidateAllWidgets triggered.  All widgets were invalidated
[2026.08.30-08.33.27:832][444]LogSlate: InvalidateAllWidgets triggered.  All widgets were invalidated
[2026.08.30-08.33.27:840][445]LogActorComponent: Warning: SetAutoActivate called on component NiagaraComponent /MAP_TriHard/Sublevels/TRIHARD_SL_Portals.TRIHARD_SL_Portals:PersistentLevel.BP_PortalWall_V5_C_45.LaunchVFX after construction!
[2026.08.30-08.33.28:425][503]LogMovieScene: Starting new camera cut: 'CineCameraActor_0'
[2026.08.30-08.33.28:429][504]LogSlate: InvalidateAllWidgets triggered.  All widgets were invalidated
[2026.08.30-08.33.28:714][531]LogNiagara: Warning: Failed to acquire niagara system NiagaraSystem /Game/VFX/NiagaraSystems/Cinematic/WinningCircle/RunningTrails/NS_CINE_WinningCircle_RunningTrails_01.NS_CINE_WinningCircle_RunningTrails_01 from the pool with MaxPoolSize=32 and PoolPrimeSize=0
[2026.08.30-08.33.28:714][531]LogNiagara: Warning: Creating niagara system NS_CINE_WinningCircle_RunningTrails_01 without pooling isn't recommended and will result in a hitch
[2026.08.30-08.33.34:824][142]LogAkAudio: Warning: Failed to post AkAudioEvent: Data for 'play_sx_postmatch_mvp_whoosh' wasn't found. Make sure the GeneratedSoundBanks folder (C:/Program Files (x86)/Steam/steamapps/common/Splitgate 2/PortalWars2/PortalWars_WwiseProject/GeneratedSoundBanks/) exists and is properly set in the project settings.
[2026.08.30-08.33.34:824][142]LogAkAudio: Warning: WwiseEventTriggering::PostEventOnDummyObject: EventTracker: 000002768B236CF0. Failed to post dummy event
[2026.08.30-08.33.34:824][142]LogAkAudio: Warning: FAkAudioDevice::GetShortID : Returning invalid ShortId for Wwise Object named play_sx_postmatch_mvp_whoosh.
[2026.08.30-08.33.40:474][707]LogWwiseResourceLoader: GetLanguageMapKey: Could not find language English(US) while processing asset None.
[2026.08.30-08.33.40:474][707]LogWwiseResourceLoader: Error: CreateEventNode: Could not find language for Event None (0)
[2026.08.30-08.33.40:474][707]LogAkAudio: UAkAudioEvent::LoadEventData(play_sx_postmatch_mvp_whoosh): Could not LoadEvent
[2026.08.30-08.33.40:474][707]LogAkAudio: Warning: Failed to post AkAudioEvent: Data for 'play_sx_postmatch_mvp_whoosh' wasn't found. Make sure the GeneratedSoundBanks folder (C:/Program Files (x86)/Steam/steamapps/common/Splitgate 2/PortalWars2/PortalWars_WwiseProject/GeneratedSoundBanks/) exists and is properly set in the project settings.
[2026.08.30-08.33.41:714][831]LogScript: Warning: Script Msg: Attempted to access index -1 from array 'AnimationCollection_3_F5DD290046FF94C1A862F9AA8AAC5562' of length 4 in '/Game/Characters/Skeleton_V5/Animations/Menu/S_ABP_GenericTransition_AnimationArray.S_ABP_GenericTransition_AnimationArray'!
[2026.08.30-08.33.41:714][831]LogScript: Warning: Script Msg: Attempted to access index -1 from array 'AnimationCollection_3_F5DD290046FF94C1A862F9AA8AAC5562' of length 4 in '/Game/Characters/Skeleton_V5/Animations/Menu/S_ABP_GenericTransition_AnimationArray.S_ABP_GenericTransition_AnimationArray'!
[2026.08.30-08.33.41:715][831]LogScript: Warning: Script Msg: Attempted to access index -1 from array 'AnimationCollection_3_F5DD290046FF94C1A862F9AA8AAC5562' of length 4 in '/Game/Characters/Skeleton_V5/Animations/Menu/S_ABP_GenericTransition_AnimationArray.S_ABP_GenericTransition_AnimationArray'!
[2026.08.30-08.33.41:715][831]LogScript: Warning: Script Msg: Attempted to access index -1 from array 'AnimationCollection_3_F5DD290046FF94C1A862F9AA8AAC5562' of length 4 in '/Game/Characters/Skeleton_V5/Animations/Menu/S_ABP_GenericTransition_AnimationArray.S_ABP_GenericTransition_AnimationArray'!
[2026.08.30-08.33.41:716][831]LogScript: Warning: Script Msg: Attempted to access index -1 from array 'AnimationCollection_3_F5DD290046FF94C1A862F9AA8AAC5562' of length 4 in '/Game/Characters/Skeleton_V5/Animations/Menu/S_ABP_GenericTransition_AnimationArray.S_ABP_GenericTransition_AnimationArray'!
[2026.08.30-08.33.41:716][831]LogScript: Warning: Script Msg: Attempted to access index -1 from array 'AnimationCollection_3_F5DD290046FF94C1A862F9AA8AAC5562' of length 4 in '/Game/Characters/Skeleton_V5/Animations/Menu/S_ABP_GenericTransition_AnimationArray.S_ABP_GenericTransition_AnimationArray'!
[2026.08.30-08.33.41:720][831]LogUMG: Error: Unable to find Animation AnimInChallenges_Left on Widget Class 'WBP_EndOfMatch_Summaries_C', was the animation deleted?
[2026.08.30-08.33.41:730][831]LogSlate: Toggling fast path.  New State: 0
[2026.08.30-08.33.41:730][831]PIE: Warning: AttachTo: '/MAP_TriHard/TriHard_Main.TriHard_Main:PersistentLevel.BP_PortalWall_V6_0x00000000_8338DC5E469DCEAE11E9FEAC7822A48E_LevelSequenceActor_0.Mesh' is not static , cannot attach '/MAP_TriHard/TriHard_Main.TriHard_Main:PersistentLevel.BP_PortalWall_V6_0x00000000_8338DC5E469DCEAE11E9FEAC7822A48E_LevelSequenceActor_0.SM_PortalWallEdge' which is static to it. Aborting.
[2026.08.30-08.33.41:731][831]PIE: Warning: AttachTo: '/MAP_TriHard/TriHard_Main.TriHard_Main:PersistentLevel.BP_PortalWall_V6_0x00000000_8338DC5E469DCEAE11E9FEAC7822A48E_LevelSequenceActor_0.Mesh' is not static , cannot attach '/MAP_TriHard/TriHard_Main.TriHard_Main:PersistentLevel.BP_PortalWall_V6_0x00000000_8338DC5E469DCEAE11E9FEAC7822A48E_LevelSequenceActor_0.RFStretchingStaticMesh' which is static to it. Aborting.
[2026.08.30-08.33.41:736][832]LogNiagara: Warning: NiagaraComponent(NiagaraComponent /MAP_TriHard/TriHard_Main.TriHard_Main:PersistentLevel.NiagaraActor_UAID_50EBF63EE53C46A102_2147423363.NiagaraComponent0 - NiagaraSystem /Game/VFX/NiagaraSystems/Cinematic/Default/CrowdCameraFlash/NS_CINE_CrowdFlashes_01.NS_CINE_CrowdFlashes_01) required LWC tile recache and was reset.
[2026.08.30-08.33.41:736][832]LogNiagara: Warning: NiagaraComponent(NiagaraComponent /MAP_TriHard/TriHard_Main.TriHard_Main:PersistentLevel.NiagaraActor_UAID_50EBF63EE53C46A102_2147423360.NiagaraComponent0 - NiagaraSystem /Game/VFX/NiagaraSystems/Cinematic/Default/CrowdCameraFlash/NS_CINE_CrowdFlashes_01.NS_CINE_CrowdFlashes_01) required LWC tile recache and was reset.
[2026.08.30-08.33.41:737][832]LogNiagara: Warning: NiagaraComponent(NiagaraComponent /MAP_TriHard/TriHard_Main.TriHard_Main:PersistentLevel.NiagaraActor_UAID_50EBF63EE53C47A102_2147423358.NiagaraComponent0 - NiagaraSystem /Game/VFX/NiagaraSystems/Cinematic/Default/CrowdCameraFlash/NS_CINE_CrowdFlashes_01.NS_CINE_CrowdFlashes_01) required LWC tile recache and was reset.
[2026.08.30-08.33.41:737][832]LogNiagara: Warning: NiagaraComponent(NiagaraComponent /MAP_TriHard/TriHard_Main.TriHard_Main:PersistentLevel.NiagaraActor_UAID_50EBF63EE53C47A102_2147423357.NiagaraComponent0 - NiagaraSystem /Game/VFX/NiagaraSystems/Cinematic/Default/CrowdCameraFlash/NS_CINE_CrowdFlashes_01.NS_CINE_CrowdFlashes_01) required LWC tile recache and was reset.
[2026.08.30-08.33.41:737][832]LogNiagara: Warning: NiagaraComponent(NiagaraComponent /MAP_TriHard/TriHard_Main.TriHard_Main:PersistentLevel.NiagaraActor_UAID_50EBF63EE53C46A102_2147423356.NiagaraComponent0 - NiagaraSystem /Game/VFX/NiagaraSystems/Cinematic/Default/CrowdCameraFlash/NS_CINE_CrowdFlashes_01.NS_CINE_CrowdFlashes_01) required LWC tile recache and was reset.
[2026.08.30-08.33.41:737][832]LogNiagara: Warning: NiagaraComponent(NiagaraComponent /MAP_TriHard/TriHard_Main.TriHard_Main:PersistentLevel.NiagaraActor_UAID_50EBF63EE53C46A102_2147423355.NiagaraComponent0 - NiagaraSystem /Game/VFX/NiagaraSystems/Cinematic/Default/CrowdCameraFlash/NS_CINE_CrowdFlashes_01.NS_CINE_CrowdFlashes_01) required LWC tile recache and was reset.
[2026.08.30-08.33.41:737][832]LogNiagara: Warning: NiagaraComponent(NiagaraComponent /MAP_TriHard/TriHard_Main.TriHard_Main:PersistentLevel.NiagaraActor_UAID_50EBF63EE53C46A102_2147423353.NiagaraComponent0 - NiagaraSystem /Game/VFX/NiagaraSystems/Cinematic/Default/CrowdCameraFlash/NS_CINE_CrowdFlashes_01.NS_CINE_CrowdFlashes_01) required LWC tile recache and was reset.
[2026.08.30-08.33.41:737][832]LogNiagara: Warning: NiagaraComponent(NiagaraComponent /MAP_TriHard/TriHard_Main.TriHard_Main:PersistentLevel.NiagaraActor_UAID_50EBF63EE53C46A102_2147423352.NiagaraComponent0 - NiagaraSystem /Game/VFX/NiagaraSystems/Cinematic/Default/CrowdCameraFlash/NS_CINE_CrowdFlashes_01.NS_CINE_CrowdFlashes_01) required LWC tile recache and was reset.
[2026.08.30-08.33.41:737][832]LogNiagara: Warning: NiagaraComponent(NiagaraComponent /MAP_TriHard/TriHard_Main.TriHard_Main:PersistentLevel.NiagaraActor_UAID_50EBF63EE53C46A102_2147423351.NiagaraComponent0 - NiagaraSystem /Game/VFX/NiagaraSystems/Cinematic/Default/CrowdCameraFlash/NS_CINE_CrowdFlashes_01.NS_CINE_CrowdFlashes_01) required LWC tile recache and was reset.
[2026.08.30-08.33.41:737][832]LogNiagara: Warning: NiagaraComponent(NiagaraComponent /MAP_TriHard/TriHard_Main.TriHard_Main:PersistentLevel.NiagaraActor_UAID_50EBF63EE53C2FA102_2147423361.NiagaraComponent0 - NiagaraSystem /Game/VFX/NiagaraSystems/Cinematic/WinningCircle/BackgroundFireworks/NS_CINE_WinningCircle_ContinuousSkyFireworks_01.NS_CINE_WinningCircle_ContinuousSkyFireworks_01) required LWC tile recache and was reset.
[2026.08.30-08.33.48:013][461]LogStreaming: Display: FlushAsyncLoading(6015): 1 QueuedPackages, 0 AsyncPackages
[2026.08.30-08.33.48:022][461]LogPortalWarsUI: Created transition stinger of type /Game/UI/Stinger/WBP_PortalWallTransitionStinger.WBP_PortalWallTransitionStinger_C
[2026.08.30-08.33.50:133][673]LogGlobalStatus: UEngine::Browse Started Browse: "/Game/Maps/MainMenu/MainMenu?closed"
[2026.08.30-08.33.50:133][673]LogNet: Browse: /Game/Maps/MainMenu/MainMenu?closed
[2026.08.30-08.33.50:133][673]LogNet: Connection failed; returning to Entry
[2026.08.30-08.33.50:133][673]LogLoadingScreen: Showing loading screen when 'IsShowingInitialLoadingScreen()' is false.
[2026.08.30-08.33.50:133][673]LogLoadingScreen: bCurrentlyInLoadMap is true
[2026.08.30-08.33.50:133][673]LogStreaming: Display: FlushAsyncLoading(6016): 1 QueuedPackages, 0 AsyncPackages
[2026.08.30-08.33.50:140][673]LogStreamableManager: Display: RequestAsyncLoad() called with empty or only null assets!
[2026.08.30-08.33.50:140][673]LogRHI: ShaderPipelineCache: Batch mode changed (1): Size: 1 -> 50, Time: 0.000000 -> 16.000000
[2026.08.30-08.33.50:140][673]LogCore: Display: Setting hang detector multiplier to 1.0000s. New hang duration: 0.0000s. New present duration: 0.0000s.
[2026.08.30-08.33.50:142][673]LogLoadingScreen: Loading screen showing: 1. Reason: bCurrentlyInLoadMap is true
[2026.08.30-08.33.50:142][673]LogLoad: LoadMap: /Game/Maps/MainMenu/MainMenu?closed
[2026.08.30-08.33.50:142][673]LogWorld: BeginTearingDown for /MAP_TriHard/TriHard_Main
[2026.08.30-08.33.50:143][673]LogSlate: Toggling fast path.  New State: 1
[2026.08.30-08.33.50:149][673]LogNet: World NetDriver shutdown IpNetDriver_2147469326 [GameNetDriver]
[2026.08.30-08.33.50:149][673]LogNet: DestroyNamedNetDriver IpNetDriver_2147469326 [GameNetDriver]
[2026.08.30-08.33.50:149][673]LogNet: UNetConnection::Close: [UNetConnection] RemoteAddr: 172.232.183.202:31539, Name: IpConnection_2147469307, Driver: Name:GameNetDriver Def:GameNetDriver IpNetDriver_2147469326, IsServer: NO, PC: BP_PlayerController_C_2147468072, Owner: BP_PlayerController_C_2147468072, UniqueId: GameDefined_0:1 (Steam_<STEAMID_REDACTED>), Channels: 2, Time: 2026.08.30-08.33.50
[2026.08.30-08.33.50:149][673]LogNet: UChannel::Close: Sending CloseBunch. ChIndex == 0. Name: [UChannel] ChIndex: 0, Closing: 0 [UNetConnection] RemoteAddr: 172.232.183.202:31539, Name: IpConnection_2147469307, Driver: Name:GameNetDriver Def:GameNetDriver IpNetDriver_2147469326, IsServer: NO, PC: BP_PlayerController_C_2147468072, Owner: BP_PlayerController_C_2147468072, UniqueId: GameDefined_0:1 (Steam_<STEAMID_REDACTED>)
[2026.08.30-08.33.50:149][673]LogIris: Display: Iris ReplicationSystem[0]: ReplicationSystem_2147469324 (0x00000276C6E42C40) is about to be destroyed
[2026.08.30-08.33.50:150][673]LogExit: Name:GameNetDriver Def:GameNetDriver IpNetDriver_2147469326 shut down
[2026.08.30-08.33.50:151][673]LogWorldPartition: UWorldPartition::Uninitialize : World = /Game/Maps/WinningCircle/WinningCircle_LevelInstance_1.WinningCircle
[2026.08.30-08.33.50:153][673]LogConsoleManager: Display:  |-> Unsetting r.SubsurfaceScattering, now 0
[2026.08.30-08.33.50:153][673]LogConsoleManager: Display:  |-> Unsetting r.SeparateTranslucency, now 0
[2026.08.30-08.33.50:153][673]LogConsoleManager: Display:  |-> Unsetting 1047.streaming.CosmeticsPreviewBoost, now 3.000000
[2026.08.30-08.33.50:153][673]LogConsoleManager: Display:  |-> Unsetting r.Translucency.DynamicRes.TimeBudget, now 0.500000
[2026.08.30-08.33.50:162][673]LogGF1047Experience: UnloadCurrentExperience from state Loaded
[2026.08.30-08.33.50:162][673]LogActorPool: Clearing all actor pools
[2026.08.30-08.33.50:162][673]LogWorld: UWorld::CleanupWorld for TriHard_Main, bSessionEnded=true, bCleanupResources=true
[2026.08.30-08.33.50:163][673]LogSlate: InvalidateAllWidgets triggered.  All widgets were invalidated
[2026.08.30-08.33.50:164][673]LogActorPool: Clearing all actor pools
[2026.08.30-08.33.50:164][673]LogAT1047InputRecorderSubsystem: Display: [UAT1047InputRecorderSubsystem::StopPlayback] All playback sessions stopped.
[2026.08.30-08.33.50:182][673]LogScript: Warning: Script Msg: -- No world: /Engine/Transient.PortalWarsGameEngine_2147482447:PortalWarsGameInstance_2147481931.OF1047OnlineUserRegistry_2147480910
[2026.08.30-08.33.50:182][673]LogScript: Warning: Script Msg: -- No world: /Engine/Transient.PortalWarsGameEngine_2147482447:PortalWarsGameInstance_2147481931.OF1047OnlineUserRegistry_2147480910
[2026.08.30-08.33.50:182][673]LogScript: Warning: Script Msg: -- No world: /Engine/Transient.PortalWarsGameEngine_2147482447:PortalWarsGameInstance_2147481931.OF1047OnlineUserRegistry_2147480910
[2026.08.30-08.33.50:190][673]LogScript: Warning: Script Msg: -- No world: /Engine/Transient.PortalWarsGameEngine_2147482447:PortalWarsGameInstance_2147481931.OF1047OnlineUserRegistry_2147480910
[2026.08.30-08.33.50:190][673]LogScript: Warning: Script Msg: -- No world: /Engine/Transient.PortalWarsGameEngine_2147482447:PortalWarsGameInstance_2147481931.OF1047OnlineUserRegistry_2147480910
[2026.08.30-08.33.50:191][673]LogScript: Warning: Script Msg: -- No world: /Engine/Transient.PortalWarsGameEngine_2147482447:PortalWarsGameInstance_2147481931.OF1047OnlineUserRegistry_2147480910
[2026.08.30-08.33.50:351][673]LogUObjectHash: Compacting FUObjectHashTables data took   2.79ms
[2026.08.30-08.33.50:651][673]LogCC1047Objects: Loaded 886 actor descriptors
[2026.08.30-08.33.50:651][673]LogAT1047InputRecorderSubsystem: Display: [UAT1047InputRecorderSubsystem::ResetSettingsToDefaults] Settings reset to defaults from InputRecorderSettings
[2026.08.30-08.33.50:652][673]LogSlate: Toggling fast path.  New State: 0
[2026.08.30-08.33.50:655][673]LogWorldPartition: ULevel::OnLevelLoaded(MainMenu)(bIsOwningWorldGameWorld=1, bIsOwningWorldPartitioned=1, InitializeForMainWorld=1, InitializeForEditor=0, InitializeForGame=1)
[2026.08.30-08.33.50:655][673]LogWorldPartition: Display: WorldPartition initialize started...
[2026.08.30-08.33.50:655][673]LogWorldPartition: UWorldPartition::Initialize : World = /Game/Maps/MainMenu/MainMenu.MainMenu, World Type = Game, IsMainWorldPartition = 1, Location = V(0), Rotation = R(0), IsEditor = 0, IsGame = 1, IsPIEWorldTravel = 0, IsCooking = 0
[2026.08.30-08.33.50:655][673]LogWorldPartition: UWorldPartition::Initialize Context : World NetMode = Standalone, IsServer = 0, IsDedicatedServer = 0, IsServerStreamingEnabled = 0, IsServerStreamingOutEnabled = 0, IsUsingMakingVisibleTransaction = 0, IsUsingMakingInvisibleTransaction = 0
[2026.08.30-08.33.50:656][673]LogWorldPartition: Display: WorldPartition initialize took 149 us (total: 432 us)
[2026.08.30-08.33.50:656][673]LogLoad: Game class is 'MainMenuGameMode_BP_C'
[2026.08.30-08.33.50:661][673]LogWorld: Bringing World /Game/Maps/MainMenu/MainMenu.MainMenu up for play (max tick rate 162) at 2026.08.30-01.33.50
[2026.08.30-08.33.50:661][673]LogWorld: Bringing up level for play took: 0.005610
[2026.08.30-08.33.50:662][673]LogGameMode: FindPlayerStart: PATHS NOT DEFINED or NO PLAYERSTART with positive rating
[2026.08.30-08.33.50:663][673]LogEnhancedInput: Warning: A key profile with the name 'InputUserSettings.Profiles.Player' already exists! Use a different name.
[2026.08.30-08.33.50:663][673]LogEnhancedInput: Warning: A key profile with the name 'InputUserSettings.Profiles.Default' already exists! Use a different name.
[2026.08.30-08.33.50:663][673]Core1047InputUserSettings: KeyRebinding_ReregisterPlayerProfile >> Ran!
[2026.08.30-08.33.50:663][673]LogCore1047InputSubsystem: Apply input mode: ECore1047InputMethod::MouseAndKeyboard
[2026.08.30-08.33.50:663][673]LogCC1047CustomMapSupport: Pre world begin play.
[2026.08.30-08.33.50:665][673]LogStreamableManager: Display: RequestAsyncLoad() called with empty or only null assets!
[2026.08.30-08.33.50:665][673]LogStreamableManager: Display: RequestAsyncLoad() called with empty or only null assets!
[2026.08.30-08.33.50:665][673]LogScript: Warning: Script Msg: Attempted to access index 0 from array 'Textures' of length 0 in '/Game/UI/MainMenu/Locker/PlayerCard/WBP_PlayerCard.WBP_PlayerCard_C:UpdateBadges'!
[2026.08.30-08.33.50:665][673]LogScript: Warning: Script Msg: Attempted to access index 1 from array 'Textures' of length 0 in '/Game/UI/MainMenu/Locker/PlayerCard/WBP_PlayerCard.WBP_PlayerCard_C:UpdateBadges'!
[2026.08.30-08.33.50:665][673]LogScript: Warning: Script Msg: Attempted to access index 2 from array 'Textures' of length 0 in '/Game/UI/MainMenu/Locker/PlayerCard/WBP_PlayerCard.WBP_PlayerCard_C:UpdateBadges'!
[2026.08.30-08.33.50:666][673]LogStreamableManager: Display: RequestAsyncLoad() called with empty or only null assets!
[2026.08.30-08.33.50:666][673]LogStreamableManager: Display: RequestAsyncLoad() called with empty or only null assets!
[2026.08.30-08.33.50:686][673]LogStreamableManager: Display: RequestAsyncLoad() called with empty or only null assets!
[2026.08.30-08.33.50:686][673]LogStreamableManager: Display: RequestAsyncLoad() called with empty or only null assets!
[2026.08.30-08.33.50:686][673]LogScript: Warning: Script Msg: Attempted to access index 0 from array 'Textures' of length 0 in '/Game/UI/MainMenu/Locker/PlayerCard/WBP_PlayerCard.WBP_PlayerCard_C:UpdateBadges'!
[2026.08.30-08.33.50:686][673]LogScript: Warning: Script Msg: Attempted to access index 1 from array 'Textures' of length 0 in '/Game/UI/MainMenu/Locker/PlayerCard/WBP_PlayerCard.WBP_PlayerCard_C:UpdateBadges'!
[2026.08.30-08.33.50:686][673]LogScript: Warning: Script Msg: Attempted to access index 2 from array 'Textures' of length 0 in '/Game/UI/MainMenu/Locker/PlayerCard/WBP_PlayerCard.WBP_PlayerCard_C:UpdateBadges'!
[2026.08.30-08.33.50:687][673]LogActor: Warning: BP_LightRig_C /Game/Maps/MainMenu/MainMenu.MainMenu:PersistentLevel.BP_LightRig_2147421949 has natively added scene component(s), but none of them were set as the actor's RootComponent - picking one arbitrarily
[2026.08.30-08.33.50:689][673]LogMovieScene: Starting new camera cut: 'CineCameraActor_2147421941'
[2026.08.30-08.33.50:744][673]LogUI1047: Frame Rate Limit Set to Main Menu FPS Limit of: 60
[2026.08.30-08.33.50:748][673]LogMDFastBinding: Warning: [WBP_MainMenuSceneStack_C] uses a deprecated property-based MDFastBindingContainer, resave it to automatically upgrade it to a widget extension
[2026.08.30-08.33.50:751][673]LogStreamableManager: Display: RequestAsyncLoad() called with empty or only null assets!
[2026.08.30-08.33.50:840][673]LogStreamableManager: Display: RequestAsyncLoad() called with empty or only null assets!
[2026.08.30-08.33.50:840][673]LogStreamableManager: Display: RequestAsyncLoad() called with empty or only null assets!
[2026.08.30-08.33.50:841][673]LogStreamableManager: Display: RequestAsyncLoad() called with empty or only null assets!
[2026.08.30-08.33.50:849][673]LogUI1047GameOptions: Warning: Unsupported struct property type for option 'GameOptions.Property.Weapons.AmmoGrantMelee'
[2026.08.30-08.33.50:849][673]LogUI1047GameOptions: Warning: Unsupported struct property type for option 'GameOptions.Property.Weapons.AmmoGrantAmountMelee'
[2026.08.30-08.33.50:849][673]LogUI1047GameOptions: Warning: Unsupported struct property type for option 'GameOptions.Property.Weapons.AmmoGrantRanged'
[2026.08.30-08.33.50:849][673]LogUI1047GameOptions: Warning: Unsupported struct property type for option 'GameOptions.Property.Weapons.AmmoGrantAmountRanged'
[2026.08.30-08.33.50:849][673]LogUI1047GameOptions: Warning: Unsupported struct property type for option 'GameOptions.Property.Weapons.StartingAmmoRestriction'
[2026.08.30-08.33.50:849][673]LogUI1047GameOptions: Warning: Unsupported property type for option 'GameOptions.Property.FactionSelection.RestrictToFactions'
[2026.08.30-08.33.50:849][673]LogUI1047GameOptions: Warning: Unsupported struct property type for option 'GameOptions.Property.FactionSelection.CustomLoadouts'
[2026.08.30-08.33.50:849][673]LogUI1047GameOptions: Warning: Unsupported property type for option 'GameOptions.Property.ItemPads.ItemPadTypes'
[2026.08.30-08.33.50:849][673]LogUI1047GameOptions: Warning: Unsupported struct property type for option 'GameOptions.Property.BotSpawning.Difficulty'
[2026.08.30-08.33.50:849][673]LogUI1047GameOptions: Warning: Unsupported struct property type for option 'GameOptions.Property.BotSpawning.FactionLoadoutOptions'
[2026.08.30-08.33.50:849][673]LogUI1047GameOptions: Warning: Unsupported struct property type for option 'GameOptions.Property.Weapons.AmmoGrantMelee'
[2026.08.30-08.33.50:849][673]LogUI1047GameOptions: Warning: Unsupported struct property type for option 'GameOptions.Property.Weapons.AmmoGrantAmountMelee'
[2026.08.30-08.33.50:849][673]LogUI1047GameOptions: Warning: Unsupported struct property type for option 'GameOptions.Property.Weapons.AmmoGrantRanged'
[2026.08.30-08.33.50:849][673]LogUI1047GameOptions: Warning: Unsupported struct property type for option 'GameOptions.Property.Weapons.AmmoGrantAmountRanged'
[2026.08.30-08.33.50:849][673]LogUI1047GameOptions: Warning: Unsupported struct property type for option 'GameOptions.Property.Weapons.StartingAmmoRestriction'
[2026.08.30-08.33.50:849][673]LogUI1047GameOptions: Warning: Unsupported property type for option 'GameOptions.Property.FactionSelection.RestrictToFactions'
[2026.08.30-08.33.50:849][673]LogUI1047GameOptions: Warning: Unsupported struct property type for option 'GameOptions.Property.FactionSelection.CustomLoadouts'
[2026.08.30-08.33.50:849][673]LogUI1047GameOptions: Warning: Unsupported property type for option 'GameOptions.Property.ItemPads.ItemPadTypes'
[2026.08.30-08.33.50:849][673]LogUI1047GameOptions: Warning: Unsupported struct property type for option 'GameOptions.Property.BotSpawning.Difficulty'
[2026.08.30-08.33.50:849][673]LogUI1047GameOptions: Warning: Unsupported struct property type for option 'GameOptions.Property.BotSpawning.FactionLoadoutOptions'
[2026.08.30-08.33.50:850][673]LogStreamableManager: Display: RequestAsyncLoad() called with empty or only null assets!
[2026.08.30-08.33.50:858][673]LogStreamableManager: Display: RequestAsyncLoad() called with empty or only null assets!
[2026.08.30-08.33.50:861][673]LogMovieScene: Starting new camera cut: 'CineCameraActor_2147420124'
[2026.08.30-08.33.50:862][673]LogViewport: Display: Viewport MouseCaptureMode Changed, CaptureDuringRightMouseDown -> NoCapture
[2026.08.30-08.33.50:864][673]LogStreamableManager: Display: RequestAsyncLoad() called with empty or only null assets!
[2026.08.30-08.33.50:864][673]LogStreamableManager: Display: RequestAsyncLoad() called with empty or only null assets!
[2026.08.30-08.33.50:883][673]LogStreamableManager: Display: RequestAsyncLoad() called with empty or only null assets!
[2026.08.30-08.33.50:883][673]LogStreamableManager: Display: RequestAsyncLoad() called with empty or only null assets!
[2026.08.30-08.33.50:887][673]LogStreamableManager: Display: RequestAsyncLoad() called with empty or only null assets!
[2026.08.30-08.33.50:894][673]LogStreamableManager: Display: RequestAsyncLoad() called with empty or only null assets!
[2026.08.30-08.33.50:895][673]LogStreamableManager: Display: RequestAsyncLoad() called with empty or only null assets!
[2026.08.30-08.33.50:896][673]LogStreamableManager: Display: RequestAsyncLoad() called with empty or only null assets!
[2026.08.30-08.33.50:898][673]LogStreamableManager: Display: RequestAsyncLoad() called with empty or only null assets!
[2026.08.30-08.33.50:903][673]LogStreamableManager: Display: RequestAsyncLoad() called with empty or only null assets!
[2026.08.30-08.33.50:908][673]LogStreamableManager: Display: RequestAsyncLoad() called with empty or only null assets!
[2026.08.30-08.33.50:910][673]LogStreamableManager: Display: RequestAsyncLoad() called with empty or only null assets!
[2026.08.30-08.33.50:912][673]LogStreamableManager: Display: RequestAsyncLoad() called with empty or only null assets!
[2026.08.30-08.33.50:912][673]LogPortalWarsUI: Outro-ing all 1 transition stingers
[2026.08.30-08.33.50:912][673]LogCC1047CustomMapSupport: Post world begin play.
[2026.08.30-08.33.50:912][673]LogCC1047CustomMapSupport: Custom map late init not required.
[2026.08.30-08.33.50:912][673]LogLoad: Took 0.770487 seconds to LoadMap(/Game/Maps/MainMenu/MainMenu)
[2026.08.30-08.33.50:912][673]LogGlobalStatus: UEngine::LoadMap Load map complete /Game/Maps/MainMenu/MainMenu
[2026.08.30-08.33.50:943][673]LogUObjectHash: Compacting FUObjectHashTables data took   2.18ms
[2026.08.30-08.33.50:947][673]LogMovieScene: Starting new camera cut: 'CineCameraActor_2147420124'
[2026.08.30-08.33.50:949][673]LogNiagara: Found 0 Niagara systems with PoolPrimeSize > 0
[2026.08.30-08.33.50:949][673]LogNiagara: Primed 0 additional Niagara systems from Asset Registry
[2026.08.30-08.33.50:958][673]LogUObjectHash: Compacting FUObjectHashTables data took   0.74ms
[2026.08.30-08.33.50:974][673]LogStreamableManager: Display: RequestAsyncLoad() called with empty or only null assets!
[2026.08.30-08.33.50:976][673]LogStreamableManager: Display: RequestAsyncLoad() called with empty or only null assets!
[2026.08.30-08.33.50:977][673]LogStreamableManager: Display: RequestAsyncLoad() called with empty or only null assets!
[2026.08.30-08.33.50:978][673]LogStreamableManager: Display: RequestAsyncLoad() called with empty or only null assets!
[2026.08.30-08.33.50:979][673]LogStreamableManager: Display: RequestAsyncLoad() called with empty or only null assets!
[2026.08.30-08.33.50:980][673]LogStreamableManager: Display: RequestAsyncLoad() called with empty or only null assets!
[2026.08.30-08.33.50:986][673]LogStreamableManager: Display: RequestAsyncLoad() called with empty or only null assets!
[2026.08.30-08.33.50:987][673]LogStreamableManager: Display: RequestAsyncLoad() called with empty or only null assets!
[2026.08.30-08.33.50:992][673]LogStreamableManager: Display: RequestAsyncLoad() called with empty or only null assets!
[2026.08.30-08.33.50:992][673]LogStreamableManager: Display: RequestAsyncLoad() called with empty or only null assets!
[2026.08.30-08.33.50:998][673]LogStreamableManager: Display: RequestAsyncLoad() called with empty or only null assets!
[2026.08.30-08.33.50:998][673]LogStreamableManager: Display: RequestAsyncLoad() called with empty or only null assets!
[2026.08.30-08.33.51:000][673]LogStreamableManager: Display: RequestAsyncLoad() called with empty or only null assets!
[2026.08.30-08.33.51:002][673]LogStreamableManager: Display: RequestAsyncLoad() called with empty or only null assets!
[2026.08.30-08.33.51:002][673]LogStreamableManager: Display: RequestAsyncLoad() called with empty or only null assets!
[2026.08.30-08.33.51:005][673]LogStreamableManager: Display: RequestAsyncLoad() called with empty or only null assets!
[2026.08.30-08.33.51:005][673]LogStreamableManager: Display: RequestAsyncLoad() called with empty or only null assets!
[2026.08.30-08.33.51:008][673]LogStreamableManager: Display: RequestAsyncLoad() called with empty or only null assets!
[2026.08.30-08.33.51:008][673]LogStreamableManager: Display: RequestAsyncLoad() called with empty or only null assets!
[2026.08.30-08.33.51:011][673]LogSlate: InvalidateAllWidgets triggered.  All widgets were invalidated
[2026.08.30-08.33.51:013][674]LogAnimation: Warning: SetStartPosition called on an invalid context or with an invalid type
[2026.08.30-08.33.51:013][674]LogAnimation: Warning: SetStartPosition called on an invalid context or with an invalid type
[2026.08.30-08.33.51:013][674]LogAnimation: Warning: SetStartPosition called on an invalid context or with an invalid type
[2026.08.30-08.33.51:013][674]LogAnimation: Warning: SetStartPosition called on an invalid context or with an invalid type
[2026.08.30-08.33.51:013][674]LogAnimation: Warning: SetStartPosition called on an invalid context or with an invalid type
[2026.08.30-08.33.51:013][674]LogAnimation: Warning: SetStartPosition called on an invalid context or with an invalid type
[2026.08.30-08.33.51:013][674]LogAnimation: Warning: SetStartPosition called on an invalid context or with an invalid type
[2026.08.30-08.33.51:013][674]LogAnimation: Warning: SetStartPosition called on an invalid context or with an invalid type
[2026.08.30-08.33.51:013][674]LogAnimation: Warning: SetStartPosition called on an invalid context or with an invalid type
[2026.08.30-08.33.51:013][674]LogAnimation: Warning: SetStartPosition called on an invalid context or with an invalid type
[2026.08.30-08.33.51:013][674]LogAnimation: Warning: SetStartPosition called on an invalid context or with an invalid type
[2026.08.30-08.33.51:013][674]LogAnimation: Warning: SetStartPosition called on an invalid context or with an invalid type
[2026.08.30-08.33.51:013][674]LogAnimation: Warning: SetStartPosition called on an invalid context or with an invalid type
[2026.08.30-08.33.51:013][674]LogAnimation: Warning: SetStartPosition called on an invalid context or with an invalid type
[2026.08.30-08.33.51:013][674]LogAnimation: Warning: SetStartPosition called on an invalid context or with an invalid type
[2026.08.30-08.33.51:013][674]LogAnimation: Warning: SetStartPosition called on an invalid context or with an invalid type
[2026.08.30-08.33.51:013][674]LogAnimation: Warning: SetStartPosition called on an invalid context or with an invalid type
[2026.08.30-08.33.51:013][674]LogAnimation: Warning: SetStartPosition called on an invalid context or with an invalid type
[2026.08.30-08.33.51:013][674]LogAnimation: Warning: SetStartPosition called on an invalid context or with an invalid type
[2026.08.30-08.33.51:013][674]LogAnimation: Warning: SetStartPosition called on an invalid context or with an invalid type
[2026.08.30-08.33.51:013][674]LogAnimation: Warning: SetStartPosition called on an invalid context or with an invalid type
[2026.08.30-08.33.51:013][674]LogAnimation: Warning: SetStartPosition called on an invalid context or with an invalid type
[2026.08.30-08.33.51:013][674]LogAnimation: Warning: SetStartPosition called on an invalid context or with an invalid type
[2026.08.30-08.33.51:022][674]LogSlate: InvalidateAllWidgets triggered.  All widgets were invalidated
[2026.08.30-08.33.51:029][675]LogStreaming: Display: FlushAsyncLoading(6181): 1 QueuedPackages, 0 AsyncPackages
[2026.08.30-08.33.51:039][675]LogScript: Warning: Script Msg: Divide by zero: Divide_DoubleDouble
[2026.08.30-08.33.51:057][675]LogSlate: InvalidateAllWidgets triggered.  All widgets were invalidated
[2026.08.30-08.33.51:458][700]LogLoadingScreen: Hiding loading screen when 'IsShowingInitialLoadingScreen()' is false.
[2026.08.30-08.33.51:458][700]LogLoadingScreen: (nothing wants to show it anymore)
[2026.08.30-08.33.51:458][700]LogLoadingScreen: Garbage Collecting before dropping load screen
[2026.08.30-08.33.51:458][700]LogRHI: ShaderPipelineCache: Batch mode changed (0): Size: 50 -> 1, Time: 16.000000 -> 0.000000
[2026.08.30-08.33.51:458][700]LogCore: Display: Setting hang detector multiplier to 1.0000s. New hang duration: 0.0000s. New present duration: 0.0000s.
[2026.08.30-08.33.51:458][700]LogLoadingScreen: LoadingScreen was visible for 1.33s
[2026.08.30-08.33.51:477][700]LogUObjectHash: Compacting FUObjectHashTables data took   1.92ms
[2026.08.30-08.33.55:747][957]LogStreamableManager: Display: RequestAsyncLoad() called with empty or only null assets!
[2026.08.30-08.34.25:176][723]LogActor: Warning: BP_LightRig_C /Game/Maps/MainMenu/MainMenu.MainMenu:PersistentLevel.BP_LightRig_2147417724 has natively added scene component(s), but none of them were set as the actor's RootComponent - picking one arbitrarily
[2026.08.30-08.34.25:178][723]LogMovieScene: Starting new camera cut: 'CineCameraActor_2147417716'
[2026.08.30-08.34.59:760][788]LogMovieScene: Starting new camera cut: 'CineCameraActor_2147417526'
[2026.08.30-08.35.00:925][858]LogStreamableManager: Display: RequestAsyncLoad() called with empty or only null assets!
[2026.08.30-08.35.13:641][621]LogStreamableManager: Display: RequestAsyncLoad() called with empty or only null assets!
[2026.08.30-08.35.19:224][956]LogStreamableManager: Display: RequestAsyncLoad() called with empty or only null assets!
[2026.08.30-08.35.34:327][852]LogMovieScene: Starting new camera cut: 'CineCameraActor_2147416419'
[2026.08.30-08.35.35:093][898]LogStreamableManager: Display: RequestAsyncLoad() called with empty or only null assets!
[2026.08.30-08.35.36:282][969]LogSlate: InvalidateAllWidgets triggered.  All widgets were invalidated
[2026.08.30-08.35.36:296][970]LogSlate: InvalidateAllWidgets triggered.  All widgets were invalidated
[2026.08.30-08.35.36:311][971]LogSlate: InvalidateAllWidgets triggered.  All widgets were invalidated
[2026.08.30-08.35.38:481][ 84]LogSlate: InvalidateAllWidgets triggered.  All widgets were invalidated
[2026.08.30-08.35.44:032][416]LogBlueprintUserMessages: Closing by request
[2026.08.30-08.35.44:032][416]LogWindows: FPlatformMisc::RequestExit(0, UKismetSystemLibrary::QuitGame)
[2026.08.30-08.35.44:032][416]LogWindows: FPlatformMisc::RequestExitWithStatus(0, 0, UKismetSystemLibrary::QuitGame)
[2026.08.30-08.35.44:032][416]LogCore: Engine exit requested (reason: Win RequestExit)
[2026.08.30-08.35.44:040][417]LogCore: Engine exit requested (reason: EngineExit() was called; note: exit was already requested)
[2026.08.30-08.35.44:041][417]LogInit: Display: PreExit Game.
[2026.08.30-08.35.44:042][417]LogWorld: BeginTearingDown for /Game/Maps/MainMenu/MainMenu
[2026.08.30-08.35.44:290][417]LogConsoleManager: Display:  |-> Unsetting r.SubsurfaceScattering, now 0
[2026.08.30-08.35.44:290][417]LogConsoleManager: Display:  |-> Unsetting r.LightMaxDrawDistanceScale, now 1.000000
[2026.08.30-08.35.44:290][417]LogConsoleManager: Display:  |-> Unsetting r.SeparateTranslucency, now 0
[2026.08.30-08.35.44:290][417]LogConsoleManager: Display:  |-> Unsetting r.PostProcessing.QuarterResolutionDownsample, now 1
[2026.08.30-08.35.44:290][417]LogConsoleManager: Display:  |-> Unsetting r.Translucency.DynamicRes.TimeBudget, now 0.500000
[2026.08.30-08.35.44:290][417]LogConsoleManager: Display:  |-> Unsetting r.VRS.ReflectionEnvironmentSky, now 0
[2026.08.30-08.35.44:290][417]LogConsoleManager: Display:  |-> Unsetting r.VRS.SSR, now 2
[2026.08.30-08.35.44:293][417]LogUI1047: Frame Rate Limit Restored to Player Settings Value of: 162
[2026.08.30-08.35.44:293][417]LogViewport: Display: Viewport MouseCaptureMode Changed, NoCapture -> CaptureDuringRightMouseDown
[2026.08.30-08.35.44:294][417]LogPortalWarsUI: Outro-ing all 0 transition stingers
[2026.08.30-08.35.44:294][417]LogChartCreation: Stopped creating FPS charts at 17551936.123014 seconds
[2026.08.30-08.35.44:414][417]LogActorComponent: UnregisterComponent: (/Engine/Transient.PortalWarsGameEngine_2147482447:PortalWarsGameInstance_2147481931.PortalWarsMusicSubsystem_2147480896.MusicAudioComponent) Not registered. Aborting.
[2026.08.30-08.35.44:414][417]LogWorld: UWorld::CleanupWorld for MainMenu, bSessionEnded=true, bCleanupResources=true
[2026.08.30-08.35.44:415][417]LogSlate: InvalidateAllWidgets triggered.  All widgets were invalidated
[2026.08.30-08.35.44:415][417]LogWorldPartition: UWorldPartition::Uninitialize : World = /Game/Maps/MainMenu/MainMenu.MainMenu
[2026.08.30-08.35.44:415][417]LogActorPool: Clearing all actor pools
[2026.08.30-08.35.44:416][417]LogAT1047InputRecorderSubsystem: Display: [UAT1047InputRecorderSubsystem::StopPlayback] All playback sessions stopped.
[2026.08.30-08.35.44:427][417]LogScript: Warning: Script Msg: -- No world: /Game/DataRegistry/DR_Weapons.DR_Weapons:OF1047DataRegistrySource_RemoteConfiguration_0
[2026.08.30-08.35.44:428][417]LogGameFeatures: Shutting down game features subsystem
[2026.08.30-08.35.44:581][417]LogAudio: Display: Beginning Audio Device Manager Shutdown (Module: )...
[2026.08.30-08.35.44:581][417]LogAudio: Display: Audio Device Manager Shutdown
[2026.08.30-08.35.44:581][417]LogSlate: Request Window 'PortalWars2  ' being destroyed
[2026.08.30-08.35.44:581][417]LogSlate: Window 'PortalWars2  ' being destroyed
[2026.08.30-08.35.44:603][417]LogSlate: Slate User Destroyed.  User Index 0, Is Virtual User: 0
[2026.08.30-08.35.44:608][417]LogExit: Preparing to exit.
[2026.08.30-08.35.44:609][417]LogMoviePlayer: Shutting down movie player
[2026.08.30-08.35.44:668][417]LogSlate: Updating window title bar state: overlay mode, drag disabled, window buttons hidden, title bar hidden
[2026.08.30-08.35.44:722][417]LogScript: Warning: Script Msg: -- Null obj
[2026.08.30-08.35.44:723][417]LogScript: Warning: Script Msg: -- No world: None.None:None.None.PortalWarsUISocialReferAFriendViewModel_2147475801
[2026.08.30-08.35.44:723][417]LogScript: Warning: Script Msg: -- Null obj
[2026.08.30-08.35.44:731][417]LogScript: Warning: Script Msg: -- No world: None.None:None.None.PortalWarsUIPlayerRankViewModel_2147474658
[2026.08.30-08.35.44:731][417]LogScript: Warning: Script Msg: -- Null obj
[2026.08.30-08.35.44:731][417]LogScript: Warning: Script Msg: -- Null obj
[2026.08.30-08.35.44:731][417]LogScript: Warning: Script Msg: -- Null obj
[2026.08.30-08.35.44:731][417]LogScript: Warning: Script Msg: -- Null obj
[2026.08.30-08.35.44:731][417]LogScript: Warning: Script Msg: -- Null obj
[2026.08.30-08.35.44:731][417]LogScript: Warning: Script Msg: -- No world: None.None:None.None.None.None.PortalWarsUIStoreOfferViewModel_V2_2147474599
[2026.08.30-08.35.44:732][417]LogScript: Warning: Script Msg: -- No world: None.None:None.None.None.None.PortalWarsUIStoreOfferViewModel_V2_2147474592
[2026.08.30-08.35.44:733][417]LogScript: Warning: Script Msg: -- Null obj
[2026.08.30-08.35.44:733][417]LogScript: Warning: Script Msg: -- Null obj
[2026.08.30-08.35.44:733][417]LogScript: Warning: Script Msg: -- Null obj
[2026.08.30-08.35.44:733][417]LogScript: Warning: Script Msg: -- Null obj
[2026.08.30-08.35.44:733][417]LogScript: Warning: Script Msg: -- Null obj
[2026.08.30-08.35.44:733][417]LogScript: Warning: Script Msg: -- Null obj
[2026.08.30-08.35.44:733][417]LogScript: Warning: Script Msg: -- Null obj
[2026.08.30-08.35.44:733][417]LogScript: Warning: Script Msg: -- Null obj
[2026.08.30-08.35.44:733][417]LogScript: Warning: Script Msg: -- Null obj
[2026.08.30-08.35.44:733][417]LogScript: Warning: Script Msg: -- Null obj
[2026.08.30-08.35.44:733][417]LogScript: Warning: Script Msg: -- Null obj
[2026.08.30-08.35.44:733][417]LogScript: Warning: Script Msg: -- Null obj
[2026.08.30-08.35.44:733][417]LogScript: Warning: Script Msg: -- Null obj
[2026.08.30-08.35.44:733][417]LogScript: Warning: Script Msg: -- Null obj
[2026.08.30-08.35.44:733][417]LogScript: Warning: Script Msg: -- Null obj
[2026.08.30-08.35.44:733][417]LogScript: Warning: Script Msg: -- Null obj
[2026.08.30-08.35.44:733][417]LogScript: Warning: Script Msg: -- Null obj
[2026.08.30-08.35.44:733][417]LogScript: Warning: Script Msg: -- Null obj
[2026.08.30-08.35.44:733][417]LogScript: Warning: Script Msg: -- Null obj
[2026.08.30-08.35.44:733][417]LogScript: Warning: Script Msg: -- Null obj
[2026.08.30-08.35.44:733][417]LogScript: Warning: Script Msg: -- Null obj
[2026.08.30-08.35.44:733][417]LogScript: Warning: Script Msg: -- Null obj
[2026.08.30-08.35.44:733][417]LogScript: Warning: Script Msg: -- Null obj
[2026.08.30-08.35.44:733][417]LogScript: Warning: Script Msg: -- Null obj
[2026.08.30-08.35.44:733][417]LogScript: Warning: Script Msg: -- Null obj
[2026.08.30-08.35.44:733][417]LogScript: Warning: Script Msg: -- Null obj
[2026.08.30-08.35.44:733][417]LogScript: Warning: Script Msg: -- Null obj
[2026.08.30-08.35.44:733][417]LogScript: Warning: Script Msg: -- Null obj
[2026.08.30-08.35.44:733][417]LogScript: Warning: Script Msg: -- Null obj
[2026.08.30-08.35.44:733][417]LogScript: Warning: Script Msg: -- Null obj
[2026.08.30-08.35.44:733][417]LogScript: Warning: Script Msg: -- Null obj
[2026.08.30-08.35.44:733][417]LogScript: Warning: Script Msg: -- Null obj
[2026.08.30-08.35.44:733][417]LogScript: Warning: Script Msg: -- Null obj
[2026.08.30-08.35.44:733][417]LogScript: Warning: Script Msg: -- Null obj
[2026.08.30-08.35.44:733][417]LogScript: Warning: Script Msg: -- Null obj
[2026.08.30-08.35.44:733][417]LogScript: Warning: Script Msg: -- Null obj
[2026.08.30-08.35.44:733][417]LogScript: Warning: Script Msg: -- Null obj
[2026.08.30-08.35.44:733][417]LogScript: Warning: Script Msg: -- Null obj
[2026.08.30-08.35.44:733][417]LogScript: Warning: Script Msg: -- Null obj
[2026.08.30-08.35.44:733][417]LogScript: Warning: Script Msg: -- Null obj
[2026.08.30-08.35.44:733][417]LogScript: Warning: Script Msg: -- Null obj
[2026.08.30-08.35.44:733][417]LogScript: Warning: Script Msg: -- Null obj
[2026.08.30-08.35.44:733][417]LogScript: Warning: Script Msg: -- Null obj
[2026.08.30-08.35.44:733][417]LogScript: Warning: Script Msg: -- Null obj
[2026.08.30-08.35.44:733][417]LogScript: Warning: Script Msg: -- Null obj
[2026.08.30-08.35.44:733][417]LogScript: Warning: Script Msg: -- Null obj
[2026.08.30-08.35.44:733][417]LogScript: Warning: Script Msg: -- Null obj
[2026.08.30-08.35.44:733][417]LogScript: Warning: Script Msg: -- Null obj
[2026.08.30-08.35.44:733][417]LogScript: Warning: Script Msg: -- Null obj
[2026.08.30-08.35.44:733][417]LogScript: Warning: Script Msg: -- Null obj
[2026.08.30-08.35.44:733][417]LogScript: Warning: Script Msg: -- Null obj
[2026.08.30-08.35.44:733][417]LogScript: Warning: Script Msg: -- Null obj
[2026.08.30-08.35.44:733][417]LogScript: Warning: Script Msg: -- Null obj
[2026.08.30-08.35.44:733][417]LogScript: Warning: Script Msg: -- Null obj
[2026.08.30-08.35.44:733][417]LogScript: Warning: Script Msg: -- Null obj
[2026.08.30-08.35.44:733][417]LogScript: Warning: Script Msg: -- Null obj
[2026.08.30-08.35.44:733][417]LogScript: Warning: Script Msg: -- Null obj
[2026.08.30-08.35.44:733][417]LogScript: Warning: Script Msg: -- Null obj
[2026.08.30-08.35.44:733][417]LogScript: Warning: Script Msg: -- Null obj
[2026.08.30-08.35.44:733][417]LogScript: Warning: Script Msg: -- Null obj
[2026.08.30-08.35.44:733][417]LogScript: Warning: Script Msg: -- Null obj
[2026.08.30-08.35.44:733][417]LogScript: Warning: Script Msg: -- Null obj
[2026.08.30-08.35.44:733][417]LogScript: Warning: Script Msg: -- Null obj
[2026.08.30-08.35.44:733][417]LogScript: Warning: Script Msg: -- Null obj
[2026.08.30-08.35.44:733][417]LogScript: Warning: Script Msg: -- Null obj
[2026.08.30-08.35.44:733][417]LogScript: Warning: Script Msg: -- Null obj
[2026.08.30-08.35.44:733][417]LogScript: Warning: Script Msg: -- Null obj
[2026.08.30-08.35.44:733][417]LogScript: Warning: Script Msg: -- Null obj
[2026.08.30-08.35.44:733][417]LogScript: Warning: Script Msg: -- Null obj
[2026.08.30-08.35.44:733][417]LogScript: Warning: Script Msg: -- Null obj
[2026.08.30-08.35.44:733][417]LogScript: Warning: Script Msg: -- Null obj
[2026.08.30-08.35.44:733][417]LogScript: Warning: Script Msg: -- Null obj
[2026.08.30-08.35.44:733][417]LogScript: Warning: Script Msg: -- Null obj
[2026.08.30-08.35.44:733][417]LogScript: Warning: Script Msg: -- Null obj
[2026.08.30-08.35.44:733][417]LogScript: Warning: Script Msg: -- Null obj
[2026.08.30-08.35.44:733][417]LogScript: Warning: Script Msg: -- Null obj
[2026.08.30-08.35.44:733][417]LogScript: Warning: Script Msg: -- Null obj
[2026.08.30-08.35.44:733][417]LogScript: Warning: Script Msg: -- Null obj
[2026.08.30-08.35.44:733][417]LogScript: Warning: Script Msg: -- Null obj
[2026.08.30-08.35.44:733][417]LogScript: Warning: Script Msg: -- Null obj
[2026.08.30-08.35.44:733][417]LogScript: Warning: Script Msg: -- Null obj
[2026.08.30-08.35.44:733][417]LogScript: Warning: Script Msg: -- Null obj
[2026.08.30-08.35.44:733][417]LogScript: Warning: Script Msg: -- Null obj
[2026.08.30-08.35.44:733][417]LogScript: Warning: Script Msg: -- Null obj
[2026.08.30-08.35.44:733][417]LogScript: Warning: Script Msg: -- Null obj
[2026.08.30-08.35.44:733][417]LogScript: Warning: Script Msg: -- Null obj
[2026.08.30-08.35.44:733][417]LogScript: Warning: Script Msg: -- Null obj
[2026.08.30-08.35.44:733][417]LogScript: Warning: Script Msg: -- Null obj
[2026.08.30-08.35.44:733][417]LogScript: Warning: Script Msg: -- Null obj
[2026.08.30-08.35.44:733][417]LogScript: Warning: Script Msg: -- Null obj
[2026.08.30-08.35.44:733][417]LogScript: Warning: Script Msg: -- Null obj
[2026.08.30-08.35.44:733][417]LogScript: Warning: Script Msg: -- Null obj
[2026.08.30-08.35.44:733][417]LogScript: Warning: Script Msg: -- Null obj
[2026.08.30-08.35.44:733][417]LogScript: Warning: Script Msg: -- Null obj
[2026.08.30-08.35.44:733][417]LogScript: Warning: Script Msg: -- Null obj
[2026.08.30-08.35.44:733][417]LogScript: Warning: Script Msg: -- Null obj
[2026.08.30-08.35.44:733][417]LogScript: Warning: Script Msg: -- Null obj
[2026.08.30-08.35.44:733][417]LogScript: Warning: Script Msg: -- Null obj
[2026.08.30-08.35.44:733][417]LogScript: Warning: Script Msg: -- Null obj
[2026.08.30-08.35.44:733][417]LogScript: Warning: Script Msg: -- Null obj
[2026.08.30-08.35.44:733][417]LogScript: Warning: Script Msg: -- Null obj
[2026.08.30-08.35.44:733][417]LogScript: Warning: Script Msg: -- Null obj
[2026.08.30-08.35.44:733][417]LogScript: Warning: Script Msg: -- Null obj
[2026.08.30-08.35.44:733][417]LogScript: Warning: Script Msg: -- Null obj
[2026.08.30-08.35.44:733][417]LogScript: Warning: Script Msg: -- Null obj
[2026.08.30-08.35.44:733][417]LogScript: Warning: Script Msg: -- Null obj
[2026.08.30-08.35.44:733][417]LogScript: Warning: Script Msg: -- Null obj
[2026.08.30-08.35.44:733][417]LogScript: Warning: Script Msg: -- Null obj
[2026.08.30-08.35.44:733][417]LogScript: Warning: Script Msg: -- Null obj
[2026.08.30-08.35.44:733][417]LogScript: Warning: Script Msg: -- Null obj
[2026.08.30-08.35.44:733][417]LogScript: Warning: Script Msg: -- Null obj
[2026.08.30-08.35.44:733][417]LogScript: Warning: Script Msg: -- Null obj
[2026.08.30-08.35.44:733][417]LogScript: Warning: Script Msg: -- Null obj
[2026.08.30-08.35.44:733][417]LogScript: Warning: Script Msg: -- Null obj
[2026.08.30-08.35.44:733][417]LogScript: Warning: Script Msg: -- Null obj
[2026.08.30-08.35.44:733][417]LogScript: Warning: Script Msg: -- Null obj
[2026.08.30-08.35.44:733][417]LogScript: Warning: Script Msg: -- Null obj
[2026.08.30-08.35.44:733][417]LogScript: Warning: Script Msg: -- Null obj
[2026.08.30-08.35.44:733][417]LogScript: Warning: Script Msg: -- Null obj
[2026.08.30-08.35.44:733][417]LogScript: Warning: Script Msg: -- Null obj
[2026.08.30-08.35.44:733][417]LogScript: Warning: Script Msg: -- Null obj
[2026.08.30-08.35.44:733][417]LogScript: Warning: Script Msg: -- Null obj
[2026.08.30-08.35.44:733][417]LogScript: Warning: Script Msg: -- Null obj
[2026.08.30-08.35.44:733][417]LogScript: Warning: Script Msg: -- Null obj
[2026.08.30-08.35.44:733][417]LogScript: Warning: Script Msg: -- Null obj
[2026.08.30-08.35.44:733][417]LogScript: Warning: Script Msg: -- Null obj
[2026.08.30-08.35.44:733][417]LogScript: Warning: Script Msg: -- Null obj
[2026.08.30-08.35.44:733][417]LogScript: Warning: Script Msg: -- Null obj
[2026.08.30-08.35.44:733][417]LogScript: Warning: Script Msg: -- Null obj
[2026.08.30-08.35.44:733][417]LogScript: Warning: Script Msg: -- Null obj
[2026.08.30-08.35.44:733][417]LogScript: Warning: Script Msg: -- Null obj
[2026.08.30-08.35.44:733][417]LogScript: Warning: Script Msg: -- Null obj
[2026.08.30-08.35.44:733][417]LogScript: Warning: Script Msg: -- Null obj
[2026.08.30-08.35.44:733][417]LogScript: Warning: Script Msg: -- Null obj
[2026.08.30-08.35.44:733][417]LogScript: Warning: Script Msg: -- Null obj
[2026.08.30-08.35.44:733][417]LogScript: Warning: Script Msg: -- Null obj
[2026.08.30-08.35.44:733][417]LogScript: Warning: Script Msg: -- Null obj
[2026.08.30-08.35.44:733][417]LogScript: Warning: Script Msg: -- Null obj
[2026.08.30-08.35.44:733][417]LogScript: Warning: Script Msg: -- Null obj
[2026.08.30-08.35.44:733][417]LogScript: Warning: Script Msg: -- Null obj
[2026.08.30-08.35.44:733][417]LogScript: Warning: Script Msg: -- Null obj
[2026.08.30-08.35.44:733][417]LogScript: Warning: Script Msg: -- Null obj
[2026.08.30-08.35.44:733][417]LogScript: Warning: Script Msg: -- Null obj
[2026.08.30-08.35.44:733][417]LogScript: Warning: Script Msg: -- Null obj
[2026.08.30-08.35.44:733][417]LogScript: Warning: Script Msg: -- Null obj
[2026.08.30-08.35.44:733][417]LogScript: Warning: Script Msg: -- Null obj
[2026.08.30-08.35.44:733][417]LogScript: Warning: Script Msg: -- Null obj
[2026.08.30-08.35.44:733][417]LogScript: Warning: Script Msg: -- Null obj
[2026.08.30-08.35.44:733][417]LogScript: Warning: Script Msg: -- Null obj
[2026.08.30-08.35.44:733][417]LogScript: Warning: Script Msg: -- Null obj
[2026.08.30-08.35.44:733][417]LogScript: Warning: Script Msg: -- Null obj
[2026.08.30-08.35.44:733][417]LogScript: Warning: Script Msg: -- Null obj
[2026.08.30-08.35.44:733][417]LogScript: Warning: Script Msg: -- Null obj
[2026.08.30-08.35.44:733][417]LogScript: Warning: Script Msg: -- Null obj
[2026.08.30-08.35.44:733][417]LogScript: Warning: Script Msg: -- Null obj
[2026.08.30-08.35.44:733][417]LogScript: Warning: Script Msg: -- Null obj
[2026.08.30-08.35.44:733][417]LogScript: Warning: Script Msg: -- Null obj
[2026.08.30-08.35.44:733][417]LogScript: Warning: Script Msg: -- Null obj
[2026.08.30-08.35.44:733][417]LogScript: Warning: Script Msg: -- Null obj
[2026.08.30-08.35.44:733][417]LogScript: Warning: Script Msg: -- Null obj
[2026.08.30-08.35.44:733][417]LogScript: Warning: Script Msg: -- Null obj
[2026.08.30-08.35.44:733][417]LogScript: Warning: Script Msg: -- Null obj
[2026.08.30-08.35.44:733][417]LogScript: Warning: Script Msg: -- Null obj
[2026.08.30-08.35.44:733][417]LogScript: Warning: Script Msg: -- Null obj
[2026.08.30-08.35.44:733][417]LogScript: Warning: Script Msg: -- Null obj
[2026.08.30-08.35.44:733][417]LogScript: Warning: Script Msg: -- Null obj
[2026.08.30-08.35.44:733][417]LogScript: Warning: Script Msg: -- Null obj
[2026.08.30-08.35.44:733][417]LogScript: Warning: Script Msg: -- Null obj
[2026.08.30-08.35.44:733][417]LogScript: Warning: Script Msg: -- Null obj
[2026.08.30-08.35.44:733][417]LogScript: Warning: Script Msg: -- Null obj
[2026.08.30-08.35.44:734][417]LogScript: Warning: Script Msg: -- Null obj
[2026.08.30-08.35.44:734][417]LogScript: Warning: Script Msg: -- Null obj
[2026.08.30-08.35.44:734][417]LogScript: Warning: Script Msg: -- Null obj
[2026.08.30-08.35.44:734][417]LogScript: Warning: Script Msg: -- Null obj
[2026.08.30-08.35.44:734][417]LogScript: Warning: Script Msg: -- Null obj
[2026.08.30-08.35.44:734][417]LogScript: Warning: Script Msg: -- Null obj
[2026.08.30-08.35.44:734][417]LogScript: Warning: Script Msg: -- Null obj
[2026.08.30-08.35.44:734][417]LogScript: Warning: Script Msg: -- Null obj
[2026.08.30-08.35.44:734][417]LogScript: Warning: Script Msg: -- Null obj
[2026.08.30-08.35.44:734][417]LogScript: Warning: Script Msg: -- Null obj
[2026.08.30-08.35.44:734][417]LogScript: Warning: Script Msg: -- Null obj
[2026.08.30-08.35.44:734][417]LogScript: Warning: Script Msg: -- Null obj
[2026.08.30-08.35.44:734][417]LogScript: Warning: Script Msg: -- Null obj
[2026.08.30-08.35.44:734][417]LogScript: Warning: Script Msg: -- Null obj
[2026.08.30-08.35.44:734][417]LogScript: Warning: Script Msg: -- Null obj
[2026.08.30-08.35.44:734][417]LogScript: Warning: Script Msg: -- Null obj
[2026.08.30-08.35.44:734][417]LogScript: Warning: Script Msg: -- Null obj
[2026.08.30-08.35.44:734][417]LogScript: Warning: Script Msg: -- Null obj
[2026.08.30-08.35.44:734][417]LogScript: Warning: Script Msg: -- Null obj
[2026.08.30-08.35.44:734][417]LogScript: Warning: Script Msg: -- Null obj
[2026.08.30-08.35.44:734][417]LogScript: Warning: Script Msg: -- Null obj
[2026.08.30-08.35.44:734][417]LogScript: Warning: Script Msg: -- Null obj
[2026.08.30-08.35.44:734][417]LogScript: Warning: Script Msg: -- Null obj
[2026.08.30-08.35.44:734][417]LogScript: Warning: Script Msg: -- Null obj
[2026.08.30-08.35.44:734][417]LogScript: Warning: Script Msg: -- Null obj
[2026.08.30-08.35.44:734][417]LogScript: Warning: Script Msg: -- Null obj
[2026.08.30-08.35.44:734][417]LogScript: Warning: Script Msg: -- Null obj
[2026.08.30-08.35.44:734][417]LogScript: Warning: Script Msg: -- Null obj
[2026.08.30-08.35.44:734][417]LogScript: Warning: Script Msg: -- Null obj
[2026.08.30-08.35.44:734][417]LogScript: Warning: Script Msg: -- Null obj
[2026.08.30-08.35.44:734][417]LogScript: Warning: Script Msg: -- Null obj
[2026.08.30-08.35.44:734][417]LogScript: Warning: Script Msg: -- Null obj
[2026.08.30-08.35.44:734][417]LogScript: Warning: Script Msg: -- Null obj
[2026.08.30-08.35.44:734][417]LogScript: Warning: Script Msg: -- Null obj
[2026.08.30-08.35.44:734][417]LogScript: Warning: Script Msg: -- Null obj
[2026.08.30-08.35.44:734][417]LogScript: Warning: Script Msg: -- Null obj
[2026.08.30-08.35.44:734][417]LogScript: Warning: Script Msg: -- Null obj
[2026.08.30-08.35.44:734][417]LogScript: Warning: Script Msg: -- Null obj
[2026.08.30-08.35.44:734][417]LogScript: Warning: Script Msg: -- Null obj
[2026.08.30-08.35.44:734][417]LogScript: Warning: Script Msg: -- Null obj
[2026.08.30-08.35.44:734][417]LogScript: Warning: Script Msg: -- Null obj
[2026.08.30-08.35.44:734][417]LogScript: Warning: Script Msg: -- Null obj
[2026.08.30-08.35.44:734][417]LogScript: Warning: Script Msg: -- Null obj
[2026.08.30-08.35.44:734][417]LogScript: Warning: Script Msg: -- Null obj
[2026.08.30-08.35.44:734][417]LogScript: Warning: Script Msg: -- Null obj
[2026.08.30-08.35.44:734][417]LogScript: Warning: Script Msg: -- Null obj
[2026.08.30-08.35.44:734][417]LogScript: Warning: Script Msg: -- Null obj
[2026.08.30-08.35.44:734][417]LogScript: Warning: Script Msg: -- Null obj
[2026.08.30-08.35.44:735][417]LogScript: Warning: Script Msg: -- No world: None.None:None.None.PortalWarsUIPlayerRankViewModel_2147472879
[2026.08.30-08.35.44:757][417]LogScript: Warning: Script Msg: -- Null obj
[2026.08.30-08.35.44:757][417]LogScript: Warning: Script Msg: -- Null obj
[2026.08.30-08.35.44:757][417]LogScript: Warning: Script Msg: -- Null obj
[2026.08.30-08.35.44:757][417]LogScript: Warning: Script Msg: -- Null obj
[2026.08.30-08.35.44:757][417]LogScript: Warning: Script Msg: -- Null obj
[2026.08.30-08.35.44:757][417]LogScript: Warning: Script Msg: -- Null obj
[2026.08.30-08.35.44:757][417]LogScript: Warning: Script Msg: -- Null obj
[2026.08.30-08.35.44:757][417]LogScript: Warning: Script Msg: -- Null obj
[2026.08.30-08.35.44:757][417]LogScript: Warning: Script Msg: -- Null obj
[2026.08.30-08.35.44:757][417]LogScript: Warning: Script Msg: -- Null obj
[2026.08.30-08.35.44:757][417]LogScript: Warning: Script Msg: -- Null obj
[2026.08.30-08.35.44:757][417]LogScript: Warning: Script Msg: -- Null obj
[2026.08.30-08.35.44:792][417]LogDemo: Cleaned up 0 splitscreen connections, owner deletion: enabled
[2026.08.30-08.35.44:806][417]LogExit: Game engine shut down
[2026.08.30-08.35.45:110][417]LogExit: Object subsystem successfully closed.
[2026.08.30-08.35.45:132][417]LogRHI: FPipelineFileCacheManager Incremental saved 325 total, 0 new, 0 removed, 0 cons .upipelinecache (took   1.61ms): C:/Users/<USER>/AppData/Local/PortalWars2/Saved/PortalWars2_PCD3D_SM6.upipelinecache.
[2026.08.30-08.35.45:154][417]LogStreamline: UnregisterStreamlineReflexHooks Enter
[2026.08.30-08.35.45:154][417]LogStreamline: UnregisterStreamlineReflexHooks Leave
[2026.08.30-08.35.45:154][417]LogStreamline: FStreamlineCoreModule::ShutdownModule Enter
[2026.08.30-08.35.45:154][417]LogStreamline: UnregisterStreamlineReflexHooks Enter
[2026.08.30-08.35.45:154][417]LogStreamline: FStreamlineMaxTickRateHandler::Initialize sl::ReflexState::lowLatencyAvailable=1
[2026.08.30-08.35.45:154][417]LogStreamline: FStreamlineMaxTickRateHandler::Initialize sl::ReflexState::latencyReportAvailable=1
[2026.08.30-08.35.45:154][417]LogStreamline: FStreamlineLatencyMarkers::Initialize sl::ReflexState::flashIndicatorDriverControlled=1
[2026.08.30-08.35.45:154][417]LogStreamline: UnregisterStreamlineReflexHooks Leave
[2026.08.30-08.35.45:154][417]LogStreamline: FStreamlineCoreModule::ShutdownModule Leave
[2026.08.30-08.35.45:154][417]LogNIS: FNISCoreModule::ShutdownModule Enter
[2026.08.30-08.35.45:154][417]LogNIS: FNISCoreModule::ShutdownModule Leave
[2026.08.30-08.35.45:154][417]LogDLSS: FDLSSModule::ShutdownModule Enter
[2026.08.30-08.35.45:154][417]LogDLSS: FDLSSDenoiserWrapper(Active) unwrapping ScreenSpaceDenoiser
[2026.08.30-08.35.45:154][417]LogDLSSNGXD3D12RHI: FNGXD3D12RHI::~FNGXD3D12RHI Enter
[2026.08.30-08.35.45:154][417]LogDLSSNGXRHI: NGXRHI::ReleaseAllocatedFeatures Enter
[2026.08.30-08.35.45:161][417]LogDLSSNGXRHI: Destroying NGX DLSS Feature SrcRect=[0x0->1720x720], DestRect=[0x0->3440x1440], ScaleX=0.500000, ScaleY=0.500000, NGXDLSSPreset=Preset K(11), NGXDLSSRRPreset=Default(0), NGXPerfQuality=MaxPerf(0), bHighResolutionMotionVectors=1, bNonZeroSharpness=0, bUseAutoExposure=1, bEnableAlphaUpscaling=0, bReleaseMemoryOnDelete=1, GPUNode=0, GPUVisibility=0x1, DenoiseMode=Off 
[2026.08.30-08.35.45:161][417]LogDLSSNGXRHI: NGXRHI::ReleaseAllocatedFeatures Leave
[2026.08.30-08.35.45:161][417]LogDLSSNGXD3D12RHI: NVSDK_NGX_D3D12_DestroyParameters -> (1 NVSDK_NGX_Result_Success)
[2026.08.30-08.35.45:161][417]LogDLSSNGXD3D12RHI: FNGXD3D12RHI::~FNGXD3D12RHI Leave
[2026.08.30-08.35.45:161][417]LogDLSSNGXRHI: NGXRHI::~NGXRHI Enter
[2026.08.30-08.35.45:161][417]LogDLSSNGXRHI: NGXRHI::~NGXRHI Leave
[2026.08.30-08.35.45:161][417]LogDLSS: FDLSSModule::ShutdownModule Leave
[2026.08.30-08.35.45:161][417]LogDLSSNGXRHI: FNGXRHIModule::ShutdownModule Enter
[2026.08.30-08.35.45:161][417]LogDLSSNGXRHI: FNGXRHIModule::ShutdownModule Leave
[2026.08.30-08.35.45:256][417]LogNats: Warning: Nats Connection Disconnected. Will attempt reconnect. Reason: 
[2026.08.30-08.35.45:257][417]LogNats: Warning: Nats Connection Closed. Reason: 
[2026.08.30-08.35.45:262][417]LogSteamShared: Warning: There are still 1 additional Steam instances in use. These must be shutdown before unloading the module!
[2026.08.30-08.35.45:262][417]LogSteamShared: Freeing the Steam Loaded Modules...
[2026.08.30-08.35.45:262][417]LogGauntlet: Gauntlet Shutdown
[2026.08.30-08.35.45:263][417]LogWwiseNiagara: Display: Shutting down default Niagara.
[2026.08.30-08.35.45:273][417]LogAkAudio: Skipping AkComponentCallback because we don't have an audio device
[2026.08.30-08.35.45:279][417]LogAkAudio: Skipping AkComponentCallback because we don't have an audio device
[2026.08.30-08.35.45:279][417]LogWwiseFileHandler: Error: FWwiseStreamedMediaFileState::CloseFile 689336069 (Mus_LockerRoom_C.wav): TryUnsetMedia of prefetch failed: 102 (The component being used is not initialized. Most likely AK::SoundEngine::Init() was not called yet, or AK::SoundEngine::Term was called too early.). Leaking.
[2026.08.30-08.35.45:282][417]LogAkAudio: Audiokinetic Audio Device terminated.
[2026.08.30-08.35.45:282][417]LogWwiseConcurrency: Display: Shutting down default Concurrency.
[2026.08.30-08.35.45:282][417]LogWwiseProcessing: Display: Shutting down default Processing.
[2026.08.30-08.35.45:282][417]LogWwiseResourceLoader: Display: Shutting down default Resource Loader.
[2026.08.30-08.35.45:282][417]LogWwiseSoundEngine: Unloading Wwise Sound Engine
[2026.08.30-08.35.45:291][417]LogStreamlineRHI: FStreamlineRHIModule::ShutdownModule Enter
[2026.08.30-08.35.45:291][417]LogStreamlineD3D12RHI: FStreamlineD3D12RHI::~FStreamlineD3D12RHI Enter
[2026.08.30-08.35.45:291][417]LogStreamlineD3D12RHI: FStreamlineD3D12RHI::~FStreamlineD3D12RHI Leave
[2026.08.30-08.35.45:291][417]LogStreamlineRHI: FStreamlineRHI::~FStreamlineRHI Enter
[2026.08.30-08.35.45:291][417]LogStreamlineRHI: FStreamlineRHI::~FStreamlineRHI Leave
[2026.08.30-08.35.45:291][417]LogStreamlineRHI: FStreamlineRHIModule::ShutdownModule Leave
[2026.08.30-08.35.45:291][417]LogStreamlineD3D12RHI: FStreamlineD3D12RHIModule::ShutdownModule Enter
[2026.08.30-08.35.45:291][417]LogStreamlineD3D12RHI: FStreamlineD3D12RHIModule::ShutdownModule Leave
[2026.08.30-08.35.45:291][417]LogOnline: Display: STEAM: OnlineSubsystemSteam::Shutdown()
[2026.08.30-08.35.45:292][417]LogOnline: STEAM: AUTH: Revoking all tickets.
[2026.08.30-08.35.45:292][417]LogOnline: Display: STEAM: OnlineSubsystemSteam::Shutdown()
[2026.08.30-08.35.45:293][417]LogEOSSDK: LogEOSOverlay: Detaching window subclass from 00000000000D0A98
[2026.08.30-08.35.45:293][417]LogEOSSDK: LogEOSOverlay: Destroying overlay widget manager
[2026.08.30-08.35.45:293][417]LogEOSSDK: LogEOSRTC: LibRTCCore: Shutting down LibRTC...
[2026.08.30-08.35.45:837][417]LogEOSSDK: FEOSSDKManager::Shutdown EOS_Shutdown Result=[EOS_Success]
[2026.08.30-08.35.45:837][417]LogDLSSNGXVulkanRHIPreInit: FNGXVulkanRHIPreInitModule::ShutdownModule Enter
[2026.08.30-08.35.45:837][417]LogDLSSNGXVulkanRHIPreInit: FNGXVulkanRHIPreInitModule::ShutdownModule Leave
[2026.08.30-08.35.45:837][417]LogFFXFI: FFX Frame Interpolation Module Shutdown
[2026.08.30-08.35.45:837][417]LogFSR3: FSR3 Temporal Upscaling Module Shutdown
[2026.08.30-08.35.45:837][417]LogNFORDenoise: NFORDenoise function shutting down
[2026.08.30-08.35.45:837][417]LogSentrySdk: flushing session and queue before crashpad handler
[2026.08.30-08.35.45:837][417]LogSentrySdk: handing control over to crashpad
