Log file open, 09/02/26 16:35:39
LogWindows: Enabling Tpause support
LogWindows: Custom abort handler registered for crash reporting.
LogPakFile: Initializing PakPlatformFile
LogIoDispatcher: Display: Reading toc: ../../../PortalWars2/Content/Paks/global.utoc
LogIoDispatcher: Display: Toc loaded : ../../../PortalWars2/Content/Paks/global.utoc, Id=ffffffffffffffff, Order=0, EntryCount=1, SignatureHash=AE045688AE36419CC829A72853488542C51FF998
LogIoDispatcher: Display: Mounting container '../../../PortalWars2/Content/Paks/global.utoc' in location slot 0
LogPakFile: Display: Initialized I/O dispatcher file backend. Mounted the global container: ../../../PortalWars2/Content/Paks/global.utoc
LogPakFile: Display: Found Pak file ../../../PortalWars2/Content/Paks/pakchunk500-WindowsClient.pak attempting to mount.
LogPakFile: Display: Mounting pak file ../../../PortalWars2/Content/Paks/pakchunk500-WindowsClient.pak.
LogIoDispatcher: Display: Reading toc: ../../../PortalWars2/Content/Paks/pakchunk500-WindowsClient.utoc
LogIoDispatcher: Display: Toc loaded : ../../../PortalWars2/Content/Paks/pakchunk500-WindowsClient.utoc, Id=1a8afa7cf7d1d9e2, Order=3, EntryCount=33418, SignatureHash=20287D2807E85AD4A6159C3A440E98D8BEC9DC33
LogIoDispatcher: Display: Mounting container '../../../PortalWars2/Content/Paks/pakchunk500-WindowsClient.utoc' in location slot 0
LogPakFile: Display: Mounted IoStore container "../../../PortalWars2/Content/Paks/pakchunk500-WindowsClient.utoc"
LogFilePackageStore: Mounting container: Id=1a8afa7cf7d1d9e2, Order=3, NumPackages=17440
LogPakFile: Display: Mounted Pak file '../../../PortalWars2/Content/Paks/pakchunk500-WindowsClient.pak', mount point: '../../../PortalWars2/Content/Localization/'
LogPakFile: Display: Found Pak file ../../../PortalWars2/Content/Paks/pakchunk400optional-WindowsClient.pak attempting to mount.
LogPakFile: Display: Mounting pak file ../../../PortalWars2/Content/Paks/pakchunk400optional-WindowsClient.pak.
LogIoDispatcher: Display: Reading toc: ../../../PortalWars2/Content/Paks/pakchunk400optional-WindowsClient.utoc
LogIoDispatcher: Display: Toc loaded : ../../../PortalWars2/Content/Paks/pakchunk400optional-WindowsClient.utoc, Id=c51501c428664866, Order=3, EntryCount=6, SignatureHash=3FD6ED91585C4160EE9BC6B9C882ED1C939A1830
LogIoDispatcher: Display: Mounting container '../../../PortalWars2/Content/Paks/pakchunk400optional-WindowsClient.utoc' in location slot 0
LogPakFile: Display: Mounted IoStore container "../../../PortalWars2/Content/Paks/pakchunk400optional-WindowsClient.utoc"
LogFilePackageStore: Mounting container: Id=c51501c428664866, Order=3, NumPackages=0
LogPakFile: Display: Mounted Pak file '../../../PortalWars2/Content/Paks/pakchunk400optional-WindowsClient.pak', mount point: '/'
LogPakFile: Display: Found Pak file ../../../PortalWars2/Content/Paks/pakchunk400-WindowsClient.pak attempting to mount.
LogPakFile: Display: Mounting pak file ../../../PortalWars2/Content/Paks/pakchunk400-WindowsClient.pak.
LogIoDispatcher: Display: Reading toc: ../../../PortalWars2/Content/Paks/pakchunk400-WindowsClient.utoc
LogIoDispatcher: Display: Toc loaded : ../../../PortalWars2/Content/Paks/pakchunk400-WindowsClient.utoc, Id=a2c7444dd12d0f55, Order=3, EntryCount=44455, SignatureHash=0D563056491775C913FB7480507ED6751BA21CC5
LogIoDispatcher: Display: Mounting container '../../../PortalWars2/Content/Paks/pakchunk400-WindowsClient.utoc' in location slot 0
LogPakFile: Display: Mounted IoStore container "../../../PortalWars2/Content/Paks/pakchunk400-WindowsClient.utoc"
LogFilePackageStore: Mounting container: Id=a2c7444dd12d0f55, Order=3, NumPackages=25162
LogPakFile: Display: Mounted Pak file '../../../PortalWars2/Content/Paks/pakchunk400-WindowsClient.pak', mount point: '../../../PortalWars2/Content/'
LogPakFile: Display: Found Pak file ../../../PortalWars2/Content/Paks/pakchunk300-WindowsClient.pak attempting to mount.
LogPakFile: Display: Mounting pak file ../../../PortalWars2/Content/Paks/pakchunk300-WindowsClient.pak.
LogIoDispatcher: Display: Reading toc: ../../../PortalWars2/Content/Paks/pakchunk300-WindowsClient.utoc
LogIoDispatcher: Display: Toc loaded : ../../../PortalWars2/Content/Paks/pakchunk300-WindowsClient.utoc, Id=756a660c232092cb, Order=3, EntryCount=53932, SignatureHash=E01926CD6E3DFF162E845B939C220E1F6B045EEE
LogIoDispatcher: Display: Mounting container '../../../PortalWars2/Content/Paks/pakchunk300-WindowsClient.utoc' in location slot 0
LogPakFile: Display: Mounted IoStore container "../../../PortalWars2/Content/Paks/pakchunk300-WindowsClient.utoc"
LogFilePackageStore: Mounting container: Id=756a660c232092cb, Order=3, NumPackages=32237
LogPakFile: Display: Mounted Pak file '../../../PortalWars2/Content/Paks/pakchunk300-WindowsClient.pak', mount point: '../../../PortalWars2/Content/Localization/'
LogPakFile: Display: Found Pak file ../../../PortalWars2/Content/Paks/pakchunk200-WindowsClient.pak attempting to mount.
LogPakFile: Display: Mounting pak file ../../../PortalWars2/Content/Paks/pakchunk200-WindowsClient.pak.
LogIoDispatcher: Display: Reading toc: ../../../PortalWars2/Content/Paks/pakchunk200-WindowsClient.utoc
LogIoDispatcher: Display: Toc loaded : ../../../PortalWars2/Content/Paks/pakchunk200-WindowsClient.utoc, Id=967bebf20dd35d41, Order=3, EntryCount=1139, SignatureHash=4352F1A2A4DE110863E0B0B411F6028DD5BFBB02
LogIoDispatcher: Display: Mounting container '../../../PortalWars2/Content/Paks/pakchunk200-WindowsClient.utoc' in location slot 0
LogPakFile: Display: Mounted IoStore container "../../../PortalWars2/Content/Paks/pakchunk200-WindowsClient.utoc"
LogFilePackageStore: Mounting container: Id=967bebf20dd35d41, Order=3, NumPackages=821
LogPakFile: Display: Mounted Pak file '../../../PortalWars2/Content/Paks/pakchunk200-WindowsClient.pak', mount point: '../../../PortalWars2/Content/Localization/'
LogPakFile: Display: Found Pak file ../../../PortalWars2/Content/Paks/pakchunk100-WindowsClient.pak attempting to mount.
LogPakFile: Display: Mounting pak file ../../../PortalWars2/Content/Paks/pakchunk100-WindowsClient.pak.
LogIoDispatcher: Display: Reading toc: ../../../PortalWars2/Content/Paks/pakchunk100-WindowsClient.utoc
LogIoDispatcher: Display: Toc loaded : ../../../PortalWars2/Content/Paks/pakchunk100-WindowsClient.utoc, Id=fdc424ad5b740403, Order=3, EntryCount=34524, SignatureHash=845168480A3A4E5336054E6241D63C2F925EB5DC
LogIoDispatcher: Display: Mounting container '../../../PortalWars2/Content/Paks/pakchunk100-WindowsClient.utoc' in location slot 0
LogPakFile: Display: Mounted IoStore container "../../../PortalWars2/Content/Paks/pakchunk100-WindowsClient.utoc"
LogFilePackageStore: Mounting container: Id=fdc424ad5b740403, Order=3, NumPackages=28234
LogPakFile: Display: Mounted Pak file '../../../PortalWars2/Content/Paks/pakchunk100-WindowsClient.pak', mount point: '../../../PortalWars2/Content/Localization/'
LogPakFile: Display: Found Pak file ../../../PortalWars2/Content/Paks/pakchunk0-WindowsClient.pak attempting to mount.
LogPakFile: Display: Mounting pak file ../../../PortalWars2/Content/Paks/pakchunk0-WindowsClient.pak.
LogIoDispatcher: Display: Reading toc: ../../../PortalWars2/Content/Paks/pakchunk0-WindowsClient.utoc
LogIoDispatcher: Display: Toc loaded : ../../../PortalWars2/Content/Paks/pakchunk0-WindowsClient.utoc, Id=83763e54e454e452, Order=3, EntryCount=17006, SignatureHash=65C06236BC576B3857CE72C970A4A8B0D2E62025
LogIoDispatcher: Display: Mounting container '../../../PortalWars2/Content/Paks/pakchunk0-WindowsClient.utoc' in location slot 0
LogPakFile: Display: Mounted IoStore container "../../../PortalWars2/Content/Paks/pakchunk0-WindowsClient.utoc"
LogFilePackageStore: Mounting container: Id=83763e54e454e452, Order=3, NumPackages=10626
LogPakFile: Display: Mounted Pak file '../../../PortalWars2/Content/Paks/pakchunk0-WindowsClient.pak', mount point: '../../../'
LogIris: FNetObjectFactoryRegistry::UnregisterFactory is unregistering factory: None name: NetActorFactory id: 0
LogIris: FNetObjectFactoryRegistry::UnregisterFactory is unregistering factory: None name: NetSubObjectFactory id: 1
LogICUInternationalization: ICU TimeZone Detection - Raw Offset: -8:00, Platform Override: ''
LogInit: Session CrashGUID >====================================================
         Session CrashGUID >   UECC-Windows-<CRASH_GUID_REDACTED>
         Session CrashGUID >====================================================
LogConfig: No local boot hotfix file found at: [C:/Users/<USER>/AppData/Local/PortalWars2/Saved/PersistentDownloadDir/HotfixForNextBoot.txt]
LogAudio: Display: Pre-Initializing Audio Device Manager...
LogAudio: Display: AudioInfo: 'OPUS' Registered
LogAudioDebug: Display: Lib vorbis DLL was dynamically loaded.
LogAudio: Display: AudioInfo: 'OGG' Registered
LogAudio: Display: AudioInfo: 'ADPCM' Registered
LogAudio: Display: AudioInfo: 'PCM' Registered
LogAudio: Display: AudioInfo: 'BINKA' Registered
LogAudio: Display: AudioInfo: 'RADA' Registered
LogAudio: Display: Audio Device Manager Pre-Initialized
LogPluginManager: Mounting Project plugin AIFramework1047
LogPluginManager: Mounting Project plugin AudioFramework1047
LogPluginManager: Mounting Project plugin AutomatedTests1047
LogPluginManager: Mounting Project plugin Core1047
LogPluginManager: Mounting Project plugin CreativeCore1047
LogPluginManager: Mounting Project plugin CreativeFramework1047
LogPluginManager: Mounting Project plugin EditorTools1047
LogPluginManager: Mounting Project plugin GameFramework1047
LogPluginManager: Mounting Project plugin MerlinAntiCheat
LogPluginManager: Mounting Project plugin CoreOnline1047
LogPluginManager: Mounting Project plugin MaverickSdk
LogPluginManager: Mounting Project plugin OnlineFramework1047
LogPluginManager: Mounting Project plugin OnlineNetworkUtils1047
LogPluginManager: Mounting Project plugin OnlineServices1047
LogPluginManager: Mounting Project plugin RenderFramework1047
LogPluginManager: Mounting Project plugin ShooterCore1047
LogPluginManager: Mounting Project plugin StageNexus1047
LogPluginManager: Mounting Project plugin TheaterFramework1047
LogPluginManager: Mounting Project plugin UI1047
LogPluginManager: Mounting Project plugin AutoNavLinkGenerator
LogPluginManager: Mounting Project plugin CommonLoadingScreen
LogPluginManager: Mounting Project plugin AvirImageResizing
LogPluginManager: Mounting Project plugin ContentAudit
LogPluginManager: Mounting Project plugin GameplayMessageRouter
LogPluginManager: Mounting Project plugin GameplayTagDataTable
LogPluginManager: Mounting Project plugin PortalWarsLegacy
LogPluginManager: Mounting Project plugin InGameCollisionDebugger
LogPluginManager: Mounting Project plugin NavLinkHelper
LogPluginManager: Mounting Engine plugin AISupport
LogPluginManager: Mounting Engine plugin EnvironmentQueryEditor
LogPluginManager: Mounting Engine plugin HTN
LogPluginManager: Mounting Engine plugin ACLPlugin
LogPluginManager: Mounting Engine plugin AnimationData
LogPluginManager: Mounting Engine plugin AnimationLocomotionLibrary
LogPluginManager: Mounting Engine plugin AnimationModifierLibrary
LogPluginManager: Mounting Engine plugin AnimationWarping
LogPluginManager: Mounting Engine plugin BlendStack
LogPluginManager: Mounting Engine plugin ControlRigModules
LogPluginManager: Mounting Engine plugin ControlRigSpline
LogPluginManager: Mounting Engine plugin ControlRig
LogPluginManager: Mounting Engine plugin DeformerGraph
LogPluginManager: Mounting Engine plugin GameplayInsights
LogPluginManager: Mounting Engine plugin IKRig
LogPluginManager: Mounting Engine plugin LiveLink
LogPluginManager: Mounting Engine plugin RigLogic
LogPluginManager: Mounting Engine plugin VertexAnimationManager
LogPluginManager: Mounting Engine plugin AudioGameplayVolume
LogPluginManager: Mounting Engine plugin AudioGameplay
LogPluginManager: Mounting Engine plugin ToxMod
LogPluginManager: Mounting Engine plugin WwiseNiagara
LogPluginManager: Mounting Engine plugin Wwise
LogPluginManager: Mounting Engine plugin Bridge
LogPluginManager: Mounting Engine plugin CameraShakePreviewer
LogPluginManager: Mounting Engine plugin EngineCameras
LogPluginManager: Mounting Engine plugin GameplayCameras
LogPluginManager: Mounting Engine plugin ChaosClothAsset
LogPluginManager: Mounting Engine plugin ChaosCloth
LogPluginManager: Mounting Engine plugin ChaosVD
LogPluginManager: Mounting Engine plugin Chooser
LogPluginManager: Mounting Engine plugin OpenColorIO
LogPluginManager: Mounting Engine plugin OodleNetwork
LogPluginManager: Mounting Engine plugin Sentry
LogPluginManager: Mounting Engine plugin AnimationSharing
LogPluginManager: Mounting Engine plugin ConcertMain
LogPluginManager: Mounting Engine plugin ConcertSyncClient
LogPluginManager: Mounting Engine plugin ConcertSyncCore
LogPluginManager: Mounting Engine plugin ConcertSharedSlate
LogPluginManager: Mounting Engine plugin Gridly
LogPluginManager: Mounting Engine plugin PluginUtils
LogPluginManager: Mounting Engine plugin RenderDocPlugin
LogPluginManager: Mounting Engine plugin AssetManagerEditor
LogPluginManager: Mounting Engine plugin AssetReferenceRestrictions
LogPluginManager: Mounting Engine plugin AssetSearch
LogPluginManager: Mounting Engine plugin BlueprintHeaderView
LogPluginManager: Mounting Engine plugin BlueprintMaterialTextureNodes
LogPluginManager: Mounting Engine plugin ColorGrading
LogPluginManager: Mounting Engine plugin ConsoleVariables
LogPluginManager: Mounting Engine plugin ContentBrowserAssetDataSource
LogPluginManager: Mounting Engine plugin CryptoKeys
LogPluginManager: Mounting Engine plugin DataValidation
LogPluginManager: Mounting Engine plugin EditorScriptingUtilities
LogPluginManager: Mounting Engine plugin ElectronicNodes
LogPluginManager: Mounting Engine plugin EngineAssetDefinitions
LogPluginManager: Mounting Engine plugin GameplayTagsEditor
LogPluginManager: Mounting Engine plugin GeometryMode
LogPluginManager: Mounting Engine plugin ModelingToolsEditorMode
LogPluginManager: Mounting Engine plugin LightMixer
LogPluginManager: Mounting Engine plugin ObjectMixer
LogPluginManager: Mounting Engine plugin PluginBrowser
LogPluginManager: Mounting Engine plugin ProxyLODPlugin
LogPluginManager: Mounting Engine plugin ScriptableToolsEditorMode
LogPluginManager: Mounting Engine plugin SequencerAnimTools
LogPluginManager: Mounting Engine plugin SpeedTreeImporter
LogPluginManager: Mounting Engine plugin UMGWidgetPreview
LogPluginManager: Mounting Engine plugin UVEditor
LogPluginManager: Mounting Engine plugin EnhancedInput
LogPluginManager: Mounting Engine plugin DatasmithContent
LogPluginManager: Mounting Engine plugin VariantManagerContent
LogPluginManager: Mounting Engine plugin VariantManager
LogPluginManager: Mounting Engine plugin AbilitySystemGameFeatureActions
LogPluginManager: Mounting Engine plugin SkeletalMeshModelingTools
LogPluginManager: Mounting Engine plugin AutomationUtils
LogPluginManager: Mounting Engine plugin BackChannel
LogPluginManager: Mounting Engine plugin ChaosCaching
LogPluginManager: Mounting Engine plugin ChaosEditor
LogPluginManager: Mounting Engine plugin ChaosNiagara
LogPluginManager: Mounting Engine plugin ChaosSolverPlugin
LogPluginManager: Mounting Engine plugin ChaosUserDataPT
LogPluginManager: Mounting Engine plugin CharacterAI
LogPluginManager: Mounting Engine plugin HoldoutComposite
LogPluginManager: Mounting Engine plugin Dataflow
LogPluginManager: Mounting Engine plugin EditorDataStorage
LogPluginManager: Mounting Engine plugin FastGeoStreaming5.5
LogPluginManager: Mounting Engine plugin FieldSystemPlugin
LogPluginManager: Mounting Engine plugin Fracture
LogPluginManager: Mounting Engine plugin FullBodyIK
LogPluginManager: Mounting Engine plugin TargetingSystem
LogPluginManager: Mounting Engine plugin Gauntlet
LogPluginManager: Mounting Engine plugin GeometryCacheAbcFile
LogPluginManager: Mounting Engine plugin GeometryCollectionPlugin
LogPluginManager: Mounting Engine plugin ImpostorBaker
LogPluginManager: Mounting Engine plugin Iris
LogPluginManager: Mounting Engine plugin JWT
LogPluginManager: Mounting Engine plugin Landmass
LogPluginManager: Mounting Engine plugin LandscapePatch
LogPluginManager: Mounting Engine plugin LocalizableMessage
LogPluginManager: Mounting Engine plugin MeshModelingToolsetExp
LogPluginManager: Mounting Engine plugin MetaHumanSDK
LogPluginManager: Mounting Engine plugin ModularGameplayActors
LogPluginManager: Mounting Engine plugin NFORDenoise
LogPluginManager: Mounting Engine plugin PlanarCut
LogPluginManager: Mounting Engine plugin PlatformCrypto
LogPluginManager: Mounting Engine plugin PluginAudit
LogPluginManager: Mounting Engine plugin PluginReferenceViewer
LogPluginManager: Mounting Engine plugin PythonScriptPlugin
LogPluginManager: Mounting Engine plugin StudioTelemetry
LogPluginManager: Mounting Engine plugin TextToSpeech
LogPluginManager: Mounting Engine plugin ToolPresets
LogPluginManager: Mounting Engine plugin Volumetrics
LogPluginManager: Mounting Engine plugin Water
LogPluginManager: Mounting Engine plugin CascadeToNiagaraConverter
LogPluginManager: Mounting Engine plugin NiagaraFluids
LogPluginManager: Mounting Engine plugin NiagaraSimCaching
LogPluginManager: Mounting Engine plugin NiagaraUIRenderer
LogPluginManager: Mounting Engine plugin Niagara
LogPluginManager: Mounting Engine plugin SideFX_Labs
LogPluginManager: Mounting Engine plugin Fab
LogPluginManager: Mounting Engine plugin AlembicImporter
LogPluginManager: Mounting Engine plugin InterchangeAssets
LogPluginManager: Mounting Engine plugin InterchangeEditor
LogPluginManager: Mounting Engine plugin Interchange
LogPluginManager: Mounting Engine plugin BlockoutToolsPlugin
LogPluginManager: Mounting Engine plugin FSR3
LogPluginManager: Mounting Engine plugin DLSS
LogPluginManager: Mounting Engine plugin NIS
LogPluginManager: Mounting Engine plugin StreamlineCore
LogPluginManager: Mounting Engine plugin StreamlineDLSSG
LogPluginManager: Mounting Engine plugin StreamlineReflex
LogPluginManager: Mounting Engine plugin GeometricTools
LogPluginManager: Mounting Engine plugin BinkMedia
LogPluginManager: Mounting Engine plugin HardwareEncoders
LogPluginManager: Mounting Engine plugin ImgMedia
LogPluginManager: Mounting Engine plugin MediaCompositing
LogPluginManager: Mounting Engine plugin MediaPlate
LogPluginManager: Mounting Engine plugin MeshPainting
LogPluginManager: Mounting Engine plugin TcpMessaging
LogPluginManager: Mounting Engine plugin UdpMessaging
LogPluginManager: Mounting Engine plugin ActorSequence
LogPluginManager: Mounting Engine plugin CustomizableSequencerTracks
LogPluginManager: Mounting Engine plugin LevelSequenceEditor
LogPluginManager: Mounting Engine plugin MoviePipelineMaskRenderPass
LogPluginManager: Mounting Engine plugin MovieRenderPipeline
LogPluginManager: Mounting Engine plugin SequencerScripting
LogPluginManager: Mounting Engine plugin TemplateSequence
LogPluginManager: Mounting Engine plugin DiscordPartnerSDK
LogPluginManager: Mounting Engine plugin EOSShared
LogPluginManager: Mounting Engine plugin OnlineBase
LogPluginManager: Mounting Engine plugin OnlineServicesEOSGS
LogPluginManager: Mounting Engine plugin OnlineServicesEOS
LogPluginManager: Mounting Engine plugin OnlineServicesOSSAdapter
LogPluginManager: Mounting Engine plugin OnlineServices
LogPluginManager: Mounting Engine plugin OnlineSubsystemNull
LogPluginManager: Mounting Engine plugin OnlineSubsystemSteam
LogPluginManager: Mounting Engine plugin OnlineSubsystemUtils
LogPluginManager: Mounting Engine plugin OnlineSubsystem
LogPluginManager: Mounting Engine plugin SocketSubsystemEOS
LogPluginManager: Mounting Engine plugin PCG
LogPluginManager: Mounting Engine plugin LauncherChunkInstaller
LogPluginManager: Mounting Engine plugin ActorLayerUtilities
LogPluginManager: Mounting Engine plugin AnimationBudgetAllocator
LogPluginManager: Mounting Engine plugin AssetTags
LogPluginManager: Mounting Engine plugin AudioCapture
LogPluginManager: Mounting Engine plugin AudioSynesthesia
LogPluginManager: Mounting Engine plugin AudioWidgets
LogPluginManager: Mounting Engine plugin CableComponent
LogPluginManager: Mounting Engine plugin ChunkDownloader
LogPluginManager: Mounting Engine plugin ComputeFramework
LogPluginManager: Mounting Engine plugin CustomMeshComponent
LogPluginManager: Mounting Engine plugin DataRegistry
LogPluginManager: Mounting Engine plugin SQLiteCore
LogPluginManager: Mounting Engine plugin ExampleDeviceProfileSelector
LogPluginManager: Mounting Engine plugin GameFeatures
LogPluginManager: Mounting Engine plugin GameplayAbilities
LogPluginManager: Mounting Engine plugin GameplayStateTree
LogPluginManager: Mounting Engine plugin GeometryCache
LogPluginManager: Mounting Engine plugin GeometryProcessing
LogPluginManager: Mounting Engine plugin GeometryScripting
LogPluginManager: Mounting Engine plugin HairStrands
LogPluginManager: Mounting Engine plugin HoudiniEngine
LogPluginManager: Mounting Engine plugin MeshModelingToolset
LogPluginManager: Mounting Engine plugin Metasound
LogPluginManager: Mounting Engine plugin ModularGameplay
LogPluginManager: Mounting Engine plugin Reflex
LogPluginManager: Mounting Engine plugin DTLSHandlerComponent
LogPluginManager: Mounting Engine plugin ProceduralMeshComponent
LogPluginManager: Mounting Engine plugin PropertyAccessEditor
LogPluginManager: Mounting Engine plugin RigVM
LogPluginManager: Mounting Engine plugin ScriptableToolsFramework
LogPluginManager: Mounting Engine plugin SignificanceManager
LogPluginManager: Mounting Engine plugin StateTree
LogPluginManager: Mounting Engine plugin SteamShared
LogPluginManager: Mounting Engine plugin SunPosition
LogPluginManager: Mounting Engine plugin USDCore
LogPluginManager: Mounting Engine plugin WaveTable
LogPluginManager: Mounting Engine plugin WindowsDeviceProfileSelector
LogPluginManager: Mounting Engine plugin WindowsMoviePlayer
LogPluginManager: Mounting Engine plugin XInputDevice
LogPluginManager: Mounting Engine plugin SlateInsights
LogPluginManager: Mounting Engine plugin FunctionalTestingEditor
LogPluginManager: Mounting Engine plugin InterchangeTests
LogPluginManager: Mounting Engine plugin TraceUtilities
LogPluginManager: Mounting Engine plugin MDFastBinding
LogPluginManager: Mounting Engine plugin ImGui
LogPluginManager: Mounting Engine plugin UbaController
LogPluginManager: Mounting Engine plugin Takes
LogPluginManager: Mounting Engine plugin WorldMetrics
LogAssetRegistry: Premade AssetRegistry loaded from '../../../PortalWars2/AssetRegistry.bin'
LogConfig: Applying CVar settings from Section [/Script/FFXFSR3Settings.FFXFSR3Settings] File [Engine]
LogConfig: Set CVar [[r.FidelityFX.FSR3.Enabled:0]]
LogNFORDenoise: NFORDenoise function starting up
LogFSR3: FSR3 Temporal Upscaling Module Started
LogFFXFI: FFX Frame Interpolation Module Started
LogDLSSBlueprint: Loaded DLSS-SR plugin version 4.0.2-NGX310.2.1.0
LogDLSSNGXVulkanRHIPreInit: FNGXVulkanRHIPreInitModule::StartupModule Enter
LogRHI: Using Default RHI: D3D12
LogRHI: Using Highest Feature Level of D3D12: SM6
LogRHI: Loading RHI module D3D12RHI
LogRHI: Checking if RHI D3D12 with Feature Level SM6 is supported by your system.
LogD3D12RHI: Found D3D12 adapter 0: NVIDIA GeForce RTX 5080 (VendorId: 10de, DeviceId: 2c02, SubSysId: 53111028, Revision: 00a1
LogD3D12RHI:   Max supported Feature Level 12_2, shader model 6.7, binding tier 3, wave ops supported, atomic64 supported
LogD3D12RHI:   Adapter has 15977MB of dedicated video memory, 0MB of dedicated system memory, and 16233MB of shared system memory, 3 output[s]
LogD3D12RHI:   Driver Version: 610.88 (internal:32.0.16.1088, unified:610.88)
LogD3D12RHI:      Driver Date: 7-22-2026
LogD3D12RHI: Found D3D12 adapter 1: Microsoft Basic Render Driver (VendorId: 1414, DeviceId: 008c, SubSysId: 0000, Revision: 0000
LogD3D12RHI:   Max supported Feature Level 12_1, shader model 6.7, binding tier 3, wave ops supported, atomic64 supported
LogD3D12RHI:   Adapter has 0MB of dedicated video memory, 0MB of dedicated system memory, and 16233MB of shared system memory, 0 output[s]
LogD3D12RHI: DirectX Agility SDK runtime found.
LogD3D12RHI: Chosen D3D12 Adapter Id = 0
LogRHI: RHI D3D12 with Feature Level SM6 is supported and will be used.
LogDLSSNGXVulkanRHIPreInit: GetSelectedDynamicRHIModuleName = D3D12RHI
LogDLSSNGXVulkanRHIPreInit: VulkanRHI is not the active DynamicRHI; skipping of pregistering the required NGX DLSS Vulkan device and instance extensions via the VulkanRHIBridge
LogDLSSNGXVulkanRHIPreInit: FNGXVulkanRHIPreInitModule::StartupModule Leave
LogStreamlineShaders: Loaded Streamline plugin version 4.0.2-SL2.7.30
LogWindows: Failed to load 'amfrt64.dll' (GetLastError=126)
LogWindows: File 'amfrt64.dll' does not exist
LogRHI: Using Default RHI: D3D12
LogRHI: Using Highest Feature Level of D3D12: SM6
LogRHI: Loading RHI module D3D12RHI
LogRHI: Checking if RHI D3D12 with Feature Level SM6 is supported by your system.
LogRHI: RHI D3D12 with Feature Level SM6 is supported and will be used.
LogCUDA: Display: CUDA module ready pending PostEngineInit.
LogEOSSDK: Initializing EOSSDK Version:1.17.0-39599718
LogOnlineServices: Warning: [LoadEOSPlatformConfig] Using legacy config from OnlineServices.EOS, use EOSShared named config instead.
LogEOSSDK: LogEOS: [Boot] EOSSDK Version 1.17.0-39599718 booting at 2026-09-02T23:35:44.682Z using C
LogEOSSDK: LogEOS: [Boot] EOSSDK Platform Properties [OS=Windows/10.0.26100.8972.64bit, ClientId=xyza78919KNKdlzlh2AOVyGMbikN5eYh, ProductId=18bcfc329f53414dbcd8ec38f4c86b81, SandboxId=p-zsvtpcrgz8c2egaauuj94t38d6556x, DeploymentId=ed79c80450894a3cac128f8f3469e26d, ProductName=PortalWars2, ProductVersion=PortalWars2-CL-600100, IsServer=false, Flags=EnableD3D9Overlay+EnableD3D10Overlay+EnableOpenGLOverlay]
LogEOSSDK: LogEOSAnalytics: Start Session (User: ...)
LogEOSSDK: LogEOSOverlay: OverlayPath registry key found in HKLM
LogEOSSDK: LogEOSOverlay: Overlay library loaded, version ++EOSSDK+Release-Overlay-CL-45834608
LogEOSSDK: LogEOSOverlay: Beginning dxgi factory detour
LogEOSSDK: LogEOSOverlay: Factory detour complete
LogEOSSDK: LogEOSOverlay: Beginning swap chain detour
LogEOSSDK: LogEOSOverlay: Attempting to create swap chain using D3D11
LogEOSSDK: LogEOSOverlay: Successfully created swap chain using D3D11 with feature level b000
LogEOSSDK: LogEOSOverlay: Swapchain detour complete
LogEOSSDK: LogEOSOverlay: Overlay loaded and initialized
LogEOSSDK: Warning: LogEOSUI: Hot key event ignored because there are no known users.
LogEOSSDK: LogEOSAntiCheat: [AntiCheatClient] Anti-cheat client not available. Verify that the game was started using the anti-cheat bootstrapper if you intend to use it.
LogEOSSDK: LogEOSRTC: LibRTCCore: Initializing LibRTC...
LogEOSSDK: LogEOS: SetApplicationStatus - OldStatus: EOS_AS_Foreground, NewStatus: EOS_AS_Foreground, Current Time: 0001.01.01-00.00.00
LogEOSSDK: LogEOS: SetNetworkStatus - OldStatus: EOS_NS_Online, NewStatus: EOS_NS_Online
LogEOSSDK: LogEOS: Updating Platform SDK Config, Time: 0.000071
LogInit: Using libcurl 8.4.0
LogInit:  - built for Windows
LogInit:  - supports SSL with OpenSSL/1.1.1t
LogInit:  - supports HTTP deflate (compression) using libz 1.3
LogInit:  - other features:
LogInit:      CURL_VERSION_SSL
LogInit:      CURL_VERSION_LIBZ
LogInit:      CURL_VERSION_IPV6
LogInit:      CURL_VERSION_ASYNCHDNS
LogInit:      CURL_VERSION_LARGEFILE
LogInit:      CURL_VERSION_HTTP2
LogInit:  CurlRequestOptions (configurable via config and command line):
LogInit:  - bVerifyPeer = true  - Libcurl will verify peer certificate
LogInit:  - bUseHttpProxy = false  - Libcurl will NOT use HTTP proxy
LogInit:  - bDontReuseConnections = true  - Libcurl will NOT reuse connections
LogInit:  - MaxHostConnections = 16  - Libcurl will limit the number of connections to a host
LogInit:  - LocalHostAddr = Default
LogInit:  - BufferSize = 65536
LogInit: CreateHttpThread using FCurlMultiPollEventLoopHttpThread
LogInit: Creating http thread with maximum 2147483647 concurrent requests
LogInit: WinSock: version 1.1 (2.2), MaxSocks=32767, MaxUdp=65467
LogOnline: OSS: Created online subsystem instance for: NULL
LogOnline: OSS: TryLoadSubsystemAndSetDefault: Loaded subsystem for type [NULL]
LogInit: ExecutableName: PortalWars2Client-Win64-Shipping.exe
LogInit: Build: PortalWars2-CL-600100
LogInit: Platform=WindowsClient
LogInit: MachineId=<MACHINEID_REDACTED>
LogInit: DeviceId=
LogInit: Engine Version: 5.5.4-600100+++PortalWars2+Release-3.1
LogInit: Compatible Engine Version: 5.5.4-591413+++PortalWars2+Release-3.1
LogInit: Net CL: 591413
LogInit: OS: Windows 11 (25H2) [10.0.26200.9168] (), CPU: Intel(R) Core(TM) Ultra 9 285K, GPU: NVIDIA GeForce RTX 5080
LogInit: Compiled (64-bit): Apr  6 2026 21:37:29
LogInit: Architecture: x64
LogInit: Compiled with Visual C++: 19.38.33145.00
LogInit: Build Configuration: Shipping
LogInit: Branch Name: ++PortalWars2+Release-3.1
LogInit: Command Line: 
LogInit: Base Directory: C:/Program Files (x86)/Steam/steamapps/common/Splitgate 2/PortalWars2/Binaries/Win64/
LogInit: Allocator: Binned2
LogInit: Installed Engine Build: 1
LogInit: This binary is optimized with LTO: yes, PGO: no, instrumented for PGO data collection: no
LogInit: UTC Start time: 2026-09-02T23:35:38.660Z
LogInit: Game Version: 0.3.1.0 (9)
LogConfig: Branch 'Lightmass' had been unloaded. Reloading on-demand took 0.13ms
LogConfig: Branch 'EditorTools1047' had been unloaded. Reloading on-demand took 0.02ms
LogConfig: Branch 'MerlinAntiCheat' had been unloaded. Reloading on-demand took 0.02ms
LogConfig: Branch 'CoreOnline1047' had been unloaded. Reloading on-demand took 0.02ms
LogConfig: Branch 'MaverickSdk' had been unloaded. Reloading on-demand took 0.02ms
LogConfig: Branch 'OnlineFramework1047' had been unloaded. Reloading on-demand took 0.02ms
LogConfig: Branch 'OnlineNetworkUtils1047' had been unloaded. Reloading on-demand took 0.02ms
LogConfig: Branch 'OnlineServices1047' had been unloaded. Reloading on-demand took 0.02ms
LogConfig: Branch 'StageNexus1047' had been unloaded. Reloading on-demand took 0.02ms
LogConfig: Branch 'AutoNavLinkGenerator' had been unloaded. Reloading on-demand took 0.02ms
LogConfig: Branch 'CommonLoadingScreen' had been unloaded. Reloading on-demand took 0.02ms
LogConfig: Branch 'AvirImageResizing' had been unloaded. Reloading on-demand took 0.02ms
LogConfig: Branch 'ContentAudit' had been unloaded. Reloading on-demand took 0.02ms
LogConfig: Branch 'GameplayMessageRouter' had been unloaded. Reloading on-demand took 0.02ms
LogConfig: Branch 'GameplayTagDataTable' had been unloaded. Reloading on-demand took 0.02ms
LogConfig: Branch 'PortalWarsLegacy' had been unloaded. Reloading on-demand took 0.02ms
LogConfig: Branch 'InGameCollisionDebugger' had been unloaded. Reloading on-demand took 0.02ms
LogConfig: Branch 'NavLinkHelper' had been unloaded. Reloading on-demand took 0.02ms
LogConfig: Branch 'AISupport' had been unloaded. Reloading on-demand took 0.02ms
LogConfig: Branch 'EnvironmentQueryEditor' had been unloaded. Reloading on-demand took 0.02ms
LogConfig: Branch 'HTN' had been unloaded. Reloading on-demand took 0.02ms
LogConfig: Branch 'ACLPlugin' had been unloaded. Reloading on-demand took 0.02ms
LogConfig: Branch 'AnimationData' had been unloaded. Reloading on-demand took 0.02ms
LogConfig: Branch 'AnimationLocomotionLibrary' had been unloaded. Reloading on-demand took 0.02ms
LogConfig: Branch 'AnimationModifierLibrary' had been unloaded. Reloading on-demand took 0.02ms
LogConfig: Branch 'AnimationWarping' had been unloaded. Reloading on-demand took 0.02ms
LogConfig: Branch 'ControlRigModules' had been unloaded. Reloading on-demand took 0.02ms
LogConfig: Branch 'ControlRigSpline' had been unloaded. Reloading on-demand took 0.02ms
LogConfig: Branch 'GameplayInsights' had been unloaded. Reloading on-demand took 0.02ms
LogConfig: Branch 'RigLogic' had been unloaded. Reloading on-demand took 0.05ms
LogConfig: Branch 'VertexAnimationManager' had been unloaded. Reloading on-demand took 0.03ms
LogConfig: Branch 'AudioGameplay' had been unloaded. Reloading on-demand took 0.02ms
LogConfig: Branch 'ToxMod' had been unloaded. Reloading on-demand took 0.02ms
LogConfig: Branch 'WwiseNiagara' had been unloaded. Reloading on-demand took 0.02ms
LogConfig: Branch 'Bridge' had been unloaded. Reloading on-demand took 0.03ms
LogConfig: Branch 'CameraShakePreviewer' had been unloaded. Reloading on-demand took 0.03ms
LogConfig: Branch 'EngineCameras' had been unloaded. Reloading on-demand took 0.02ms
LogConfig: Branch 'ChaosClothAsset' had been unloaded. Reloading on-demand took 0.02ms
LogConfig: Branch 'ChaosCloth' had been unloaded. Reloading on-demand took 0.02ms
LogConfig: Branch 'Chooser' had been unloaded. Reloading on-demand took 0.02ms
LogConfig: Branch 'OodleNetwork' had been unloaded. Reloading on-demand took 0.02ms
LogConfig: Branch 'Sentry' had been unloaded. Reloading on-demand took 0.02ms
LogConfig: Branch 'AnimationSharing' had been unloaded. Reloading on-demand took 0.02ms
LogConfig: Branch 'ConcertMain' had been unloaded. Reloading on-demand took 0.02ms
LogConfig: Branch 'ConcertSyncClient' had been unloaded. Reloading on-demand took 0.02ms
LogConfig: Branch 'ConcertSharedSlate' had been unloaded. Reloading on-demand took 0.02ms
LogConfig: Branch 'Gridly' had been unloaded. Reloading on-demand took 0.02ms
LogConfig: Branch 'PluginUtils' had been unloaded. Reloading on-demand took 0.02ms
LogConfig: Branch 'RenderDocPlugin' had been unloaded. Reloading on-demand took 0.02ms
LogConfig: Branch 'AssetManagerEditor' had been unloaded. Reloading on-demand took 0.02ms
LogConfig: Branch 'AssetReferenceRestrictions' had been unloaded. Reloading on-demand took 0.02ms
LogConfig: Branch 'AssetSearch' had been unloaded. Reloading on-demand took 0.02ms
LogConfig: Branch 'BlueprintHeaderView' had been unloaded. Reloading on-demand took 0.02ms
LogConfig: Branch 'BlueprintMaterialTextureNodes' had been unloaded. Reloading on-demand took 0.02ms
LogConfig: Branch 'ColorGrading' had been unloaded. Reloading on-demand took 0.02ms
LogConfig: Branch 'ContentBrowserAssetDataSource' had been unloaded. Reloading on-demand took 0.03ms
LogConfig: Branch 'CryptoKeys' had been unloaded. Reloading on-demand took 0.02ms
LogConfig: Branch 'DataValidation' had been unloaded. Reloading on-demand took 0.02ms
LogConfig: Branch 'ElectronicNodes' had been unloaded. Reloading on-demand took 0.02ms
LogConfig: Branch 'EngineAssetDefinitions' had been unloaded. Reloading on-demand took 0.03ms
LogConfig: Branch 'GameplayTagsEditor' had been unloaded. Reloading on-demand took 0.02ms
LogConfig: Branch 'GeometryMode' had been unloaded. Reloading on-demand took 0.02ms
LogConfig: Branch 'ModelingToolsEditorMode' had been unloaded. Reloading on-demand took 0.02ms
LogConfig: Branch 'LightMixer' had been unloaded. Reloading on-demand took 0.02ms
LogConfig: Branch 'ObjectMixer' had been unloaded. Reloading on-demand took 0.02ms
LogConfig: Branch 'PluginBrowser' had been unloaded. Reloading on-demand took 0.02ms
LogConfig: Branch 'ProxyLODPlugin' had been unloaded. Reloading on-demand took 0.02ms
LogConfig: Branch 'ScriptableToolsEditorMode' had been unloaded. Reloading on-demand took 0.02ms
LogConfig: Branch 'SequencerAnimTools' had been unloaded. Reloading on-demand took 0.02ms
LogConfig: Branch 'SpeedTreeImporter' had been unloaded. Reloading on-demand took 0.02ms
LogConfig: Branch 'UMGWidgetPreview' had been unloaded. Reloading on-demand took 0.02ms
LogConfig: Branch 'UVEditor' had been unloaded. Reloading on-demand took 0.02ms
LogConfig: Branch 'VariantManager' had been unloaded. Reloading on-demand took 0.02ms
LogConfig: Branch 'AbilitySystemGameFeatureActions' had been unloaded. Reloading on-demand took 0.04ms
LogConfig: Branch 'SkeletalMeshModelingTools' had been unloaded. Reloading on-demand took 0.03ms
LogConfig: Branch 'AutomationUtils' had been unloaded. Reloading on-demand took 0.02ms
LogConfig: Branch 'BackChannel' had been unloaded. Reloading on-demand took 0.02ms
LogConfig: Branch 'ChaosCaching' had been unloaded. Reloading on-demand took 0.02ms
LogConfig: Branch 'ChaosEditor' had been unloaded. Reloading on-demand took 0.02ms
LogConfig: Branch 'ChaosNiagara' had been unloaded. Reloading on-demand took 0.02ms
LogConfig: Branch 'ChaosSolverPlugin' had been unloaded. Reloading on-demand took 0.02ms
LogConfig: Branch 'ChaosUserDataPT' had been unloaded. Reloading on-demand took 0.02ms
LogConfig: Branch 'CharacterAI' had been unloaded. Reloading on-demand took 0.02ms
LogConfig: Branch 'Dataflow' had been unloaded. Reloading on-demand took 0.02ms
LogConfig: Branch 'EditorDataStorage' had been unloaded. Reloading on-demand took 0.03ms
LogConfig: Branch 'FastGeoStreaming5.5' had been unloaded. Reloading on-demand took 0.02ms
LogConfig: Branch 'FieldSystemPlugin' had been unloaded. Reloading on-demand took 0.02ms
LogConfig: Branch 'Fracture' had been unloaded. Reloading on-demand took 0.02ms
LogConfig: Branch 'TargetingSystem' had been unloaded. Reloading on-demand took 0.02ms
LogConfig: Branch 'Gauntlet' had been unloaded. Reloading on-demand took 0.02ms
LogConfig: Branch 'GeometryCacheAbcFile' had been unloaded. Reloading on-demand took 0.02ms
LogConfig: Branch 'GeometryCollectionPlugin' had been unloaded. Reloading on-demand took 0.02ms
LogConfig: Branch 'ImpostorBaker' had been unloaded. Reloading on-demand took 0.02ms
LogConfig: Branch 'Iris' had been unloaded. Reloading on-demand took 0.02ms
LogConfig: Branch 'JWT' had been unloaded. Reloading on-demand took 0.02ms
LogConfig: Branch 'Landmass' had been unloaded. Reloading on-demand took 0.02ms
LogConfig: Branch 'LandscapePatch' had been unloaded. Reloading on-demand took 0.02ms
LogConfig: Branch 'LocalizableMessage' had been unloaded. Reloading on-demand took 0.02ms
LogConfig: Branch 'MeshModelingToolsetExp' had been unloaded. Reloading on-demand took 0.02ms
LogConfig: Branch 'ModularGameplayActors' had been unloaded. Reloading on-demand took 0.02ms
LogConfig: Branch 'NFORDenoise' had been unloaded. Reloading on-demand took 0.02ms
LogConfig: Branch 'PlanarCut' had been unloaded. Reloading on-demand took 0.02ms
LogConfig: Branch 'PlatformCrypto' had been unloaded. Reloading on-demand took 0.02ms
LogConfig: Branch 'PluginAudit' had been unloaded. Reloading on-demand took 0.02ms
LogConfig: Branch 'PluginReferenceViewer' had been unloaded. Reloading on-demand took 0.02ms
LogConfig: Branch 'PythonScriptPlugin' had been unloaded. Reloading on-demand took 0.02ms
LogConfig: Branch 'StudioTelemetry' had been unloaded. Reloading on-demand took 0.03ms
LogConfig: Branch 'TextToSpeech' had been unloaded. Reloading on-demand took 0.02ms
LogConfig: Branch 'Volumetrics' had been unloaded. Reloading on-demand took 0.02ms
LogConfig: Branch 'Water' had been unloaded. Reloading on-demand took 0.02ms
LogConfig: Branch 'CascadeToNiagaraConverter' had been unloaded. Reloading on-demand took 0.02ms
LogCoreRedirects: AddRedirect(C:/Users/<USER>/AppData/Local/PortalWars2/Saved/Config/WindowsClient/NiagaraFluids.ini) has wildcard redirect /NiagaraSimulationStages/, these are very slow and should be resolved as soon as possible! Please refer to the documentation in Engine/Config/BaseEngine.ini.
LogConfig: Branch 'NiagaraSimCaching' had been unloaded. Reloading on-demand took 0.02ms
LogConfig: Branch 'NiagaraUIRenderer' had been unloaded. Reloading on-demand took 0.02ms
LogConfig: Branch 'SideFX_Labs' had been unloaded. Reloading on-demand took 0.02ms
LogConfig: Branch 'AlembicImporter' had been unloaded. Reloading on-demand took 0.02ms
LogConfig: Branch 'InterchangeEditor' had been unloaded. Reloading on-demand took 0.03ms
LogConfig: Branch 'BlockoutToolsPlugin' had been unloaded. Reloading on-demand took 0.03ms
LogConfig: Branch 'FSR3' had been unloaded. Reloading on-demand took 0.02ms
LogConfig: Branch 'DLSS' had been unloaded. Reloading on-demand took 0.03ms
LogConfig: Branch 'NIS' had been unloaded. Reloading on-demand took 0.02ms
LogConfig: Branch 'GeometricTools' had been unloaded. Reloading on-demand took 0.02ms
LogConfig: Branch 'BinkMedia' had been unloaded. Reloading on-demand took 0.02ms
LogConfig: Branch 'HardwareEncoders' had been unloaded. Reloading on-demand took 0.02ms
LogConfig: Branch 'ImgMedia' had been unloaded. Reloading on-demand took 0.02ms
LogConfig: Branch 'MediaCompositing' had been unloaded. Reloading on-demand took 0.03ms
LogConfig: Branch 'MediaPlate' had been unloaded. Reloading on-demand took 0.02ms
LogConfig: Branch 'MeshPainting' had been unloaded. Reloading on-demand took 0.02ms
LogConfig: Branch 'TcpMessaging' had been unloaded. Reloading on-demand took 0.02ms
LogConfig: Branch 'UdpMessaging' had been unloaded. Reloading on-demand took 0.02ms
LogConfig: Branch 'ActorSequence' had been unloaded. Reloading on-demand took 0.03ms
LogConfig: Branch 'CustomizableSequencerTracks' had been unloaded. Reloading on-demand took 0.03ms
LogConfig: Branch 'LevelSequenceEditor' had been unloaded. Reloading on-demand took 0.02ms
LogConfig: Branch 'MoviePipelineMaskRenderPass' had been unloaded. Reloading on-demand took 0.02ms
LogConfig: Branch 'SequencerScripting' had been unloaded. Reloading on-demand took 0.02ms
LogConfig: Branch 'TemplateSequence' had been unloaded. Reloading on-demand took 0.03ms
LogConfig: Branch 'EOSShared' had been unloaded. Reloading on-demand took 0.02ms
LogConfig: Branch 'OnlineBase' had been unloaded. Reloading on-demand took 0.02ms
LogConfig: Branch 'OnlineServicesEOSGS' had been unloaded. Reloading on-demand took 0.02ms
LogConfig: Branch 'OnlineServicesEOS' had been unloaded. Reloading on-demand took 0.02ms
LogConfig: Branch 'OnlineServicesOSSAdapter' had been unloaded. Reloading on-demand took 0.02ms
LogConfig: Branch 'OnlineServices' had been unloaded. Reloading on-demand took 0.02ms
LogConfig: Branch 'OnlineSubsystemNull' had been unloaded. Reloading on-demand took 0.02ms
LogConfig: Branch 'OnlineSubsystemSteam' had been unloaded. Reloading on-demand took 0.02ms
LogConfig: Branch 'OnlineSubsystemUtils' had been unloaded. Reloading on-demand took 0.02ms
LogConfig: Branch 'OnlineSubsystem' had been unloaded. Reloading on-demand took 0.02ms
LogConfig: Branch 'SocketSubsystemEOS' had been unloaded. Reloading on-demand took 0.02ms
LogConfig: Branch 'LauncherChunkInstaller' had been unloaded. Reloading on-demand took 0.03ms
LogConfig: Branch 'ActorLayerUtilities' had been unloaded. Reloading on-demand took 0.02ms
LogConfig: Branch 'AnimationBudgetAllocator' had been unloaded. Reloading on-demand took 0.03ms
LogConfig: Branch 'AssetTags' had been unloaded. Reloading on-demand took 0.02ms
LogConfig: Branch 'AudioCapture' had been unloaded. Reloading on-demand took 0.02ms
LogConfig: Branch 'AudioSynesthesia' had been unloaded. Reloading on-demand took 0.02ms
LogConfig: Branch 'AudioWidgets' had been unloaded. Reloading on-demand took 0.02ms
LogConfig: Branch 'CableComponent' had been unloaded. Reloading on-demand took 0.02ms
LogConfig: Branch 'ChunkDownloader' had been unloaded. Reloading on-demand took 0.02ms
LogConfig: Branch 'ComputeFramework' had been unloaded. Reloading on-demand took 0.02ms
LogConfig: Branch 'CustomMeshComponent' had been unloaded. Reloading on-demand took 0.02ms
LogConfig: Branch 'DataRegistry' had been unloaded. Reloading on-demand took 0.02ms
LogConfig: Branch 'SQLiteCore' had been unloaded. Reloading on-demand took 0.02ms
LogConfig: Branch 'ExampleDeviceProfileSelector' had been unloaded. Reloading on-demand took 0.02ms
LogConfig: Branch 'GameFeatures' had been unloaded. Reloading on-demand took 0.02ms
LogConfig: Branch 'GeometryCache' had been unloaded. Reloading on-demand took 0.02ms
LogConfig: Branch 'GeometryProcessing' had been unloaded. Reloading on-demand took 0.02ms
LogConfig: Branch 'GeometryScripting' had been unloaded. Reloading on-demand took 0.03ms
LogConfig: Branch 'MeshModelingToolset' had been unloaded. Reloading on-demand took 0.03ms
LogConfig: Branch 'ModularGameplay' had been unloaded. Reloading on-demand took 0.02ms
LogConfig: Branch 'Reflex' had been unloaded. Reloading on-demand took 0.02ms
LogConfig: Branch 'DTLSHandlerComponent' had been unloaded. Reloading on-demand took 0.02ms
LogConfig: Branch 'ProceduralMeshComponent' had been unloaded. Reloading on-demand took 0.02ms
LogConfig: Branch 'PropertyAccessEditor' had been unloaded. Reloading on-demand took 0.02ms
LogConfig: Branch 'ScriptableToolsFramework' had been unloaded. Reloading on-demand took 0.03ms
LogConfig: Branch 'SignificanceManager' had been unloaded. Reloading on-demand took 0.02ms
LogConfig: Branch 'SteamShared' had been unloaded. Reloading on-demand took 0.02ms
LogConfig: Branch 'SunPosition' had been unloaded. Reloading on-demand took 0.02ms
LogConfig: Branch 'WaveTable' had been unloaded. Reloading on-demand took 0.02ms
LogConfig: Branch 'WindowsDeviceProfileSelector' had been unloaded. Reloading on-demand took 0.02ms
LogConfig: Branch 'WindowsMoviePlayer' had been unloaded. Reloading on-demand took 0.02ms
LogConfig: Branch 'XInputDevice' had been unloaded. Reloading on-demand took 0.02ms
LogConfig: Branch 'SlateInsights' had been unloaded. Reloading on-demand took 0.02ms
LogConfig: Branch 'FunctionalTestingEditor' had been unloaded. Reloading on-demand took 0.03ms
LogConfig: Branch 'InterchangeTests' had been unloaded. Reloading on-demand took 0.02ms
LogConfig: Branch 'ImGui' had been unloaded. Reloading on-demand took 0.02ms
LogConfig: Branch 'UbaController' had been unloaded. Reloading on-demand took 0.02ms
LogConfig: Branch 'WorldMetrics' had been unloaded. Reloading on-demand took 0.02ms
LogInit: Presizing for max 2097152 objects, including 1 objects not considered by GC.
LogStreaming: Display: AsyncLoading2 - Created: Event Driven Loader: false, Async Loading Thread: true, Async Post Load: true
LogStreaming: Display: AsyncLoading2 - Initialized
LogInit: Object subsystem initialized
LogConfig: Set CVar [[Slate.EnableGlobalInvalidation:1]]
LogConfig: Set CVar [[Slate.AllowTooltipsWithHiddenCursor:1]]
LogConfig: Set CVar [[a.Budget.BudgetMs:0.5]]
LogConfig: Set CVar [[UMG.FlushAnimationsAtEndOfFrame:1]]
LogConfig: Set CVar [[net.SubObjects.DefaultUseSubObjectReplicationList:1]]
LogConfig: Set CVar [[net.Iris.PushModelMode:1]]
LogConfig: Set CVar [[net.IsPushModelEnabled:1]]
LogConfig: Set CVar [[net.Iris.UseIrisReplication:1]]
LogConfig: Set CVar [[1047.net.IrisDelay:1]]
LogConfig: Set CVar [[1047.net.IrisDelay.MaxTimeProcessingBatches:0.004]]
LogConfig: Set CVar [[1047.net.IrisDelay.MaxInitialReadTime:0.002]]
LogConfig: Set CVar [[1047.net.IrisDelay.MaxPendingQueueSizeForTimeSlice:96]]
LogConfig: Set CVar [[r.AllowStaticLightingInWorldPartitionMaps:1]]
LogConfig: Set CVar [[1047.cosmetics.1p.BoundsScale:2.0]]
LogConfig: Set CVar [[1047.streaming.CosmeticsPreviewBoost:3.0]]
LogConfig: Set CVar [[1047.streaming.CosmeticsPreviewForceLOD:1]]
LogConfig: Set CVar [[1047.teams.UseStaticTeamColorsAsSpectator:1]]
LogConfig: Set CVar [[1047.player.OverrideMaxViewDistance:5000000]]
LogConfig: Set CVar [[1047.RTC.Enable:1]]
LogConfig: Set CVar [[1047.engine.StreamingPauseRendering:0]]
LogConfig: Set CVar [[r.setres:1280x720]]
LogConfig: Set CVar [[fx.NiagaraAllowRuntimeScalabilityChanges:1]]
LogConfig: Set CVar [[r.Nanite.Streaming.ReservedResources:1]]
LogConfig: Set CVar [[r.Nanite.Streaming.AsyncCompute:0	; Temporary workaround for Nanite geometry corruption (FORT-805141)]]
[2026.09.02-23.35.48:868][  0]LogConfig: Set CVar [[D3D12.Bindless.ResourceDescriptorHeapSize:32768]]
[2026.09.02-23.35.48:868][  0]LogConfig: Set CVar [[D3D12.Bindless.SamplerDescriptorHeapSize:2048]]
[2026.09.02-23.35.48:868][  0]LogConfig: Set CVar [[r.PSOPrecache.GlobalShaders:1]]
[2026.09.02-23.35.48:868][  0]LogConfig: Set CVar [[r.DynamicRes.DynamicFrameTime:1]]
[2026.09.02-23.35.48:868][  0]LogConfig: Set CVar [[r.VRS.EnableSoftware:1]]
[2026.09.02-23.35.48:868][  0]LogConfig: Set CVar [[r.VRS.ContrastAdaptiveShading:1]]
[2026.09.02-23.35.48:868][  0]LogConfig: Applying CVar settings from Section [/Script/Engine.RendererSettings] File [Engine]
[2026.09.02-23.35.48:868][  0]LogConfig: Set CVar [[r.GPUCrashDebugging:0]]
[2026.09.02-23.35.48:868][  0]LogConfig: Set CVar [[r.AllowGlobalClipPlane:1]]
[2026.09.02-23.35.48:868][  0]LogConfig: Set CVar [[r.CustomDepth:3]]
[2026.09.02-23.35.48:868][  0]LogConfig: Set CVar [[r.ForwardShading:0]]
[2026.09.02-23.35.48:868][  0]LogConfig: Set CVar [[r.DefaultFeature.AmbientOcclusion:1]]
[2026.09.02-23.35.48:868][  0]LogConfig: Set CVar [[r.EarlyZPass:2]]
[2026.09.02-23.35.48:868][  0]LogConfig: Set CVar [[r.ReflectionCaptureResolution:128]]
[2026.09.02-23.35.48:868][  0]LogConfig: Set CVar [[r.ReflectionEnvironment.UseEncodedHDR:1]]
[2026.09.02-23.35.48:868][  0]LogConfig: Set CVar [[r.SeparateTranslucency:0]]
[2026.09.02-23.35.48:868][  0]LogConfig: Set CVar [[r.SelectiveBasePassOutputs:1]]
[2026.09.02-23.35.48:868][  0]LogConfig: Set CVar [[r.EnableDebugSpam_GetObjectPositionAndScale:0]]
[2026.09.02-23.35.48:868][  0]LogConfig: Set CVar [[r.PostProcessing.PropagateAlpha:0]]
[2026.09.02-23.35.48:868][  0]LogConfig: Set CVar [[r.PostProcessing.QuarterResolutionDownsample:1]]
[2026.09.02-23.35.48:868][  0]LogConfig: Set CVar [[r.SkyAtmosphere.SampleLightShadowmap:0]]
[2026.09.02-23.35.48:868][  0]LogConfig: Set CVar [[r.EarlyZPassOnlyMaterialMasking:1]]
[2026.09.02-23.35.48:868][  0]LogConfig: Set CVar [[r.ClearStencilForLighting:0]]
[2026.09.02-23.35.48:868][  0]LogConfig: Set CVar [[r.DefaultFeature.AutoExposure.Bias:1.000000]]
[2026.09.02-23.35.48:868][  0]LogConfig: Set CVar [[r.Shadow.WholeSceneShadowCacheMb:200]]
[2026.09.02-23.35.48:868][  0]LogConfig: Set CVar [[r.Shadow.LODDistanceFactor:2]]
[2026.09.02-23.35.48:868][  0]LogConfig: Set CVar [[r.SupportSkyAtmosphereAffectsHeightFog:1]]
[2026.09.02-23.35.48:868][  0]LogConfig: Set CVar [[r.SupportStationarySkylight:0]]
[2026.09.02-23.35.48:868][  0]LogConfig: Set CVar [[r.SupportSkyAtmosphere:1]]
[2026.09.02-23.35.48:868][  0]LogConfig: Set CVar [[r.SupportPointLightWholeSceneShadows:1]]
[2026.09.02-23.35.48:868][  0]LogConfig: Set CVar [[r.SupportLowQualityLightmaps:0]]
[2026.09.02-23.35.48:868][  0]LogConfig: Set CVar [[r.Mobile.EnableStaticAndCSMShadowReceivers:0]]
[2026.09.02-23.35.48:868][  0]LogConfig: Set CVar [[r.Mobile.AllowDistanceFieldShadows:0]]
[2026.09.02-23.35.48:868][  0]LogConfig: Set CVar [[r.DiscardUnusedQuality:0]]
[2026.09.02-23.35.48:868][  0]LogConfig: Set CVar [[r.DefaultFeature.LightUnits:2]]
[2026.09.02-23.35.48:868][  0]LogConfig: Set CVar [[r.ReflectionMethod:3]]
[2026.09.02-23.35.48:868][  0]LogConfig: Set CVar [[r.Composite.TemporalUpsampleDepth:1]]
[2026.09.02-23.35.48:868][  0]LogConfig: Set CVar [[r.GenerateMeshDistanceFields:0]]
[2026.09.02-23.35.48:868][  0]LogConfig: Set CVar [[r.DistanceFields.MaxPerMeshResolution:128]]
[2026.09.02-23.35.48:868][  0]LogConfig: Set CVar [[r.DistanceFields.DefaultVoxelDensity:.1]]
[2026.09.02-23.35.48:868][  0]LogConfig: Set CVar [[r.DistanceFields.ParallelUpdate:1]]
[2026.09.02-23.35.48:868][  0]LogConfig: Set CVar [[r.DistanceFields.BrickAtlasSizeXYInBricks:64]]
[2026.09.02-23.35.48:868][  0]LogConfig: Set CVar [[r.DynamicGlobalIlluminationMethod:4]]
[2026.09.02-23.35.48:868][  0]LogConfig: Set CVar [[r.AllowStaticLighting:1]]
[2026.09.02-23.35.48:868][  0]LogConfig: Set CVar [[r.DefaultFeature.LensFlare:0]]
[2026.09.02-23.35.48:868][  0]LogConfig: Set CVar [[r.SkinCache.CompileShaders:0]]
[2026.09.02-23.35.48:868][  0]LogConfig: Set CVar [[r.HairStrands.Enable:0]]
[2026.09.02-23.35.48:868][  0]LogConfig: Set CVar [[r.RayTracing:0]]
[2026.09.02-23.35.48:868][  0]LogConfig: Set CVar [[r.Lumen.HardwareRayTracing:0]]
[2026.09.02-23.35.48:868][  0]LogConfig: Set CVar [[r.ClearCoatNormal:0]]
[2026.09.02-23.35.48:868][  0]LogConfig: Set CVar [[r.IrisNormal:0]]
[2026.09.02-23.35.48:868][  0]LogConfig: Set CVar [[vr.InstancedStereo:0]]
[2026.09.02-23.35.48:868][  0]LogConfig: Set CVar [[r.VirtualTextures:1]]
[2026.09.02-23.35.48:868][  0]LogConfig: Set CVar [[r.LensFlareMethod:1]]
[2026.09.02-23.35.48:868][  0]LogConfig: Set CVar [[r.VRS.Enable:1]]
[2026.09.02-23.35.48:868][  0]LogConfig: Set CVar [[r.VRS.SSAO:1]]
[2026.09.02-23.35.48:868][  0]LogConfig: Set CVar [[r.VRS.MinimumTextureQuality:2]]
[2026.09.02-23.35.48:868][  0]LogConfig: Set CVar [[r.VRS.ReflectionEnvironmentSky:0]]
[2026.09.02-23.35.48:868][  0]LogConfig: Set CVar [[r.Nanite.SoftwareVRS:0]]
[2026.09.02-23.35.48:868][  0]LogConfig: Set CVar [[r.CapsuleShadows.Downscale:2]]
[2026.09.02-23.35.48:868][  0]LogConfig: Set CVar [[r.SubsurfaceScattering:0]]
[2026.09.02-23.35.48:868][  0]LogConfig: Set CVar [[r.VolumetricFog.LimitRes:1920]]
[2026.09.02-23.35.48:868][  0]LogConfig: Set CVar [[r.AmbientOcclusion.Compute:1]]
[2026.09.02-23.35.48:868][  0]LogConfig: Set CVar [[r.Nanite:0]]
[2026.09.02-23.35.48:868][  0]LogConfig: Set CVar [[r.Nanite.ProjectEnabled:0]]
[2026.09.02-23.35.48:868][  0]LogConfig: Set CVar [[r.Lumen.Supported:False ; Toggle it on for ProtoLumen in future]]
[2026.09.02-23.35.48:868][  0]LogConfig: Set CVar [[r.Lumen.TranslucencyReflections.FrontLayer.EnableForProject:1]]
[2026.09.02-23.35.48:868][  0]LogConfig: Set CVar [[r.Lumen.ScreenProbeGather.MaxRayIntensity:2]]
[2026.09.02-23.35.48:868][  0]LogConfig: Set CVar [[r.Lumen.ScreenProbeGather.Temporal.MaxFramesAccumulated:32]]
[2026.09.02-23.35.48:868][  0]LogConfig: Set CVar [[r.Lumen.ScreenProbeGather.TemporalFilterProbes:1]]
[2026.09.02-23.35.48:868][  0]LogConfig: Set CVar [[r.Lumen.Reflections.MaxRayIntensity:4]]
[2026.09.02-23.35.48:868][  0]LogConfig: Set CVar [[r.Lumen.Reflections.SmoothBias:0.3]]
[2026.09.02-23.35.48:868][  0]LogConfig: Set CVar [[r.Lumen.SoftwareRayTracingSupported:0]]
[2026.09.02-23.35.48:868][  0]LogConfig: Set CVar [[r.GPUScene.ParallelUpdate:1]]
[2026.09.02-23.35.48:868][  0]LogConfig: Set CVar [[r.NumBufferedOcclusionQueries:2]]
[2026.09.02-23.35.48:868][  0]LogConfig: Set CVar [[r.ApproximateOcclusionQueries:1]]
[2026.09.02-23.35.48:868][  0]LogConfig: Set CVar [[r.RHICmd.ParallelTranslate.CombineSingleAndParallel:1]]
[2026.09.02-23.35.48:868][  0]LogConfig: Set CVar [[r.Translucency.ScreenPercentage.SceneCapture:0]]
[2026.09.02-23.35.48:868][  0]LogConfig: Set CVar [[r.Translucency.ScreenPercentage.Max:100]]
[2026.09.02-23.35.48:868][  0]LogConfig: Set CVar [[r.AntiAliasingMethod:2]]
[2026.09.02-23.35.48:868][  0]LogConfig: Set CVar [[r.PSOPrecache.CustomDepth:1]]
[2026.09.02-23.35.48:868][  0]LogConfig: Set CVar [[r.PSOPrecache.LightMapPolicyMode:2]]
[2026.09.02-23.35.48:868][  0]LogConfig: Set CVar [[r.PSOPrecache.PrecacheAlphaColorChannel:0]]
[2026.09.02-23.35.48:868][  0]LogConfig: Set CVar [[r.MeshCardRepresentation:0]]
[2026.09.02-23.35.48:868][  0]LogConfig: Set CVar [[r.RenderTargetPool.ReleaseDeferFrames:60]]
[2026.09.02-23.35.48:868][  0]LogConfig: Set CVar [[r.SceneCapture.RDG.TransientAllocator:1]]
[2026.09.02-23.35.48:868][  0]LogConfig: Set CVar [[r.VirtualTexturedLightmaps:1]]
[2026.09.02-23.35.48:868][  0]LogConfig: Set CVar [[r.Shadow.Virtual.Enable:0]]
[2026.09.02-23.35.48:868][  0]LogConfig: Set CVar [[r.CalcLocalPlayerCachedLODDistanceFactor:0]]
[2026.09.02-23.35.48:868][  0]LogConfig: Set CVar [[landscape.SupportGPUCulling:0]]
[2026.09.02-23.35.48:868][  0]LogConfig: Set CVar [[r.NormalMapsForStaticLighting:0]]
[2026.09.02-23.35.48:868][  0]LogConfig: Set CVar [[r.SupportDepthOnlyIndexBuffers:0]]
[2026.09.02-23.35.48:868][  0]LogConfig: Set CVar [[r.SupportReversedIndexBuffers:0]]
[2026.09.02-23.35.48:868][  0]LogConfig: Set CVar [[r.KeepOverrideVertexColorsOnCPU:0]]
[2026.09.02-23.35.48:868][  0]LogConfig: Set CVar [[r.FreeSkeletalMeshBuffers:1]]
[2026.09.02-23.35.48:868][  0]LogConfig: Set CVar [[r.LightFunctionAtlas.Size:5]]
[2026.09.02-23.35.48:868][  0]LogConfig: Set CVar [[r.VolumetricCloud:0]]
[2026.09.02-23.35.48:868][  0]LogConfig: Set CVar [[r.MeshStreaming:1]]
[2026.09.02-23.35.48:868][  0]LogConfig: Set CVar [[r.VT.Residency.ReleaseUnusedSpaces:1]]
[2026.09.02-23.35.48:868][  0]LogConfig: Set CVar [[r.VT.MaxTilesProducedPerFrame.SlowMode:1]]
[2026.09.02-23.35.48:868][  0]LogConfig: Set CVar [[r.VT.RVT.LandscapeWithQuad:1]]
[2026.09.02-23.35.48:868][  0]LogConfig: Set CVar [[r.VT.RVT.HighQualityPerPixelHeight:0]]
[2026.09.02-23.35.48:868][  0]LogConfig: Set CVar [[r.SceneDepthHZBAsyncCompute:1]]
[2026.09.02-23.35.48:868][  0]LogConfig: Set CVar [[r.SkyAtmosphereASyncCompute:2]]
[2026.09.02-23.35.48:868][  0]LogConfig: Set CVar [[r.Viewport.EnableSelectionOutlineColors:1]]
[2026.09.02-23.35.48:868][  0]LogConfig: Set CVar [[r.StencilForLODDither:1]]
[2026.09.02-23.35.48:868][  0]LogConfig: Set CVar [[r.VT.RVT.EnableBaseColor:0]]
[2026.09.02-23.35.48:868][  0]LogConfig: Set CVar [[r.VT.RVT.EnableBaseColorRoughness:0]]
[2026.09.02-23.35.48:868][  0]LogConfig: Set CVar [[r.VT.RVT.EnableBaseColorSpecular:0]]
[2026.09.02-23.35.48:868][  0]LogConfig: Set CVar [[r.VT.RVT.EnableMask4:0]]
[2026.09.02-23.35.48:868][  0]LogConfig: Set CVar [[r.VT.RVT.EnableWorldHeight:0]]
[2026.09.02-23.35.48:868][  0]LogConfig: Set CVar [[r.VT.RVT.EnableDisplacement:0]]
[2026.09.02-23.35.48:868][  0]LogConfig: Set CVar [[r.VT.RVT.EnableSubsurfaceColorMask4:0]]
[2026.09.02-23.35.48:868][  0]LogConfig: Set CVar [[r.VT.SyncProduceLockedTiles:0]]
[2026.09.02-23.35.48:868][  0]LogConfig: Set CVar [[r.VT.PageFreeThreshold:30]]
[2026.09.02-23.35.48:868][  0]LogConfig: Set CVar [[r.Water.SingleLayer.DistanceFieldShadow:0]]
[2026.09.02-23.35.48:868][  0]LogConfig: Set CVar [[r.Water.SingleLayer.ShadersSupportDistanceFieldShadow:0]]
[2026.09.02-23.35.48:868][  0]LogConfig: Set CVar [[r.Water.SingleLayer.VSMFiltering:0]]
[2026.09.02-23.35.48:868][  0]LogConfig: Set CVar [[r.Water.SingleLayer.ShadersSupportVSMFiltering:0]]
[2026.09.02-23.35.48:868][  0]LogConfig: Set CVar [[r.Water.SingleLayerWater.SupportCloudShadow:0]]
[2026.09.02-23.35.48:868][  0]LogConfig: Set CVar [[r.SkyAtmosphere.CacheLUTs:1]]
[2026.09.02-23.35.48:868][  0]LogConfig: Set CVar [[r.SkyAtmosphere.CacheLUTs.WorldUnitsMarginXY:100]]
[2026.09.02-23.35.48:868][  0]LogConfig: Set CVar [[r.SkyAtmosphere.CacheLUTs.WorldUnitsMarginZ:2000]]
[2026.09.02-23.35.48:868][  0]LogConfig: Set CVar [[r.DefaultFeature.MotionBlur:1]]
[2026.09.02-23.35.48:868][  0]LogConfig: Set CVar [[r.MotionBlur.ForegroundOnly:1]]
[2026.09.02-23.35.48:868][  0]LogConfig: Set CVar [[r.MotionBlur.Scale:0.15]]
[2026.09.02-23.35.48:868][  0]LogConfig: Set CVar [[r.MotionBlur.Amount:0 ; Disabled by default, can be activated in Video settings]]
[2026.09.02-23.35.48:868][  0]LogConfig: Set CVar [[r.NGX.Enable:1]]
[2026.09.02-23.35.48:868][  0]LogConfig: Set CVar [[r.NGX.DLSS.Enable:0]]
[2026.09.02-23.35.48:868][  0]LogConfig: Set CVar [[r.NGX.Enable.AllowCommandLine:1]]
[2026.09.02-23.35.48:868][  0]LogConfig: Set CVar [[r.Streamline.DLSSG.Enable:0]]
[2026.09.02-23.35.48:868][  0]LogConfig: Set CVar [[r.FidelityFX.FSR3.UseNativeDX12:1]]
[2026.09.02-23.35.48:868][  0]LogConfig: Set CVar [[r.FidelityFX.FSR3.UseRHI:0]]
[2026.09.02-23.35.48:868][  0]LogConfig: Set CVar [[r.FidelityFX.FSR3.DeDither:1]]
[2026.09.02-23.35.48:868][  0]LogConfig: Set CVar [[r.FidelityFX.FSR3.CreateReactiveMask:0]]
[2026.09.02-23.35.48:868][  0]LogConfig: Set CVar [[r.FidelityFX.FSR3.ForceVertexDeformationOutputsVelocity:0]]
[2026.09.02-23.35.48:868][  0]LogConfig: Set CVar [[r.FidelityFX.FI.Enabled:0]]
[2026.09.02-23.35.48:868][  0]LogConfig: Set CVar [[r.FidelityFX.FI.OverrideSwapChainDX12:1]]
[2026.09.02-23.35.48:868][  0]LogConfig: Set CVar [[r.FidelityFX.FI.AllowAsyncWorkloads:1]]
[2026.09.02-23.35.48:868][  0]LogConfig: Set CVar [[r.FidelityFX.FI.UpdateGlobalFrameTime:0]]
[2026.09.02-23.35.48:868][  0]LogConfig: Set CVar [[portal.BufferComposition:1]]
[2026.09.02-23.35.48:868][  0]LogConfig: Set CVar [[portal.optimizations.DepthPrePass:0]]
[2026.09.02-23.35.48:868][  0]LogConfig: Set CVar [[portal.optimizations.VisibilityReuse:0]]
[2026.09.02-23.35.48:868][  0]LogConfig: Set CVar [[portal.optimizations.ScreenPercentageAllowed:0]]
[2026.09.02-23.35.48:868][  0]LogConfig: Set CVar [[r.Shaders.RemoveUnusedInterpolators:1]]
[2026.09.02-23.35.48:868][  0]LogConfig: Set CVar [[r.Shadow.DetectVertexShaderLayerAtRuntime:1]]
[2026.09.02-23.35.48:868][  0]LogConfig: Applying CVar settings from Section [/Script/Engine.RendererOverrideSettings] File [Engine]
[2026.09.02-23.35.48:868][  0]LogConfig: Applying CVar settings from Section [/Script/Engine.StreamingSettings] File [Engine]
[2026.09.02-23.35.48:868][  0]LogConfig: Set CVar [[s.MinBulkDataSizeForAsyncLoading:131072]]
[2026.09.02-23.35.48:868][  0]LogConfig: Set CVar [[s.AsyncLoadingThreadEnabled:1]]
[2026.09.02-23.35.48:868][  0]LogConfig: Set CVar [[s.EventDrivenLoaderEnabled:1]]
[2026.09.02-23.35.48:868][  0]LogConfig: Set CVar [[s.WarnIfTimeLimitExceeded:0]]
[2026.09.02-23.35.48:868][  0]LogConfig: Set CVar [[s.TimeLimitExceededMultiplier:1.5]]
[2026.09.02-23.35.48:868][  0]LogConfig: Set CVar [[s.TimeLimitExceededMinTime:0.005]]
[2026.09.02-23.35.48:868][  0]LogConfig: Set CVar [[s.UseBackgroundLevelStreaming:1]]
[2026.09.02-23.35.48:868][  0]LogConfig: Set CVar [[s.PriorityAsyncLoadingExtraTime:40]]
[2026.09.02-23.35.48:868][  0]LogConfig: Set CVar [[s.LevelStreamingActorsUpdateTimeLimit:5.0]]
[2026.09.02-23.35.48:868][  0]LogConfig: Set CVar [[s.PriorityLevelStreamingActorsUpdateExtraTime:5.0]]
[2026.09.02-23.35.48:868][  0]LogConfig: Set CVar [[s.LevelStreamingComponentsRegistrationGranularity:10]]
[2026.09.02-23.35.48:868][  0]LogConfig: Set CVar [[s.UnregisterComponentsTimeLimit:1.0]]
[2026.09.02-23.35.48:868][  0]LogConfig: Set CVar [[s.LevelStreamingComponentsUnregistrationGranularity:5]]
[2026.09.02-23.35.48:868][  0]LogConfig: Set CVar [[s.FlushStreamingOnExit:1]]
[2026.09.02-23.35.48:868][  0]LogConfig: Set CVar [[s.ProcessPrestreamingRequests:1]]
[2026.09.02-23.35.48:868][  0]LogConfig: Set CVar [[r.Streaming.AllowParallelStreamingRenderAssets:1]]
[2026.09.02-23.35.48:868][  0]LogConfig: Applying CVar settings from Section [/Script/Engine.GarbageCollectionSettings] File [Engine]
[2026.09.02-23.35.48:868][  0]LogConfig: Set CVar [[gc.MaxObjectsNotConsideredByGC:1]]
[2026.09.02-23.35.48:868][  0]LogConfig: Set CVar [[gc.FlushStreamingOnGC:0]]
[2026.09.02-23.35.48:868][  0]LogConfig: Set CVar [[gc.NumRetriesBeforeForcingGC:10]]
[2026.09.02-23.35.48:868][  0]LogConfig: Set CVar [[gc.AllowParallelGC:1]]
[2026.09.02-23.35.48:868][  0]LogConfig: Set CVar [[gc.TimeBetweenPurgingPendingKillObjects:61.1]]
[2026.09.02-23.35.48:868][  0]LogConfig: Set CVar [[gc.MaxObjectsInEditor:25165824]]
[2026.09.02-23.35.48:868][  0]LogConfig: Set CVar [[gc.IncrementalBeginDestroyEnabled:1]]
[2026.09.02-23.35.48:868][  0]LogConfig: Set CVar [[gc.CreateGCClusters:1]]
[2026.09.02-23.35.48:868][  0]LogConfig: Set CVar [[gc.MinGCClusterSize:5]]
[2026.09.02-23.35.48:868][  0]LogConfig: Set CVar [[gc.AssetClustreringEnabled:0]]
[2026.09.02-23.35.48:868][  0]LogConfig: Set CVar [[gc.ActorClusteringEnabled:0]]
[2026.09.02-23.35.48:868][  0]LogConfig: Set CVar [[gc.VerifyUObjectsAreNotFGCObjects:0]]
[2026.09.02-23.35.48:868][  0]LogConfig: Set CVar [[gc.GarbageEliminationEnabled:1]]
[2026.09.02-23.35.48:868][  0]LogConfig: Applying CVar settings from Section [/Script/Engine.NetworkSettings] File [Engine]
[2026.09.02-23.35.48:869][  0]LogInit: Setting process to per monitor DPI aware
[2026.09.02-23.35.48:904][  0]LogConfig: Applying CVar settings from Section [ViewDistanceQuality@3] File [Scalability]
[2026.09.02-23.35.48:904][  0]LogConfig: Set CVar [[r.SkeletalMeshLODBias:0]]
[2026.09.02-23.35.48:904][  0]LogConfig: Set CVar [[r.ViewDistanceScale:1.0]]
[2026.09.02-23.35.48:904][  0]LogConfig: Set CVar [[r.StaticMeshLODDistanceScale:1]]
[2026.09.02-23.35.48:904][  0]LogConfig: Set CVar [[r.Decal.FadeScreenSizeMult:1.0]]
[2026.09.02-23.35.48:904][  0]LogConfig: Set CVar [[r.ExpandAllOcclusionTestedBBoxesAmount:50]]
[2026.09.02-23.35.48:904][  0]LogConfig: Set CVar [[1047.cosmetics.AttachmentDropThirdPersonMaxDistance:1000]]
[2026.09.02-23.35.48:904][  0]LogConfig: Set CVar [[1047.UI.WidgetRenderer.TimeScale:1.0]]
[2026.09.02-23.35.48:904][  0]LogConfig: Set CVar [[1047.cosmetics.DisableThirdPersonWeaponAnimations:0		; Third person weapon animations]]
[2026.09.02-23.35.48:904][  0]LogConfig: Set CVar [[1047.cosmetics.DisableThirdPersonFireAnimation:0		; Third person character animations]]
[2026.09.02-23.35.48:904][  0]LogConfig: Set CVar [[1047.cosmetics.ThirdPersonUsePickupMeshes:0				; Use skeletal mesh for TPP weapon]]
[2026.09.02-23.35.48:904][  0]LogConfig: Set CVar [[significance.budget.Character:5,10,10,35]]
[2026.09.02-23.35.48:904][  0]LogConfig: Set CVar [[1047.worldpartition.SourceMultiplier:1]]
[2026.09.02-23.35.48:904][  0]LogConfig: Applying CVar settings from Section [AntiAliasingQuality@3] File [Scalability]
[2026.09.02-23.35.48:904][  0]LogConfig: Set CVar [[r.FXAA.Quality:4]]
[2026.09.02-23.35.48:904][  0]LogConfig: Set CVar [[r.TemporalAA.Quality:2]]
[2026.09.02-23.35.48:904][  0]LogConfig: Set CVar [[r.TSR.History.R11G11B10:1]]
[2026.09.02-23.35.48:904][  0]LogConfig: Set CVar [[r.TSR.History.ScreenPercentage:200]]
[2026.09.02-23.35.48:904][  0]LogConfig: Set CVar [[r.TSR.History.UpdateQuality:3]]
[2026.09.02-23.35.48:904][  0]LogConfig: Set CVar [[r.TSR.ShadingRejection.Flickering:1]]
[2026.09.02-23.35.48:904][  0]LogConfig: Set CVar [[r.TSR.RejectionAntiAliasingQuality:2]]
[2026.09.02-23.35.48:904][  0]LogConfig: Set CVar [[r.TSR.ReprojectionField:1]]
[2026.09.02-23.35.48:904][  0]LogConfig: Set CVar [[r.TSR.Resurrection:1]]
[2026.09.02-23.35.48:904][  0]LogConfig: Applying CVar settings from Section [ShadowQuality@3] File [Scalability]
[2026.09.02-23.35.48:904][  0]LogConfig: Set CVar [[r.LightFunctionQuality:1]]
[2026.09.02-23.35.48:904][  0]LogConfig: Set CVar [[r.ShadowQuality:5]]
[2026.09.02-23.35.48:904][  0]LogConfig: Set CVar [[r.Shadow.CSM.MaxCascades:10]]
[2026.09.02-23.35.48:904][  0]LogConfig: Set CVar [[r.Shadow.MaxResolution:2048]]
[2026.09.02-23.35.48:904][  0]LogConfig: Set CVar [[r.Shadow.MaxCSMResolution:2048]]
[2026.09.02-23.35.48:904][  0]LogConfig: Set CVar [[r.Shadow.RadiusThreshold:0.01]]
[2026.09.02-23.35.48:904][  0]LogConfig: Set CVar [[r.Shadow.DistanceScale:1.0]]
[2026.09.02-23.35.48:904][  0]LogConfig: Set CVar [[r.Shadow.CSM.TransitionScale:1.0]]
[2026.09.02-23.35.48:904][  0]LogConfig: Set CVar [[r.Shadow.PreShadowResolutionFactor:1.0]]
[2026.09.02-23.35.48:904][  0]LogConfig: Set CVar [[r.DistanceFieldShadowing:1]]
[2026.09.02-23.35.48:904][  0]LogConfig: Set CVar [[r.VolumetricFog:1]]
[2026.09.02-23.35.48:904][  0]LogConfig: Set CVar [[r.VolumetricFog.GridPixelSize:16]]
[2026.09.02-23.35.48:904][  0]LogConfig: Set CVar [[r.VolumetricFog.GridSizeZ:50]]
[2026.09.02-23.35.48:904][  0]LogConfig: Set CVar [[r.VolumetricFog.HistoryMissSupersampleCount:4]]
[2026.09.02-23.35.48:904][  0]LogConfig: Set CVar [[r.LightMaxDrawDistanceScale:1]]
[2026.09.02-23.35.48:904][  0]LogConfig: Set CVar [[r.CapsuleShadows:1]]
[2026.09.02-23.35.48:904][  0]LogConfig: Set CVar [[r.Shadow.Virtual.MaxPhysicalPages:4096]]
[2026.09.02-23.35.48:904][  0]LogConfig: Set CVar [[r.Shadow.Virtual.ResolutionLodBiasDirectional:-1.5]]
[2026.09.02-23.35.48:904][  0]LogConfig: Set CVar [[r.Shadow.Virtual.ResolutionLodBiasDirectionalMoving:-1.5]]
[2026.09.02-23.35.48:904][  0]LogConfig: Set CVar [[r.Shadow.Virtual.ResolutionLodBiasLocal:0.0]]
[2026.09.02-23.35.48:904][  0]LogConfig: Set CVar [[r.Shadow.Virtual.ResolutionLodBiasLocalMoving:1.0]]
[2026.09.02-23.35.48:904][  0]LogConfig: Set CVar [[r.Shadow.Virtual.SMRT.RayCountDirectional:8]]
[2026.09.02-23.35.48:904][  0]LogConfig: Set CVar [[r.Shadow.Virtual.SMRT.SamplesPerRayDirectional:4]]
[2026.09.02-23.35.48:904][  0]LogConfig: Set CVar [[r.Shadow.Virtual.SMRT.RayCountLocal:8]]
[2026.09.02-23.35.48:904][  0]LogConfig: Set CVar [[r.Shadow.Virtual.SMRT.SamplesPerRayLocal:4]]
[2026.09.02-23.35.48:904][  0]LogConfig: Set CVar [[r.CapsuleMinScreenSize:0.0002]]
[2026.09.02-23.35.48:904][  0]LogConfig: Set CVar [[r.ContactShadows:1]]
[2026.09.02-23.35.48:904][  0]LogConfig: Set CVar [[r.Shadow.InsetDownscaleFactor:1]]
[2026.09.02-23.35.48:904][  0]LogConfig: Set CVar [[portal.features.DynamicShadows:1]]
[2026.09.02-23.35.48:904][  0]LogConfig: Set CVar [[1047.lighting.DisableILCForSmallObjects:0]]
[2026.09.02-23.35.48:904][  0]LogConfig: Set CVar [[1047.cosmetics.3p.ShadowsMode:1]]
[2026.09.02-23.35.48:904][  0]LogConfig: Applying CVar settings from Section [GlobalIlluminationQuality@3] File [Scalability]
[2026.09.02-23.35.48:904][  0]LogConfig: Set CVar [[r.DistanceFieldAO:1]]
[2026.09.02-23.35.48:904][  0]LogConfig: Set CVar [[r.AOQuality:2]]
[2026.09.02-23.35.48:904][  0]LogConfig: Set CVar [[r.Lumen.DiffuseIndirect.Allow:1]]
[2026.09.02-23.35.48:904][  0]LogConfig: Set CVar [[r.LumenScene.Radiosity.ProbeSpacing:4]]
[2026.09.02-23.35.48:904][  0]LogConfig: Set CVar [[r.LumenScene.Radiosity.HemisphereProbeResolution:4]]
[2026.09.02-23.35.48:904][  0]LogConfig: Set CVar [[r.Lumen.TraceMeshSDFs.Allow:1]]
[2026.09.02-23.35.48:904][  0]LogConfig: Set CVar [[r.Lumen.ScreenProbeGather.RadianceCache.ProbeResolution:32]]
[2026.09.02-23.35.48:904][  0]LogConfig: Set CVar [[r.Lumen.ScreenProbeGather.RadianceCache.NumProbesToTraceBudget:300]]
[2026.09.02-23.35.48:904][  0]LogConfig: Set CVar [[r.Lumen.ScreenProbeGather.DownsampleFactor:16]]
[2026.09.02-23.35.48:904][  0]LogConfig: Set CVar [[r.Lumen.ScreenProbeGather.TracingOctahedronResolution:8]]
[2026.09.02-23.35.48:904][  0]LogConfig: Set CVar [[r.Lumen.ScreenProbeGather.IrradianceFormat:0]]
[2026.09.02-23.35.48:904][  0]LogConfig: Set CVar [[r.Lumen.ScreenProbeGather.StochasticInterpolation:0]]
[2026.09.02-23.35.48:904][  0]LogConfig: Set CVar [[r.Lumen.ScreenProbeGather.FullResolutionJitterWidth:1]]
[2026.09.02-23.35.48:904][  0]LogConfig: Set CVar [[r.Lumen.ScreenProbeGather.TwoSidedFoliageBackfaceDiffuse:1]]
[2026.09.02-23.35.48:904][  0]LogConfig: Set CVar [[r.Lumen.ScreenProbeGather.ScreenTraces.HZBTraversal.FullResDepth:1]]
[2026.09.02-23.35.48:904][  0]LogConfig: Set CVar [[r.Lumen.ScreenProbeGather.ShortRangeAO.HardwareRayTracing:0]]
[2026.09.02-23.35.48:904][  0]LogConfig: Set CVar [[r.Lumen.TranslucencyVolume.GridPixelSize:32]]
[2026.09.02-23.35.48:904][  0]LogConfig: Set CVar [[r.Lumen.TranslucencyVolume.TraceFromVolume:1]]
[2026.09.02-23.35.48:904][  0]LogConfig: Set CVar [[r.Lumen.TranslucencyVolume.TracingOctahedronResolution:3]]
[2026.09.02-23.35.48:904][  0]LogConfig: Set CVar [[r.Lumen.TranslucencyVolume.RadianceCache.ProbeResolution:8]]
[2026.09.02-23.35.48:904][  0]LogConfig: Set CVar [[r.Lumen.TranslucencyVolume.RadianceCache.NumProbesToTraceBudget:200]]
[2026.09.02-23.35.48:904][  0]LogConfig: Set CVar [[r.SkyLight.RealTimeReflectionCapture:1]]
[2026.09.02-23.35.48:904][  0]LogConfig: Applying CVar settings from Section [ReflectionQuality@3] File [Scalability]
[2026.09.02-23.35.48:904][  0]LogConfig: Set CVar [[r.SSR.Quality:3]]
[2026.09.02-23.35.48:904][  0]LogConfig: Set CVar [[r.SSR.HalfResSceneColor:0]]
[2026.09.02-23.35.48:904][  0]LogConfig: Set CVar [[r.Lumen.Reflections.Allow:1]]
[2026.09.02-23.35.48:904][  0]LogConfig: Set CVar [[r.Lumen.Reflections.DownsampleFactor:1]]
[2026.09.02-23.35.48:904][  0]LogConfig: Set CVar [[r.Lumen.Reflections.MaxRoughnessToTraceForFoliage:0.4]]
[2026.09.02-23.35.48:904][  0]LogConfig: Set CVar [[r.Lumen.ScreenProbeGather.MaxRoughnessToEvaluateRoughSpecularForFoliage:0.8]]
[2026.09.02-23.35.48:904][  0]LogConfig: Set CVar [[r.Lumen.Reflections.ScreenSpaceReconstruction.TonemapMode:1]]
[2026.09.02-23.35.48:904][  0]LogConfig: Set CVar [[r.Lumen.Reflections.ScreenSpaceReconstruction.MinWeight:0]]
[2026.09.02-23.35.48:904][  0]LogConfig: Set CVar [[r.Lumen.TranslucencyReflections.FrontLayer.Allow:1]]
[2026.09.02-23.35.48:904][  0]LogConfig: Set CVar [[r.Lumen.TranslucencyReflections.FrontLayer.Enable:0]]
[2026.09.02-23.35.48:904][  0]LogConfig: Set CVar [[r.PlanarReflections.ResolutionScale:1.0]]
[2026.09.02-23.35.48:904][  0]LogConfig: Applying CVar settings from Section [PostProcessQuality@3] File [Scalability]
[2026.09.02-23.35.48:904][  0]LogConfig: Set CVar [[r.MotionBlurQuality:3]]
[2026.09.02-23.35.48:904][  0]LogConfig: Set CVar [[r.MotionBlur.HalfResGather:0]]
[2026.09.02-23.35.48:904][  0]LogConfig: Set CVar [[r.AmbientOcclusionMipLevelFactor:0.4]]
[2026.09.02-23.35.48:904][  0]LogConfig: Set CVar [[r.AmbientOcclusionMaxQuality:100]]
[2026.09.02-23.35.48:904][  0]LogConfig: Set CVar [[r.AmbientOcclusionLevels:-1]]
[2026.09.02-23.35.48:904][  0]LogConfig: Set CVar [[r.AmbientOcclusionRadiusScale:1.0]]
[2026.09.02-23.35.48:904][  0]LogConfig: Set CVar [[r.DepthOfFieldQuality:2]]
[2026.09.02-23.35.48:904][  0]LogConfig: Set CVar [[r.RenderTargetPoolMin:400]]
[2026.09.02-23.35.48:904][  0]LogConfig: Set CVar [[r.LensFlareQuality:0]]
[2026.09.02-23.35.48:904][  0]LogConfig: Set CVar [[r.SceneColorFringeQuality:1]]
[2026.09.02-23.35.48:904][  0]LogConfig: Set CVar [[r.EyeAdaptationQuality:2]]
[2026.09.02-23.35.48:904][  0]LogConfig: Set CVar [[r.BloomQuality:5]]
[2026.09.02-23.35.48:904][  0]LogConfig: Set CVar [[r.Bloom.ScreenPercentage:50.000]]
[2026.09.02-23.35.48:904][  0]LogConfig: Set CVar [[r.FastBlurThreshold:100]]
[2026.09.02-23.35.48:904][  0]LogConfig: Set CVar [[r.Upscale.Quality:3]]
[2026.09.02-23.35.48:904][  0]LogConfig: Set CVar [[r.LightShaftQuality:0]]
[2026.09.02-23.35.48:904][  0]LogConfig: Set CVar [[r.Filter.SizeScale:1]]
[2026.09.02-23.35.48:904][  0]LogConfig: Set CVar [[r.Tonemapper.Quality:5]]
[2026.09.02-23.35.48:904][  0]LogConfig: Set CVar [[r.DOF.Gather.ResolutionDivisor:2         ; lower gathering resolution]]
[2026.09.02-23.35.48:904][  0]LogConfig: Set CVar [[r.DOF.Gather.AccumulatorQuality:1        ; higher gathering accumulator quality]]
[2026.09.02-23.35.48:904][  0]LogConfig: Set CVar [[r.DOF.Gather.PostfilterMethod:1          ; Median3x3 postfilering method]]
[2026.09.02-23.35.48:904][  0]LogConfig: Set CVar [[r.DOF.Gather.EnableBokehSettings:0       ; no bokeh simulation when gathering]]
[2026.09.02-23.35.48:904][  0]LogConfig: Set CVar [[r.DOF.Gather.RingCount:4                 ; medium number of samples when gathering]]
[2026.09.02-23.35.48:904][  0]LogConfig: Set CVar [[r.DOF.Scatter.ForegroundCompositing:1    ; additive foreground scattering]]
[2026.09.02-23.35.48:904][  0]LogConfig: Set CVar [[r.DOF.Scatter.BackgroundCompositing:1 ; no background occlusion]]
[2026.09.02-23.35.48:904][  0]LogConfig: Set CVar [[r.DOF.Scatter.EnableBokehSettings:1      ; bokeh simulation when scattering]]
[2026.09.02-23.35.48:904][  0]LogConfig: Set CVar [[r.DOF.Scatter.MaxSpriteRatio:0.1         ; only a maximum of 10% of scattered bokeh]]
[2026.09.02-23.35.48:904][  0]LogConfig: Set CVar [[r.DOF.Recombine.Quality:0             ; no slight out of focus]]
[2026.09.02-23.35.48:904][  0]LogConfig: Set CVar [[r.DOF.Recombine.EnableBokehSettings:0    ; no bokeh simulation on slight out of focus]]
[2026.09.02-23.35.48:904][  0]LogConfig: Set CVar [[r.DOF.TemporalAAQuality:0             ; faster temporal accumulation]]
[2026.09.02-23.35.48:904][  0]LogConfig: Set CVar [[r.DOF.Kernel.MaxForegroundRadius:0.025]]
[2026.09.02-23.35.48:904][  0]LogConfig: Set CVar [[r.DOF.Kernel.MaxBackgroundRadius:0.025]]
[2026.09.02-23.35.48:904][  0]LogConfig: Applying CVar settings from Section [TextureQuality@3] File [Scalability]
[2026.09.02-23.35.48:904][  0]LogConfig: Set CVar [[r.Streaming.MipBias:0]]
[2026.09.02-23.35.48:904][  0]LogConfig: Set CVar [[r.Streaming.AmortizeCPUToGPUCopy:0]]
[2026.09.02-23.35.48:904][  0]LogConfig: Set CVar [[r.Streaming.MaxNumTexturesToStreamPerFrame:0]]
[2026.09.02-23.35.48:904][  0]LogConfig: Set CVar [[r.Streaming.Boost:1.0]]
[2026.09.02-23.35.48:904][  0]LogConfig: Set CVar [[r.MaxAnisotropy:8]]
[2026.09.02-23.35.48:904][  0]LogConfig: Set CVar [[r.VT.MaxAnisotropy:8]]
[2026.09.02-23.35.48:904][  0]LogConfig: Set CVar [[r.Streaming.LimitPoolSizeToVRAM:0]]
[2026.09.02-23.35.48:904][  0]LogConfig: Set CVar [[r.Streaming.PoolSize:1200]]
[2026.09.02-23.35.48:904][  0]LogConfig: Set CVar [[r.Streaming.MaxEffectiveScreenSize:0]]
[2026.09.02-23.35.48:904][  0]LogConfig: Set CVar [[r.VT.PoolSizeScale:1.0]]
[2026.09.02-23.35.48:904][  0]LogConfig: Set CVar [[r.VT.RVT.TileCountBias:0]]
[2026.09.02-23.35.48:904][  0]LogConfig: Set CVar [[r.VT.MaxTilesProducedPerFrame:18]]
[2026.09.02-23.35.48:904][  0]LogConfig: Set CVar [[r.VT.MaxUploadsPerFrame:8]]
[2026.09.02-23.35.48:904][  0]LogConfig: Set CVar [[r.VT.MaxReleasedPerFrame:5]]
[2026.09.02-23.35.48:904][  0]LogConfig: Set CVar [[r.Streaming.PoolSizeForMeshes:400]]
[2026.09.02-23.35.48:904][  0]LogConfig: Set CVar [[1047.UI.WidgetRenderer.ResolutionScale:1.0]]
[2026.09.02-23.35.48:904][  0]LogConfig: Set CVar [[1047.VTScale.Memory.Reference:12]]
[2026.09.02-23.35.48:904][  0]LogConfig: Applying CVar settings from Section [EffectsQuality@3] File [Scalability]
[2026.09.02-23.35.48:904][  0]LogConfig: Set CVar [[r.TranslucencyLightingVolumeDim:64]]
[2026.09.02-23.35.48:904][  0]LogConfig: Set CVar [[r.RefractionQuality:2]]
[2026.09.02-23.35.48:904][  0]LogConfig: Set CVar [[r.SceneColorFormat:3]]
[2026.09.02-23.35.48:904][  0]LogConfig: Set CVar [[r.DetailMode:3 ; Epic quality]]
[2026.09.02-23.35.48:904][  0]LogConfig: Set CVar [[r.TranslucencyVolumeBlur:1]]
[2026.09.02-23.35.48:904][  0]LogConfig: Set CVar [[r.MaterialQualityLevel:3 ; Epic quality]]
[2026.09.02-23.35.48:904][  0]LogConfig: Set CVar [[r.SSS.Scale:1]]
[2026.09.02-23.35.48:904][  0]LogConfig: Set CVar [[r.SSS.SampleSet:1]]
[2026.09.02-23.35.48:904][  0]LogConfig: Set CVar [[r.SSS.Quality:-1]]
[2026.09.02-23.35.48:904][  0]LogConfig: Set CVar [[r.SSS.HalfRes:1]]
[2026.09.02-23.35.48:904][  0]LogConfig: Set CVar [[r.SSGI.Quality:3]]
[2026.09.02-23.35.48:904][  0]LogConfig: Set CVar [[r.EmitterSpawnRateScale:1.0]]
[2026.09.02-23.35.48:904][  0]LogConfig: Set CVar [[r.ParticleLightQuality:2]]
[2026.09.02-23.35.48:904][  0]LogConfig: Set CVar [[r.SkyAtmosphere.AerialPerspectiveLUT.FastApplyOnOpaque:1 ; Always have FastSkyLUT 1 in this case to avoid wrong sky]]
[2026.09.02-23.35.48:904][  0]LogConfig: Set CVar [[r.SkyAtmosphere.AerialPerspectiveLUT.SampleCountMaxPerSlice:4]]
[2026.09.02-23.35.48:904][  0]LogConfig: Set CVar [[r.SkyAtmosphere.AerialPerspectiveLUT.DepthResolution:16]]
[2026.09.02-23.35.48:904][  0]LogConfig: Set CVar [[r.SkyAtmosphere.FastSkyLUT:1]]
[2026.09.02-23.35.48:904][  0]LogConfig: Set CVar [[r.SkyAtmosphere.FastSkyLUT.SampleCountMin:4.0]]
[2026.09.02-23.35.48:904][  0]LogConfig: Set CVar [[r.SkyAtmosphere.FastSkyLUT.SampleCountMax:128.0]]
[2026.09.02-23.35.48:905][  0]LogConfig: Set CVar [[r.SkyAtmosphere.SampleCountMin:4.0]]
[2026.09.02-23.35.48:905][  0]LogConfig: Set CVar [[r.SkyAtmosphere.SampleCountMax:128.0]]
[2026.09.02-23.35.48:905][  0]LogConfig: Set CVar [[r.SkyAtmosphere.TransmittanceLUT.UseSmallFormat:0]]
[2026.09.02-23.35.48:905][  0]LogConfig: Set CVar [[r.SkyAtmosphere.TransmittanceLUT.SampleCount:10.0]]
[2026.09.02-23.35.48:905][  0]LogConfig: Set CVar [[r.SkyAtmosphere.MultiScatteringLUT.SampleCount:15.0]]
[2026.09.02-23.35.48:905][  0]LogConfig: Set CVar [[fx.Niagara.QualityLevel:3]]
[2026.09.02-23.35.48:905][  0]LogConfig: Set CVar [[r.Refraction.OffsetQuality:1]]
[2026.09.02-23.35.48:905][  0]LogConfig: Set CVar [[r.HeterogeneousVolumes.DownsampleFactor:1]]
[2026.09.02-23.35.48:905][  0]LogConfig: Set CVar [[r.HeterogeneousVolumes.MaxStepCount:512]]
[2026.09.02-23.35.48:905][  0]LogConfig: Set CVar [[r.HeterogeneousVolumes.Shadows.Resolution:512]]
[2026.09.02-23.35.48:905][  0]LogConfig: Set CVar [[r.MSAA.CompositingSampleCount:4]]
[2026.09.02-23.35.48:905][  0]LogConfig: Set CVar [[r.LightFunctionAtlas.SlotResolution:128]]
[2026.09.02-23.35.48:905][  0]LogConfig: Set CVar [[r.Forward.MaxCulledReflectionCapturesPerCell:20]]
[2026.09.02-23.35.48:905][  0]LogConfig: Set CVar [[r.Forward.MaxCulledLightsPerCell:20]]
[2026.09.02-23.35.48:905][  0]LogConfig: Set CVar [[r.SkyAtmosphere.FastSkyLUT.Width:192]]
[2026.09.02-23.35.48:905][  0]LogConfig: Set CVar [[r.SkyAtmosphere.FastSkyLUT.Height:104]]
[2026.09.02-23.35.48:905][  0]LogConfig: Set CVar [[portal.features.AO:1]]
[2026.09.02-23.35.48:905][  0]LogConfig: Set CVar [[portal.features.SSR:1]]
[2026.09.02-23.35.48:905][  0]LogConfig: Set CVar [[umg.MaxPostBufferBlurStrength:16]]
[2026.09.02-23.35.48:905][  0]LogConfig: Set CVar [[r.Cache.LightingCacheMovableObjectAllocationSize:5]]
[2026.09.02-23.35.48:905][  0]LogConfig: Set CVar [[r.Cache.StaticObject.MinSize:3]]
[2026.09.02-23.35.48:905][  0]LogConfig: Set CVar [[r.Cache.StaticObject.MaxSize:5]]
[2026.09.02-23.35.48:905][  0]LogConfig: Set CVar [[r.Cache.LightingCacheDimension:96]]
[2026.09.02-23.35.48:905][  0]LogConfig: Applying CVar settings from Section [FoliageQuality@3] File [Scalability]
[2026.09.02-23.35.48:905][  0]LogConfig: Set CVar [[foliage.DensityScale:1.0]]
[2026.09.02-23.35.48:905][  0]LogConfig: Set CVar [[grass.DensityScale:1.0]]
[2026.09.02-23.35.48:905][  0]LogConfig: Set CVar [[foliage.CullDistanceScale:1]]
[2026.09.02-23.35.48:905][  0]LogConfig: Set CVar [[foliage.LODDistanceScale:1]]
[2026.09.02-23.35.48:905][  0]LogConfig: Applying CVar settings from Section [ShadingQuality@3] File [Scalability]
[2026.09.02-23.35.48:905][  0]LogConfig: Set CVar [[r.HairStrands.SkyLighting.IntegrationType:2]]
[2026.09.02-23.35.48:905][  0]LogConfig: Set CVar [[r.HairStrands.SkyAO.SampleCount:4]]
[2026.09.02-23.35.48:905][  0]LogConfig: Set CVar [[r.HairStrands.Visibility.MSAA.SamplePerPixel:4]]
[2026.09.02-23.35.48:905][  0]LogConfig: Set CVar [[r.AnisotropicMaterials:1]]
[2026.09.02-23.35.48:905][  0]LogConfig: Applying CVar settings from Section [LandscapeQuality@3] File [Scalability]
[2026.09.02-23.35.48:905][  0]LogRHI: Using Default RHI: D3D12
[2026.09.02-23.35.48:905][  0]LogRHI: Using Highest Feature Level of D3D12: SM6
[2026.09.02-23.35.48:905][  0]LogRHI: Loading RHI module D3D12RHI
[2026.09.02-23.35.48:905][  0]LogRHI: Checking if RHI D3D12 with Feature Level SM6 is supported by your system.
[2026.09.02-23.35.48:905][  0]LogRHI: RHI D3D12 with Feature Level SM6 is supported and will be used.
[2026.09.02-23.35.48:905][  0]LogInit: Selected Device Profile: [WindowsClient]
[2026.09.02-23.35.48:905][  0]LogHAL: Display: Platform has ~ 32 GB [34043850752 / 34359738368 / 32], which maps to Largest [LargestMinGB=32, LargerMinGB=12, DefaultMinGB=8, SmallerMinGB=6, SmallestMinGB=0)
[2026.09.02-23.35.48:905][  0]LogDeviceProfileManager: Going up to parent DeviceProfile [Windows]
[2026.09.02-23.35.48:905][  0]LogDeviceProfileManager: Going up to parent DeviceProfile []
[2026.09.02-23.35.48:905][  0]LogDeviceProfileManager: Pushing Device Profile CVar: [[UI.SlateSDFText.RasterizationMode:Bitmap -> Msdf]]
[2026.09.02-23.35.48:905][  0]LogDeviceProfileManager: Pushing Device Profile CVar: [[UI.SlateSDFText.ResolutionLevel:2 -> 2]]
[2026.09.02-23.35.48:905][  0]LogDeviceProfileManager: Pushing Device Profile CVar: [[r.PSOPrecaching:1 -> 1]]
[2026.09.02-23.35.48:905][  0]LogDeviceProfileManager: Pushing Device Profile CVar: [[r.PSOPrecache.ProxyCreationWhenPSOReady:1 -> 1]]
[2026.09.02-23.35.48:905][  0]LogDeviceProfileManager: Creating unregistered Device Profile CVar: [[r.PSOPrecache.GlobalComputeShaders:1]]
[2026.09.02-23.35.48:905][  0]LogDeviceProfileManager: Pushing Device Profile CVar: [[r.PSOPrecache.Components:1 -> 1]]
[2026.09.02-23.35.48:905][  0]LogDeviceProfileManager: Pushing Device Profile CVar: [[r.PSOPrecache.Resources:0 -> 1]]
[2026.09.02-23.35.48:905][  0]LogDeviceProfileManager: Pushing Device Profile CVar: [[r.SkipDrawOnPSOPrecaching:0 -> 1]]
[2026.09.02-23.35.48:905][  0]LogDeviceProfileManager: Pushing Device Profile CVar: [[r.ShaderPipelineCache.Enabled:1 -> 1]]
[2026.09.02-23.35.48:905][  0]LogDeviceProfileManager: Pushing Device Profile CVar: [[r.ShaderPipelineCache.ExcludePrecachePSO:0 -> 1]]
[2026.09.02-23.35.48:905][  0]LogDeviceProfileManager: Pushing Device Profile CVar: [[r.pso.PrecompileThreadPoolPercentOfHardwareThreads:75 -> 75]]
[2026.09.02-23.35.48:905][  0]LogDeviceProfileManager: Pushing Device Profile CVar: [[r.pso.PrecompileThreadPoolSizeMin:2 -> 2]]
[2026.09.02-23.35.48:905][  0]LogDeviceProfileManager: Pushing Device Profile CVar: [[r.ShaderPipelineCache.GameFileMaskEnabled:0 -> 1]]
[2026.09.02-23.35.48:905][  0]LogDeviceProfileManager: Pushing Device Profile CVar: [[r.ShaderPipelineCache.UserCacheUnusedElementCheckPeriod:-1 -> 1]]
[2026.09.02-23.35.48:905][  0]LogDeviceProfileManager: Pushing Device Profile CVar: [[r.ShaderPipelineCache.UserCacheUnusedElementRetainDays:30 -> 14]]
[2026.09.02-23.35.48:905][  0]LogDeviceProfileManager: Pushing Device Profile CVar: [[r.PSOPrecache.Validation:0 -> 1]]
[2026.09.02-23.35.48:905][  0]LogDeviceProfileManager: Pushing Device Profile CVar: [[r.DynamicRes.OperationMode:0 -> 1]]
[2026.09.02-23.35.48:905][  0]LogDeviceProfileManager: Pushing Device Profile CVar: [[r.DynamicRes.FrameTimeBudget:33.3 -> 16.66]]
[2026.09.02-23.35.48:905][  0]LogDeviceProfileManager: Pushing Device Profile CVar: [[r.DynamicRes.MinScreenPercentage:50 -> 70.0]]
[2026.09.02-23.35.48:905][  0]LogDeviceProfileManager: Pushing Device Profile CVar: [[r.DynamicRes.MaxScreenPercentage:100 -> 100]]
[2026.09.02-23.35.48:905][  0]LogDeviceProfileManager: Pushing Device Profile CVar: [[r.DynamicRes.TargetedGPUHeadRoomPercentage:10 -> 10]]
[2026.09.02-23.35.48:905][  0]LogDeviceProfileManager: Pushing Device Profile CVar: [[r.TemporalAA.Upsampling:1 -> 1]]
[2026.09.02-23.35.48:905][  0]LogDeviceProfileManager: Pushing Device Profile CVar: [[r.Translucency.ScreenPercentage.Basis:0 -> 1]]
[2026.09.02-23.35.48:905][  0]LogDeviceProfileManager: Pushing Device Profile CVar: [[r.Translucency.DynamicRes.TimeBudget:0 -> 0.5]]
[2026.09.02-23.35.48:905][  0]LogDeviceProfileManager: Pushing Device Profile CVar: [[r.Translucency.DynamicRes.MinScreenPercentage:50 -> 40]]
[2026.09.02-23.35.48:905][  0]LogDeviceProfileManager: Pushing Device Profile CVar: [[r.Translucency.DynamicRes.MaxScreenPercentage:100 -> 100]]
[2026.09.02-23.35.48:905][  0]LogConfig: Applying CVar settings from Section [GlobalIlluminationQuality@0] File [Scalability]
[2026.09.02-23.35.48:905][  0]LogConfig: Set CVar [[r.DistanceFieldAO:0]]
[2026.09.02-23.35.48:905][  0]LogConfig: Set CVar [[r.Lumen.DiffuseIndirect.Allow:0]]
[2026.09.02-23.35.48:905][  0]LogConfig: Set CVar [[r.SkyLight.RealTimeReflectionCapture:0]]
[2026.09.02-23.35.48:905][  0]LogConfig: Applying CVar settings from Section [ConsoleVariables] File [Engine]
[2026.09.02-23.35.48:905][  0]LogConfig: Set CVar [[memory.MemoryPressureCriticalThresholdMB:512]]
[2026.09.02-23.35.48:905][  0]LogConfig: Set CVar [[CommonLoadingScreen.HoldLoadingScreenAdditionalSecs:0.500000]]
[2026.09.02-23.35.48:905][  0]LogConfig: Set CVar [[net.MaxRPCPerNetUpdate:10]]
[2026.09.02-23.35.48:905][  0]LogConfig: Set CVar [[net.AllowAsyncLoading:1]]
[2026.09.02-23.35.48:905][  0]LogConfig: Set CVar [[net.DelayUnmappedRPCs:1]]
[2026.09.02-23.35.48:905][  0]LogConfig: Set CVar [[a.Budget.Enabled:1]]
[2026.09.02-23.35.48:905][  0]LogConfig: Set CVar [[r.Shaders.RemoveDeadCode:1]]
[2026.09.02-23.35.48:905][  0]LogConfig: Set CVar [[demo.RecordHz:60]]
[2026.09.02-23.35.48:905][  0]LogConfig: Set CVar [[demo.MinRecordHz:60]]
[2026.09.02-23.35.48:905][  0]LogConfig: Set CVar [[demo.RecordUnicastRPCs:1]]
[2026.09.02-23.35.48:905][  0]LogConfig: Set CVar [[demo.UseAdaptiveReplayUpdateFrequency:0]]
[2026.09.02-23.35.48:905][  0]LogConfig: Set CVar [[demo.QueueCheckpointChannels:0]]
[2026.09.02-23.35.48:905][  0]LogConfig: Set CVar [[tick.AllowBatchedTicks:1]]
[2026.09.02-23.35.48:905][  0]LogConfig: Set CVar [[AllowAsyncRenderThreadUpdatesEditorGameWorld:1]]
[2026.09.02-23.35.48:905][  0]LogConfig: Set CVar [[p.RecentlyRenderedRequiresOnScreen:1]]
[2026.09.02-23.35.48:905][  0]LogConfig: Set CVar [[fx.Budget.Enabled:1]]
[2026.09.02-23.35.48:905][  0]LogConfig: Set CVar [[fx.Budget.GameThread:1.0]]
[2026.09.02-23.35.48:905][  0]LogConfig: Set CVar [[fx.Budget.RenderThread:1.0]]
[2026.09.02-23.35.48:905][  0]LogConfig: Set CVar [[fx.Budget.HistoryFrames:240]]
[2026.09.02-23.35.48:905][  0]LogConfig: Set CVar [[fx.Budget.GameThreadConcurrent:3.0]]
[2026.09.02-23.35.48:905][  0]LogConfig: Set CVar [[fx.Budget.AdjustedUsageMax:1.0]]
[2026.09.02-23.35.48:905][  0]LogConfig: Set CVar [[fx.Niagara.WorldManager.FirstHighPriTickGroup:1]]
[2026.09.02-23.35.48:907][  0]LogConfig: Set CVar [[fx.Niagara.TaskPriorities.TickGroupPriority:TG_PrePhysics:2,TG_StartPhysics:2,TG_DuringPhysics:2,TG_LastDemotable:0]]
[2026.09.02-23.35.48:907][  0]LogConfig: Set CVar [[fx.Niagara.SystemSimulation.SkipTickDeltaSeconds:0.00001]]
[2026.09.02-23.35.48:907][  0]LogConfig: Set CVar [[FX.BatchAsync:1]]
[2026.09.02-23.35.48:907][  0]LogConfig: Set CVar [[fx.AllowFastPathFunctionLibrary:1]]
[2026.09.02-23.35.48:907][  0]LogConfig: Set CVar [[fx.Niagara.DataChannels.AllowAsyncLoad:0]]
[2026.09.02-23.35.48:907][  0]LogConfig: Set CVar [[fx.PSCMan.Enable:0]]
[2026.09.02-23.35.48:907][  0]LogConfig: Set CVar [[p.RigidBodyNode.MaxSubSteps:1]]
[2026.09.02-23.35.48:907][  0]LogConfig: Set CVar [[p.RigidBodyNode.DeferredSimulationDefault:1]]
[2026.09.02-23.35.48:907][  0]LogConfig: Set CVar [[p.RigidBodyNode.TaskPriority.Simulation:2]]
[2026.09.02-23.35.48:907][  0]LogConfig: Set CVar [[p.Chaos.TriMeshPerPolySupport:0]]
[2026.09.02-23.35.48:907][  0]LogConfig: Set CVar [[p.Chaos.UseRBANForDefaultPhysicsAssetSolverType:1]]
[2026.09.02-23.35.48:907][  0]LogConfig: Set CVar [[p.Chaos.Convex.SimplifyUnion:1]]
[2026.09.02-23.35.48:907][  0]LogConfig: Set CVar [[p.Chaos.EnableAsyncInitBody:1]]
[2026.09.02-23.35.48:907][  0]LogConfig: Set CVar [[p.Chaos.AsyncPhysicsStateTask.TimeBudgetMS:1.0]]
[2026.09.02-23.35.48:907][  0]LogConfig: Set CVar [[Slate.CopyBackbufferToSlatePostRenderTargets:1]]
[2026.09.02-23.35.48:907][  0]LogConfig: Set CVar [[Slate.EnableRetainedRendering:0]]
[2026.09.02-23.35.48:907][  0]LogConfig: Set CVar [[Slate.Font.AsyncLazyLoad:1]]
[2026.09.02-23.35.48:907][  0]LogConfig: Set CVar [[Slate.MaxFontAtlasPagesBeforeFlush:2]]
[2026.09.02-23.35.48:907][  0]LogConfig: Set CVar [[wp.Runtime.EnableServerStreaming:2]]
[2026.09.02-23.35.48:907][  0]LogConfig: Set CVar [[wp.Runtime.BlockOnSlowStreaming:0]]
[2026.09.02-23.35.48:907][  0]LogConfig: Set CVar [[wp.Runtime.LevelStreamingContinuouslyIncrementalGCWhileLevelsPendingPurgeForWP:16]]
[2026.09.02-23.35.48:907][  0]LogConfig: Set CVar [[wp.Runtime.HLOD.ForceDisableShadows:1]]
[2026.09.02-23.35.48:907][  0]LogConfig: Set CVar [[Sequencer.NetSyncThreshold:100]]
[2026.09.02-23.35.48:907][  0]LogConfig: Set CVar [[Sequencer.SmoothedNetSyncDeviationThreshold:100]]
[2026.09.02-23.35.48:907][  0]LogConfig: Set CVar [[CurveTable.RemoveRedundantKeys:0]]
[2026.09.02-23.35.48:907][  0]LogConfig: Set CVar [[r.InstanceCulling.OcclusionCull:1]]
[2026.09.02-23.35.48:907][  0]LogConfig: Set CVar [[r.IndirectLightingCache:0]]
[2026.09.02-23.35.48:907][  0]LogConfig: Set CVar [[r.Cache.SampleTransitionSpeed:3200]]
[2026.09.02-23.35.48:907][  0]LogConfig: Set CVar [[r.Cache.MaxBlockUpdatesPerFrame:30]]
[2026.09.02-23.35.48:907][  0]LogConfig: Set CVar [[gc.AllowIncrementalReachability:1]]
[2026.09.02-23.35.48:907][  0]LogConfig: Set CVar [[gc.AllowIncrementalGather:1]]
[2026.09.02-23.35.48:907][  0]LogConfig: Set CVar [[gc.IncrementalReachabilityTimeLimit:0.002]]
[2026.09.02-23.35.48:907][  0]LogConfig: Set CVar [[gc.LowMemory.MemoryThresholdMB:300]]
[2026.09.02-23.35.48:907][  0]LogConfig: Set CVar [[gc.LowMemory.TimeBetweenPurgingPendingKillObjects:15]]
[2026.09.02-23.35.48:907][  0]LogConfig: Set CVar [[gc.LowMemory.IncrementalGCTimePerFrame:0.004]]
[2026.09.02-23.35.48:907][  0]LogConfig: Set CVar [[p.DeferCharacterMeshMovement:1]]
[2026.09.02-23.35.48:907][  0]LogConfig: Set CVar [[Controller.IsPushBased:1]]
[2026.09.02-23.35.48:907][  0]LogConfig: Set CVar [[PlayerController.IsPushBased:1]]
[2026.09.02-23.35.48:907][  0]LogConfig: Set CVar [[ControlRig.EnableAnimNodePerformanceOptimizations:1]]
[2026.09.02-23.35.48:907][  0]LogConfig: Set CVar [[1047.engine.AllowMapBuildDataActors:0]]
[2026.09.02-23.35.48:907][  0]LogConfig: Set CVar [[1047.engine.OnDemandComponentTransforms:1]]
[2026.09.02-23.35.48:907][  0]LogConfig: Set CVar [[1047.engine.OnDemandComponentTransformsServer:0]]
[2026.09.02-23.35.48:907][  0]LogConfig: Set CVar [[1047.engine.ParallelEndOfFrameTransformUpdate:1]]
[2026.09.02-23.35.48:907][  0]LogConfig: Set CVar [[1047.engine.OnDemandKinematicBoneUpdates:1]]
[2026.09.02-23.35.48:907][  0]LogConfig: Set CVar [[1047.pool.Enabled:0]]
[2026.09.02-23.35.48:907][  0]LogConfig: Set CVar [[1047.settings.SkipCalibrationForNvidia5000:0]]
[2026.09.02-23.35.48:907][  0]LogConfig: Set CVar [[s.UseUnifiedTimeBudgetForStreaming:1]]
[2026.09.02-23.35.48:907][  0]LogConfig: Set CVar [[LevelStreaming.AsyncRegisterLevelContext.Enabled:1]]
[2026.09.02-23.35.48:907][  0]LogConfig: Set CVar [[LevelStreaming.AllowIncrementalPreRegisterComponents:1]]
[2026.09.02-23.35.48:907][  0]LogConfig: Set CVar [[LevelStreaming.AllowIncrementalPreUnregisterComponents:1]]
[2026.09.02-23.35.48:907][  0]LogConfig: Set CVar [[LevelStreaming.MaximumMakingVisibleLevels:2]]
[2026.09.02-23.35.48:907][  0]LogConfig: Set CVar [[LevelStreaming.MaximumMakingInvisibleLevels:2]]
[2026.09.02-23.35.48:907][  0]LogConfig: Set CVar [[s.LevelStreamingRouteActorEndPlayForRemoveFromWorldGranularity:10]]
[2026.09.02-23.35.48:907][  0]LogConfig: Set CVar [[s.AsyncLoadingTimeLimit:1]]
[2026.09.02-23.35.48:907][  0]LogConfig: Set CVar [[s.LevelStreamingActorsUpdateTimeLimit:1]]
[2026.09.02-23.35.48:907][  0]LogConfig: Set CVar [[r.Streaming.AllowParallelRenderAssetStreamingManagerIncrementalUpdate:1]]
[2026.09.02-23.35.48:907][  0]LogConfig: Set CVar [[r.Streaming.EnableTexturesSamplingStreamingCache:1]]
[2026.09.02-23.35.48:907][  0]LogConfig: Set CVar [[FastGeo.AsyncRenderStateTask.TimeBudgetMS:1]]
[2026.09.02-23.35.48:907][  0]LogConfig: Set CVar [[FastGeo.AsyncRenderStateTask.ParallelWorkerCount:4]]
[2026.09.02-23.35.48:907][  0]LogConfig: Set CVar [[s.StreamableAssets.UseSimpleStreamableAssetManager:1]]
[2026.09.02-23.35.48:907][  0]LogConfig: Set CVar [[1047.net.PortalReplicationViewDistance:10000]]
[2026.09.02-23.35.48:907][  0]LogConfig: Set CVar [[1047.spectator.ViewTransitions:1]]
[2026.09.02-23.35.48:907][  0]LogConfig: Set CVar [[r.StaticMesh.StripMinLodDataDuringCooking:1]]
[2026.09.02-23.35.48:907][  0]LogConfig: Set CVar [[r.SkeletalMesh.StripMinLodDataDuringCooking:1]]
[2026.09.02-23.35.48:907][  0]LogConfig: Set CVar [[r.GPUCsvStatsEnabled:1]]
[2026.09.02-23.35.48:907][  0]LogConfig: Set CVar [[1047.ai.HTNTimeBudget:0.005]]
[2026.09.02-23.35.48:907][  0]LogConfig: Set CVar [[p.FindTeleportSpotPathTestEnabled:1]]
[2026.09.02-23.35.48:907][  0]LogConfig: Set CVar [[r.PSOPrecache.KeepInMemoryUntilUsed:2]]
[2026.09.02-23.35.48:907][  0]LogConfig: Set CVar [[1047.char.EnableWallRun:0]]
[2026.09.02-23.35.48:907][  0]LogConfig: Set CVar [[1047.char.EnableWallJump:0]]
[2026.09.02-23.35.48:907][  0]LogInit: Computer: TYE_TYE
[2026.09.02-23.35.48:907][  0]LogInit: User: <USER>
[2026.09.02-23.35.48:907][  0]LogInit: CPU Page size=4096, Cores=24
[2026.09.02-23.35.48:907][  0]LogInit: High frequency timer resolution =10.000000 MHz
[2026.09.02-23.35.49:199][  0]LogMemory: Process is running as part of a Windows Job with separate resource limits
[2026.09.02-23.35.49:199][  0]LogMemory: Memory total: Physical=31.7GB (32GB approx) Virtual=59.6GB
[2026.09.02-23.35.49:199][  0]LogMemory: Platform Memory Stats for WindowsClient
[2026.09.02-23.35.49:199][  0]LogMemory: Process Physical Memory: 640.72 MB used, 4901.10 MB peak
[2026.09.02-23.35.49:199][  0]LogMemory: Process Virtual Memory: 550.31 MB used, 601.61 MB peak
[2026.09.02-23.35.49:199][  0]LogMemory: Physical Memory: 16677.95 MB used,  15788.79 MB free, 32466.75 MB total
[2026.09.02-23.35.49:199][  0]LogMemory: Virtual Memory: 26784.86 MB used,  34237.17 MB free, 61022.03 MB total
[2026.09.02-23.35.49:207][  0]LogWindows: WindowsPlatformFeatures enabled
[2026.09.02-23.35.49:207][  0]LogInit: Physics initialised using underlying interface: Chaos
[2026.09.02-23.35.49:208][  0]LogInit: Using OS detected language (en-US).
[2026.09.02-23.35.49:208][  0]LogInit: Using OS detected locale (en-US).
[2026.09.02-23.35.49:210][  0]LogTextLocalizationManager: No specific localization for 'en-US' exists, so 'en' will be used for the language.
[2026.09.02-23.35.49:262][  0]LogWindowsTextInputMethodSystem: Available input methods:
[2026.09.02-23.35.49:262][  0]LogWindowsTextInputMethodSystem:   - English (United States) - (Keyboard).
[2026.09.02-23.35.49:262][  0]LogWindowsTextInputMethodSystem: Activated input method: English (United States) - (Keyboard).
[2026.09.02-23.35.49:271][  0]LogSlate: New Slate User Created. Platform User Id 0, User Index 0, Is Virtual User: 0
[2026.09.02-23.35.49:271][  0]LogSlate: Slate User Registered.  User Index 0, Is Virtual User: 0
[2026.09.02-23.35.49:286][  0]LogRHI: Using Default RHI: D3D12
[2026.09.02-23.35.49:286][  0]LogRHI: Using Highest Feature Level of D3D12: SM6
[2026.09.02-23.35.49:286][  0]LogRHI: Loading RHI module D3D12RHI
[2026.09.02-23.35.49:286][  0]LogRHI: Checking if RHI D3D12 with Feature Level SM6 is supported by your system.
[2026.09.02-23.35.49:286][  0]LogRHI: RHI D3D12 with Feature Level SM6 is supported and will be used.
[2026.09.02-23.35.49:286][  0]LogD3D12RHI: Display: Creating D3D12 RHI with Max Feature Level SM6
[2026.09.02-23.35.49:287][  0]LogWindows: Attached monitors:
[2026.09.02-23.35.49:287][  0]LogWindows:     resolution: 3440x1440, work area: (0, 0) -> (3440, 1392), device: '\\.\DISPLAY1' [PRIMARY]
[2026.09.02-23.35.49:287][  0]LogWindows:     resolution: 1080x1920, work area: (3440, -209) -> (4520, 1663), device: '\\.\DISPLAY2'
[2026.09.02-23.35.49:287][  0]LogWindows:     resolution: 1080x1920, work area: (-1080, -206) -> (0, 1666), device: '\\.\DISPLAY3'
[2026.09.02-23.35.49:287][  0]LogWindows: Found 3 attached monitors.
[2026.09.02-23.35.49:287][  0]LogWindows: Gathering driver information using Windows Setup API
[2026.09.02-23.35.49:287][  0]LogRHI: RHI Adapter Info:
[2026.09.02-23.35.49:287][  0]LogRHI:             Name: NVIDIA GeForce RTX 5080
[2026.09.02-23.35.49:287][  0]LogRHI:   Driver Version: 610.88 (internal:32.0.16.1088, unified:610.88)
[2026.09.02-23.35.49:287][  0]LogRHI:      Driver Date: 7-22-2026
[2026.09.02-23.35.49:288][  0]LogD3D12RHI: Display: Loaded shaders cache version: 6, current version: 6
[2026.09.02-23.35.49:288][  0]LogD3D12RHI:     GPU DeviceId: 0x2c02 (for the marketing name, search the web for "GPU Device Id")
[2026.09.02-23.35.49:288][  0]LogD3D12RHI: InitD3DDevice: -D3DDebug = off -D3D12GPUValidation = off
[2026.09.02-23.35.49:671][  0]LogNvidiaAftermath: Aftermath initialized
[2026.09.02-23.35.51:854][  0]LogNvidiaAftermath: Aftermath enabled. Active feature flags: 
[2026.09.02-23.35.51:854][  0]LogNvidiaAftermath:  - Feature: EnableResourceTracking
[2026.09.02-23.35.51:854][  0]LogD3D12RHI: ID3D12Device1 is supported.
[2026.09.02-23.35.51:854][  0]LogD3D12RHI: ID3D12Device2 is supported.
[2026.09.02-23.35.51:854][  0]LogD3D12RHI: ID3D12Device3 is supported.
[2026.09.02-23.35.51:854][  0]LogD3D12RHI: ID3D12Device4 is supported.
[2026.09.02-23.35.51:854][  0]LogD3D12RHI: ID3D12Device5 is supported.
[2026.09.02-23.35.51:854][  0]LogD3D12RHI: ID3D12Device6 is supported.
[2026.09.02-23.35.51:854][  0]LogD3D12RHI: ID3D12Device7 is supported.
[2026.09.02-23.35.51:854][  0]LogD3D12RHI: ID3D12Device8 is supported.
[2026.09.02-23.35.51:854][  0]LogD3D12RHI: ID3D12Device9 is supported.
[2026.09.02-23.35.51:854][  0]LogD3D12RHI: ID3D12Device10 is supported.
[2026.09.02-23.35.51:854][  0]LogD3D12RHI: ID3D12Device11 is supported.
[2026.09.02-23.35.51:854][  0]LogD3D12RHI: ID3D12Device12 is supported.
[2026.09.02-23.35.51:854][  0]LogD3D12RHI: Bindless resources are supported
[2026.09.02-23.35.51:854][  0]LogD3D12RHI: Stencil ref from pixel shader is not supported
[2026.09.02-23.35.51:854][  0]LogD3D12RHI: Raster order views are supported
[2026.09.02-23.35.51:854][  0]LogD3D12RHI: Wave Operations are supported (wave size: min=32 max=32).
[2026.09.02-23.35.51:854][  0]LogD3D12RHI: Mesh shader tier 1.0 is supported
[2026.09.02-23.35.51:854][  0]LogD3D12RHI: AtomicInt64OnTypedResource is supported
[2026.09.02-23.35.51:854][  0]LogD3D12RHI: AtomicInt64OnGroupShared is supported
[2026.09.02-23.35.51:854][  0]LogD3D12RHI: AtomicInt64OnDescriptorHeapResource is supported
[2026.09.02-23.35.51:854][  0]LogD3D12RHI: Shader Model 6.6 atomic64 is supported
[2026.09.02-23.35.51:854][  0]LogD3D12RHI: Work Graphs are supported
[2026.09.02-23.35.51:931][  0]LogD3D12RHI: [GPUBreadCrumb] Successfully setup breadcrumb resource for DiagnosticBuffer (Queue: 0x0000029F08C3DC80)
[2026.09.02-23.35.51:931][  0]LogD3D12RHI: [GPUBreadCrumb] Successfully setup breadcrumb resource for DiagnosticBuffer (Queue: 0x0000029F08C3DF00)
[2026.09.02-23.35.51:931][  0]LogD3D12RHI: [GPUBreadCrumb] Successfully setup breadcrumb resource for DiagnosticBuffer (Queue: 0x0000029F08C3E180)
[2026.09.02-23.35.51:931][  0]LogD3D12RHI: Display: Not using pipeline state disk cache per r.D3D12.PSO.DiskCache=0
[2026.09.02-23.35.51:931][  0]LogD3D12RHI: Display: Not using driver-optimized pipeline state disk cache per r.D3D12.PSO.DriverOptimizedDiskCache=0
[2026.09.02-23.35.51:942][  0]LogRHI: Texture pool is 9581 MB (70% of 13688 MB)
[2026.09.02-23.35.51:942][  0]LogD3D12RHI: Async texture creation enabled
[2026.09.02-23.35.51:942][  0]LogD3D12RHI: RHI has support for 64 bit atomics
[2026.09.02-23.35.51:942][  0]LogD3D12RHI: HDR output is supported on adapter 0, display 0:
[2026.09.02-23.35.51:942][  0]LogD3D12RHI: 		MinLuminance = 0.000200
[2026.09.02-23.35.51:942][  0]LogD3D12RHI: 		MaxLuminance = 455.523193
[2026.09.02-23.35.51:942][  0]LogD3D12RHI: 		MaxFullFrameLuminance = 265.057098
[2026.09.02-23.35.51:951][  0]LogVRS: Current RHI supports per-draw and screenspace Variable Rate Shading
[2026.09.02-23.35.51:952][  0]LogInit: Initializing FReadOnlyCVARCache
[2026.09.02-23.35.51:956][  0]LogRendererCore: Ray tracing is disabled. Reason: disabled through project setting (r.RayTracing=0).
[2026.09.02-23.35.51:957][  0]LogShaderLibrary: Display: Using IoDispatcher for shader code library Global. Total 4072 unique shaders.
[2026.09.02-23.35.51:957][  0]LogShaderLibrary: Display: Cooked Context: Using Shared Shader Library Global
[2026.09.02-23.35.51:957][  0]LogShaderLibrary: Display: Logical shader library 'Global' has been created as a monolithic library
[2026.09.02-23.35.51:958][  0]LogTemp: Display: Clearing the OS Cache
[2026.09.02-23.35.51:964][  0]LogInit: XR: Instanced Stereo Rendering is Disabled
[2026.09.02-23.35.51:964][  0]LogInit: XR: MultiViewport is Disabled
[2026.09.02-23.35.51:964][  0]LogInit: XR: Mobile Multiview is Disabled
[2026.09.02-23.35.51:969][  0]LogSlate: Using FreeType 2.10.0
[2026.09.02-23.35.51:969][  0]LogSlate: SlateFontServices - WITH_FREETYPE: 1, WITH_HARFBUZZ: 1
[2026.09.02-23.35.52:013][  0]LogStreamlineRHI: FStreamlineRHIModule::StartupModule Enter
[2026.09.02-23.35.52:013][  0]LogStreamlineRHI: Using Streamline production binaries from ../../../Engine/Plugins/Marketplace/NVIDIA/StreamlineCore/Binaries/ThirdParty/Win64/. Can be overridden via -slbinaries={production,development,debug} command line switches for non-shipping builds
[2026.09.02-23.35.52:013][  0]LogStreamlineRHI: loading core Streamline functions from Streamline interposer at ../../../Engine/Plugins/Marketplace/NVIDIA/StreamlineCore/Binaries/ThirdParty/Win64/sl.interposer.dll
[2026.09.02-23.35.52:036][  0]LogStreamlineRHI: File '..\..\..\Engine\Plugins\Marketplace\NVIDIA\StreamlineCore\Binaries\ThirdParty\Win64\sl.interposer.dll' is signed by NVIDIA and the signature was verified.
[2026.09.02-23.35.52:039][  0]LogStreamlineRHI: SLInterPoserLibrary = 00007FFC44E20000
[2026.09.02-23.35.52:039][  0]LogStreamlineRHI: slInit = 00007FFC44E26A70
[2026.09.02-23.35.52:039][  0]LogStreamlineRHI: slShutdown = 00007FFC44E26E30
[2026.09.02-23.35.52:039][  0]LogStreamlineRHI: slIsFeatureSupported = 00007FFC44E287A0
[2026.09.02-23.35.52:039][  0]LogStreamlineRHI: slIsFeatureLoaded = 00007FFC44E270E0
[2026.09.02-23.35.52:039][  0]LogStreamlineRHI: slSetFeatureLoaded = 00007FFC44E27130
[2026.09.02-23.35.52:039][  0]LogStreamlineRHI: slEvaluateFeature = 00007FFC44E27900
[2026.09.02-23.35.52:039][  0]LogStreamlineRHI: slAllocateResources = 00007FFC44E27680
[2026.09.02-23.35.52:039][  0]LogStreamlineRHI: slFreeResources = 00007FFC44E277D0
[2026.09.02-23.35.52:039][  0]LogStreamlineRHI: slSetTag = 00007FFC44E27230
[2026.09.02-23.35.52:039][  0]LogStreamlineRHI: slGetFeatureRequirements = 00007FFC44E297E0
[2026.09.02-23.35.52:039][  0]LogStreamlineRHI: slGetFeatureVersion = 00007FFC44E29260
[2026.09.02-23.35.52:039][  0]LogStreamlineRHI: slUpgradeInterface = 00007FFC44E27E50
[2026.09.02-23.35.52:039][  0]LogStreamlineRHI: slSetConstants = 00007FFC44E27620
[2026.09.02-23.35.52:039][  0]LogStreamlineRHI: slGetNativeInterface = 00007FFC44E27BD0
[2026.09.02-23.35.52:039][  0]LogStreamlineRHI: slGetFeatureFunction = 00007FFC44E2AEC0
[2026.09.02-23.35.52:039][  0]LogStreamlineRHI: slGetNewFrameToken = 00007FFC44E2B060
[2026.09.02-23.35.52:039][  0]LogStreamlineRHI: slSetD3DDevice = 00007FFC44E27A10
[2026.09.02-23.35.52:039][  0]LogStreamlineRHI: PlatformCreateStreamlineRHI Enter
[2026.09.02-23.35.52:039][  0]LogStreamlineRHI: GDynamicRHIName NVIDIA D3D12
[2026.09.02-23.35.52:039][  0]LogStreamlineD3D12RHI: FStreamlineD3D12RHIModule::StartupModule Enter
[2026.09.02-23.35.52:039][  0]LogStreamlineRHI: DLSS plugin enabled, adding DLSS plugin binary search paths to Streamline init paths
[2026.09.02-23.35.52:039][  0]LogStreamlineRHI: NVIDIA Streamline interposer plugin sl.interposer.dll found in search path C:/Program Files (x86)/Steam/steamapps/common/Splitgate 2/Engine/Plugins/Marketplace/NVIDIA/StreamlineCore/Binaries/ThirdParty/Win64
[2026.09.02-23.35.52:039][  0]LogStreamlineRHI: NVIDIA NGX DLSS binary nvngx_dlss.dll not found in search path C:/Program Files (x86)/Steam/steamapps/common/Splitgate 2/Engine/Plugins/Marketplace/NVIDIA/StreamlineCore/Binaries/ThirdParty/Win64
[2026.09.02-23.35.52:039][  0]LogStreamlineRHI: NVIDIA Streamline interposer plugin sl.interposer.dll not found in search path C:/Program Files (x86)/Steam/steamapps/common/Splitgate 2/PortalWars2/Binaries/ThirdParty/NVIDIA/NGX/Win64
[2026.09.02-23.35.52:039][  0]LogStreamlineRHI: NVIDIA NGX DLSS binary nvngx_dlss.dll not found in search path C:/Program Files (x86)/Steam/steamapps/common/Splitgate 2/PortalWars2/Binaries/ThirdParty/NVIDIA/NGX/Win64
[2026.09.02-23.35.52:039][  0]LogStreamlineRHI: NVIDIA Streamline interposer plugin sl.interposer.dll not found in search path C:/Program Files (x86)/Steam/steamapps/common/Splitgate 2/PortalWars2/Binaries/Win64/Binaries/ThirdParty/NVIDIA/NGX/Win64
[2026.09.02-23.35.52:039][  0]LogStreamlineRHI: NVIDIA NGX DLSS binary nvngx_dlss.dll not found in search path C:/Program Files (x86)/Steam/steamapps/common/Splitgate 2/PortalWars2/Binaries/Win64/Binaries/ThirdParty/NVIDIA/NGX/Win64
[2026.09.02-23.35.52:040][  0]LogStreamlineRHI: NVIDIA Streamline interposer plugin sl.interposer.dll not found in search path C:/Program Files (x86)/Steam/steamapps/common/Splitgate 2/Engine/Plugins/Marketplace/NVIDIA/DLSS/Binaries/ThirdParty/Win64
[2026.09.02-23.35.52:040][  0]LogStreamlineRHI: NVIDIA NGX DLSS binary nvngx_dlss.dll found in search path C:/Program Files (x86)/Steam/steamapps/common/Splitgate 2/Engine/Plugins/Marketplace/NVIDIA/DLSS/Binaries/ThirdParty/Win64
[2026.09.02-23.35.52:040][  0]LogStreamlineRHI: Loading Streamline Reflex since the corresponding cvar r.Streamline.Load.Reflex is set to true
[2026.09.02-23.35.52:040][  0]LogStreamlineRHI: Skipping loading Streamline Latewarp since the corresponding UE StreamlineLatewarp plugin is not enabled
[2026.09.02-23.35.52:040][  0]LogStreamlineRHI: Loading Streamline DLSS-FG since the corresponding cvar r.Streamline.Load.DLSSG is set to true
[2026.09.02-23.35.52:040][  0]LogStreamlineRHI: Skipping loading Streamline DeepDVC since the corresponding UE StreamlineDeepDVC plugin is not enabled
[2026.09.02-23.35.52:040][  0]LogStreamlineRHI: Initializing Streamline
[2026.09.02-23.35.52:040][  0]LogStreamlineRHI: sl::Preferences::logLevel    = 1. Can be overridden via -slloglevel={0,1,2} command line switches
[2026.09.02-23.35.52:040][  0]LogStreamlineRHI: sl::Preferences::showConsole = 0. Can be overridden via -sllogconsole={0,1} command line switches
[2026.09.02-23.35.52:040][  0]LogStreamlineRHI: sl::Preferences::featuresToLoad = {kFeatureReflex (3), kFeatureDLSS_G (1000)}. Feature loading can be overridden on the command line and console variables:
[2026.09.02-23.35.52:040][  0]LogStreamlineRHI: command line -sl{no}reflex, -sl{no}dlssg -sl{no}debugoverlay (non-shipping)
[2026.09.02-23.35.52:040][  0]LogStreamlineRHI: console/config r.Streamline.Load.Reflex, r.Streamline.Load.DLSSG
[2026.09.02-23.35.52:042][  0]LogStreamlineAPI: [Info]: [16-35-52][streamline][info][tid:27548][0s:003ms:922us]pluginManager.cpp:489[setHostSDKVersion] Streamline v2.7.30.afa89bde - built on Mon Mar 31 10:49:36 2025 - host SDK v2.7.30
[2026.09.02-23.35.52:057][  0]LogStreamlineAPI: [Info]: [16-35-52][streamline][info][tid:27548][0s:019ms:678us]ota.cpp:382[checkForOTA] Requesting optional updates!
[2026.09.02-23.35.52:058][  0]LogStreamlineAPI: [Info]: [16-35-52][streamline][info][tid:27548][0s:020ms:174us]pluginManager.cpp:618[findPlugins] Looking for plugins in C:/Program Files (x86)/Steam/steamapps/common/Splitgate 2/Engine/Plugins/Marketplace/NVIDIA/StreamlineCore/Binaries/ThirdParty/Win64 ...
[2026.09.02-23.35.52:058][  0]LogStreamlineAPI: [Info]: [16-35-52][streamline][info][tid:27548][0s:020ms:301us]pluginManager.cpp:1087[loadPlugins] Searching for OTA'd plugins...
[2026.09.02-23.35.52:058][  0]LogStreamlineAPI: [Info]: [16-35-52][streamline][info][tid:27548][0s:020ms:670us]pluginManager.cpp:1093[loadPlugins] Found plugin: C:\ProgramData/NVIDIA/NGX/models/sl_reflex_0/versions/134273/files/1B0_E658703.dll
[2026.09.02-23.35.52:059][  0]LogStreamlineAPI: [Info]: [16-35-52][streamline][info][tid:27548][0s:020ms:871us]pluginManager.cpp:1093[loadPlugins] Found plugin: C:\ProgramData/NVIDIA/NGX/models/sl_dlss_g_0/versions/134273/files/1B0_E658703.dll
[2026.09.02-23.35.52:059][  0]LogStreamlineAPI: [Info]: [16-35-52][streamline][info][tid:27548][0s:021ms:196us]pluginManager.cpp:1093[loadPlugins] Found plugin: C:\ProgramData/NVIDIA/NGX/models/sl_common_0/versions/134273/files/1B0_E658703.dll
[2026.09.02-23.35.52:059][  0]LogStreamlineAPI: [Info]: [16-35-52][streamline][info][tid:27548][0s:021ms:421us]pluginManager.cpp:1093[loadPlugins] Found plugin: C:\ProgramData/NVIDIA/NGX/models/sl_pcl_0/versions/134273/files/1B0_E658703.dll
[2026.09.02-23.35.52:076][  0]LogStreamlineAPI: [Info]: [16-35-52][streamline][info][tid:27548][0s:038ms:207us]plugin.cpp:94[isAppDenylisted] Plugin path: C:\ProgramData\NVIDIA\NGX\models\sl_common_0\versions\134273\files\
[2026.09.02-23.35.52:081][  0]LogStreamlineAPI: [Info]: [16-35-52][streamline][info][tid:27548][0s:043ms:213us]ota.cpp:805[readServerMappings] Reading SL mapping file at: C:\ProgramData\NVIDIA/NGX/models/config\versions\1\files\nvngx_mapping.json
[2026.09.02-23.35.52:081][  0]LogStreamlineAPI: [Info]: [16-35-52][streamline][info][tid:27548][0s:043ms:325us]plugin.cpp:154[isAppDenylisted] Checking SL OTA denylist for appid=0x600e37b
[2026.09.02-23.35.52:081][  0]LogStreamlineAPI: [Info]: [16-35-52][streamline][info][tid:27548][0s:043ms:442us]ota.cpp:779[readServerDenylist] Reading SL denylist file at: C:\ProgramData\NVIDIA/NGX/models/config\versions\1\files\nvngx_deny_list.txt
[2026.09.02-23.35.52:081][  0]LogStreamlineAPI: [Info]: [16-35-52][streamline][info][tid:27548][0s:043ms:515us]commonInterface.cpp:168[getSystemCaps] Enumerating up to 8 adapters but only one of them can be used to create a device - no mGPU support in this SDK
[2026.09.02-23.35.52:095][  0]LogStreamlineAPI: [Info]: [16-35-52][streamline][info][tid:27548][0s:057ms:536us]commonInterface.cpp:290[getSystemCaps] >-----------------------------------------
[2026.09.02-23.35.52:095][  0]LogStreamlineAPI: [Info]: [16-35-52][streamline][info][tid:27548][0s:057ms:564us]commonInterface.cpp:293[getSystemCaps] NVIDIA driver 610.88
[2026.09.02-23.35.52:096][  0]LogStreamlineAPI: [Info]: [16-35-52][streamline][info][tid:27548][0s:058ms:764us]commonInterface.cpp:318[getSystemCaps] Adapter 0 architecture 0x1b0 implementation 0x3 revision 0xa1 - bit 0x1 - LUID 0.96030
[2026.09.02-23.35.52:096][  0]LogStreamlineAPI: [Info]: [16-35-52][streamline][info][tid:27548][0s:058ms:782us]commonInterface.cpp:324[getSystemCaps] -----------------------------------------<
[2026.09.02-23.35.52:097][  0]LogStreamlineAPI: [Info]: [16-35-52][streamline][info][tid:27548][0s:059ms:458us]commonEntry.cpp:1944[getOSVersionAndUpdateTimerResolution] Changed high resolution timer resolution to 5000 [100 ns units].
[2026.09.02-23.35.52:097][  0]LogStreamlineAPI: [Info]: [16-35-52][streamline][info][tid:27548][0s:059ms:474us]commonEntry.cpp:2023[updateEmbeddedJSON] Detected Windows OS version 10.0.26200
[2026.09.02-23.35.52:097][  0]LogStreamlineAPI: [Info]: [16-35-52][streamline][info][tid:27548][0s:059ms:568us]pluginManager.cpp:1002[mapPlugins] Loaded plugin 'sl.common' - version 2.12.129.bca58954d - id 4294967295 - priority 0 - adapter mask 0x1 - interposer 'no'
[2026.09.02-23.35.52:121][  0]LogStreamlineAPI: [Info]: [16-35-52][streamline][info][tid:27548][0s:083ms:679us]pluginManager.cpp:830[mapPlugins] Detected two plugins with the same id 1B0_E658703 - sl.common
[2026.09.02-23.35.52:121][  0]LogStreamlineAPI: Warning: [Warn]: [16-35-52][streamline][warn][tid:27548][0s:083ms:700us]pluginManager.cpp:892[mapPlugins] Ignoring plugin 'sl.common' since it has duplicated unique id
[2026.09.02-23.35.52:133][  0]LogStreamlineAPI: [Info]: [16-35-52][streamline][info][tid:27548][0s:095ms:466us]plugin.cpp:117[isAppDenylisted] Plugin is already checked for OTA denylist - returning cached result: 0
[2026.09.02-23.35.52:153][  0]LogStreamlineAPI: Warning: [Warn]: [16-35-52][streamline][warn][tid:27548][0s:114ms:982us]pluginManager.cpp:887[mapPlugins] Ignoring plugin 'sl.deepdvc' since it is was not requested by the host
[2026.09.02-23.35.52:650][  0]LogStreamlineAPI: [Info]: [16-35-52][streamline][info][tid:27548][0s:611ms:852us]commonEntry.cpp:999[getNGXFeatureRequirements] NGX feature 11 requirements - minOS 10.0.19041 minHW 0x190
[2026.09.02-23.35.52:650][  0]LogStreamlineAPI: Warning: [Warn]: [16-35-52][streamline][warn][tid:27548][0s:611ms:888us]dlss_gEntry.cpp:327[updateEmbeddedJSON] Disabling DLSS-G since it is not supported on current hardware
[2026.09.02-23.35.52:650][  0]LogStreamlineAPI: [Info]: [16-35-52][streamline][info][tid:27548][0s:611ms:999us]pluginManager.cpp:1002[mapPlugins] Loaded plugin 'sl.dlss_g' - version 2.7.30.afa89bde - id 1000 - priority 1000 - adapter mask 0x1 - interposer 'no'
[2026.09.02-23.35.52:658][  0]LogStreamlineAPI: [Info]: [16-35-52][streamline][info][tid:27548][0s:620ms:745us]pluginManager.cpp:1002[mapPlugins] Loaded plugin 'sl.pcl' - version 2.7.30.afa89bde - id 4 - priority 2 - adapter mask 0x1 - interposer 'no'
[2026.09.02-23.35.52:667][  0]LogStreamlineAPI: [Info]: [16-35-52][streamline][info][tid:27548][0s:629ms:396us]pluginManager.cpp:1002[mapPlugins] Loaded plugin 'sl.reflex' - version 2.7.30.afa89bde - id 3 - priority 100 - adapter mask 0x1 - interposer 'no'
[2026.09.02-23.35.52:678][  0]LogStreamlineAPI: [Info]: [16-35-52][streamline][info][tid:27548][0s:640ms:376us]plugin.cpp:94[isAppDenylisted] Plugin path: C:\ProgramData\NVIDIA\NGX\models\sl_reflex_0\versions\134273\files\
[2026.09.02-23.35.52:678][  0]LogStreamlineAPI: [Info]: [16-35-52][streamline][info][tid:27548][0s:640ms:728us]pluginManager.cpp:830[mapPlugins] Detected two plugins with the same id sl.reflex - 1B0_E658703
[2026.09.02-23.35.52:678][  0]LogStreamlineAPI: [Info]: [16-35-52][streamline][info][tid:27548][0s:640ms:748us]pluginManager.cpp:874[mapPlugins] Plugin sl.reflex is newer (2.12.129) will choose that
[2026.09.02-23.35.52:678][  0]LogStreamlineAPI: [Info]: [16-35-52][streamline][info][tid:27548][0s:640ms:755us]pluginManager.cpp:981[mapPlugins] A duplicate was found, but a newer plugin version was available
[2026.09.02-23.35.52:678][  0]LogStreamlineAPI: [Info]: [16-35-52][streamline][info][tid:27548][0s:640ms:761us]pluginManager.cpp:987[mapPlugins] Removing plugin with name: sl.reflex superseded by plugin sl.reflex
[2026.09.02-23.35.52:679][  0]LogStreamlineAPI: [Info]: [16-35-52][streamline][info][tid:27548][0s:640ms:855us]pluginManager.cpp:1002[mapPlugins] Loaded plugin 'sl.reflex' - version 2.12.129.bca58954d - id 3 - priority 100 - adapter mask 0x1 - interposer 'no'
[2026.09.02-23.35.52:688][  0]LogStreamlineAPI: [Info]: [16-35-52][streamline][info][tid:27548][0s:650ms:199us]plugin.cpp:94[isAppDenylisted] Plugin path: C:\ProgramData\NVIDIA\NGX\models\sl_dlss_g_0\versions\134273\files\
[2026.09.02-23.35.52:691][  0]LogStreamlineAPI: [Info]: [16-35-52][streamline][info][tid:27548][0s:653ms:248us]pluginManager.cpp:830[mapPlugins] Detected two plugins with the same id sl.dlss_g - 1B0_E658703
[2026.09.02-23.35.52:691][  0]LogStreamlineAPI: [Info]: [16-35-52][streamline][info][tid:27548][0s:653ms:275us]pluginManager.cpp:874[mapPlugins] Plugin sl.dlss_g is newer (2.12.129) will choose that
[2026.09.02-23.35.52:691][  0]LogStreamlineAPI: [Info]: [16-35-52][streamline][info][tid:27548][0s:653ms:287us]pluginManager.cpp:987[mapPlugins] Removing plugin with name: sl.dlss_g superseded by plugin sl.dlss_g
[2026.09.02-23.35.52:691][  0]LogStreamlineAPI: [Info]: [16-35-52][streamline][info][tid:27548][0s:653ms:650us]pluginManager.cpp:1002[mapPlugins] Loaded plugin 'sl.dlss_g' - version 2.12.129.bca58954d - id 1000 - priority 1000 - adapter mask 0x1 - interposer 'no'
[2026.09.02-23.35.52:701][  0]LogStreamlineAPI: [Info]: [16-35-52][streamline][info][tid:27548][0s:663ms:705us]plugin.cpp:94[isAppDenylisted] Plugin path: C:\ProgramData\NVIDIA\NGX\models\sl_pcl_0\versions\134273\files\
[2026.09.02-23.35.52:702][  0]LogStreamlineAPI: [Info]: [16-35-52][streamline][info][tid:27548][0s:663ms:953us]pluginManager.cpp:830[mapPlugins] Detected two plugins with the same id sl.pcl - 1B0_E658703
[2026.09.02-23.35.52:702][  0]LogStreamlineAPI: [Info]: [16-35-52][streamline][info][tid:27548][0s:663ms:965us]pluginManager.cpp:874[mapPlugins] Plugin sl.pcl is newer (2.12.129) will choose that
[2026.09.02-23.35.52:702][  0]LogStreamlineAPI: [Info]: [16-35-52][streamline][info][tid:27548][0s:663ms:975us]pluginManager.cpp:987[mapPlugins] Removing plugin with name: sl.pcl superseded by plugin sl.pcl
[2026.09.02-23.35.52:702][  0]LogStreamlineAPI: [Info]: [16-35-52][streamline][info][tid:27548][0s:664ms:049us]pluginManager.cpp:1002[mapPlugins] Loaded plugin 'sl.pcl' - version 2.12.129.bca58954d - id 4 - priority 2 - adapter mask 0x1 - interposer 'no'
[2026.09.02-23.35.52:702][  0]LogStreamlineAPI: Warning: [Warn]: [16-35-52][streamline][warn][tid:27548][0s:664ms:059us]pluginManager.cpp:1141[loadPlugins] Ignoring plugin 'sl.dlss_g' since it is not supported on this platform
[2026.09.02-23.35.52:702][  0]LogStreamlineAPI: [Info]: [16-35-52][streamline][info][tid:27548][0s:664ms:627us]pluginManager.cpp:1241[loadPlugins] Plugin execution order based on priority:
[2026.09.02-23.35.52:702][  0]LogStreamlineAPI: [Info]: [16-35-52][streamline][info][tid:27548][0s:664ms:647us]pluginManager.cpp:1244[loadPlugins] P0 - sl.common
[2026.09.02-23.35.52:702][  0]LogStreamlineAPI: [Info]: [16-35-52][streamline][info][tid:27548][0s:664ms:654us]pluginManager.cpp:1244[loadPlugins] P2 - sl.pcl
[2026.09.02-23.35.52:702][  0]LogStreamlineAPI: [Info]: [16-35-52][streamline][info][tid:27548][0s:664ms:659us]pluginManager.cpp:1244[loadPlugins] P100 - sl.reflex
[2026.09.02-23.35.52:702][  0]LogStreamlineAPI: [Info]: [16-35-52][streamline][info][tid:27548][0s:664ms:667us]pluginManager.cpp:1436[initializePlugins] Initializing plugins - api 0.0.1 - application ID 100721531
[2026.09.02-23.35.52:703][  0]LogStreamlineAPI: [Info]: [16-35-52][streamline][info][tid:27548][0s:665ms:540us]commonEntry.cpp:1467[slOnPluginStartup] At least one plugin requires NGX, trying to initialize ...
[2026.09.02-23.35.52:703][  0]LogStreamlineAPI: [Info]: [16-35-52][streamline][info][tid:27548][0s:665ms:702us]commonEntry.cpp:1267[ngxLog] [Unknown(32764)] [2026-09-02 16:35:52] [NGXSafeInitializeLog:148] App logging hooks successfully initialized
[2026.09.02-23.35.52:703][  0]LogStreamlineAPI: [Info]: [16-35-52][streamline][info][tid:27548][0s:665ms:836us]commonEntry.cpp:1267[ngxLog] [Unknown(32765)] [2026-09-02 16:35:52] [NGXSafeInitializeLog:139] App logging hooks successfully initialized
[2026.09.02-23.35.52:705][  0]LogStreamlineAPI: [Info]: [16-35-52][streamline][info][tid:27548][0s:667ms:024us]commonEntry.cpp:1267[ngxLog] [Unknown(32765)] [2026-09-02 16:35:52] [NGXGetPathUsingQAI:512] Path to driverStore found using QAI: C:\windows\System32\DriverStore\FileRepository\nvddi.inf_amd64_dabe455c4b5cf6f0
[2026.09.02-23.35.52:705][  0]LogStreamlineAPI: [Info]: [16-35-52][streamline][info][tid:27548][0s:667ms:094us]commonEntry.cpp:1267[ngxLog] [Unknown(32765)] [2026-09-02 16:35:52] [NGXGetPath:1045] using path for models: C:\ProgramData\NVIDIA\NGX\models
[2026.09.02-23.35.52:723][  0]LogStreamlineAPI: [Info]: [16-35-52][streamline][info][tid:27548][0s:685ms:204us]commonEntry.cpp:1267[ngxLog] [Unknown(32765)] [2026-09-02 16:35:52] [ModifyExistingFolderDACL:211] updated access control list for NGX cache (NGX cache should now be usable by all authenticated users)
[2026.09.02-23.35.52:723][  0]LogStreamlineAPI: [Info]: [16-35-52][streamline][info][tid:27548][0s:685ms:237us]commonEntry.cpp:1267[ngxLog] [Unknown(32765)] [2026-09-02 16:35:52] [NGXCreateModelsFolder:1072] model folder created: C:\ProgramData\NVIDIA\NGX\models
[2026.09.02-23.35.52:723][  0]LogStreamlineAPI: [Info]: [16-35-52][streamline][info][tid:27548][0s:685ms:295us]commonEntry.cpp:1267[ngxLog] [Unknown(32765)] [2026-09-02 16:35:52] [NGXLoadConfig:1144] [sl_sdk_0]
[2026.09.02-23.35.52:723][  0]LogStreamlineAPI: [Info]: [16-35-52][streamline][info][tid:27548][0s:685ms:315us]commonEntry.cpp:1267[ngxLog] [Unknown(32765)] [2026-09-02 16:35:52] [NGXLoadConfig:1150] app_E658703=2.12.129
[2026.09.02-23.35.52:723][  0]LogStreamlineAPI: [Info]: [16-35-52][streamline][info][tid:27548][0s:685ms:324us]commonEntry.cpp:1267[ngxLog] [Unknown(32765)] [2026-09-02 16:35:52] [NGXLoadConfig:1144] [sl_common_0]
[2026.09.02-23.35.52:723][  0]LogStreamlineAPI: [Info]: [16-35-52][streamline][info][tid:27548][0s:685ms:341us]commonEntry.cpp:1267[ngxLog] [Unknown(32765)] [2026-09-02 16:35:52] [NGXLoadConfig:1144] [sl_deepdvc_0]
[2026.09.02-23.35.52:723][  0]LogStreamlineAPI: [Info]: [16-35-52][streamline][info][tid:27548][0s:685ms:356us]commonEntry.cpp:1267[ngxLog] [Unknown(32765)] [2026-09-02 16:35:52] [NGXLoadConfig:1144] [sl_dlss_0]
[2026.09.02-23.35.52:723][  0]LogStreamlineAPI: [Info]: [16-35-52][streamline][info][tid:27548][0s:685ms:365us]commonEntry.cpp:1267[ngxLog] [Unknown(32765)] [2026-09-02 16:35:52] [NGXLoadConfig:1144] [sl_dlss_d_0]
[2026.09.02-23.35.52:723][  0]LogStreamlineAPI: [Info]: [16-35-52][streamline][info][tid:27548][0s:685ms:373us]commonEntry.cpp:1267[ngxLog] [Unknown(32765)] [2026-09-02 16:35:52] [NGXLoadConfig:1144] [sl_dlss_g_0]
[2026.09.02-23.35.52:723][  0]LogStreamlineAPI: [Info]: [16-35-52][streamline][info][tid:27548][0s:685ms:382us]commonEntry.cpp:1267[ngxLog] [Unknown(32765)] [2026-09-02 16:35:52] [NGXLoadConfig:1144] [sl_nis_0]
[2026.09.02-23.35.52:723][  0]LogStreamlineAPI: [Info]: [16-35-52][streamline][info][tid:27548][0s:685ms:390us]commonEntry.cpp:1267[ngxLog] [Unknown(32765)] [2026-09-02 16:35:52] [NGXLoadConfig:1144] [sl_nvperf_0]
[2026.09.02-23.35.52:723][  0]LogStreamlineAPI: [Info]: [16-35-52][streamline][info][tid:27548][0s:685ms:400us]commonEntry.cpp:1267[ngxLog] [Unknown(32765)] [2026-09-02 16:35:52] [NGXLoadConfig:1144] [nvbcast_afx_bnr_v0_9]
[2026.09.02-23.35.52:723][  0]LogStreamlineAPI: [Info]: [16-35-52][streamline][info][tid:27548][0s:685ms:405us]commonEntry.cpp:1267[ngxLog] [Unknown(32765)] [2026-09-02 16:35:52] [NGXLoadConfig:1150] app_E658703=0.9.5
[2026.09.02-23.35.52:723][  0]LogStreamlineAPI: [Info]: [16-35-52][streamline][info][tid:27548][0s:685ms:409us]commonEntry.cpp:1267[ngxLog] [Unknown(32765)] [2026-09-02 16:35:52] [NGXLoadConfig:1144] [sl_pcl_0]
[2026.09.02-23.35.52:723][  0]LogStreamlineAPI: [Info]: [16-35-52][streamline][info][tid:27548][0s:685ms:417us]commonEntry.cpp:1267[ngxLog] [Unknown(32765)] [2026-09-02 16:35:52] [NGXLoadConfig:1144] [nvbcast_ar_gw_v0_9]
[2026.09.02-23.35.52:723][  0]LogStreamlineAPI: [Info]: [16-35-52][streamline][info][tid:27548][0s:685ms:422us]commonEntry.cpp:1267[ngxLog] [Unknown(32765)] [2026-09-02 16:35:52] [NGXLoadConfig:1150] app_E658703=0.9.0
[2026.09.02-23.35.52:723][  0]LogStreamlineAPI: [Info]: [16-35-52][streamline][info][tid:27548][0s:685ms:427us]commonEntry.cpp:1267[ngxLog] [Unknown(32765)] [2026-09-02 16:35:52] [NGXLoadConfig:1144] [sl_reflex_0]
[2026.09.02-23.35.52:723][  0]LogStreamlineAPI: [Info]: [16-35-52][streamline][info][tid:27548][0s:685ms:435us]commonEntry.cpp:1267[ngxLog] [Unknown(32765)] [2026-09-02 16:35:52] [NGXLoadConfig:1144] [dlss_override]
[2026.09.02-23.35.52:723][  0]LogStreamlineAPI: [Info]: [16-35-52][streamline][info][tid:27548][0s:685ms:441us]commonEntry.cpp:1267[ngxLog] [Unknown(32765)] [2026-09-02 16:35:52] [NGXLoadConfig:1150] app_E658700=310.7.129
[2026.09.02-23.35.52:723][  0]LogStreamlineAPI: [Info]: [16-35-52][streamline][info][tid:27548][0s:685ms:446us]commonEntry.cpp:1267[ngxLog] [Unknown(32765)] [2026-09-02 16:35:52] [NGXLoadConfig:1144] [nvbcast]
[2026.09.02-23.35.52:723][  0]LogStreamlineAPI: [Info]: [16-35-52][streamline][info][tid:27548][0s:685ms:454us]commonEntry.cpp:1267[ngxLog] [Unknown(32765)] [2026-09-02 16:35:52] [NGXLoadConfig:1144] [dlssg]
[2026.09.02-23.35.52:723][  0]LogStreamlineAPI: [Info]: [16-35-52][streamline][info][tid:27548][0s:685ms:462us]commonEntry.cpp:1267[ngxLog] [Unknown(32765)] [2026-09-02 16:35:52] [NGXLoadConfig:1144] [nvbcast_vfx_lld_v0_9]
[2026.09.02-23.35.52:723][  0]LogStreamlineAPI: [Info]: [16-35-52][streamline][info][tid:27548][0s:685ms:471us]commonEntry.cpp:1267[ngxLog] [Unknown(32765)] [2026-09-02 16:35:52] [NGXLoadConfig:1144] [dlss]
[2026.09.02-23.35.52:723][  0]LogStreamlineAPI: [Info]: [16-35-52][streamline][info][tid:27548][0s:685ms:477us]commonEntry.cpp:1267[ngxLog] [Unknown(32765)] [2026-09-02 16:35:52] [NGXLoadConfig:1150] app_B9DB4F4=1.0.108
[2026.09.02-23.35.52:723][  0]LogStreamlineAPI: [Info]: [16-35-52][streamline][info][tid:27548][0s:685ms:482us]commonEntry.cpp:1267[ngxLog] [Unknown(32765)] [2026-09-02 16:35:52] [NGXLoadConfig:1150] app_E99B5EC=1.2.109
[2026.09.02-23.35.52:723][  0]LogStreamlineAPI: [Info]: [16-35-52][streamline][info][tid:27548][0s:685ms:486us]commonEntry.cpp:1267[ngxLog] [Unknown(32765)] [2026-09-02 16:35:52] [NGXLoadConfig:1150] app_B9D48D0=1.0.108
[2026.09.02-23.35.52:723][  0]LogStreamlineAPI: [Info]: [16-35-52][streamline][info][tid:27548][0s:685ms:490us]commonEntry.cpp:1267[ngxLog] [Unknown(32765)] [2026-09-02 16:35:52] [NGXLoadConfig:1150] app_B9C3560=2.1.201
[2026.09.02-23.35.52:723][  0]LogStreamlineAPI: [Info]: [16-35-52][streamline][info][tid:27548][0s:685ms:493us]commonEntry.cpp:1267[ngxLog] [Unknown(32765)] [2026-09-02 16:35:52] [NGXLoadConfig:1150] app_F7361DC=2.1.28
[2026.09.02-23.35.52:723][  0]LogStreamlineAPI: [Info]: [16-35-52][streamline][info][tid:27548][0s:685ms:498us]commonEntry.cpp:1267[ngxLog] [Unknown(32765)] [2026-09-02 16:35:52] [NGXLoadConfig:1150] app_B9FD6C0=1.0.108
[2026.09.02-23.35.52:723][  0]LogStreamlineAPI: [Info]: [16-35-52][streamline][info][tid:27548][0s:685ms:502us]commonEntry.cpp:1267[ngxLog] [Unknown(32765)] [2026-09-02 16:35:52] [NGXLoadConfig:1150] app_E658702=0.0.0
[2026.09.02-23.35.52:723][  0]LogStreamlineAPI: [Info]: [16-35-52][streamline][info][tid:27548][0s:685ms:506us]commonEntry.cpp:1267[ngxLog] [Unknown(32765)] [2026-09-02 16:35:52] [NGXLoadConfig:1150] app_E658701=0.0.0
[2026.09.02-23.35.52:723][  0]LogStreamlineAPI: [Info]: [16-35-52][streamline][info][tid:27548][0s:685ms:510us]commonEntry.cpp:1267[ngxLog] [Unknown(32765)] [2026-09-02 16:35:52] [NGXLoadConfig:1150] app_B9FEB50=1.0.108
[2026.09.02-23.35.52:723][  0]LogStreamlineAPI: [Info]: [16-35-52][streamline][info][tid:27548][0s:685ms:517us]commonEntry.cpp:1267[ngxLog] [Unknown(32765)] [2026-09-02 16:35:52] [NGXLoadConfig:1150] app_B9FF4BC=1.0.108
[2026.09.02-23.35.52:723][  0]LogStreamlineAPI: [Info]: [16-35-52][streamline][info][tid:27548][0s:685ms:521us]commonEntry.cpp:1267[ngxLog] [Unknown(32765)] [2026-09-02 16:35:52] [NGXLoadConfig:1150] app_B9FD524=1.0.108
[2026.09.02-23.35.52:723][  0]LogStreamlineAPI: [Info]: [16-35-52][streamline][info][tid:27548][0s:685ms:525us]commonEntry.cpp:1267[ngxLog] [Unknown(32765)] [2026-09-02 16:35:52] [NGXLoadConfig:1150] app_B9CB0B8=1.0.108
[2026.09.02-23.35.52:723][  0]LogStreamlineAPI: [Info]: [16-35-52][streamline][info][tid:27548][0s:685ms:529us]commonEntry.cpp:1267[ngxLog] [Unknown(32765)] [2026-09-02 16:35:52] [NGXLoadConfig:1150] app_B9E26B0=2.1.28
[2026.09.02-23.35.52:723][  0]LogStreamlineAPI: [Info]: [16-35-52][streamline][info][tid:27548][0s:685ms:533us]commonEntry.cpp:1267[ngxLog] [Unknown(32765)] [2026-09-02 16:35:52] [NGXLoadConfig:1150] app_B9DFA64=1.0.108
[2026.09.02-23.35.52:723][  0]LogStreamlineAPI: [Info]: [16-35-52][streamline][info][tid:27548][0s:685ms:537us]commonEntry.cpp:1267[ngxLog] [Unknown(32765)] [2026-09-02 16:35:52] [NGXLoadConfig:1150] app_B9D6F08=1.0.108
[2026.09.02-23.35.52:723][  0]LogStreamlineAPI: [Info]: [16-35-52][streamline][info][tid:27548][0s:685ms:541us]commonEntry.cpp:1267[ngxLog] [Unknown(32765)] [2026-09-02 16:35:52] [NGXLoadConfig:1150] app_B9DF510=1.3.106
[2026.09.02-23.35.52:723][  0]LogStreamlineAPI: [Info]: [16-35-52][streamline][info][tid:27548][0s:685ms:545us]commonEntry.cpp:1267[ngxLog] [Unknown(32765)] [2026-09-02 16:35:52] [NGXLoadConfig:1150] app_B9D2F5C=1.2.110
[2026.09.02-23.35.52:723][  0]LogStreamlineAPI: [Info]: [16-35-52][streamline][info][tid:27548][0s:685ms:549us]commonEntry.cpp:1267[ngxLog] [Unknown(32765)] [2026-09-02 16:35:52] [NGXLoadConfig:1150] app_B9D7388=1.0.108
[2026.09.02-23.35.52:723][  0]LogStreamlineAPI: [Info]: [16-35-52][streamline][info][tid:27548][0s:685ms:554us]commonEntry.cpp:1267[ngxLog] [Unknown(32765)] [2026-09-02 16:35:52] [NGXLoadConfig:1150] app_B9F5618=2.1.29
[2026.09.02-23.35.52:723][  0]LogStreamlineAPI: [Info]: [16-35-52][streamline][info][tid:27548][0s:685ms:558us]commonEntry.cpp:1267[ngxLog] [Unknown(32765)] [2026-09-02 16:35:52] [NGXLoadConfig:1150] app_B9DAE68=1.2.109
[2026.09.02-23.35.52:723][  0]LogStreamlineAPI: [Info]: [16-35-52][streamline][info][tid:27548][0s:685ms:562us]commonEntry.cpp:1267[ngxLog] [Unknown(32765)] [2026-09-02 16:35:52] [NGXLoadConfig:1150] app_B9CF688=2.2.15
[2026.09.02-23.35.52:723][  0]LogStreamlineAPI: [Info]: [16-35-52][streamline][info][tid:27548][0s:685ms:566us]commonEntry.cpp:1267[ngxLog] [Unknown(32765)] [2026-09-02 16:35:52] [NGXLoadConfig:1150] app_B9D8C54=1.2.109
[2026.09.02-23.35.52:723][  0]LogStreamlineAPI: [Info]: [16-35-52][streamline][info][tid:27548][0s:685ms:569us]commonEntry.cpp:1267[ngxLog] [Unknown(32765)] [2026-09-02 16:35:52] [NGXLoadConfig:1150] app_B9D3EF0=2.1.28
[2026.09.02-23.35.52:723][  0]LogStreamlineAPI: [Info]: [16-35-52][streamline][info][tid:27548][0s:685ms:573us]commonEntry.cpp:1267[ngxLog] [Unknown(32765)] [2026-09-02 16:35:52] [NGXLoadConfig:1150] app_B9FACDC=2.1.201
[2026.09.02-23.35.52:723][  0]LogStreamlineAPI: [Info]: [16-35-52][streamline][info][tid:27548][0s:685ms:578us]commonEntry.cpp:1267[ngxLog] [Unknown(32765)] [2026-09-02 16:35:52] [NGXLoadConfig:1150] app_B9BF564=2.1.201
[2026.09.02-23.35.52:723][  0]LogStreamlineAPI: [Info]: [16-35-52][streamline][info][tid:27548][0s:685ms:582us]commonEntry.cpp:1267[ngxLog] [Unknown(32765)] [2026-09-02 16:35:52] [NGXLoadConfig:1150] app_B9B0430=2.1.28
[2026.09.02-23.35.52:723][  0]LogStreamlineAPI: [Info]: [16-35-52][streamline][info][tid:27548][0s:685ms:585us]commonEntry.cpp:1267[ngxLog] [Unknown(32765)] [2026-09-02 16:35:52] [NGXLoadConfig:1150] app_B9DB490=2.3.4
[2026.09.02-23.35.52:723][  0]LogStreamlineAPI: [Info]: [16-35-52][streamline][info][tid:27548][0s:685ms:589us]commonEntry.cpp:1267[ngxLog] [Unknown(32765)] [2026-09-02 16:35:52] [NGXLoadConfig:1144] [dlssd]
[2026.09.02-23.35.52:723][  0]LogStreamlineAPI: [Info]: [16-35-52][streamline][info][tid:27548][0s:685ms:598us]commonEntry.cpp:1267[ngxLog] [Unknown(32765)] [2026-09-02 16:35:52] [NGXLoadConfig:1144] [nvbcast_vfx_gs_v0_9]
[2026.09.02-23.35.52:723][  0]LogStreamlineAPI: [Info]: [16-35-52][streamline][info][tid:27548][0s:685ms:605us]commonEntry.cpp:1267[ngxLog] [Unknown(32765)] [2026-09-02 16:35:52] [NGXLoadConfig:1144] [nvbcast_ar_fd_v0_9]
[2026.09.02-23.35.52:723][  0]LogStreamlineAPI: [Info]: [16-35-52][streamline][info][tid:27548][0s:685ms:612us]commonEntry.cpp:1267[ngxLog] [Unknown(32765)] [2026-09-02 16:35:52] [NGXLoadConfig:1144] [nvbcast_afx_rec_v0_9]
[2026.09.02-23.35.52:723][  0]LogStreamlineAPI: [Info]: [16-35-52][streamline][info][tid:27548][0s:685ms:618us]commonEntry.cpp:1267[ngxLog] [Unknown(32765)] [2026-09-02 16:35:52] [NGXLoadConfig:1144] [nvbcast_afx_bnrrec_v0_9]
[2026.09.02-23.35.52:723][  0]LogStreamlineAPI: [Info]: [16-35-52][streamline][info][tid:27548][0s:685ms:625us]commonEntry.cpp:1267[ngxLog] [Unknown(32765)] [2026-09-02 16:35:52] [NGXLoadConfig:1144] [nvbcast_afx_stdvoice_v0_9]
[2026.09.02-23.35.52:723][  0]LogStreamlineAPI: [Info]: [16-35-52][streamline][info][tid:27548][0s:685ms:632us]commonEntry.cpp:1267[ngxLog] [Unknown(32765)] [2026-09-02 16:35:52] [NGXLoadConfig:1144] [nvbcast_vfx_rl_v0_9]
[2026.09.02-23.35.52:723][  0]LogStreamlineAPI: [Info]: [16-35-52][streamline][info][tid:27548][0s:685ms:639us]commonEntry.cpp:1267[ngxLog] [Unknown(32765)] [2026-09-02 16:35:52] [NGXLoadConfig:1144] [dlisp]
[2026.09.02-23.35.52:723][  0]LogStreamlineAPI: [Info]: [16-35-52][streamline][info][tid:27548][0s:685ms:643us]commonEntry.cpp:1267[ngxLog] [Unknown(32765)] [2026-09-02 16:35:52] [NGXLoadConfig:1150] app_E658703=310.0.0
[2026.09.02-23.35.52:723][  0]LogStreamlineAPI: [Info]: [16-35-52][streamline][info][tid:27548][0s:685ms:647us]commonEntry.cpp:1267[ngxLog] [Unknown(32765)] [2026-09-02 16:35:52] [NGXLoadConfig:1150] app_B9CF688=2.1.15
[2026.09.02-23.35.52:723][  0]LogStreamlineAPI: [Info]: [16-35-52][streamline][info][tid:27548][0s:685ms:651us]commonEntry.cpp:1267[ngxLog] [Unknown(32765)] [2026-09-02 16:35:52] [NGXLoadConfig:1150] app_B9D8C54=1.2.106
[2026.09.02-23.35.52:723][  0]LogStreamlineAPI: [Info]: [16-35-52][streamline][info][tid:27548][0s:685ms:655us]commonEntry.cpp:1267[ngxLog] [Unknown(32765)] [2026-09-02 16:35:52] [NGXLoadConfig:1150] app_B9D2F5C=1.2.106
[2026.09.02-23.35.52:723][  0]LogStreamlineAPI: [Info]: [16-35-52][streamline][info][tid:27548][0s:685ms:658us]commonEntry.cpp:1267[ngxLog] [Unknown(32765)] [2026-09-02 16:35:52] [NGXLoadConfig:1150] app_B9DF510=1.3.101
[2026.09.02-23.35.52:723][  0]LogStreamlineAPI: [Info]: [16-35-52][streamline][info][tid:27548][0s:685ms:662us]commonEntry.cpp:1267[ngxLog] [Unknown(32765)] [2026-09-02 16:35:52] [NGXLoadConfig:1150] app_E99B5EC=1.2.102
[2026.09.02-23.35.52:723][  0]LogStreamlineAPI: [Info]: [16-35-52][streamline][info][tid:27548][0s:685ms:666us]commonEntry.cpp:1267[ngxLog] [Unknown(32765)] [2026-09-02 16:35:52] [NGXLoadConfig:1150] app_B9DAE68=1.2.106
[2026.09.02-23.35.52:723][  0]LogStreamlineAPI: [Info]: [16-35-52][streamline][info][tid:27548][0s:685ms:670us]commonEntry.cpp:1267[ngxLog] [Unknown(32765)] [2026-09-02 16:35:52] [`anonymous-namespace'::LoadMappingFileData:221] Member file in JSON file is not array, invalid data
[2026.09.02-23.35.52:802][  0]LogStreamlineAPI: [Info]: [16-35-52][streamline][info][tid:27548][0s:764ms:471us]commonEntry.cpp:1267[ngxLog] [Unknown(32765)] [2026-09-02 16:35:52] [NGXDRSInit:182] NvAPI_DRS_FindApplicationByName -166
[2026.09.02-23.35.52:813][  0]LogStreamlineAPI: [Info]: [16-35-52][streamline][info][tid:27548][0s:774ms:977us]commonEntry.cpp:1267[ngxLog] [Unknown(32765)] [2026-09-02 16:35:52] [NGXInitContext:245] called from module 1B0_E658703.dll at C:\ProgramData\NVIDIA\NGX\models\sl_common_0\versions\134273\files
[2026.09.02-23.35.52:813][  0]LogStreamlineAPI: [Info]: [16-35-52][streamline][info][tid:27548][0s:775ms:132us]commonEntry.cpp:1267[ngxLog] [Unknown(32765)] [2026-09-02 16:35:52] [`anonymous-namespace'::SnippetLocationInfo::load:713] NGXLoadFromPath failed: -1160773628
[2026.09.02-23.35.52:813][  0]LogStreamlineAPI: [Info]: [16-35-52][streamline][info][tid:27548][0s:775ms:242us]commonEntry.cpp:1267[ngxLog] [Unknown(32765)] [2026-09-02 16:35:52] [NGXReportStatusFeedback:1076] Override shared memory was opened successfully
[2026.09.02-23.35.52:813][  0]LogStreamlineAPI: [Info]: [16-35-52][streamline][info][tid:27548][0s:775ms:260us]commonEntry.cpp:1267[ngxLog] [Unknown(32765)] [2026-09-02 16:35:52] [NGXReportStatusFeedback:1088] Override shared memory was mapped successfully
[2026.09.02-23.35.52:891][  0]LogStreamlineAPI: [Info]: [16-35-52][streamline][info][tid:27548][0s:853ms:141us]commonEntry.cpp:1267[ngxLog] [Unknown(32765)] [2026-09-02 16:35:52] [NGXSecureLoadFeature:1345] Feature dlss failed to load (cmsid 241534723) from cache (location: C:\ProgramData\NVIDIA\NGX\models\dlss\versions\0\files, name: 160_E658703.bin)
[2026.09.02-23.35.53:017][  0]LogStreamlineAPI: [Info]: [16-35-53][streamline][info][tid:27548][0s:979ms:468us]commonEntry.cpp:1267[ngxLog] [Unknown(32765)] [2026-09-02 16:35:53] [`anonymous-namespace'::SnippetLocationInfo::load:713] NGXLoadFromPath failed: -1160773628
[2026.09.02-23.35.53:017][  0]LogStreamlineAPI: [Info]: [16-35-53][streamline][info][tid:27548][0s:979ms:507us]commonEntry.cpp:1267[ngxLog] [Unknown(32765)] [2026-09-02 16:35:53] [NGXSecureLoadFeature:1459] app E658702 feature dlss snippet: C:/Program Files (x86)/Steam/steamapps/common/Splitgate 2/Engine/Plugins/Marketplace/NVIDIA/DLSS/Binaries/ThirdParty/Win64/nvngx_dlss.dll version: 310.2.1
[2026.09.02-23.35.53:033][  0]LogStreamlineAPI: [Info]: [16-35-53][streamline][info][tid:27548][0s:994ms:836us]commonEntry.cpp:1267[ngxLog] [Unknown(32765)] [2026-09-02 16:35:53] [NGXSecureLoadFeature:1345] Feature dlssg failed to load (cmsid 241534723) from cache (location: C:\ProgramData\NVIDIA\NGX\models\dlssg\versions\0\files, name: 160_E658703.bin)
[2026.09.02-23.35.53:175][  0]LogStreamlineAPI: [Info]: [16-35-53][streamline][info][tid:27548][1s:136ms:935us]commonEntry.cpp:1267[ngxLog] [Unknown(32765)] [2026-09-02 16:35:53] [NGXSecureLoadFeature:1381] Found dlssg driver fallback snippet at C:\windows\System32\DriverStore\FileRepository\nvddi.inf_amd64_dabe455c4b5cf6f0
[2026.09.02-23.35.53:175][  0]LogStreamlineAPI: [Info]: [16-35-53][streamline][info][tid:27548][1s:136ms:974us]commonEntry.cpp:1267[ngxLog] [Unknown(32765)] [2026-09-02 16:35:53] [NGXSecureLoadFeature:1459] app E658702 feature dlssg snippet: C:/Program Files (x86)/Steam/steamapps/common/Splitgate 2/Engine/Plugins/Marketplace/NVIDIA/StreamlineCore/Binaries/ThirdParty/Win64/nvngx_dlssg.dll version: 310.2.1
[2026.09.02-23.35.53:184][  0]LogStreamlineAPI: [Info]: [16-35-53][streamline][info][tid:27548][1s:146ms:785us]commonEntry.cpp:1267[ngxLog] [Unknown(32765)] [2026-09-02 16:35:53] [NGXSecureLoadFeature:1345] Feature deepdvc failed to load (cmsid 241534723) from cache (location: C:\ProgramData\NVIDIA\NGX\models\deepdvc\versions\0\files, name: 160_E658703.bin)
[2026.09.02-23.35.53:184][  0]LogStreamlineAPI: [Info]: [16-35-53][streamline][info][tid:27548][1s:146ms:817us]commonEntry.cpp:1267[ngxLog] [Unknown(32765)] [2026-09-02 16:35:53] [NGXSecureLoadFeature:1459] app E658702 feature deepdvc snippet: C:/Program Files (x86)/Steam/steamapps/common/Splitgate 2/Engine/Plugins/Marketplace/NVIDIA/StreamlineCore/Binaries/ThirdParty/Win64/nvngx_deepdvc.dll version: 310.2.0
[2026.09.02-23.35.53:302][  0]LogStreamlineAPI: [Info]: [16-35-53][streamline][info][tid:27548][1s:264ms:459us]commonEntry.cpp:1267[ngxLog] [Unknown(32765)] [2026-09-02 16:35:53] [NGXSecureLoadFeature:1345] Feature dlssd failed to load (cmsid 241534723) from cache (location: C:\ProgramData\NVIDIA\NGX\models\dlssd\versions\0\files, name: 160_E658703.bin)
[2026.09.02-23.35.53:440][  0]LogStreamlineAPI: [Info]: [16-35-53][streamline][info][tid:27548][1s:401ms:873us]commonEntry.cpp:1267[ngxLog] [Unknown(32765)] [2026-09-02 16:35:53] [NGXSecureLoadFeature:1459] app E658702 feature dlssd snippet: C:/Program Files (x86)/Steam/steamapps/common/Splitgate 2/Engine/Plugins/Marketplace/NVIDIA/DLSS/Binaries/ThirdParty/Win64/nvngx_dlssd.dll version: 310.2.1
[2026.09.02-23.35.53:571][  0]LogStreamlineAPI: [Info]: [16-35-53][streamline][info][tid:27548][1s:533ms:057us]commonEntry.cpp:1267[ngxLog] [SuperSampling] [2026-09-02 16:35:53] [tid:27548][NGXInitLog:219] App logging hooks successfully initialized
[2026.09.02-23.35.53:571][  0]LogStreamlineAPI: [Info]: [16-35-53][streamline][info][tid:27548][1s:533ms:088us]commonEntry.cpp:1267[ngxLog] [SuperSampling] [2026-09-02 16:35:53] [tid:27548][NGXInitLog:226] Built with APP_NAME = default_nda
[2026.09.02-23.35.53:571][  0]LogStreamlineAPI: [Info]: [16-35-53][streamline][info][tid:27548][1s:533ms:334us]commonEntry.cpp:1267[ngxLog] [SuperSampling] [2026-09-02 16:35:53] [tid:27548][NGXCubinD3D12::Init:116] Enabling texmode_raw
[2026.09.02-23.35.53:571][  0]LogStreamlineAPI: [Info]: [16-35-53][streamline][info][tid:27548][1s:533ms:387us]commonEntry.cpp:1267[ngxLog] [SuperSampling] [2026-09-02 16:35:53] [tid:27548][NGXCubinD3D12::Init:212] Driver supports Fatbins + PTX
[2026.09.02-23.35.53:571][  0]LogStreamlineAPI: [Info]: [16-35-53][streamline][info][tid:27548][1s:533ms:401us]commonEntry.cpp:1267[ngxLog] [SuperSampling] [2026-09-02 16:35:53] [tid:27548][NGXCubinKernelMap::InitCubins:45] Loading NGXCubin kernels
[2026.09.02-23.35.53:571][  0]LogStreamlineAPI: [Info]: [16-35-53][streamline][info][tid:27548][1s:533ms:620us]commonEntry.cpp:1267[ngxLog] [SuperSampling] [2026-09-02 16:35:53] [tid:27548][NGXCubinGeneric::SetGPUArch:394] SetGPUArch:: Gpu count = 1, luid: 0x1771e
[2026.09.02-23.35.53:572][  0]LogStreamlineAPI: [Info]: [16-35-53][streamline][info][tid:27548][1s:534ms:305us]commonEntry.cpp:1267[ngxLog] [SuperSampling] [2026-09-02 16:35:53] [tid:27548][NGXCubinGeneric::SetGPUArch:449] m_gpuArch = 0x1b0
[2026.09.02-23.35.53:572][  0]LogStreamlineAPI: [Info]: [16-35-53][streamline][info][tid:27548][1s:534ms:359us]commonEntry.cpp:1267[ngxLog] [SuperSampling] [2026-09-02 16:35:53] [tid:27548][NGXCubinGeneric::SetGPUArch:460] m_smArch  = 0x5
[2026.09.02-23.35.53:572][  0]LogStreamlineAPI: [Info]: [16-35-53][streamline][info][tid:27548][1s:534ms:377us]commonEntry.cpp:1267[ngxLog] [SuperSampling] [2026-09-02 16:35:53] [tid:27548][NGXCubinGeneric::genericPostInit:145] Fast UAV clear: supported
[2026.09.02-23.35.53:572][  0]LogStreamlineAPI: [Info]: [16-35-53][streamline][info][tid:27548][1s:534ms:399us]commonEntry.cpp:1267[ngxLog] [SuperSampling] [2026-09-02 16:35:53] [tid:27548][DLSSCubinKernelMap::InitCubins:311] Setting DLAA Cubins
[2026.09.02-23.35.53:572][  0]LogStreamlineAPI: [Info]: [16-35-53][streamline][info][tid:27548][1s:534ms:413us]commonEntry.cpp:1267[ngxLog] [SuperSampling] [2026-09-02 16:35:53] [tid:27548][DLSSCubinKernelMap::InitCubins:311] Setting DLSS Debug Cubins
[2026.09.02-23.35.53:572][  0]LogStreamlineAPI: [Info]: [16-35-53][streamline][info][tid:27548][1s:534ms:427us]commonEntry.cpp:1267[ngxLog] [SuperSampling] [2026-09-02 16:35:53] [tid:27548][DLSSCubinKernelMap::InitCubins:311] Setting DLTSS Engine Cubins
[2026.09.02-23.35.53:572][  0]LogStreamlineAPI: [Info]: [16-35-53][streamline][info][tid:27548][1s:534ms:465us]commonEntry.cpp:1267[ngxLog] [SuperSampling] [2026-09-02 16:35:53] [tid:27548][DLSSCubinKernelMap::InitCubins:311] Setting DLTSS NW Cubins
[2026.09.02-23.35.53:572][  0]LogStreamlineAPI: [Info]: [16-35-53][streamline][info][tid:27548][1s:534ms:518us]commonEntry.cpp:1267[ngxLog] [SuperSampling] [2026-09-02 16:35:53] [tid:27548][DLSSCubinKernelMap::InitCubins:311] Setting DLTSS NW E5M3_SKIP Cubins
[2026.09.02-23.35.54:556][  0]LogStreamlineAPI: [Info]: [16-35-54][streamline][info][tid:27548][2s:518ms:524us]commonEntry.cpp:1267[ngxLog] [SuperSampling] [2026-09-02 16:35:54] [tid:27548][NGXInitLog:219] App logging hooks successfully initialized
[2026.09.02-23.35.54:556][  0]LogStreamlineAPI: [Info]: [16-35-54][streamline][info][tid:27548][2s:518ms:554us]commonEntry.cpp:1267[ngxLog] [SuperSampling] [2026-09-02 16:35:54] [tid:27548][NGXInitLog:226] Built with APP_NAME = app_transformer_dlssd
[2026.09.02-23.35.54:556][  0]LogStreamlineAPI: [Info]: [16-35-54][streamline][info][tid:27548][2s:518ms:795us]commonEntry.cpp:1267[ngxLog] [SuperSampling] [2026-09-02 16:35:54] [tid:27548][NGXCubinD3D12::Init:116] Enabling texmode_raw
[2026.09.02-23.35.54:557][  0]LogStreamlineAPI: [Info]: [16-35-54][streamline][info][tid:27548][2s:518ms:862us]commonEntry.cpp:1267[ngxLog] [SuperSampling] [2026-09-02 16:35:54] [tid:27548][NGXCubinD3D12::Init:212] Driver supports Fatbins + PTX
[2026.09.02-23.35.54:557][  0]LogStreamlineAPI: [Info]: [16-35-54][streamline][info][tid:27548][2s:518ms:879us]commonEntry.cpp:1267[ngxLog] [SuperSampling] [2026-09-02 16:35:54] [tid:27548][NGXCubinKernelMap::InitCubins:45] Loading NGXCubin kernels
[2026.09.02-23.35.54:557][  0]LogStreamlineAPI: [Info]: [16-35-54][streamline][info][tid:27548][2s:519ms:215us]commonEntry.cpp:1267[ngxLog] [SuperSampling] [2026-09-02 16:35:54] [tid:27548][NGXCubinGeneric::SetGPUArch:394] SetGPUArch:: Gpu count = 1, luid: 0x1771e
[2026.09.02-23.35.54:558][  0]LogStreamlineAPI: [Info]: [16-35-54][streamline][info][tid:27548][2s:520ms:364us]commonEntry.cpp:1267[ngxLog] [SuperSampling] [2026-09-02 16:35:54] [tid:27548][NGXCubinGeneric::SetGPUArch:449] m_gpuArch = 0x1b0
[2026.09.02-23.35.54:558][  0]LogStreamlineAPI: [Info]: [16-35-54][streamline][info][tid:27548][2s:520ms:381us]commonEntry.cpp:1267[ngxLog] [SuperSampling] [2026-09-02 16:35:54] [tid:27548][NGXCubinGeneric::SetGPUArch:460] m_smArch  = 0x5
[2026.09.02-23.35.54:558][  0]LogStreamlineAPI: [Info]: [16-35-54][streamline][info][tid:27548][2s:520ms:403us]commonEntry.cpp:1267[ngxLog] [SuperSampling] [2026-09-02 16:35:54] [tid:27548][NGXCubinGeneric::genericPostInit:145] Fast UAV clear: supported
[2026.09.02-23.35.54:558][  0]LogStreamlineAPI: [Info]: [16-35-54][streamline][info][tid:27548][2s:520ms:409us]commonEntry.cpp:1267[ngxLog] [SuperSampling] [2026-09-02 16:35:54] [tid:27548][DLSSCubinKernelMap::InitCubins:311] Setting DLAA Cubins
[2026.09.02-23.35.54:558][  0]LogStreamlineAPI: [Info]: [16-35-54][streamline][info][tid:27548][2s:520ms:413us]commonEntry.cpp:1267[ngxLog] [SuperSampling] [2026-09-02 16:35:54] [tid:27548][DLSSCubinKernelMap::InitCubins:311] Setting DLSS Debug Cubins
[2026.09.02-23.35.54:558][  0]LogStreamlineAPI: [Info]: [16-35-54][streamline][info][tid:27548][2s:520ms:419us]commonEntry.cpp:1267[ngxLog] [SuperSampling] [2026-09-02 16:35:54] [tid:27548][DldnCubinKernelMap::InitCubins:129] Setting DLDN Engine Pre / Post Cubins
[2026.09.02-23.35.54:558][  0]LogStreamlineAPI: [Info]: [16-35-54][streamline][info][tid:27548][2s:520ms:455us]commonEntry.cpp:1267[ngxLog] [SuperSampling] [2026-09-02 16:35:54] [tid:27548][DldnCubinKernelMap::InitCubins:162] Setting DLDN Engine Pre / Post Cubins
[2026.09.02-23.35.54:646][  0]LogStreamlineAPI: [Info]: [16-35-54][streamline][info][tid:27548][2s:608ms:463us]commonEntry.cpp:1654[slOnPluginStartup] At least one plugin requires DRS, trying to initialize ...
[2026.09.02-23.35.54:753][  0]LogStreamlineAPI: [Info]: [16-35-54][streamline][info][tid:27548][2s:714ms:998us]pluginManager.cpp:1544[mapPluginCallbacks] Callback sl.common:slSetData:0x0
[2026.09.02-23.35.54:753][  0]LogStreamlineAPI: [Info]: [16-35-54][streamline][info][tid:27548][2s:715ms:028us]pluginManager.cpp:1545[mapPluginCallbacks] Callback sl.common:slGetData:0x0
[2026.09.02-23.35.54:753][  0]LogStreamlineAPI: [Info]: [16-35-54][streamline][info][tid:27548][2s:715ms:035us]pluginManager.cpp:1546[mapPluginCallbacks] Callback sl.common:slAllocateResources:0x0
[2026.09.02-23.35.54:753][  0]LogStreamlineAPI: [Info]: [16-35-54][streamline][info][tid:27548][2s:715ms:041us]pluginManager.cpp:1547[mapPluginCallbacks] Callback sl.common:slFreeResources:0x0
[2026.09.02-23.35.54:753][  0]LogStreamlineAPI: [Info]: [16-35-54][streamline][info][tid:27548][2s:715ms:047us]pluginManager.cpp:1548[mapPluginCallbacks] Callback sl.common:slEvaluateFeature:0x7ffc0d72a010
[2026.09.02-23.35.54:753][  0]LogStreamlineAPI: [Info]: [16-35-54][streamline][info][tid:27548][2s:715ms:053us]pluginManager.cpp:1549[mapPluginCallbacks] Callback sl.common:slSetTag:0x7ffc0d728af0
[2026.09.02-23.35.54:753][  0]LogStreamlineAPI: [Info]: [16-35-54][streamline][info][tid:27548][2s:715ms:057us]pluginManager.cpp:1550[mapPluginCallbacks] Callback sl.common:slSetTagForFrame:0x7ffc0d728c60
[2026.09.02-23.35.54:753][  0]LogStreamlineAPI: [Info]: [16-35-54][streamline][info][tid:27548][2s:715ms:061us]pluginManager.cpp:1551[mapPluginCallbacks] Callback sl.common:slSetConsts:0x7ffc0d729af0
[2026.09.02-23.35.54:753][  0]LogStreamlineAPI: [Info]: [16-35-54][streamline][info][tid:27548][2s:715ms:066us]pluginManager.cpp:1320[processPluginHooks] Hook sl.common:slHookVkPresent:before - skipped
[2026.09.02-23.35.54:753][  0]LogStreamlineAPI: [Info]: [16-35-54][streamline][info][tid:27548][2s:715ms:075us]pluginManager.cpp:1320[processPluginHooks] Hook sl.common:slHookVkAfterPresent:after - skipped
[2026.09.02-23.35.54:753][  0]LogStreamlineAPI: [Info]: [16-35-54][streamline][info][tid:27548][2s:715ms:080us]pluginManager.cpp:1320[processPluginHooks] Hook sl.common:slHookVkCmdBindPipeline:after - skipped
[2026.09.02-23.35.54:753][  0]LogStreamlineAPI: [Info]: [16-35-54][streamline][info][tid:27548][2s:715ms:090us]pluginManager.cpp:1320[processPluginHooks] Hook sl.common:slHookVkCmdBindDescriptorSets:after - skipped
[2026.09.02-23.35.54:753][  0]LogStreamlineAPI: [Info]: [16-35-54][streamline][info][tid:27548][2s:715ms:095us]pluginManager.cpp:1320[processPluginHooks] Hook sl.common:slHookVkBeginCommandBuffer:after - skipped
[2026.09.02-23.35.54:753][  0]LogStreamlineAPI: [Info]: [16-35-54][streamline][info][tid:27548][2s:715ms:099us]pluginManager.cpp:1344[processPluginHooks] Hook sl.common:slHookCreateSwapChain:before - OK
[2026.09.02-23.35.54:753][  0]LogStreamlineAPI: [Info]: [16-35-54][streamline][info][tid:27548][2s:715ms:103us]pluginManager.cpp:1344[processPluginHooks] Hook sl.common:slHookCreateSwapChainForHwnd:before - OK
[2026.09.02-23.35.54:753][  0]LogStreamlineAPI: [Info]: [16-35-54][streamline][info][tid:27548][2s:715ms:106us]pluginManager.cpp:1344[processPluginHooks] Hook sl.common:slHookCreateSwapChainForCoreWindow:before - OK
[2026.09.02-23.35.54:753][  0]LogStreamlineAPI: [Info]: [16-35-54][streamline][info][tid:27548][2s:715ms:111us]pluginManager.cpp:1344[processPluginHooks] Hook sl.common:slHookResizeSwapChainPre:before - OK
[2026.09.02-23.35.54:753][  0]LogStreamlineAPI: [Info]: [16-35-54][streamline][info][tid:27548][2s:715ms:115us]pluginManager.cpp:1344[processPluginHooks] Hook sl.common:slHookPresent:before - OK
[2026.09.02-23.35.54:753][  0]LogStreamlineAPI: [Info]: [16-35-54][streamline][info][tid:27548][2s:715ms:122us]pluginManager.cpp:1344[processPluginHooks] Hook sl.common:slHookAfterPresent:after - OK
[2026.09.02-23.35.54:753][  0]LogStreamlineAPI: [Info]: [16-35-54][streamline][info][tid:27548][2s:715ms:127us]pluginManager.cpp:1344[processPluginHooks] Hook sl.common:slHookPresent1:before - OK
[2026.09.02-23.35.54:753][  0]LogStreamlineAPI: [Info]: [16-35-54][streamline][info][tid:27548][2s:715ms:218us]pluginManager.cpp:1544[mapPluginCallbacks] Callback sl.pcl:slSetData:0x7ffc284eb6c0
[2026.09.02-23.35.54:753][  0]LogStreamlineAPI: [Info]: [16-35-54][streamline][info][tid:27548][2s:715ms:236us]pluginManager.cpp:1545[mapPluginCallbacks] Callback sl.pcl:slGetData:0x7ffc284eb6d0
[2026.09.02-23.35.54:753][  0]LogStreamlineAPI: [Info]: [16-35-54][streamline][info][tid:27548][2s:715ms:243us]pluginManager.cpp:1546[mapPluginCallbacks] Callback sl.pcl:slAllocateResources:0x0
[2026.09.02-23.35.54:753][  0]LogStreamlineAPI: [Info]: [16-35-54][streamline][info][tid:27548][2s:715ms:247us]pluginManager.cpp:1547[mapPluginCallbacks] Callback sl.pcl:slFreeResources:0x0
[2026.09.02-23.35.54:753][  0]LogStreamlineAPI: [Info]: [16-35-54][streamline][info][tid:27548][2s:715ms:251us]pluginManager.cpp:1548[mapPluginCallbacks] Callback sl.pcl:slEvaluateFeature:0x0
[2026.09.02-23.35.54:753][  0]LogStreamlineAPI: [Info]: [16-35-54][streamline][info][tid:27548][2s:715ms:255us]pluginManager.cpp:1549[mapPluginCallbacks] Callback sl.pcl:slSetTag:0x0
[2026.09.02-23.35.54:753][  0]LogStreamlineAPI: [Info]: [16-35-54][streamline][info][tid:27548][2s:715ms:259us]pluginManager.cpp:1550[mapPluginCallbacks] Callback sl.pcl:slSetTagForFrame:0x0
[2026.09.02-23.35.54:753][  0]LogStreamlineAPI: [Info]: [16-35-54][streamline][info][tid:27548][2s:715ms:263us]pluginManager.cpp:1551[mapPluginCallbacks] Callback sl.pcl:slSetConsts:0x0
[2026.09.02-23.35.54:753][  0]LogStreamlineAPI: [Info]: [16-35-54][streamline][info][tid:27548][2s:715ms:272us]pluginManager.cpp:1305[processPluginHooks] Plugin 'sl.pcl' has no registered hooks
[2026.09.02-23.35.54:753][  0]LogStreamlineAPI: [Info]: [16-35-54][streamline][info][tid:27548][2s:715ms:279us]pluginManager.cpp:1544[mapPluginCallbacks] Callback sl.reflex:slSetData:0x7ffc17e6b800
[2026.09.02-23.35.54:753][  0]LogStreamlineAPI: [Info]: [16-35-54][streamline][info][tid:27548][2s:715ms:285us]pluginManager.cpp:1545[mapPluginCallbacks] Callback sl.reflex:slGetData:0x7ffc17e6c160
[2026.09.02-23.35.54:753][  0]LogStreamlineAPI: [Info]: [16-35-54][streamline][info][tid:27548][2s:715ms:289us]pluginManager.cpp:1546[mapPluginCallbacks] Callback sl.reflex:slAllocateResources:0x0
[2026.09.02-23.35.54:753][  0]LogStreamlineAPI: [Info]: [16-35-54][streamline][info][tid:27548][2s:715ms:293us]pluginManager.cpp:1547[mapPluginCallbacks] Callback sl.reflex:slFreeResources:0x0
[2026.09.02-23.35.54:753][  0]LogStreamlineAPI: [Info]: [16-35-54][streamline][info][tid:27548][2s:715ms:296us]pluginManager.cpp:1548[mapPluginCallbacks] Callback sl.reflex:slEvaluateFeature:0x0
[2026.09.02-23.35.54:753][  0]LogStreamlineAPI: [Info]: [16-35-54][streamline][info][tid:27548][2s:715ms:300us]pluginManager.cpp:1549[mapPluginCallbacks] Callback sl.reflex:slSetTag:0x0
[2026.09.02-23.35.54:753][  0]LogStreamlineAPI: [Info]: [16-35-54][streamline][info][tid:27548][2s:715ms:303us]pluginManager.cpp:1550[mapPluginCallbacks] Callback sl.reflex:slSetTagForFrame:0x0
[2026.09.02-23.35.54:753][  0]LogStreamlineD3D12RHI: FStreamlineD3D12RHIModule::StartupModule Leave
[2026.09.02-23.35.54:753][  0]LogStreamlineAPI: [Info]: [16-35-54][streamline][info][tid:27548][2s:715ms:307us]pluginManager.cpp:1551[mapPluginCallbacks] Callback sl.reflex:slSetConsts:0x0
[2026.09.02-23.35.54:753][  0]LogStreamlineAPI: [Info]: [16-35-54][streamline][info][tid:27548][2s:715ms:310us]pluginManager.cpp:1305[processPluginHooks] Plugin 'sl.reflex' has no registered hooks
[2026.09.02-23.35.54:753][  0]LogStreamlineRHI: PluginBaseDir ../../../Engine/Plugins/Marketplace/NVIDIA/StreamlineCore
[2026.09.02-23.35.54:753][  0]LogStreamlineRHI: SLBinariesDir ../../../Engine/Plugins/Marketplace/NVIDIA/StreamlineCore/Binaries/ThirdParty/Win64/
[2026.09.02-23.35.54:753][  0]LogStreamlineRHI: FStreamlineRHI::FStreamlineRHI Enter
[2026.09.02-23.35.54:753][  0]LogStreamlineRHI: FStreamlineRHI::FStreamlineRHI Leave
[2026.09.02-23.35.54:753][  0]LogStreamlineD3D12RHI: FStreamlineD3D12RHI::FStreamlineD3D12RHI Enter
[2026.09.02-23.35.54:753][  0]LogStreamlineD3D12RHI: Skip registering IDXGISwapchainProvider, due to Swapchain proxy creation is disabled by config
[2026.09.02-23.35.54:753][  0]LogStreamlineD3D12RHI: FStreamlineD3D12RHI::FStreamlineD3D12RHI Leave
[2026.09.02-23.35.54:753][  0]LogStreamlineRHI: Streamline supported by the NVIDIA D3D12 RHI in the StreamlineD3D12RHI module at runtime
[2026.09.02-23.35.54:753][  0]LogStreamlineRHI: FStreamlineRHI::PostPlatformRHICreateInit Enter
[2026.09.02-23.35.54:753][  0]LogStreamlineRHI: RequestedFeatures = kFeatureReflex (3), kFeatureDLSS_G (1000))
[2026.09.02-23.35.54:753][  0]LogStreamlineRHI: LoadedFeatures = kFeatureReflex (3))
[2026.09.02-23.35.54:753][  0]LogStreamlineAPI: Error: [Error]: [16-35-54][streamline][error][tid:27548][2s:715ms:391us]sl.cpp:190[slValidateFeatureContext] 'kFeatureDLSS_G' is missing.
[2026.09.02-23.35.54:753][  0]LogStreamlineRHI: SupportedFeatures = kFeatureReflex (3))
[2026.09.02-23.35.54:753][  0]LogStreamlineRHI: FStreamlineRHI::PostPlatformRHICreateInit Leave
[2026.09.02-23.35.54:753][  0]LogStreamlineRHI: PlatformCreateStreamlineRHI Leave
[2026.09.02-23.35.54:753][  0]LogStreamlineRHI: FStreamlineRHIModule::StartupModule Leave
[2026.09.02-23.35.54:821][  0]LogShaderLibrary: Display: Using IoDispatcher for shader code library PortalWars2_Chunk500. Total 23244 unique shaders.
[2026.09.02-23.35.54:821][  0]LogShaderLibrary: Display: Cooked Context: Using Shared Shader Library PortalWars2_Chunk500
[2026.09.02-23.35.54:826][  0]LogShaderLibrary: Display: Using IoDispatcher for shader code library PortalWars2_Chunk400. Total 32964 unique shaders.
[2026.09.02-23.35.54:827][  0]LogShaderLibrary: Display: Cooked Context: Using Shared Shader Library PortalWars2_Chunk400
[2026.09.02-23.35.54:828][  0]LogShaderLibrary: Display: Using IoDispatcher for shader code library PortalWars2_Chunk300. Total 16144 unique shaders.
[2026.09.02-23.35.54:828][  0]LogShaderLibrary: Display: Cooked Context: Using Shared Shader Library PortalWars2_Chunk300
[2026.09.02-23.35.54:829][  0]LogShaderLibrary: Display: Using IoDispatcher for shader code library PortalWars2_Chunk200. Total 1498 unique shaders.
[2026.09.02-23.35.54:829][  0]LogShaderLibrary: Display: Cooked Context: Using Shared Shader Library PortalWars2_Chunk200
[2026.09.02-23.35.54:831][  0]LogShaderLibrary: Display: Using IoDispatcher for shader code library PortalWars2_Chunk100. Total 26849 unique shaders.
[2026.09.02-23.35.54:831][  0]LogShaderLibrary: Display: Cooked Context: Using Shared Shader Library PortalWars2_Chunk100
[2026.09.02-23.35.54:832][  0]LogShaderLibrary: Display: Using IoDispatcher for shader code library PortalWars2_Chunk0. Total 13899 unique shaders.
[2026.09.02-23.35.54:832][  0]LogShaderLibrary: Display: Cooked Context: Using Shared Shader Library PortalWars2_Chunk0
[2026.09.02-23.35.54:832][  0]LogShaderLibrary: Display: Logical shader library 'PortalWars2' has been created, components 6
[2026.09.02-23.35.54:833][  0]LogRHI: FPipelineCacheFile Header Game Version: 600100
[2026.09.02-23.35.54:833][  0]LogRHI: FPipelineCacheFile Header Engine Data Version: 28
[2026.09.02-23.35.54:833][  0]LogRHI: FPipelineCacheFile Header TOC Offset: 1168263
[2026.09.02-23.35.54:833][  0]LogRHI: FPipelineCacheFile File Size: 1852842 Bytes
[2026.09.02-23.35.54:838][  0]LogRHI: Opened FPipelineCacheFile: ../../../PortalWars2/Content/PipelineCaches/Windows/PortalWars2_PCD3D_SM6.stable.upipelinecache (GUID: 5EED44714FE017800348CB822798BF75) with 5517 entries.
[2026.09.02-23.35.54:838][  0]LogRHI: Display: FPipelineCacheFile[PortalWars2] opened PortalWars2, filename PortalWars2, guid 5EED44714FE017800348CB822798BF75. 
[2026.09.02-23.35.54:838][  0]LogRHI: FShaderPipelineCache::BeginNextPrecompileCacheTask() - PortalWars2 begining compile.
[2026.09.02-23.35.54:841][  0]LogRHI: Display: FShaderPipelineCache starting pipeline cache 'PortalWars2' and enqueued 5517 tasks for precompile. (cache contains 5517, 5517 eligible, 0 had missing shaders. 0 already compiled). BatchSize 50 and BatchTime 16.000000.
[2026.09.02-23.35.54:841][  0]LogRHI: Base name for record PSOs is C:/Users/<USER>/AppData/Local/PortalWars2/Saved/CollectedPSOs/++PortalWars2+Release-3.1-CL-600100-PortalWars2_PCD3D_SM6_C2E554A540AA9CEF9C62A9B8A4B523DE.rec.upipelinecache
[2026.09.02-23.35.54:841][  0]LogRHI: FPipelineCacheFile: GarbageCollectUserCache() Begin
[2026.09.02-23.35.54:848][  0]LogRHI: Next GC on user cache is in 0.372 days.
[2026.09.02-23.35.54:848][  0]LogRHI: FPipelineCacheFile: GarbageCollectUserCache() End
[2026.09.02-23.35.54:848][  0]LogRHI: FPipelineCacheFile Header Game Version: 600100
[2026.09.02-23.35.54:848][  0]LogRHI: FPipelineCacheFile Header Engine Data Version: 28
[2026.09.02-23.35.54:848][  0]LogRHI: FPipelineCacheFile Header TOC Offset: 87393
[2026.09.02-23.35.54:848][  0]LogRHI: FPipelineCacheFile File Size: 117450 Bytes
[2026.09.02-23.35.54:848][  0]LogRHI: Opened FPipelineCacheFile: C:/Users/<USER>/AppData/Local/PortalWars2/Saved/PortalWars2_PCD3D_SM6.upipelinecache (GUID: 40BB974145AD2F3DF84B4595968609F1) with 224 entries.
[2026.09.02-23.35.54:848][  0]LogRHI: Display: FPipelineCacheFile User cache [key:PortalWars2_usr] opened 'PortalWars2'=1, filename PortalWars2, guid 40BB974145AD2F3DF84B4595968609F1. 
[2026.09.02-23.35.54:848][  0]LogRHI: Could not open FPipelineCacheFile: ../../../PortalWars2/Content/PipelineCaches/Windows/PortalWars2_Chunk500_PCD3D_SM6.stable.upipelinecache
[2026.09.02-23.35.54:848][  0]LogRHI: Could not open FPipelineCacheFile: ../../../PortalWars2/Content/PipelineCaches/Windows/PortalWars2_Chunk400_PCD3D_SM6.stable.upipelinecache
[2026.09.02-23.35.54:848][  0]LogRHI: Could not open FPipelineCacheFile: ../../../PortalWars2/Content/PipelineCaches/Windows/PortalWars2_Chunk300_PCD3D_SM6.stable.upipelinecache
[2026.09.02-23.35.54:848][  0]LogRHI: Could not open FPipelineCacheFile: ../../../PortalWars2/Content/PipelineCaches/Windows/PortalWars2_Chunk200_PCD3D_SM6.stable.upipelinecache
[2026.09.02-23.35.54:848][  0]LogRHI: Could not open FPipelineCacheFile: ../../../PortalWars2/Content/PipelineCaches/Windows/PortalWars2_Chunk100_PCD3D_SM6.stable.upipelinecache
[2026.09.02-23.35.54:848][  0]LogRHI: Could not open FPipelineCacheFile: ../../../PortalWars2/Content/PipelineCaches/Windows/PortalWars2_Chunk0_PCD3D_SM6.stable.upipelinecache
[2026.09.02-23.35.54:848][  0]LogShaderLibrary: Display: Tried to open again shader library 'PortalWars2', but could not find new components for it (existing components: 6).
[2026.09.02-23.35.54:848][  0]LogPakFile: New pak file ../../../PortalWars2/Content/Paks/pakchunk0-WindowsClient.pak added to pak precacher.
[2026.09.02-23.35.54:849][  0]LogInit: Using OS detected language (en-US).
[2026.09.02-23.35.54:849][  0]LogInit: Using OS detected locale (en-US).
[2026.09.02-23.35.54:850][  0]LogTextLocalizationManager: No specific localization for 'en-US' exists, so 'en' will be used for the language.
[2026.09.02-23.35.54:851][  0]LogAssetRegistry: FAssetRegistry took 0.0001 seconds to start up
[2026.09.02-23.35.54:955][  0]LogStreaming: Display: FlushAsyncLoading(1): 1 QueuedPackages, 0 AsyncPackages
[2026.09.02-23.35.54:966][  0]LogFilePackageStore: Updated: NewPackages=114520, OldPackages=0, TotalPackages=114520
[2026.09.02-23.35.54:968][  0]LogDeviceProfileManager: Active device profile: [00007FF4C61BCD18][0000029F2A98C020 66] WindowsClient
[2026.09.02-23.35.54:985][  0]LogD3D12RHI: Error: Failed to create pipeline state with combined hash DA7A40E3155A0081, error 80070057.
[2026.09.02-23.35.54:985][  0]LogD3D12RHI: Error: Failed to create pipeline state with combined hash D74DE3DA359A010C, error 80070057.
[2026.09.02-23.35.54:983][  0]LogD3D12RHI: Error: Failed to create pipeline state with combined hash F9AF77DAAD95C858, error 80070057.
[2026.09.02-23.35.54:983][  0]LogD3D12RHI: Error: Failed to create pipeline state with combined hash 6B9D3EC6BA24C652, error 80070057.
[2026.09.02-23.35.54:983][  0]LogD3D12RHI: Error: Failed to create pipeline state with combined hash F97F808B5B2A1E38, error 80070057.
[2026.09.02-23.35.54:983][  0]LogD3D12RHI: Error: Failed to create pipeline state with combined hash 7A410288022EC956, error 80070057.
[2026.09.02-23.35.54:985][  0]LogD3D12RHI: Error: Failed to create pipeline state with combined hash 954719022E6C092E, error 80070057.
[2026.09.02-23.35.54:985][  0]LogD3D12RHI: Error: Failed to create pipeline state with combined hash 0E03FA36B3736A33, error 80070057.
[2026.09.02-23.35.54:985][  0]LogD3D12RHI: Error: Failed to create pipeline state with combined hash F16013AE1CBBDFEF, error 80070057.
[2026.09.02-23.35.54:985][  0]LogD3D12RHI: Error: Failed to create pipeline state with combined hash 0D9C6D7749BBFECB, error 80070057.
[2026.09.02-23.35.54:985][  0]LogD3D12RHI: Warning: Failed to create graphics PSO with combined hash 0x0D9C6D7749BBFECB:

[2026.09.02-23.35.54:985][  0]LogD3D12RHI: Error: Failed to create pipeline state with combined hash 13BF293540C142D5, error 80070057.
[2026.09.02-23.35.54:985][  0]LogD3D12RHI: Warning: Failed to create graphics PSO with combined hash 0x13BF293540C142D5:

[2026.09.02-23.35.54:983][  0]LogD3D12RHI: Error: Failed to create pipeline state with combined hash 71C0857C9E9DFA64, error 80070057.
[2026.09.02-23.35.54:985][  0]LogD3D12RHI: Warning: Failed to create graphics PSO with combined hash 0x71C0857C9E9DFA64:

[2026.09.02-23.35.54:985][  0]LogRHI: Error: Failed to create graphics pipeline, hashes: Vertex: 479BC90643BEE8E0F0752DA31397D01CCF7C0ED6, Pipeline: 21C19B7A5784F1DB1F2645F56206328D47420E45.
[2026.09.02-23.35.54:985][  0]LogRHI: Error: Failed to create graphics pipeline, hashes: Vertex: 479BC90643BEE8E0F0752DA31397D01CCF7C0ED6, Pipeline: 21C19B7A5784F1DB1F2645F56206328D47420E45.
[2026.09.02-23.35.54:985][  0]LogRHI: Error: Failed to create graphics pipeline, hashes: Vertex: 479BC90643BEE8E0F0752DA31397D01CCF7C0ED6, Pipeline: 21C19B7A5784F1DB1F2645F56206328D47420E45.
[2026.09.02-23.35.54:985][  0]LogD3D12RHI: Error: Failed to create pipeline state with combined hash 3B1A05DD4E16DD58, error 80070057.
[2026.09.02-23.35.54:985][  0]LogD3D12RHI: Warning: Failed to create graphics PSO with combined hash 0x3B1A05DD4E16DD58:

[2026.09.02-23.35.54:985][  0]LogD3D12RHI: Error: Failed to create pipeline state with combined hash 2A38A43BA3918E1D, error 80070057.
[2026.09.02-23.35.54:985][  0]LogD3D12RHI: Warning: Failed to create graphics PSO with combined hash 0x2A38A43BA3918E1D:

[2026.09.02-23.35.54:985][  0]LogRHI: Error: Failed to create graphics pipeline, hashes: Vertex: 479BC90643BEE8E0F0752DA31397D01CCF7C0ED6, Pipeline: 21C19B7A5784F1DB1F2645F56206328D47420E45.
[2026.09.02-23.35.54:985][  0]LogRHI: Error: Failed to create graphics pipeline, hashes: Vertex: 479BC90643BEE8E0F0752DA31397D01CCF7C0ED6, Pipeline: 21C19B7A5784F1DB1F2645F56206328D47420E45.
[2026.09.02-23.35.54:985][  0]LogD3D12RHI: Error: Failed to create pipeline state with combined hash 32E6F2B987077B6C, error 80070057.
[2026.09.02-23.35.54:985][  0]LogD3D12RHI: Warning: Failed to create graphics PSO with combined hash 0x32E6F2B987077B6C:

[2026.09.02-23.35.54:985][  0]LogD3D12RHI: Error: Failed to create pipeline state with combined hash 391B0E79DA62FD89, error 80070057.
[2026.09.02-23.35.54:985][  0]LogRHI: Error: Failed to create graphics pipeline, hashes: Vertex: 479BC90643BEE8E0F0752DA31397D01CCF7C0ED6, Pipeline: 21C19B7A5784F1DB1F2645F56206328D47420E45.
[2026.09.02-23.35.54:985][  0]LogD3D12RHI: Warning: Failed to create graphics PSO with combined hash 0x391B0E79DA62FD89:

[2026.09.02-23.35.54:985][  0]LogRHI: Error: Failed to create graphics pipeline, hashes: Vertex: 479BC90643BEE8E0F0752DA31397D01CCF7C0ED6, Pipeline: 21C19B7A5784F1DB1F2645F56206328D47420E45.
[2026.09.02-23.35.54:985][  0]LogD3D12RHI: Error: Failed to create pipeline state with combined hash 849A4BF68D40BDD8, error 80070057.
[2026.09.02-23.35.54:985][  0]LogD3D12RHI: Warning: Failed to create graphics PSO with combined hash 0x849A4BF68D40BDD8:

[2026.09.02-23.35.54:985][  0]LogRHI: Error: Failed to create graphics pipeline, hashes: Vertex: 479BC90643BEE8E0F0752DA31397D01CCF7C0ED6, Pipeline: 21C19B7A5784F1DB1F2645F56206328D47420E45.
[2026.09.02-23.35.54:986][  0]LogD3D12RHI: Error: Failed to create pipeline state with combined hash B9AAA2FB2CCDF179, error 80070057.
[2026.09.02-23.35.54:986][  0]LogD3D12RHI: Warning: Failed to create graphics PSO with combined hash 0xB9AAA2FB2CCDF179:

[2026.09.02-23.35.54:986][  0]LogRHI: Error: Failed to create graphics pipeline, hashes: Vertex: B294F53DAFF0D53668C0BB1DA09703BF9982B192, Pipeline: 477EF6A051C0EF5BE1BB104C929EF10951DF70F8.
[2026.09.02-23.35.54:986][  0]LogD3D12RHI: Error: Failed to create pipeline state with combined hash 0166D1210AF66B49, error 80070057.
[2026.09.02-23.35.54:986][  0]LogD3D12RHI: Error: Failed to create pipeline state with combined hash DDCBF25706EB1F11, error 80070057.
[2026.09.02-23.35.54:986][  0]LogD3D12RHI: Error: Failed to create pipeline state with combined hash 7E7645020EAECA2B, error 80070057.
[2026.09.02-23.35.54:986][  0]LogD3D12RHI: Warning: Failed to create graphics PSO with combined hash 0x0166D1210AF66B49:

[2026.09.02-23.35.54:986][  0]LogD3D12RHI: Warning: Failed to create graphics PSO with combined hash 0x7E7645020EAECA2B:

[2026.09.02-23.35.54:986][  0]LogD3D12RHI: Warning: Failed to create graphics PSO with combined hash 0xDDCBF25706EB1F11:

[2026.09.02-23.35.54:986][  0]LogRHI: Error: Failed to create graphics pipeline, hashes: Vertex: AB93028AFDDB761EF82BF0FB4A0FD67854C130CD, Pipeline: 39F58C180ED46715547EB4C1136373DD4B1D3F28.
[2026.09.02-23.35.54:986][  0]LogRHI: Error: Failed to create graphics pipeline, hashes: Vertex: 1708BED0D613201B22EE331BAE1BC64087D8B7F9, Pixel: D4B683997F4F2021680C7BA1C161613CDE189BF3, Pipeline: 16C34028DC2CA4437FFEFC20B5B7EC47D780D164.
[2026.09.02-23.35.54:986][  0]LogRHI: Error: Failed to create graphics pipeline, hashes: Vertex: AB93028AFDDB761EF82BF0FB4A0FD67854C130CD, Pipeline: 39F58C180ED46715547EB4C1136373DD4B1D3F28.
[2026.09.02-23.35.54:986][  0]LogD3D12RHI: Error: Failed to create pipeline state with combined hash 65BBBC3F24B7BB7C, error 80070057.
[2026.09.02-23.35.54:986][  0]LogD3D12RHI: Warning: Failed to create graphics PSO with combined hash 0x65BBBC3F24B7BB7C:

[2026.09.02-23.35.54:986][  0]LogRHI: Error: Failed to create graphics pipeline, hashes: Vertex: B294F53DAFF0D53668C0BB1DA09703BF9982B192, Pipeline: 477EF6A051C0EF5BE1BB104C929EF10951DF70F8.
[2026.09.02-23.35.54:986][  0]LogD3D12RHI: Error: Failed to create pipeline state with combined hash 567794785E6EDF85, error 80070057.
[2026.09.02-23.35.54:986][  0]LogD3D12RHI: Warning: Failed to create graphics PSO with combined hash 0x567794785E6EDF85:

[2026.09.02-23.35.54:986][  0]LogRHI: Error: Failed to create graphics pipeline, hashes: Vertex: AB93028AFDDB761EF82BF0FB4A0FD67854C130CD, Pipeline: 39F58C180ED46715547EB4C1136373DD4B1D3F28.
[2026.09.02-23.35.54:986][  0]LogD3D12RHI: Error: Failed to create pipeline state with combined hash 9D3C2327A2872FF5, error 80070057.
[2026.09.02-23.35.54:986][  0]LogD3D12RHI: Warning: Failed to create graphics PSO with combined hash 0x9D3C2327A2872FF5:

[2026.09.02-23.35.54:986][  0]LogD3D12RHI: Error: Failed to create pipeline state with combined hash CF39C502F92F3BF8, error 80070057.
[2026.09.02-23.35.54:986][  0]LogD3D12RHI: Warning: Failed to create graphics PSO with combined hash 0xCF39C502F92F3BF8:

[2026.09.02-23.35.54:986][  0]LogD3D12RHI: Error: Failed to create pipeline state with combined hash 3BB0DE7B27DF1E78, error 80070057.
[2026.09.02-23.35.54:986][  0]LogRHI: Error: Failed to create graphics pipeline, hashes: Vertex: B294F53DAFF0D53668C0BB1DA09703BF9982B192, Pipeline: 477EF6A051C0EF5BE1BB104C929EF10951DF70F8.
[2026.09.02-23.35.54:986][  0]LogD3D12RHI: Warning: Failed to create graphics PSO with combined hash 0x3BB0DE7B27DF1E78:

[2026.09.02-23.35.54:986][  0]LogRHI: Error: Failed to create graphics pipeline, hashes: Vertex: 1708BED0D613201B22EE331BAE1BC64087D8B7F9, Pixel: D4B683997F4F2021680C7BA1C161613CDE189BF3, Pipeline: 16C34028DC2CA4437FFEFC20B5B7EC47D780D164.
[2026.09.02-23.35.54:986][  0]LogRHI: Error: Failed to create graphics pipeline, hashes: Vertex: 1708BED0D613201B22EE331BAE1BC64087D8B7F9, Pixel: D4B683997F4F2021680C7BA1C161613CDE189BF3, Pipeline: 16C34028DC2CA4437FFEFC20B5B7EC47D780D164.
[2026.09.02-23.35.54:986][  0]LogD3D12RHI: Error: Failed to create pipeline state with combined hash 368E5A9773DAF10F, error 80070057.
[2026.09.02-23.35.54:986][  0]LogD3D12RHI: Warning: Failed to create graphics PSO with combined hash 0x368E5A9773DAF10F:

[2026.09.02-23.35.54:986][  0]LogRHI: Error: Failed to create graphics pipeline, hashes: Vertex: 4E88ADABAFD7F87212A21D019A3AB233521EB5D1, Pipeline: 719EBE14C0457B3EC79BC0661D4DEEA96D0D8A36.
[2026.09.02-23.35.54:986][  0]LogD3D12RHI: Error: Failed to create pipeline state with combined hash 02CA15250AF9E5F6, error 80070057.
[2026.09.02-23.35.54:986][  0]LogD3D12RHI: Error: Failed to create pipeline state with combined hash 47C598F33FEABDCC, error 80070057.
[2026.09.02-23.35.54:986][  0]LogD3D12RHI: Warning: Failed to create graphics PSO with combined hash 0x47C598F33FEABDCC:

[2026.09.02-23.35.54:986][  0]LogD3D12RHI: Warning: Failed to create graphics PSO with combined hash 0x02CA15250AF9E5F6:

[2026.09.02-23.35.54:986][  0]LogD3D12RHI: Error: Failed to create pipeline state with combined hash ADE4D3F673041F84, error 80070057.
[2026.09.02-23.35.54:986][  0]LogRHI: Error: Failed to create graphics pipeline, hashes: Vertex: C0463E627251FC84C2A1438A9F535FB76D35E856, Pixel: 746139FF9308FAD707961C196B1A950F11C185AF, Pipeline: D211CE97B1CE346E9CE3A1ECB3F9DB11C6C36190.
[2026.09.02-23.35.54:986][  0]LogD3D12RHI: Warning: Failed to create graphics PSO with combined hash 0xADE4D3F673041F84:

[2026.09.02-23.35.54:986][  0]LogD3D12RHI: Error: Failed to create pipeline state with combined hash 460D4CEAF2F09C70, error 80070057.
[2026.09.02-23.35.54:986][  0]LogRHI: Error: Failed to create graphics pipeline, hashes: Vertex: EC4D89357559AA2A3C74C13542E407ACF21D5524, Pixel: 08F466C936A4901813A4EEC19EB060DBDE110604, Pipeline: F15D7F52E76B1984CEF1DBA7283F2EAFFB6BC467.
[2026.09.02-23.35.54:986][  0]LogRHI: Error: Failed to create graphics pipeline, hashes: Vertex: 4E88ADABAFD7F87212A21D019A3AB233521EB5D1, Pipeline: 719EBE14C0457B3EC79BC0661D4DEEA96D0D8A36.
[2026.09.02-23.35.54:986][  0]LogD3D12RHI: Warning: Failed to create graphics PSO with combined hash 0x460D4CEAF2F09C70:

[2026.09.02-23.35.54:986][  0]LogRHI: Error: Failed to create graphics pipeline, hashes: Vertex: EC4D89357559AA2A3C74C13542E407ACF21D5524, Pixel: 29DB509F123935F266F38FE049927900A2361838, Pipeline: 92FCB85339EF8E583829FE06B2D6E98FEF8D76A3.
[2026.09.02-23.35.54:986][  0]LogD3D12RHI: Error: Failed to create pipeline state with combined hash F91074B8F941CE82, error 80070057.
[2026.09.02-23.35.54:986][  0]LogD3D12RHI: Warning: Failed to create graphics PSO with combined hash 0xF91074B8F941CE82:

[2026.09.02-23.35.54:986][  0]LogRHI: Error: Failed to create graphics pipeline, hashes: Vertex: 4E88ADABAFD7F87212A21D019A3AB233521EB5D1, Pipeline: 719EBE14C0457B3EC79BC0661D4DEEA96D0D8A36.
[2026.09.02-23.35.54:986][  0]LogD3D12RHI: Error: Failed to create pipeline state with combined hash BB2C239E14F8A0B2, error 80070057.
[2026.09.02-23.35.54:986][  0]LogD3D12RHI: Error: Failed to create pipeline state with combined hash B59ABD140F414BEF, error 80070057.
[2026.09.02-23.35.54:986][  0]LogD3D12RHI: Error: Failed to create pipeline state with combined hash 259199E88F26F818, error 80070057.
[2026.09.02-23.35.54:986][  0]LogD3D12RHI: Warning: Failed to create graphics PSO with combined hash 0xBB2C239E14F8A0B2:

[2026.09.02-23.35.54:986][  0]LogD3D12RHI: Warning: Failed to create graphics PSO with combined hash 0xB59ABD140F414BEF:

[2026.09.02-23.35.54:986][  0]LogD3D12RHI: Warning: Failed to create graphics PSO with combined hash 0x259199E88F26F818:

[2026.09.02-23.35.54:986][  0]LogRHI: Error: Failed to create graphics pipeline, hashes: Vertex: 4E88ADABAFD7F87212A21D019A3AB233521EB5D1, Pipeline: 719EBE14C0457B3EC79BC0661D4DEEA96D0D8A36.
[2026.09.02-23.35.54:986][  0]LogRHI: Error: Failed to create graphics pipeline, hashes: Vertex: 4E88ADABAFD7F87212A21D019A3AB233521EB5D1, Pipeline: 719EBE14C0457B3EC79BC0661D4DEEA96D0D8A36.
[2026.09.02-23.35.54:986][  0]LogRHI: Error: Failed to create graphics pipeline, hashes: Vertex: 4E88ADABAFD7F87212A21D019A3AB233521EB5D1, Pipeline: 719EBE14C0457B3EC79BC0661D4DEEA96D0D8A36.
[2026.09.02-23.35.54:986][  0]LogD3D12RHI: Error: Failed to create pipeline state with combined hash BA40EE02F3A859B2, error 80070057.
[2026.09.02-23.35.54:986][  0]LogD3D12RHI: Warning: Failed to create graphics PSO with combined hash 0xBA40EE02F3A859B2:

[2026.09.02-23.35.54:986][  0]LogD3D12RHI: Error: Failed to create pipeline state with combined hash 4421AA64CF8F215C, error 80070057.
[2026.09.02-23.35.54:986][  0]LogRHI: Error: Failed to create graphics pipeline, hashes: Vertex: 4E88ADABAFD7F87212A21D019A3AB233521EB5D1, Pipeline: 719EBE14C0457B3EC79BC0661D4DEEA96D0D8A36.
[2026.09.02-23.35.54:986][  0]LogD3D12RHI: Warning: Failed to create graphics PSO with combined hash 0x4421AA64CF8F215C:

[2026.09.02-23.35.54:986][  0]LogRHI: Error: Failed to create graphics pipeline, hashes: Vertex: 4E88ADABAFD7F87212A21D019A3AB233521EB5D1, Pipeline: 719EBE14C0457B3EC79BC0661D4DEEA96D0D8A36.
[2026.09.02-23.35.54:986][  0]LogD3D12RHI: Error: Failed to create pipeline state with combined hash 194336E4D2A93552, error 80070057.
[2026.09.02-23.35.54:986][  0]LogD3D12RHI: Warning: Failed to create graphics PSO with combined hash 0x194336E4D2A93552:

[2026.09.02-23.35.54:986][  0]LogRHI: Error: Failed to create graphics pipeline, hashes: Vertex: 4E88ADABAFD7F87212A21D019A3AB233521EB5D1, Pipeline: 719EBE14C0457B3EC79BC0661D4DEEA96D0D8A36.
[2026.09.02-23.35.54:986][  0]LogD3D12RHI: Error: Failed to create pipeline state with combined hash 4AEBAB58002CC831, error 80070057.
[2026.09.02-23.35.54:986][  0]LogD3D12RHI: Warning: Failed to create graphics PSO with combined hash 0x4AEBAB58002CC831:

[2026.09.02-23.35.54:986][  0]LogRHI: Error: Failed to create graphics pipeline, hashes: Vertex: 4E88ADABAFD7F87212A21D019A3AB233521EB5D1, Pipeline: 719EBE14C0457B3EC79BC0661D4DEEA96D0D8A36.
[2026.09.02-23.35.54:986][  0]LogD3D12RHI: Error: Failed to create pipeline state with combined hash 0CDF38C5A09E6DEF, error 80070057.
[2026.09.02-23.35.54:986][  0]LogD3D12RHI: Warning: Failed to create graphics PSO with combined hash 0x0CDF38C5A09E6DEF:

[2026.09.02-23.35.54:986][  0]LogRHI: Error: Failed to create graphics pipeline, hashes: Vertex: 4E88ADABAFD7F87212A21D019A3AB233521EB5D1, Pipeline: 719EBE14C0457B3EC79BC0661D4DEEA96D0D8A36.
[2026.09.02-23.35.54:986][  0]LogD3D12RHI: Error: Failed to create pipeline state with combined hash 45166A10FFDAA99C, error 80070057.
[2026.09.02-23.35.54:986][  0]LogD3D12RHI: Warning: Failed to create graphics PSO with combined hash 0x45166A10FFDAA99C:

[2026.09.02-23.35.54:986][  0]LogRHI: Error: Failed to create graphics pipeline, hashes: Vertex: 4E88ADABAFD7F87212A21D019A3AB233521EB5D1, Pipeline: 719EBE14C0457B3EC79BC0661D4DEEA96D0D8A36.
[2026.09.02-23.35.54:986][  0]LogD3D12RHI: Error: Failed to create pipeline state with combined hash 2D94B1A7D0A5543B, error 80070057.
[2026.09.02-23.35.54:986][  0]LogD3D12RHI: Warning: Failed to create graphics PSO with combined hash 0x2D94B1A7D0A5543B:

[2026.09.02-23.35.54:986][  0]LogD3D12RHI: Error: Failed to create pipeline state with combined hash C3AF69D55E862E51, error 80070057.
[2026.09.02-23.35.54:986][  0]LogRHI: Error: Failed to create graphics pipeline, hashes: Vertex: 4E88ADABAFD7F87212A21D019A3AB233521EB5D1, Pipeline: 719EBE14C0457B3EC79BC0661D4DEEA96D0D8A36.
[2026.09.02-23.35.54:986][  0]LogD3D12RHI: Warning: Failed to create graphics PSO with combined hash 0xC3AF69D55E862E51:

[2026.09.02-23.35.54:986][  0]LogRHI: Error: Failed to create graphics pipeline, hashes: Vertex: 4E88ADABAFD7F87212A21D019A3AB233521EB5D1, Pipeline: 719EBE14C0457B3EC79BC0661D4DEEA96D0D8A36.
[2026.09.02-23.35.54:986][  0]LogD3D12RHI: Error: Failed to create pipeline state with combined hash 758FA38D2255EF3D, error 80070057.
[2026.09.02-23.35.54:986][  0]LogD3D12RHI: Warning: Failed to create graphics PSO with combined hash 0x758FA38D2255EF3D:

[2026.09.02-23.35.54:986][  0]LogRHI: Error: Failed to create graphics pipeline, hashes: Vertex: 4E88ADABAFD7F87212A21D019A3AB233521EB5D1, Pipeline: 719EBE14C0457B3EC79BC0661D4DEEA96D0D8A36.
[2026.09.02-23.35.54:986][  0]LogD3D12RHI: Error: Failed to create pipeline state with combined hash BE845798F866E60E, error 80070057.
[2026.09.02-23.35.54:986][  0]LogD3D12RHI: Warning: Failed to create graphics PSO with combined hash 0xBE845798F866E60E:

[2026.09.02-23.35.54:986][  0]LogRHI: Error: Failed to create graphics pipeline, hashes: Vertex: 353047380342EC037ECE383CCA21D8A058FCB425, Pipeline: 3F22356A568F01717FC15457E2F1BCDB5E1450DB.
[2026.09.02-23.35.54:986][  0]LogD3D12RHI: Error: Failed to create pipeline state with combined hash 7415995B34D48FE5, error 80070057.
[2026.09.02-23.35.54:986][  0]LogD3D12RHI: Warning: Failed to create graphics PSO with combined hash 0x7415995B34D48FE5:

[2026.09.02-23.35.54:986][  0]LogRHI: Error: Failed to create graphics pipeline, hashes: Vertex: 34A814AD7D1B3471B7D5193B3589B48209CF9E70, Pipeline: 862E321AB4FD2BECAC811003F8E37DCCAD39B265.
[2026.09.02-23.35.54:986][  0]LogD3D12RHI: Error: Failed to create pipeline state with combined hash 6332B8665D2FAAAA, error 80070057.
[2026.09.02-23.35.54:986][  0]LogD3D12RHI: Error: Failed to create pipeline state with combined hash 098F03ECD4D4607F, error 80070057.
[2026.09.02-23.35.54:986][  0]LogD3D12RHI: Warning: Failed to create graphics PSO with combined hash 0x6332B8665D2FAAAA:

[2026.09.02-23.35.54:986][  0]LogD3D12RHI: Warning: Failed to create graphics PSO with combined hash 0x098F03ECD4D4607F:

[2026.09.02-23.35.54:986][  0]LogRHI: Error: Failed to create graphics pipeline, hashes: Vertex: 34A814AD7D1B3471B7D5193B3589B48209CF9E70, Pipeline: 862E321AB4FD2BECAC811003F8E37DCCAD39B265.
[2026.09.02-23.35.54:986][  0]LogRHI: Error: Failed to create graphics pipeline, hashes: Vertex: D01D829FBCC022EFA5C6B3E4620B3CBEC6928FC0, Pixel: D4B683997F4F2021680C7BA1C161613CDE189BF3, Pipeline: 78E439FD3D3C5956CE2DC048B7053B62AB1B2BA5.
[2026.09.02-23.35.54:986][  0]LogD3D12RHI: Error: Failed to create pipeline state with combined hash 3898A8C77D151B07, error 80070057.
[2026.09.02-23.35.54:986][  0]LogD3D12RHI: Warning: Failed to create graphics PSO with combined hash 0x3898A8C77D151B07:

[2026.09.02-23.35.54:986][  0]LogRHI: Error: Failed to create graphics pipeline, hashes: Vertex: 353047380342EC037ECE383CCA21D8A058FCB425, Pipeline: 3F22356A568F01717FC15457E2F1BCDB5E1450DB.
[2026.09.02-23.35.54:986][  0]LogD3D12RHI: Error: Failed to create pipeline state with combined hash 0809371AFE042236, error 80070057.
[2026.09.02-23.35.54:986][  0]LogD3D12RHI: Warning: Failed to create graphics PSO with combined hash 0x0809371AFE042236:

[2026.09.02-23.35.54:986][  0]LogRHI: Error: Failed to create graphics pipeline, hashes: Vertex: 353047380342EC037ECE383CCA21D8A058FCB425, Pipeline: 3F22356A568F01717FC15457E2F1BCDB5E1450DB.
[2026.09.02-23.35.54:986][  0]LogD3D12RHI: Error: Failed to create pipeline state with combined hash 6A0FAE1885A49E41, error 80070057.
[2026.09.02-23.35.54:986][  0]LogD3D12RHI: Warning: Failed to create graphics PSO with combined hash 0x6A0FAE1885A49E41:

[2026.09.02-23.35.54:986][  0]LogRHI: Error: Failed to create graphics pipeline, hashes: Vertex: 34A814AD7D1B3471B7D5193B3589B48209CF9E70, Pipeline: 862E321AB4FD2BECAC811003F8E37DCCAD39B265.
[2026.09.02-23.35.54:986][  0]LogD3D12RHI: Error: Failed to create pipeline state with combined hash B51441CC38D241F4, error 80070057.
[2026.09.02-23.35.54:986][  0]LogD3D12RHI: Warning: Failed to create graphics PSO with combined hash 0xB51441CC38D241F4:

[2026.09.02-23.35.54:986][  0]LogD3D12RHI: Error: Failed to create pipeline state with combined hash 5058D7D0CA8E3716, error 80070057.
[2026.09.02-23.35.54:986][  0]LogRHI: Error: Failed to create graphics pipeline, hashes: Vertex: D01D829FBCC022EFA5C6B3E4620B3CBEC6928FC0, Pixel: D4B683997F4F2021680C7BA1C161613CDE189BF3, Pipeline: 78E439FD3D3C5956CE2DC048B7053B62AB1B2BA5.
[2026.09.02-23.35.54:986][  0]LogD3D12RHI: Warning: Failed to create graphics PSO with combined hash 0x5058D7D0CA8E3716:

[2026.09.02-23.35.54:986][  0]LogRHI: Error: Failed to create graphics pipeline, hashes: Vertex: D01D829FBCC022EFA5C6B3E4620B3CBEC6928FC0, Pixel: D4B683997F4F2021680C7BA1C161613CDE189BF3, Pipeline: 78E439FD3D3C5956CE2DC048B7053B62AB1B2BA5.
[2026.09.02-23.35.54:986][  0]LogD3D12RHI: Error: Failed to create pipeline state with combined hash 9DF894E12D4C437F, error 80070057.
[2026.09.02-23.35.54:986][  0]LogD3D12RHI: Warning: Failed to create graphics PSO with combined hash 0x9DF894E12D4C437F:

[2026.09.02-23.35.54:986][  0]LogRHI: Error: Failed to create graphics pipeline, hashes: Vertex: 4E88ADABAFD7F87212A21D019A3AB233521EB5D1, Pipeline: 719EBE14C0457B3EC79BC0661D4DEEA96D0D8A36.
[2026.09.02-23.35.54:986][  0]LogD3D12RHI: Error: Failed to create pipeline state with combined hash 8BF57759B2A8CA83, error 80070057.
[2026.09.02-23.35.54:986][  0]LogD3D12RHI: Warning: Failed to create graphics PSO with combined hash 0x8BF57759B2A8CA83:

[2026.09.02-23.35.54:986][  0]LogRHI: Error: Failed to create graphics pipeline, hashes: Vertex: B6BAECCAF5B08B2E9F72A9CA26D403BCFEF7AD37, Pixel: 746139FF9308FAD707961C196B1A950F11C185AF, Pipeline: BD93EDE49B622745E9EC1E1A107BEAB1F86D953A.
[2026.09.02-23.35.54:986][  0]LogD3D12RHI: Error: Failed to create pipeline state with combined hash D9772F28534CC08E, error 80070057.
[2026.09.02-23.35.54:986][  0]LogD3D12RHI: Warning: Failed to create graphics PSO with combined hash 0xD9772F28534CC08E:

[2026.09.02-23.35.54:986][  0]LogRHI: Error: Failed to create graphics pipeline, hashes: Vertex: 479BC90643BEE8E0F0752DA31397D01CCF7C0ED6, Pipeline: 21C19B7A5784F1DB1F2645F56206328D47420E45.
[2026.09.02-23.35.54:989][  0]LogD3D12RHI: Warning: Failed to create graphics PSO with combined hash 0xDA7A40E3155A0081:
AlphaToCoverageEnable = 0
IndependentBlendEnable = 1
SampleMask = 0xFFFFFFFF
FillMode = 3
CullMode = 1
FrontCounterClockwise = 1
DepthBias = 0
DepthBiasClamp = 0.000000
SlopeScaledDepthBias = 0.000000
DepthClipEnable = 1
MultisampleEnable = 1
AntialiasedLineEnable = 0
ForcedSampleCount = 0
ConservativeRaster = 0
DepthEnable = 1
DepthWriteMask = 1
DepthFunc = 7
StencilEnable = 1
StencilReadMask = 0x40
StencilWriteMask = 0xFF
FrontFace = { 1, 1, 1, 6 }
BackFace  = { 1, 1, 1, 6 }
InputLayout.NumElements = 9
InputLayout[0] = { "ATTRIBUTE", 0, 0x6, 0, 0, 0x0, 0 }
InputLayout[1] = { "ATTRIBUTE", 1, 0x1F, 1, 0, 0x0, 0 }
InputLayout[2] = { "ATTRIBUTE", 3, 0x2A, 3, 0, 0x0, 0 }
InputLayout[3] = { "ATTRIBUTE", 5, 0xA, 4, 0, 0x0, 0 }
InputLayout[4] = { "ATTRIBUTE", 6, 0xA, 5, 0, 0x0, 0 }
InputLayout[5] = { "ATTRIBUTE", 13, 0x57, 6, 0, 0x0, 0 }
InputLayout[6] = { "ATTRIBUTE", 9, 0x6, 7, 0, 0x0, 0 }
InputLayout[7] = { "ATTRIBUTE", 16, 0x2A, 7, 0, 0x1, 1 }
InputLayout[8] = { "ATTRIBUTE", 10, 0x6, 8, 0, 0x0, 0 }
IBStripCutValue = 0x0
PrimitiveTopologyType = 0x3
NumRenderTargets = 0
DSVFormat = 0x14
SampleDesc = { 1, 0 }
NodeMask = 0x1
Flags = 0x0

[2026.09.02-23.35.54:989][  0]LogRHI: Error: Failed to create graphics pipeline, hashes: Vertex: 479BC90643BEE8E0F0752DA31397D01CCF7C0ED6, Pipeline: 21C19B7A5784F1DB1F2645F56206328D47420E45.
[2026.09.02-23.35.54:989][  0]LogD3D12RHI: Warning: Failed to create graphics PSO with combined hash 0x0E03FA36B3736A33:
AlphaToCoverageEnable = 0
IndependentBlendEnable = 1
RenderTarget[0] = { 0, 0, 0x2, 0x1, 0x1, 0x2, 0x1, 0x1, 0x0, 0x0 }
SampleMask = 0xFFFFFFFF
FillMode = 3
CullMode = 3
FrontCounterClockwise = 1
DepthBias = 0
DepthBiasClamp = 0.000000
SlopeScaledDepthBias = 0.000000
DepthClipEnable = 1
MultisampleEnable = 1
AntialiasedLineEnable = 0
ForcedSampleCount = 0
ConservativeRaster = 0
DepthEnable = 1
DepthWriteMask = 0
DepthFunc = 7
StencilEnable = 1
StencilReadMask = 0x7
StencilWriteMask = 0x7
FrontFace = { 1, 1, 1, 8 }
BackFace  = { 1, 1, 1, 8 }
InputLayout.NumElements = 9
InputLayout[0] = { "ATTRIBUTE", 0, 0x6, 0, 0, 0x0, 0 }
InputLayout[1] = { "ATTRIBUTE", 1, 0x1F, 1, 0, 0x0, 0 }
InputLayout[2] = { "ATTRIBUTE", 3, 0x2A, 3, 0, 0x0, 0 }
InputLayout[3] = { "ATTRIBUTE", 5, 0xA, 4, 0, 0x0, 0 }
InputLayout[4] = { "ATTRIBUTE", 6, 0xA, 5, 0, 0x0, 0 }
InputLayout[5] = { "ATTRIBUTE", 13, 0x57, 6, 0, 0x0, 0 }
InputLayout[6] = { "ATTRIBUTE", 9, 0x6, 7, 0, 0x0, 0 }
InputLayout[7] = { "ATTRIBUTE", 16, 0x2A, 7, 0, 0x1, 1 }
InputLayout[8] = { "ATTRIBUTE", 10, 0x6, 8, 0, 0x0, 0 }
IBStripCutValue = 0x0
PrimitiveTopologyType = 0x3
NumRenderTargets = 1
RTVFormats[0] = 0x57
DSVFormat = 0x14
SampleDesc = { 1, 0 }
NodeMask = 0x1
Flags = 0x0

[2026.09.02-23.35.54:989][  0]LogRHI: Error: Failed to create graphics pipeline, hashes: Vertex: 479BC90643BEE8E0F0752DA31397D01CCF7C0ED6, Pipeline: 21C19B7A5784F1DB1F2645F56206328D47420E45.
[2026.09.02-23.35.54:990][  0]LogD3D12RHI: Warning: Failed to create graphics PSO with combined hash 0x7A410288022EC956:
AlphaToCoverageEnable = 0
IndependentBlendEnable = 1
SampleMask = 0xFFFFFFFF
FillMode = 3
CullMode = 3
FrontCounterClockwise = 1
DepthBias = 0
DepthBiasClamp = 0.000000
SlopeScaledDepthBias = 0.000000
DepthClipEnable = 1
MultisampleEnable = 1
AntialiasedLineEnable = 0
ForcedSampleCount = 0
ConservativeRaster = 0
DepthEnable = 1
DepthWriteMask = 1
DepthFunc = 7
StencilEnable = 1
StencilReadMask = 0xFF
StencilWriteMask = 0xFF
FrontFace = { 1, 1, 1, 8 }
BackFace  = { 1, 1, 1, 8 }
InputLayout.NumElements = 9
InputLayout[0] = { "ATTRIBUTE", 0, 0x6, 0, 0, 0x0, 0 }
InputLayout[1] = { "ATTRIBUTE", 1, 0x1F, 1, 0, 0x0, 0 }
InputLayout[2] = { "ATTRIBUTE", 3, 0x2A, 3, 0, 0x0, 0 }
InputLayout[3] = { "ATTRIBUTE", 5, 0xA, 4, 0, 0x0, 0 }
InputLayout[4] = { "ATTRIBUTE", 6, 0xA, 5, 0, 0x0, 0 }
InputLayout[5] = { "ATTRIBUTE", 13, 0x57, 6, 0, 0x0, 0 }
InputLayout[6] = { "ATTRIBUTE", 9, 0x6, 7, 0, 0x0, 0 }
InputLayout[7] = { "ATTRIBUTE", 16, 0x2A, 7, 0, 0x1, 1 }
InputLayout[8] = { "ATTRIBUTE", 10, 0x6, 8, 0, 0x0, 0 }
IBStripCutValue = 0x0
PrimitiveTopologyType = 0x3
NumRenderTargets = 0
DSVFormat = 0x14
SampleDesc = { 1, 0 }
NodeMask = 0x1
Flags = 0x0

[2026.09.02-23.35.54:990][  0]LogRHI: Error: Failed to create graphics pipeline, hashes: Vertex: 479BC90643BEE8E0F0752DA31397D01CCF7C0ED6, Pipeline: 21C19B7A5784F1DB1F2645F56206328D47420E45.
[2026.09.02-23.35.54:990][  0]LogD3D12RHI: Error: Failed to create pipeline state with combined hash 8A66C23F82DF84AF, error 80070057.
[2026.09.02-23.35.54:990][  0]LogD3D12RHI: Error: Failed to create pipeline state with combined hash EF3C72F0572CC515, error 80070057.
[2026.09.02-23.35.54:990][  0]LogD3D12RHI: Warning: Failed to create graphics PSO with combined hash 0xEF3C72F0572CC515:

[2026.09.02-23.35.54:990][  0]LogD3D12RHI: Warning: Failed to create graphics PSO with combined hash 0x8A66C23F82DF84AF:

[2026.09.02-23.35.54:990][  0]LogRHI: Error: Failed to create graphics pipeline, hashes: Vertex: 81B03F83379123BFD8305C8436F1AE2E7219A0D5, Pixel: 29DB509F123935F266F38FE049927900A2361838, Pipeline: EAB7A4113AFF96F76FACAFFA579B17799712DEE2.
[2026.09.02-23.35.54:990][  0]LogD3D12RHI: Error: Failed to create pipeline state with combined hash 4BD06CA48C73C162, error 80070057.
[2026.09.02-23.35.54:990][  0]LogD3D12RHI: Error: Failed to create pipeline state with combined hash 06A42491A6A772DC, error 80070057.
[2026.09.02-23.35.54:990][  0]LogD3D12RHI: Warning: Failed to create graphics PSO with combined hash 0x4BD06CA48C73C162:

[2026.09.02-23.35.54:990][  0]LogRHI: Error: Failed to create graphics pipeline, hashes: Vertex: 81B03F83379123BFD8305C8436F1AE2E7219A0D5, Pixel: 08F466C936A4901813A4EEC19EB060DBDE110604, Pipeline: 21EDB39EF5755F19301685E289396E8FE14050DF.
[2026.09.02-23.35.54:990][  0]LogD3D12RHI: Warning: Failed to create graphics PSO with combined hash 0x06A42491A6A772DC:

[2026.09.02-23.35.54:990][  0]LogRHI: Error: Failed to create graphics pipeline, hashes: Vertex: 80DEB39D4F078416775F3D50C27B381C50EB9A20, Pipeline: 7D97B8AB1344B739B765DA0F092A09800A5D3BFB.
[2026.09.02-23.35.54:990][  0]LogRHI: Error: Failed to create graphics pipeline, hashes: Vertex: 80DEB39D4F078416775F3D50C27B381C50EB9A20, Pipeline: 7D97B8AB1344B739B765DA0F092A09800A5D3BFB.
[2026.09.02-23.35.54:990][  0]LogD3D12RHI: Error: Failed to create pipeline state with combined hash 78368FDBAE59C195, error 80070057.
[2026.09.02-23.35.54:990][  0]LogD3D12RHI: Warning: Failed to create graphics PSO with combined hash 0x78368FDBAE59C195:

[2026.09.02-23.35.54:990][  0]LogRHI: Error: Failed to create graphics pipeline, hashes: Vertex: 80DEB39D4F078416775F3D50C27B381C50EB9A20, Pipeline: 7D97B8AB1344B739B765DA0F092A09800A5D3BFB.
[2026.09.02-23.35.54:990][  0]LogD3D12RHI: Error: Failed to create pipeline state with combined hash FBB3167814420E60, error 80070057.
[2026.09.02-23.35.54:990][  0]LogD3D12RHI: Warning: Failed to create graphics PSO with combined hash 0xFBB3167814420E60:

[2026.09.02-23.35.54:990][  0]LogRHI: Error: Failed to create graphics pipeline, hashes: Vertex: 80DEB39D4F078416775F3D50C27B381C50EB9A20, Pipeline: 7D97B8AB1344B739B765DA0F092A09800A5D3BFB.
[2026.09.02-23.35.54:990][  0]LogD3D12RHI: Error: Failed to create pipeline state with combined hash 599F4A44B04E2253, error 80070057.
[2026.09.02-23.35.54:990][  0]LogD3D12RHI: Error: Failed to create pipeline state with combined hash B76EC743180AD587, error 80070057.
[2026.09.02-23.35.54:990][  0]LogD3D12RHI: Error: Failed to create pipeline state with combined hash 2CB8685CB54BAA46, error 80070057.
[2026.09.02-23.35.54:990][  0]LogD3D12RHI: Warning: Failed to create graphics PSO with combined hash 0x599F4A44B04E2253:

[2026.09.02-23.35.54:990][  0]LogD3D12RHI: Error: Failed to create pipeline state with combined hash 31F761FAE8BC121F, error 80070057.
[2026.09.02-23.35.54:990][  0]LogD3D12RHI: Warning: Failed to create graphics PSO with combined hash 0x2CB8685CB54BAA46:

[2026.09.02-23.35.54:990][  0]LogD3D12RHI: Warning: Failed to create graphics PSO with combined hash 0xB76EC743180AD587:

[2026.09.02-23.35.54:990][  0]LogD3D12RHI: Warning: Failed to create graphics PSO with combined hash 0x31F761FAE8BC121F:

[2026.09.02-23.35.54:990][  0]LogD3D12RHI: Error: Failed to create pipeline state with combined hash DA9DC95EA4FDA3EC, error 80070057.
[2026.09.02-23.35.54:990][  0]LogRHI: Error: Failed to create graphics pipeline, hashes: Vertex: 80DEB39D4F078416775F3D50C27B381C50EB9A20, Pipeline: 7D97B8AB1344B739B765DA0F092A09800A5D3BFB.
[2026.09.02-23.35.54:990][  0]LogD3D12RHI: Warning: Failed to create graphics PSO with combined hash 0xDA9DC95EA4FDA3EC:

[2026.09.02-23.35.54:990][  0]LogRHI: Error: Failed to create graphics pipeline, hashes: Vertex: 80DEB39D4F078416775F3D50C27B381C50EB9A20, Pipeline: 7D97B8AB1344B739B765DA0F092A09800A5D3BFB.
[2026.09.02-23.35.54:990][  0]LogRHI: Error: Failed to create graphics pipeline, hashes: Vertex: 80DEB39D4F078416775F3D50C27B381C50EB9A20, Pipeline: 7D97B8AB1344B739B765DA0F092A09800A5D3BFB.
[2026.09.02-23.35.54:990][  0]LogRHI: Error: Failed to create graphics pipeline, hashes: Vertex: 80DEB39D4F078416775F3D50C27B381C50EB9A20, Pipeline: 7D97B8AB1344B739B765DA0F092A09800A5D3BFB.
[2026.09.02-23.35.54:990][  0]LogRHI: Error: Failed to create graphics pipeline, hashes: Vertex: 80DEB39D4F078416775F3D50C27B381C50EB9A20, Pipeline: 7D97B8AB1344B739B765DA0F092A09800A5D3BFB.
[2026.09.02-23.35.54:990][  0]LogD3D12RHI: Error: Failed to create pipeline state with combined hash 2651CD34CDC83007, error 80070057.
[2026.09.02-23.35.54:990][  0]LogD3D12RHI: Warning: Failed to create graphics PSO with combined hash 0x2651CD34CDC83007:

[2026.09.02-23.35.54:990][  0]LogRHI: Error: Failed to create graphics pipeline, hashes: Vertex: 80DEB39D4F078416775F3D50C27B381C50EB9A20, Pipeline: 7D97B8AB1344B739B765DA0F092A09800A5D3BFB.
[2026.09.02-23.35.54:990][  0]LogD3D12RHI: Error: Failed to create pipeline state with combined hash 91A274E1BF942561, error 80070057.
[2026.09.02-23.35.54:990][  0]LogD3D12RHI: Warning: Failed to create graphics PSO with combined hash 0x91A274E1BF942561:

[2026.09.02-23.35.54:990][  0]LogRHI: Error: Failed to create graphics pipeline, hashes: Vertex: 80DEB39D4F078416775F3D50C27B381C50EB9A20, Pipeline: 7D97B8AB1344B739B765DA0F092A09800A5D3BFB.
[2026.09.02-23.35.54:990][  0]LogD3D12RHI: Error: Failed to create pipeline state with combined hash 89D70E4CD62649E0, error 80070057.
[2026.09.02-23.35.54:990][  0]LogD3D12RHI: Warning: Failed to create graphics PSO with combined hash 0x89D70E4CD62649E0:

[2026.09.02-23.35.54:990][  0]LogRHI: Error: Failed to create graphics pipeline, hashes: Vertex: 80DEB39D4F078416775F3D50C27B381C50EB9A20, Pipeline: 7D97B8AB1344B739B765DA0F092A09800A5D3BFB.
[2026.09.02-23.35.54:990][  0]LogD3D12RHI: Error: Failed to create pipeline state with combined hash FDD22CF8D6C2A839, error 80070057.
[2026.09.02-23.35.54:990][  0]LogD3D12RHI: Warning: Failed to create graphics PSO with combined hash 0xFDD22CF8D6C2A839:

[2026.09.02-23.35.54:990][  0]LogRHI: Error: Failed to create graphics pipeline, hashes: Vertex: 80DEB39D4F078416775F3D50C27B381C50EB9A20, Pipeline: 7D97B8AB1344B739B765DA0F092A09800A5D3BFB.
[2026.09.02-23.35.54:990][  0]LogD3D12RHI: Error: Failed to create pipeline state with combined hash F9B063B88475F61B, error 80070057.
[2026.09.02-23.35.54:990][  0]LogD3D12RHI: Warning: Failed to create graphics PSO with combined hash 0xF9B063B88475F61B:

[2026.09.02-23.35.54:990][  0]LogConfig: Branch 'EditorPerProjectUserSettings' had been unloaded. Reloading on-demand took 0.10ms
[2026.09.02-23.35.54:990][  0]LogRHI: Error: Failed to create graphics pipeline, hashes: Vertex: 80DEB39D4F078416775F3D50C27B381C50EB9A20, Pipeline: 7D97B8AB1344B739B765DA0F092A09800A5D3BFB.
[2026.09.02-23.35.54:990][  0]LogD3D12RHI: Error: Failed to create pipeline state with combined hash 93261283D92B49EE, error 80070057.
[2026.09.02-23.35.54:990][  0]LogD3D12RHI: Warning: Failed to create graphics PSO with combined hash 0x93261283D92B49EE:

[2026.09.02-23.35.54:990][  0]LogD3D12RHI: Error: Failed to create pipeline state with combined hash 8F1825E02CC33D9D, error 80070057.
[2026.09.02-23.35.54:990][  0]LogD3D12RHI: Error: Failed to create pipeline state with combined hash F7080FCB90B9194B, error 80070057.
[2026.09.02-23.35.54:990][  0]LogD3D12RHI: Warning: Failed to create graphics PSO with combined hash 0x8F1825E02CC33D9D:

[2026.09.02-23.35.54:990][  0]LogRHI: Error: Failed to create graphics pipeline, hashes: Vertex: 25602C801094E0923833622E6F0633E203305441, Pipeline: D2C4E0DFB6317403C69FF3D3ECDC26EEF2975BB9.
[2026.09.02-23.35.54:990][  0]LogD3D12RHI: Warning: Failed to create graphics PSO with combined hash 0xF7080FCB90B9194B:

[2026.09.02-23.35.54:990][  0]LogRHI: Error: Failed to create graphics pipeline, hashes: Vertex: ACC687F1F41CF8A00D4F84BB92D80386FEEA8427, Pipeline: 31DC4D844805E8A537217D3F853F9D71A5A3C7DB.
[2026.09.02-23.35.54:990][  0]LogD3D12RHI: Error: Failed to create pipeline state with combined hash 47CF317CEB30690E, error 80070057.
[2026.09.02-23.35.54:990][  0]LogD3D12RHI: Error: Failed to create pipeline state with combined hash 6923DDC55757F244, error 80070057.
[2026.09.02-23.35.54:990][  0]LogD3D12RHI: Warning: Failed to create graphics PSO with combined hash 0x47CF317CEB30690E:

[2026.09.02-23.35.54:990][  0]LogD3D12RHI: Warning: Failed to create graphics PSO with combined hash 0x6923DDC55757F244:

[2026.09.02-23.35.54:990][  0]LogRHI: Error: Failed to create graphics pipeline, hashes: Vertex: 80DEB39D4F078416775F3D50C27B381C50EB9A20, Pipeline: 7D97B8AB1344B739B765DA0F092A09800A5D3BFB.
[2026.09.02-23.35.54:990][  0]LogRHI: Error: Failed to create graphics pipeline, hashes: Vertex: 9195B4BD077CEF3479E60C398D0F988AA694CF8D, Pixel: D4B683997F4F2021680C7BA1C161613CDE189BF3, Pipeline: 87E8CA491A76C1EA3D44833A584737DACA0555A9.
[2026.09.02-23.35.54:990][  0]LogD3D12RHI: Error: Failed to create pipeline state with combined hash 07B33AEC3DD53931, error 80070057.
[2026.09.02-23.35.54:990][  0]LogD3D12RHI: Error: Failed to create pipeline state with combined hash 3EF6043EB22734F0, error 80070057.
[2026.09.02-23.35.54:990][  0]LogRHI: Error: Failed to create graphics pipeline, hashes: Vertex: ACC687F1F41CF8A00D4F84BB92D80386FEEA8427, Pipeline: 31DC4D844805E8A537217D3F853F9D71A5A3C7DB.
[2026.09.02-23.35.54:990][  0]LogD3D12RHI: Warning: Failed to create graphics PSO with combined hash 0x07B33AEC3DD53931:

[2026.09.02-23.35.54:990][  0]LogD3D12RHI: Error: Failed to create pipeline state with combined hash 9F72F5DF9E10FDB5, error 80070057.
[2026.09.02-23.35.54:990][  0]LogD3D12RHI: Warning: Failed to create graphics PSO with combined hash 0x9F72F5DF9E10FDB5:

[2026.09.02-23.35.54:990][  0]LogD3D12RHI: Warning: Failed to create graphics PSO with combined hash 0x6B9D3EC6BA24C652:
AlphaToCoverageEnable = 0
IndependentBlendEnable = 1
SampleMask = 0xFFFFFFFF
FillMode = 3
CullMode = 1
FrontCounterClockwise = 1
DepthBias = 0
DepthBiasClamp = 0.000000
SlopeScaledDepthBias = 0.000000
DepthClipEnable = 1
MultisampleEnable = 1
AntialiasedLineEnable = 0
ForcedSampleCount = 0
ConservativeRaster = 0
DepthEnable = 1
DepthWriteMask = 1
DepthFunc = 7
StencilEnable = 1
StencilReadMask = 0xFF
StencilWriteMask = 0xFF
FrontFace = { 1, 1, 1, 8 }
BackFace  = { 1, 1, 1, 8 }
InputLayout.NumElements = 9
InputLayout[0] = { "ATTRIBUTE", 0, 0x6, 0, 0, 0x0, 0 }
InputLayout[1] = { "ATTRIBUTE", 1, 0x1F, 1, 0, 0x0, 0 }
InputLayout[2] = { "ATTRIBUTE", 3, 0x2A, 3, 0, 0x0, 0 }
InputLayout[3] = { "ATTRIBUTE", 5, 0xA, 4, 0, 0x0, 0 }
InputLayout[4] = { "ATTRIBUTE", 6, 0xA, 5, 0, 0x0, 0 }
InputLayout[5] = { "ATTRIBUTE", 13, 0x57, 6, 0, 0x0, 0 }
InputLayout[6] = { "ATTRIBUTE", 9, 0x6, 7, 0, 0x0, 0 }
InputLayout[7] = { "ATTRIBUTE", 16, 0x2A, 7, 0, 0x1, 1 }
InputLayout[8] = { "ATTRIBUTE", 10, 0x6, 8, 0, 0x0, 0 }
IBStripCutValue = 0x0
PrimitiveTopologyType = 0x3
NumRenderTargets = 0
DSVFormat = 0x14
SampleDesc = { 1, 0 }
NodeMask = 0x1
Flags = 0x0

[2026.09.02-23.35.54:990][  0]LogD3D12RHI: Warning: Failed to create graphics PSO with combined hash 0x3EF6043EB22734F0:

[2026.09.02-23.35.54:990][  0]LogRHI: Error: Failed to create graphics pipeline, hashes: Vertex: 9195B4BD077CEF3479E60C398D0F988AA694CF8D, Pixel: D4B683997F4F2021680C7BA1C161613CDE189BF3, Pipeline: 87E8CA491A76C1EA3D44833A584737DACA0555A9.
[2026.09.02-23.35.54:990][  0]LogRHI: Error: Failed to create graphics pipeline, hashes: Vertex: 25602C801094E0923833622E6F0633E203305441, Pipeline: D2C4E0DFB6317403C69FF3D3ECDC26EEF2975BB9.
[2026.09.02-23.35.54:990][  0]LogRHI: Error: Failed to create graphics pipeline, hashes: Vertex: 9195B4BD077CEF3479E60C398D0F988AA694CF8D, Pixel: D4B683997F4F2021680C7BA1C161613CDE189BF3, Pipeline: 87E8CA491A76C1EA3D44833A584737DACA0555A9.
[2026.09.02-23.35.54:990][  0]LogD3D12RHI: Error: Failed to create pipeline state with combined hash 97C7F1269FD1952F, error 80070057.
[2026.09.02-23.35.54:990][  0]LogD3D12RHI: Error: Failed to create pipeline state with combined hash 36599155241BF6B3, error 80070057.
[2026.09.02-23.35.54:990][  0]LogD3D12RHI: Warning: Failed to create graphics PSO with combined hash 0x97C7F1269FD1952F:

[2026.09.02-23.35.54:990][  0]LogD3D12RHI: Warning: Failed to create graphics PSO with combined hash 0x36599155241BF6B3:

[2026.09.02-23.35.54:990][  0]LogRHI: Error: Failed to create graphics pipeline, hashes: Vertex: ACC687F1F41CF8A00D4F84BB92D80386FEEA8427, Pipeline: 31DC4D844805E8A537217D3F853F9D71A5A3C7DB.
[2026.09.02-23.35.54:990][  0]LogRHI: Error: Failed to create graphics pipeline, hashes: Vertex: 25602C801094E0923833622E6F0633E203305441, Pipeline: D2C4E0DFB6317403C69FF3D3ECDC26EEF2975BB9.
[2026.09.02-23.35.54:990][  0]LogD3D12RHI: Error: Failed to create pipeline state with combined hash FA0A01010D5D8253, error 80070057.
[2026.09.02-23.35.54:990][  0]LogD3D12RHI: Warning: Failed to create graphics PSO with combined hash 0xFA0A01010D5D8253:

[2026.09.02-23.35.54:990][  0]LogRHI: Error: Failed to create graphics pipeline, hashes: Vertex: 80DEB39D4F078416775F3D50C27B381C50EB9A20, Pipeline: 7D97B8AB1344B739B765DA0F092A09800A5D3BFB.
[2026.09.02-23.35.54:990][  0]LogD3D12RHI: Error: Failed to create pipeline state with combined hash 1DA0CFE23969BF15, error 80070057.
[2026.09.02-23.35.54:990][  0]LogD3D12RHI: Warning: Failed to create graphics PSO with combined hash 0x1DA0CFE23969BF15:

[2026.09.02-23.35.54:990][  0]LogRHI: Error: Failed to create graphics pipeline, hashes: Vertex: 1ED3FECE4469C1A2F429FCB71D09F2A5EF8F1674, Pixel: 746139FF9308FAD707961C196B1A950F11C185AF, Pipeline: 0A35026B6E0757B6963B8399A7689C3A21F26FB5.
[2026.09.02-23.35.54:990][  0]LogRHI: Error: Failed to create graphics pipeline, hashes: Vertex: 479BC90643BEE8E0F0752DA31397D01CCF7C0ED6, Pipeline: 21C19B7A5784F1DB1F2645F56206328D47420E45.
[2026.09.02-23.35.54:990][  0]LogD3D12RHI: Warning: Failed to create graphics PSO with combined hash 0xD74DE3DA359A010C:
AlphaToCoverageEnable = 0
IndependentBlendEnable = 1
RenderTarget[0] = { 0, 0, 0x2, 0x1, 0x1, 0x2, 0x1, 0x1, 0x0, 0x0 }
SampleMask = 0xFFFFFFFF
FillMode = 3
CullMode = 1
FrontCounterClockwise = 1
DepthBias = 0
DepthBiasClamp = 0.000000
SlopeScaledDepthBias = 0.000000
DepthClipEnable = 1
MultisampleEnable = 1
AntialiasedLineEnable = 0
ForcedSampleCount = 0
ConservativeRaster = 0
DepthEnable = 1
DepthWriteMask = 0
DepthFunc = 7
StencilEnable = 1
StencilReadMask = 0x7
StencilWriteMask = 0x7
FrontFace = { 1, 1, 1, 8 }
BackFace  = { 1, 1, 1, 8 }
InputLayout.NumElements = 9
InputLayout[0] = { "ATTRIBUTE", 0, 0x6, 0, 0, 0x0, 0 }
InputLayout[1] = { "ATTRIBUTE", 1, 0x1F, 1, 0, 0x0, 0 }
InputLayout[2] = { "ATTRIBUTE", 3, 0x2A, 3, 0, 0x0, 0 }
InputLayout[3] = { "ATTRIBUTE", 5, 0xA, 4, 0, 0x0, 0 }
InputLayout[4] = { "ATTRIBUTE", 6, 0xA, 5, 0, 0x0, 0 }
InputLayout[5] = { "ATTRIBUTE", 13, 0x57, 6, 0, 0x0, 0 }
InputLayout[6] = { "ATTRIBUTE", 9, 0x6, 7, 0, 0x0, 0 }
InputLayout[7] = { "ATTRIBUTE", 16, 0x2A, 7, 0, 0x1, 1 }
InputLayout[8] = { "ATTRIBUTE", 10, 0x6, 8, 0, 0x0, 0 }
IBStripCutValue = 0x0
PrimitiveTopologyType = 0x3
NumRenderTargets = 1
RTVFormats[0] = 0x57
DSVFormat = 0x14
SampleDesc = { 1, 0 }
NodeMask = 0x1
Flags = 0x0

[2026.09.02-23.35.54:990][  0]LogRHI: Error: Failed to create graphics pipeline, hashes: Vertex: 479BC90643BEE8E0F0752DA31397D01CCF7C0ED6, Pipeline: 21C19B7A5784F1DB1F2645F56206328D47420E45.
[2026.09.02-23.35.54:991][  0]LogD3D12RHI: Warning: Failed to create graphics PSO with combined hash 0xF16013AE1CBBDFEF:
AlphaToCoverageEnable = 0
IndependentBlendEnable = 1
SampleMask = 0xFFFFFFFF
FillMode = 3
CullMode = 3
FrontCounterClockwise = 1
DepthBias = 0
DepthBiasClamp = 0.000000
SlopeScaledDepthBias = 0.000000
DepthClipEnable = 1
MultisampleEnable = 1
AntialiasedLineEnable = 0
ForcedSampleCount = 0
ConservativeRaster = 0
DepthEnable = 1
DepthWriteMask = 1
DepthFunc = 7
StencilEnable = 1
StencilReadMask = 0x40
StencilWriteMask = 0xFF
FrontFace = { 1, 1, 1, 6 }
BackFace  = { 1, 1, 1, 6 }
InputLayout.NumElements = 9
InputLayout[0] = { "ATTRIBUTE", 0, 0x6, 0, 0, 0x0, 0 }
InputLayout[1] = { "ATTRIBUTE", 1, 0x1F, 1, 0, 0x0, 0 }
InputLayout[2] = { "ATTRIBUTE", 3, 0x2A, 3, 0, 0x0, 0 }
InputLayout[3] = { "ATTRIBUTE", 5, 0xA, 4, 0, 0x0, 0 }
InputLayout[4] = { "ATTRIBUTE", 6, 0xA, 5, 0, 0x0, 0 }
InputLayout[5] = { "ATTRIBUTE", 13, 0x57, 6, 0, 0x0, 0 }
InputLayout[6] = { "ATTRIBUTE", 9, 0x6, 7, 0, 0x0, 0 }
InputLayout[7] = { "ATTRIBUTE", 16, 0x2A, 7, 0, 0x1, 1 }
InputLayout[8] = { "ATTRIBUTE", 10, 0x6, 8, 0, 0x0, 0 }
IBStripCutValue = 0x0
PrimitiveTopologyType = 0x3
NumRenderTargets = 0
DSVFormat = 0x14
SampleDesc = { 1, 0 }
NodeMask = 0x1
Flags = 0x0

[2026.09.02-23.35.54:991][  0]LogRHI: Error: Failed to create graphics pipeline, hashes: Vertex: 479BC90643BEE8E0F0752DA31397D01CCF7C0ED6, Pipeline: 21C19B7A5784F1DB1F2645F56206328D47420E45.
[2026.09.02-23.35.54:991][  0]LogD3D12RHI: Warning: Failed to create graphics PSO with combined hash 0x954719022E6C092E:
AlphaToCoverageEnable = 0
IndependentBlendEnable = 1
SampleMask = 0xFFFFFFFF
FillMode = 3
CullMode = 1
FrontCounterClockwise = 1
DepthBias = 0
DepthBiasClamp = 0.000000
SlopeScaledDepthBias = 0.000000
DepthClipEnable = 1
MultisampleEnable = 1
AntialiasedLineEnable = 0
ForcedSampleCount = 0
ConservativeRaster = 0
DepthEnable = 1
DepthWriteMask = 1
DepthFunc = 7
StencilEnable = 1
StencilReadMask = 0x41
StencilWriteMask = 0x1
FrontFace = { 1, 1, 1, 3 }
BackFace  = { 1, 1, 1, 3 }
InputLayout.NumElements = 9
InputLayout[0] = { "ATTRIBUTE", 0, 0x6, 0, 0, 0x0, 0 }
InputLayout[1] = { "ATTRIBUTE", 1, 0x1F, 1, 0, 0x0, 0 }
InputLayout[2] = { "ATTRIBUTE", 3, 0x2A, 3, 0, 0x0, 0 }
InputLayout[3] = { "ATTRIBUTE", 5, 0xA, 4, 0, 0x0, 0 }
InputLayout[4] = { "ATTRIBUTE", 6, 0xA, 5, 0, 0x0, 0 }
InputLayout[5] = { "ATTRIBUTE", 13, 0x57, 6, 0, 0x0, 0 }
InputLayout[6] = { "ATTRIBUTE", 9, 0x6, 7, 0, 0x0, 0 }
InputLayout[7] = { "ATTRIBUTE", 16, 0x2A, 7, 0, 0x1, 1 }
InputLayout[8] = { "ATTRIBUTE", 10, 0x6, 8, 0, 0x0, 0 }
IBStripCutValue = 0x0
PrimitiveTopologyType = 0x3
NumRenderTargets = 0
DSVFormat = 0x14
SampleDesc = { 1, 0 }
NodeMask = 0x1
Flags = 0x0

[2026.09.02-23.35.54:991][  0]LogRHI: Error: Failed to create graphics pipeline, hashes: Vertex: 479BC90643BEE8E0F0752DA31397D01CCF7C0ED6, Pipeline: 21C19B7A5784F1DB1F2645F56206328D47420E45.
[2026.09.02-23.35.54:992][  0]LogD3D12RHI: Warning: Failed to create graphics PSO with combined hash 0xF97F808B5B2A1E38:
AlphaToCoverageEnable = 0
IndependentBlendEnable = 1
RenderTarget[0] = { 0, 0, 0x2, 0x1, 0x1, 0x2, 0x1, 0x1, 0x0, 0xF }
RenderTarget[1] = { 0, 0, 0x2, 0x1, 0x1, 0x2, 0x1, 0x1, 0x0, 0xF }
RenderTarget[2] = { 0, 0, 0x2, 0x1, 0x1, 0x2, 0x1, 0x1, 0x0, 0xF }
RenderTarget[3] = { 0, 0, 0x2, 0x1, 0x1, 0x2, 0x1, 0x1, 0x0, 0xF }
RenderTarget[4] = { 0, 0, 0x2, 0x1, 0x1, 0x2, 0x1, 0x1, 0x0, 0xF }
RenderTarget[5] = { 0, 0, 0x2, 0x1, 0x1, 0x2, 0x1, 0x1, 0x0, 0xF }
SampleMask = 0xFFFFFFFF
FillMode = 3
CullMode = 3
FrontCounterClockwise = 1
DepthBias = 0
DepthBiasClamp = 0.000000
SlopeScaledDepthBias = 0.000000
DepthClipEnable = 1
MultisampleEnable = 1
AntialiasedLineEnable = 0
ForcedSampleCount = 0
ConservativeRaster = 0
DepthEnable = 1
DepthWriteMask = 0
DepthFunc = 7
StencilEnable = 1
StencilReadMask = 0x40
StencilWriteMask = 0xBE
FrontFace = { 1, 1, 1, 6 }
BackFace  = { 1, 1, 1, 6 }
InputLayout.NumElements = 9
InputLayout[0] = { "ATTRIBUTE", 0, 0x6, 0, 0, 0x0, 0 }
InputLayout[1] = { "ATTRIBUTE", 1, 0x1F, 1, 0, 0x0, 0 }
InputLayout[2] = { "ATTRIBUTE", 3, 0x2A, 3, 0, 0x0, 0 }
InputLayout[3] = { "ATTRIBUTE", 5, 0xA, 4, 0, 0x0, 0 }
InputLayout[4] = { "ATTRIBUTE", 6, 0xA, 5, 0, 0x0, 0 }
InputLayout[5] = { "ATTRIBUTE", 13, 0x57, 6, 0, 0x0, 0 }
InputLayout[6] = { "ATTRIBUTE", 9, 0x6, 7, 0, 0x0, 0 }
InputLayout[7] = { "ATTRIBUTE", 16, 0x2A, 7, 0, 0x1, 1 }
InputLayout[8] = { "ATTRIBUTE", 10, 0x6, 8, 0, 0x0, 0 }
IBStripCutValue = 0x0
PrimitiveTopologyType = 0x3
NumRenderTargets = 6
RTVFormats[0] = 0x1A
RTVFormats[1] = 0x18
RTVFormats[2] = 0x57
RTVFormats[3] = 0x5B
RTVFormats[4] = 0x57
RTVFormats[5] = 0x57
DSVFormat = 0x14
SampleDesc = { 1, 0 }
NodeMask = 0x1
Flags = 0x0

[2026.09.02-23.35.54:992][  0]LogRHI: Error: Failed to create graphics pipeline, hashes: Vertex: 755E1F56EFC9846E9D647167F97E5781D3CF54EC, Pixel: 08F466C936A4901813A4EEC19EB060DBDE110604, Pipeline: 2B09728B87729EB6E66287C3D08C3279797B801E.
[2026.09.02-23.35.54:993][  0]LogD3D12RHI: Warning: Failed to create graphics PSO with combined hash 0xF9AF77DAAD95C858:
AlphaToCoverageEnable = 0
IndependentBlendEnable = 1
RenderTarget[0] = { 0, 0, 0x2, 0x1, 0x1, 0x2, 0x1, 0x1, 0x0, 0xF }
RenderTarget[1] = { 0, 0, 0x2, 0x1, 0x1, 0x2, 0x1, 0x1, 0x0, 0xF }
RenderTarget[2] = { 0, 0, 0x2, 0x1, 0x1, 0x2, 0x1, 0x1, 0x0, 0xF }
RenderTarget[3] = { 0, 0, 0x2, 0x1, 0x1, 0x2, 0x1, 0x1, 0x0, 0xF }
RenderTarget[4] = { 0, 0, 0x2, 0x1, 0x1, 0x2, 0x1, 0x1, 0x0, 0xF }
RenderTarget[5] = { 0, 0, 0x2, 0x1, 0x1, 0x2, 0x1, 0x1, 0x0, 0xF }
SampleMask = 0xFFFFFFFF
FillMode = 3
CullMode = 3
FrontCounterClockwise = 1
DepthBias = 0
DepthBiasClamp = 0.000000
SlopeScaledDepthBias = 0.000000
DepthClipEnable = 1
MultisampleEnable = 1
AntialiasedLineEnable = 0
ForcedSampleCount = 0
ConservativeRaster = 0
DepthEnable = 1
DepthWriteMask = 0
DepthFunc = 7
StencilEnable = 1
StencilReadMask = 0x40
StencilWriteMask = 0xBE
FrontFace = { 1, 1, 1, 6 }
BackFace  = { 1, 1, 1, 6 }
InputLayout.NumElements = 9
InputLayout[0] = { "ATTRIBUTE", 0, 0x6, 0, 0, 0x0, 0 }
InputLayout[1] = { "ATTRIBUTE", 1, 0x1F, 1, 0, 0x0, 0 }
InputLayout[2] = { "ATTRIBUTE", 3, 0x2A, 3, 0, 0x0, 0 }
InputLayout[3] = { "ATTRIBUTE", 5, 0xA, 4, 0, 0x0, 0 }
InputLayout[4] = { "ATTRIBUTE", 6, 0xA, 5, 0, 0x0, 0 }
InputLayout[5] = { "ATTRIBUTE", 13, 0x57, 6, 0, 0x0, 0 }
InputLayout[6] = { "ATTRIBUTE", 9, 0x6, 7, 0, 0x0, 0 }
InputLayout[7] = { "ATTRIBUTE", 16, 0x2A, 7, 0, 0x1, 1 }
InputLayout[8] = { "ATTRIBUTE", 10, 0x6, 8, 0, 0x0, 0 }
IBStripCutValue = 0x0
PrimitiveTopologyType = 0x3
NumRenderTargets = 6
RTVFormats[0] = 0x1A
RTVFormats[1] = 0x18
RTVFormats[2] = 0x57
RTVFormats[3] = 0x5B
RTVFormats[4] = 0x57
RTVFormats[5] = 0x57
DSVFormat = 0x14
SampleDesc = { 1, 0 }
NodeMask = 0x1
Flags = 0x0

[2026.09.02-23.35.54:993][  0]LogRHI: Error: Failed to create graphics pipeline, hashes: Vertex: 755E1F56EFC9846E9D647167F97E5781D3CF54EC, Pixel: 29DB509F123935F266F38FE049927900A2361838, Pipeline: 407840A7C8AB33B2518F999448CE42E2D2B33AF5.
[2026.09.02-23.35.54:997][  0]LogD3D12RHI: Error: Failed to create pipeline state with combined hash 3F87F3CBD63F7115, error 80070057.
[2026.09.02-23.35.54:997][  0]LogD3D12RHI: Error: Failed to create pipeline state with combined hash 93C76B1D8EA83D60, error 80070057.
[2026.09.02-23.35.54:997][  0]LogD3D12RHI: Warning: Failed to create graphics PSO with combined hash 0x93C76B1D8EA83D60:

[2026.09.02-23.35.54:997][  0]LogRHI: Error: Failed to create graphics pipeline, hashes: Vertex: B0C3FFE9664A36CBDD797424CF9A73769A9A7E89, Pipeline: C672E4AC58AD099470043F65A46681128E652CF9.
[2026.09.02-23.35.54:997][  0]LogD3D12RHI: Warning: Failed to create graphics PSO with combined hash 0x3F87F3CBD63F7115:

[2026.09.02-23.35.54:997][  0]LogD3D12RHI: Error: Failed to create pipeline state with combined hash AE545EBA34F1DD3C, error 80070057.
[2026.09.02-23.35.54:997][  0]LogD3D12RHI: Warning: Failed to create graphics PSO with combined hash 0xAE545EBA34F1DD3C:

[2026.09.02-23.35.54:997][  0]LogRHI: Error: Failed to create graphics pipeline, hashes: Vertex: B0C3FFE9664A36CBDD797424CF9A73769A9A7E89, Pipeline: C672E4AC58AD099470043F65A46681128E652CF9.
[2026.09.02-23.35.54:997][  0]LogRHI: Error: Failed to create graphics pipeline, hashes: Vertex: 12444E8BA4F236D3A2A310C51A03855D63CD73EA, Pixel: 29DB509F123935F266F38FE049927900A2361838, Pipeline: 69B043A385A081E4EBE003DBEBC4673A9789DDA3.
[2026.09.02-23.35.54:997][  0]LogD3D12RHI: Error: Failed to create pipeline state with combined hash 821AC389EE70007F, error 80070057.
[2026.09.02-23.35.54:997][  0]LogD3D12RHI: Warning: Failed to create graphics PSO with combined hash 0x821AC389EE70007F:

[2026.09.02-23.35.54:997][  0]LogD3D12RHI: Error: Failed to create pipeline state with combined hash F9DDCB18807A3A53, error 80070057.
[2026.09.02-23.35.54:997][  0]LogD3D12RHI: Warning: Failed to create graphics PSO with combined hash 0xF9DDCB18807A3A53:

[2026.09.02-23.35.54:997][  0]LogRHI: Error: Failed to create graphics pipeline, hashes: Vertex: B0C3FFE9664A36CBDD797424CF9A73769A9A7E89, Pipeline: C672E4AC58AD099470043F65A46681128E652CF9.
[2026.09.02-23.35.54:997][  0]LogRHI: Error: Failed to create graphics pipeline, hashes: Vertex: B0C3FFE9664A36CBDD797424CF9A73769A9A7E89, Pipeline: C672E4AC58AD099470043F65A46681128E652CF9.
[2026.09.02-23.35.54:997][  0]LogD3D12RHI: Error: Failed to create pipeline state with combined hash E4EC4B92DEC9C6EE, error 80070057.
[2026.09.02-23.35.54:997][  0]LogD3D12RHI: Warning: Failed to create graphics PSO with combined hash 0xE4EC4B92DEC9C6EE:

[2026.09.02-23.35.54:997][  0]LogD3D12RHI: Error: Failed to create pipeline state with combined hash 20870A00F804F45F, error 80070057.
[2026.09.02-23.35.54:997][  0]LogRHI: Error: Failed to create graphics pipeline, hashes: Vertex: B0C3FFE9664A36CBDD797424CF9A73769A9A7E89, Pipeline: C672E4AC58AD099470043F65A46681128E652CF9.
[2026.09.02-23.35.54:997][  0]LogD3D12RHI: Warning: Failed to create graphics PSO with combined hash 0x20870A00F804F45F:

[2026.09.02-23.35.54:997][  0]LogRHI: Error: Failed to create graphics pipeline, hashes: Vertex: B0C3FFE9664A36CBDD797424CF9A73769A9A7E89, Pipeline: C672E4AC58AD099470043F65A46681128E652CF9.
[2026.09.02-23.35.54:997][  0]LogD3D12RHI: Error: Failed to create pipeline state with combined hash 96409C1703F70200, error 80070057.
[2026.09.02-23.35.54:997][  0]LogD3D12RHI: Warning: Failed to create graphics PSO with combined hash 0x96409C1703F70200:

[2026.09.02-23.35.54:997][  0]LogD3D12RHI: Error: Failed to create pipeline state with combined hash 5364757487830F26, error 80070057.
[2026.09.02-23.35.54:997][  0]LogRHI: Error: Failed to create graphics pipeline, hashes: Vertex: B0C3FFE9664A36CBDD797424CF9A73769A9A7E89, Pipeline: C672E4AC58AD099470043F65A46681128E652CF9.
[2026.09.02-23.35.54:997][  0]LogD3D12RHI: Warning: Failed to create graphics PSO with combined hash 0x5364757487830F26:

[2026.09.02-23.35.54:997][  0]LogRHI: Error: Failed to create graphics pipeline, hashes: Vertex: B0C3FFE9664A36CBDD797424CF9A73769A9A7E89, Pipeline: C672E4AC58AD099470043F65A46681128E652CF9.
[2026.09.02-23.35.54:997][  0]LogD3D12RHI: Error: Failed to create pipeline state with combined hash EEFF3EE201D6BB95, error 80070057.
[2026.09.02-23.35.54:997][  0]LogD3D12RHI: Warning: Failed to create graphics PSO with combined hash 0xEEFF3EE201D6BB95:

[2026.09.02-23.35.54:997][  0]LogRHI: Error: Failed to create graphics pipeline, hashes: Vertex: B0C3FFE9664A36CBDD797424CF9A73769A9A7E89, Pipeline: C672E4AC58AD099470043F65A46681128E652CF9.
[2026.09.02-23.35.54:997][  0]LogD3D12RHI: Error: Failed to create pipeline state with combined hash 8E6D91D35505A5FD, error 80070057.
[2026.09.02-23.35.54:997][  0]LogD3D12RHI: Warning: Failed to create graphics PSO with combined hash 0x8E6D91D35505A5FD:

[2026.09.02-23.35.54:997][  0]LogRHI: Error: Failed to create graphics pipeline, hashes: Vertex: B0C3FFE9664A36CBDD797424CF9A73769A9A7E89, Pipeline: C672E4AC58AD099470043F65A46681128E652CF9.
[2026.09.02-23.35.54:997][  0]LogD3D12RHI: Error: Failed to create pipeline state with combined hash F87CA5CFDE8F6ACC, error 80070057.
[2026.09.02-23.35.54:997][  0]LogD3D12RHI: Warning: Failed to create graphics PSO with combined hash 0xF87CA5CFDE8F6ACC:

[2026.09.02-23.35.54:997][  0]LogRHI: Error: Failed to create graphics pipeline, hashes: Vertex: B0C3FFE9664A36CBDD797424CF9A73769A9A7E89, Pipeline: C672E4AC58AD099470043F65A46681128E652CF9.
[2026.09.02-23.35.54:997][  0]LogD3D12RHI: Error: Failed to create pipeline state with combined hash 44E0687043C893ED, error 80070057.
[2026.09.02-23.35.54:997][  0]LogD3D12RHI: Warning: Failed to create graphics PSO with combined hash 0x44E0687043C893ED:

[2026.09.02-23.35.54:997][  0]LogD3D12RHI: Error: Failed to create pipeline state with combined hash 93F0F960478FEA65, error 80070057.
[2026.09.02-23.35.54:997][  0]LogD3D12RHI: Error: Failed to create pipeline state with combined hash 922A709AB5C9BE48, error 80070057.
[2026.09.02-23.35.54:997][  0]LogD3D12RHI: Warning: Failed to create graphics PSO with combined hash 0x93F0F960478FEA65:

[2026.09.02-23.35.54:997][  0]LogD3D12RHI: Warning: Failed to create graphics PSO with combined hash 0x922A709AB5C9BE48:

[2026.09.02-23.35.54:997][  0]LogRHI: Error: Failed to create graphics pipeline, hashes: Vertex: B0C3FFE9664A36CBDD797424CF9A73769A9A7E89, Pipeline: C672E4AC58AD099470043F65A46681128E652CF9.
[2026.09.02-23.35.54:997][  0]LogRHI: Error: Failed to create graphics pipeline, hashes: Vertex: B0C3FFE9664A36CBDD797424CF9A73769A9A7E89, Pipeline: C672E4AC58AD099470043F65A46681128E652CF9.
[2026.09.02-23.35.54:997][  0]LogRHI: Error: Failed to create graphics pipeline, hashes: Vertex: B0C3FFE9664A36CBDD797424CF9A73769A9A7E89, Pipeline: C672E4AC58AD099470043F65A46681128E652CF9.
[2026.09.02-23.35.54:997][  0]LogD3D12RHI: Error: Failed to create pipeline state with combined hash CF6D2E477F9C7A77, error 80070057.
[2026.09.02-23.35.54:997][  0]LogD3D12RHI: Warning: Failed to create graphics PSO with combined hash 0xCF6D2E477F9C7A77:

[2026.09.02-23.35.54:997][  0]LogD3D12RHI: Error: Failed to create pipeline state with combined hash 7BE92A2C5FC4BB54, error 80070057.
[2026.09.02-23.35.54:997][  0]LogRHI: Error: Failed to create graphics pipeline, hashes: Vertex: B0C3FFE9664A36CBDD797424CF9A73769A9A7E89, Pipeline: C672E4AC58AD099470043F65A46681128E652CF9.
[2026.09.02-23.35.54:997][  0]LogD3D12RHI: Warning: Failed to create graphics PSO with combined hash 0x7BE92A2C5FC4BB54:

[2026.09.02-23.35.54:997][  0]LogRHI: Error: Failed to create graphics pipeline, hashes: Vertex: B2210A53D502E68DF6EB330DDC3A77AF023F0748, Pipeline: 418BE34480DB1AC15D31B5FD4BAC4339DF7200C5.
[2026.09.02-23.35.54:997][  0]LogD3D12RHI: Error: Failed to create pipeline state with combined hash 402C042FCF56686B, error 80070057.
[2026.09.02-23.35.54:997][  0]LogD3D12RHI: Warning: Failed to create graphics PSO with combined hash 0x402C042FCF56686B:

[2026.09.02-23.35.54:997][  0]LogD3D12RHI: Error: Failed to create pipeline state with combined hash 3303EBE14CE861FE, error 80070057.
[2026.09.02-23.35.54:997][  0]LogD3D12RHI: Warning: Failed to create graphics PSO with combined hash 0x3303EBE14CE861FE:

[2026.09.02-23.35.54:997][  0]LogRHI: Error: Failed to create graphics pipeline, hashes: Vertex: B2210A53D502E68DF6EB330DDC3A77AF023F0748, Pipeline: 418BE34480DB1AC15D31B5FD4BAC4339DF7200C5.
[2026.09.02-23.35.54:997][  0]LogRHI: Error: Failed to create graphics pipeline, hashes: Vertex: FAE7DCCB05A84768D6B46D071A70B1765DC05A3D, Pipeline: 869736595625C2475696E32F96DBCD1B409DDE19.
[2026.09.02-23.35.54:997][  0]LogD3D12RHI: Error: Failed to create pipeline state with combined hash 11C5B7D257413851, error 80070057.
[2026.09.02-23.35.54:997][  0]LogD3D12RHI: Warning: Failed to create graphics PSO with combined hash 0x11C5B7D257413851:

[2026.09.02-23.35.54:997][  0]LogRHI: Error: Failed to create graphics pipeline, hashes: Vertex: FAE7DCCB05A84768D6B46D071A70B1765DC05A3D, Pipeline: 869736595625C2475696E32F96DBCD1B409DDE19.
[2026.09.02-23.35.54:997][  0]LogD3D12RHI: Error: Failed to create pipeline state with combined hash 585BBAF1B29558F4, error 80070057.
[2026.09.02-23.35.54:997][  0]LogD3D12RHI: Warning: Failed to create graphics PSO with combined hash 0x585BBAF1B29558F4:

[2026.09.02-23.35.54:997][  0]LogD3D12RHI: Error: Failed to create pipeline state with combined hash 6B8B18BD30A2673B, error 80070057.
[2026.09.02-23.35.54:997][  0]LogRHI: Error: Failed to create graphics pipeline, hashes: Vertex: 4307B0B7A4755A0FEB4578285A59DA5CF5B393FA, Pixel: D4B683997F4F2021680C7BA1C161613CDE189BF3, Pipeline: 622C15B4E93953D4B4B1E7A178DF1159B2368BB9.
[2026.09.02-23.35.54:997][  0]LogD3D12RHI: Warning: Failed to create graphics PSO with combined hash 0x6B8B18BD30A2673B:

[2026.09.02-23.35.54:997][  0]LogD3D12RHI: Error: Failed to create pipeline state with combined hash DB1FB17879DCD6C3, error 80070057.
[2026.09.02-23.35.54:997][  0]LogD3D12RHI: Warning: Failed to create graphics PSO with combined hash 0xDB1FB17879DCD6C3:

[2026.09.02-23.35.54:997][  0]LogRHI: Error: Failed to create graphics pipeline, hashes: Vertex: B0C3FFE9664A36CBDD797424CF9A73769A9A7E89, Pipeline: C672E4AC58AD099470043F65A46681128E652CF9.
[2026.09.02-23.35.54:997][  0]LogD3D12RHI: Error: Failed to create pipeline state with combined hash E3C215F0DC0880E5, error 80070057.
[2026.09.02-23.35.54:997][  0]LogRHI: Error: Failed to create graphics pipeline, hashes: Vertex: 4307B0B7A4755A0FEB4578285A59DA5CF5B393FA, Pixel: D4B683997F4F2021680C7BA1C161613CDE189BF3, Pipeline: 622C15B4E93953D4B4B1E7A178DF1159B2368BB9.
[2026.09.02-23.35.54:997][  0]LogD3D12RHI: Warning: Failed to create graphics PSO with combined hash 0xE3C215F0DC0880E5:

[2026.09.02-23.35.54:997][  0]LogRHI: Error: Failed to create graphics pipeline, hashes: Vertex: 12444E8BA4F236D3A2A310C51A03855D63CD73EA, Pixel: 08F466C936A4901813A4EEC19EB060DBDE110604, Pipeline: B9B0BB224A7C034C6A8DF85CA78E0E203006137D.
[2026.09.02-23.35.54:997][  0]LogD3D12RHI: Error: Failed to create pipeline state with combined hash F6D28F14BB97504E, error 80070057.
[2026.09.02-23.35.54:997][  0]LogD3D12RHI: Warning: Failed to create graphics PSO with combined hash 0xF6D28F14BB97504E:

[2026.09.02-23.35.54:997][  0]LogRHI: Error: Failed to create graphics pipeline, hashes: Vertex: FAE7DCCB05A84768D6B46D071A70B1765DC05A3D, Pipeline: 869736595625C2475696E32F96DBCD1B409DDE19.
[2026.09.02-23.35.54:997][  0]LogD3D12RHI: Error: Failed to create pipeline state with combined hash 7EF98FBF5578C462, error 80070057.
[2026.09.02-23.35.54:997][  0]LogD3D12RHI: Error: Failed to create pipeline state with combined hash D672BF5EDE766D01, error 80070057.
[2026.09.02-23.35.54:997][  0]LogD3D12RHI: Warning: Failed to create graphics PSO with combined hash 0x7EF98FBF5578C462:

[2026.09.02-23.35.54:997][  0]LogD3D12RHI: Warning: Failed to create graphics PSO with combined hash 0xD672BF5EDE766D01:

[2026.09.02-23.35.54:997][  0]LogD3D12RHI: Error: Failed to create pipeline state with combined hash DFDAAEF184A25535, error 80070057.
[2026.09.02-23.35.54:997][  0]LogRHI: Error: Failed to create graphics pipeline, hashes: Vertex: 4307B0B7A4755A0FEB4578285A59DA5CF5B393FA, Pixel: D4B683997F4F2021680C7BA1C161613CDE189BF3, Pipeline: 622C15B4E93953D4B4B1E7A178DF1159B2368BB9.
[2026.09.02-23.35.54:997][  0]LogRHI: Error: Failed to create graphics pipeline, hashes: Vertex: B2210A53D502E68DF6EB330DDC3A77AF023F0748, Pipeline: 418BE34480DB1AC15D31B5FD4BAC4339DF7200C5.
[2026.09.02-23.35.54:997][  0]LogD3D12RHI: Warning: Failed to create graphics PSO with combined hash 0xDFDAAEF184A25535:

[2026.09.02-23.35.54:997][  0]LogRHI: Error: Failed to create graphics pipeline, hashes: Vertex: 0DCB8C2D2434EF041366F3B57A5C28526F94FF21, Pixel: 746139FF9308FAD707961C196B1A950F11C185AF, Pipeline: BC84181476EAA62512D0D353343A0BB757AB6D77.
[2026.09.02-23.35.54:997][  0]LogD3D12RHI: Error: Failed to create pipeline state with combined hash C712265347AFAFAE, error 80070057.
[2026.09.02-23.35.54:997][  0]LogD3D12RHI: Warning: Failed to create graphics PSO with combined hash 0xC712265347AFAFAE:

[2026.09.02-23.35.54:997][  0]LogRHI: Error: Failed to create graphics pipeline, hashes: Vertex: 065A6E225A1329F2F1432DFA752C8DED0CD4E39D, Pixel: 9986C9BBA9916DB2AE9DAAEBC6FC4A4AF3EF41B4, Pipeline: 0F7FAB63707255446473AABEE758F8C7A5896F6D.
[2026.09.02-23.35.54:997][  0]LogD3D12RHI: Error: Failed to create pipeline state with combined hash 6F8CFAD0085804CF, error 80070057.
[2026.09.02-23.35.54:997][  0]LogD3D12RHI: Warning: Failed to create graphics PSO with combined hash 0x6F8CFAD0085804CF:

[2026.09.02-23.35.54:997][  0]LogRHI: Error: Failed to create graphics pipeline, hashes: Vertex: EEA71DB9242DDAD95708BB76DEBE569081796F1F, Pixel: 9986C9BBA9916DB2AE9DAAEBC6FC4A4AF3EF41B4, Pipeline: C58699B5205BA6EC96CCB2E94BE3D96D966F5748.
[2026.09.02-23.35.54:997][  0]LogD3D12RHI: Error: Failed to create pipeline state with combined hash 3DA4DE9EB5F51A15, error 80070057.
[2026.09.02-23.35.54:997][  0]LogD3D12RHI: Warning: Failed to create graphics PSO with combined hash 0x3DA4DE9EB5F51A15:

[2026.09.02-23.35.54:997][  0]LogRHI: Error: Failed to create graphics pipeline, hashes: Vertex: 84DFB8060A712867812F4441805E968B7C8FC1B9, Pixel: 9986C9BBA9916DB2AE9DAAEBC6FC4A4AF3EF41B4, Pipeline: 35D94842EA683DD44AF0BE36A16C43C90A52291D.
[2026.09.02-23.35.54:997][  0]LogD3D12RHI: Error: Failed to create pipeline state with combined hash 4CEF2C086267F284, error 80070057.
[2026.09.02-23.35.54:997][  0]LogD3D12RHI: Warning: Failed to create graphics PSO with combined hash 0x4CEF2C086267F284:

[2026.09.02-23.35.54:997][  0]LogRHI: Error: Failed to create graphics pipeline, hashes: Vertex: 88330D96BE01F0A92B52CB297B7CDC9D55A34909, Pixel: 9986C9BBA9916DB2AE9DAAEBC6FC4A4AF3EF41B4, Pipeline: 639183A9683C590A72C3FD68D8669389BC0DEAA6.
[2026.09.02-23.35.54:998][  0]LogD3D12RHI: Error: Failed to create pipeline state with combined hash E339B96AD556B199, error 80070057.
[2026.09.02-23.35.54:998][  0]LogD3D12RHI: Error: Failed to create pipeline state with combined hash 5EBC9BEA5529500E, error 80070057.
[2026.09.02-23.35.54:998][  0]LogD3D12RHI: Warning: Failed to create graphics PSO with combined hash 0x5EBC9BEA5529500E:

[2026.09.02-23.35.54:998][  0]LogD3D12RHI: Warning: Failed to create graphics PSO with combined hash 0xE339B96AD556B199:

[2026.09.02-23.35.54:998][  0]LogRHI: Error: Failed to create graphics pipeline, hashes: Vertex: 2DD402F3E486DC38328AF6AF2D23BC28921C46A9, Pixel: 4C0E73E217F0039DC4048ED2569ECD7BBB469D7D, Pipeline: 4293E73624E4240CBF3006A62840695990F7CC6F.
[2026.09.02-23.35.54:998][  0]LogRHI: Error: Failed to create graphics pipeline, hashes: Vertex: 9088E77B515A4442320BFC2450491915283A8852, Pixel: D845586CB814D3A4813EE267EA9BCA6C1A2F400C, Pipeline: B41C5E1D77B780E1D3C46FA824125202E1B84723.
[2026.09.02-23.35.54:999][  0]LogD3D12RHI: Error: Failed to create pipeline state with combined hash CD6C127A86C7DCCD, error 80070057.
[2026.09.02-23.35.54:999][  0]LogD3D12RHI: Warning: Failed to create graphics PSO with combined hash 0xCD6C127A86C7DCCD:

[2026.09.02-23.35.54:999][  0]LogRHI: Error: Failed to create graphics pipeline, hashes: Vertex: 05D20340F5DEC143D305FE28CE361E24FB92F6BA, Pixel: 8533779CE82D8C4B79F59AB2607F9DF1F76E6F4E, Pipeline: C8EC647DD846CEFFDC34B568CAD88A28F530869D.
[2026.09.02-23.35.54:999][  0]LogD3D12RHI: Error: Failed to create pipeline state with combined hash 6261DE04A1D17C3A, error 80070057.
[2026.09.02-23.35.54:999][  0]LogD3D12RHI: Warning: Failed to create graphics PSO with combined hash 0x6261DE04A1D17C3A:

[2026.09.02-23.35.54:999][  0]LogRHI: Error: Failed to create graphics pipeline, hashes: Vertex: 05D20340F5DEC143D305FE28CE361E24FB92F6BA, Pixel: AFBC3395938685DF6C59F36099D79130EFB5A19D, Pipeline: 6825E0598A20EAE205B81D374633559012703E11.
[2026.09.02-23.35.54:999][  0]LogD3D12RHI: Error: Failed to create pipeline state with combined hash 97849E58EF7AB173, error 80070057.
[2026.09.02-23.35.54:999][  0]LogD3D12RHI: Warning: Failed to create graphics PSO with combined hash 0x97849E58EF7AB173:

[2026.09.02-23.35.54:999][  0]LogRHI: Error: Failed to create graphics pipeline, hashes: Vertex: 05D20340F5DEC143D305FE28CE361E24FB92F6BA, Pixel: 7D541B16E298EAC86B799E3FD30441146C3770A9, Pipeline: 4DD7926B076CA00071A9C79B8688012E3C07A18E.
[2026.09.02-23.35.54:999][  0]LogD3D12RHI: Error: Failed to create pipeline state with combined hash 3134E0BAC9FF33EC, error 80070057.
[2026.09.02-23.35.54:999][  0]LogD3D12RHI: Warning: Failed to create graphics PSO with combined hash 0x3134E0BAC9FF33EC:

[2026.09.02-23.35.54:999][  0]LogRHI: Error: Failed to create graphics pipeline, hashes: Vertex: 94CB8A6F7E9E3D887BAA91A42D73DFBBEA310822, Pixel: 02524B0DEBFE636505DCAD1E01EEDCDB90E527E0, Pipeline: 227005BE9A55E7DAC5297111E0876F4FDDB530AF.
[2026.09.02-23.35.55:015][  0]LogPackageLocalizationCache: Processed 106 localized package path(s) for 2 prioritized culture(s) in 0.000356 seconds
[2026.09.02-23.35.55:020][  0]LogConfig: Branch 'GameplayTagsList' had been unloaded. Reloading on-demand took 0.09ms
[2026.09.02-23.35.55:023][  0]LogConfig: Branch 'Mass' had been unloaded. Reloading on-demand took 0.11ms
[2026.09.02-23.35.55:044][  0]LogConfig: Branch 'Debug' had been unloaded. Reloading on-demand took 0.10ms
[2026.09.02-23.35.55:050][  0]LogStats: UGameplayTagsManager::InitializeManager -  0.006 s
[2026.09.02-23.35.55:063][  0]LogConfig: Branch 'AnimBudgeter' had been unloaded. Reloading on-demand took 0.10ms
[2026.09.02-23.35.55:065][  0]LogConfig: Branch 'FastGeoStreaming' had been unloaded. Reloading on-demand took 0.12ms
[2026.09.02-23.35.55:157][  0]LogAudioCaptureCore: Display: No Audio Capture implementations found. Audio input will be silent.
[2026.09.02-23.35.55:157][  0]LogAudioCaptureCore: Display: No Audio Capture implementations found. Audio input will be silent.
[2026.09.02-23.35.55:162][  0]LogConfig: Branch 'BlockoutTools' had been unloaded. Reloading on-demand took 0.19ms
[2026.09.02-23.35.55:163][  0]LogMetaSound: Display: MetaSound Page Target Initialized to 'Default'
[2026.09.02-23.35.55:181][  0]LogWwise: WwiseModule: Loading AkAudio
[2026.09.02-23.35.55:181][  0]LogLoad: Loading WwiseSoundEngine module: WwiseSoundEngine
[2026.09.02-23.35.55:181][  0]LogWwiseSoundEngine: Display: Loading Wwise SoundEngine 2023.1.8 (Integration 2023.1)
[2026.09.02-23.35.55:181][  0]LogAkAudio: FAkAudioModule::UpdateWwiseResourceLoaderSettings : Updating Resource Loader settings.
[2026.09.02-23.35.55:181][  0]LogLoad: Loading WwiseResourceLoader module: WwiseResourceLoader
[2026.09.02-23.35.55:181][  0]LogWwiseResourceLoader: Display: Initializing default Resource Loader.
[2026.09.02-23.35.55:181][  0]LogAkAudio: Wwise(R) SDK Version 2023.1.8 Build 8601 [Release(StaticCRT)]. (C) 2006-2024. Audiokinetic Inc. All rights reserved.
[2026.09.02-23.35.55:181][  0]LogLoad: Loading WwiseFileHandler module: WwiseFileHandler
[2026.09.02-23.35.55:181][  0]LogLoad: Loading WwiseProcessing module: WwiseProcessing
[2026.09.02-23.35.55:181][  0]LogWwiseProcessing: Display: Initializing default Processing.
[2026.09.02-23.35.55:181][  0]LogAkAudio: Wwise plug-in DLL path: C:/Program Files (x86)/Steam/steamapps/common/Splitgate 2/Engine/Plugins/Audio/Wwise/ThirdParty/x64_vc170/Release/bin/
[2026.09.02-23.35.55:183][  0]LogAkAudio: Wwise SoundEngine successfully initialized.
[2026.09.02-23.35.55:184][  0]LogAkAudio: Initialization complete.
[2026.09.02-23.35.55:184][  0]LogAkAudio: Audiokinetic Audio Device initialized.
[2026.09.02-23.35.55:184][  0]LogLoad: Loading WwiseConcurrency module: WwiseConcurrency
[2026.09.02-23.35.55:184][  0]LogWwiseConcurrency: Display: Initializing default Concurrency.
[2026.09.02-23.35.55:261][  0]LogAkAudio: FAkAudioDevice::LoadDelayedObjects: Loading 7 delayed Wwise Objects after initialization.
[2026.09.02-23.35.55:509][  0]LogMoviePlayer: Initializing movie player
[2026.09.02-23.35.55:559][  0]LogWwiseNiagara: Display: Initializing default Niagara.
[2026.09.02-23.35.55:559][  0]LogGauntlet: Display: Gauntlet Initialized
[2026.09.02-23.35.55:572][  0]LogAudio: Display: Registering Engine Module Parameter Interfaces...
[2026.09.02-23.35.55:572][  0]LogMetaSound: MetaSound Engine Initialized
[2026.09.02-23.35.55:572][  0]LogSteamShared: Display: Loading Steam SDK 1.57
[2026.09.02-23.35.55:577][  0]LogSteamShared: Steam SDK Loaded!
[2026.09.02-23.35.55:581][  0]AudioGameplayLog: FAudioGameplayModule::StartupModule
[2026.09.02-23.35.55:581][  0]LogToxMod: Display: ToxMod Core SDK Version: 1.8.3
[2026.09.02-23.35.55:607][  0]LogUObjectArray: 46936 objects as part of root set at end of initial load.
[2026.09.02-23.35.55:607][  0]LogUObjectArray: 833 objects are not in the root set, but can never be destroyed because they are in the DisregardForGC set.
[2026.09.02-23.35.55:607][  0]LogUObjectArray: CloseDisregardForGC: 46936/46936 objects in disregard for GC pool
[2026.09.02-23.35.55:618][  0]LogStreaming: Display: AsyncLoading2 - NotifyRegistrationComplete: Registered 44818 public script object entries (1185.80 KB)
[2026.09.02-23.35.55:620][  0]LogStreaming: Display: AsyncLoading2 - Thread Started: true, IsInitialLoad: false
[2026.09.02-23.35.55:684][  0]LogEngine: Initializing Engine...
[2026.09.02-23.35.55:685][  0]LogGameFeatures: Initializing game features subsystem
[2026.09.02-23.35.55:685][  0]LogSentrySdk: Sentry plugin auto initialization: false
[2026.09.02-23.35.55:685][  0]LogCore1047Crash: Initializing sentry crash backend
[2026.09.02-23.35.55:686][  0]LogSentrySdk: using database path "C:\Users\<USER>\AppData\Local\PortalWars2\.sentry-native"
[2026.09.02-23.35.55:762][  0]LogSentrySdk: started crashpad client handler
[2026.09.02-23.35.55:805][  0]LogSentrySdk: Sentry initialization completed with result 0 (0 on success).
[2026.09.02-23.35.55:805][  0]LogWindows: Attached monitors:
[2026.09.02-23.35.55:805][  0]LogWindows:     resolution: 3440x1440, work area: (0, 0) -> (3440, 1392), device: '\\.\DISPLAY1' [PRIMARY]
[2026.09.02-23.35.55:805][  0]LogWindows:     resolution: 1080x1920, work area: (3440, -209) -> (4520, 1663), device: '\\.\DISPLAY2'
[2026.09.02-23.35.55:805][  0]LogWindows:     resolution: 1080x1920, work area: (-1080, -206) -> (0, 1666), device: '\\.\DISPLAY3'
[2026.09.02-23.35.55:805][  0]LogWindows: Found 3 attached monitors.
[2026.09.02-23.35.55:805][  0]LogWindows: Gathering driver information using Windows Setup API
[2026.09.02-23.35.55:806][  0]LogCore1047Crash: Crash context user id is 930e9d064bddb699da3ce6b1bb2e60c5
[2026.09.02-23.35.55:810][  0]LogWindows: Attached monitors:
[2026.09.02-23.35.55:810][  0]LogWindows:     resolution: 3440x1440, work area: (0, 0) -> (3440, 1392), device: '\\.\DISPLAY1' [PRIMARY]
[2026.09.02-23.35.55:810][  0]LogWindows:     resolution: 1080x1920, work area: (3440, -209) -> (4520, 1663), device: '\\.\DISPLAY2'
[2026.09.02-23.35.55:810][  0]LogWindows:     resolution: 1080x1920, work area: (-1080, -206) -> (0, 1666), device: '\\.\DISPLAY3'
[2026.09.02-23.35.55:810][  0]LogWindows: Found 3 attached monitors.
[2026.09.02-23.35.55:810][  0]LogWindows: Gathering driver information using Windows Setup API
[2026.09.02-23.35.55:811][  0]LogGF1047GameFeatureActivation: Not updating feature states, new features match current state
[2026.09.02-23.35.55:820][  0]LogAssetManager: Display: Ignoring PrimaryAssetType LoadoutItem - Conflicts with DependentLoadoutItem - Asset: ID_Unarmed
[2026.09.02-23.35.55:821][  0]LogAssetManager: Display: Ignoring PrimaryAssetType DependentLoadoutItem - Conflicts with LoadoutItem - Asset: CharmID_Empty
[2026.09.02-23.35.55:830][  0]LogGameFeatures: Scanning for built-in game feature plugins
[2026.09.02-23.35.55:830][  0]LogGameFeatures: Loading 681 builtins
[2026.09.02-23.35.55:833][  0]LogShaderLibrary: Display: Opening a chunked shader library for plugin 'SOC_S3' is ignored. Chunked libraries for plugins are not supported.
[2026.09.02-23.35.55:835][  0]LogPluginManager: Mounting plugin localization for 'SOC_S3'...
[2026.09.02-23.35.55:835][  0]LogGameFeatures: Display: Game feature 'SOC_S3' transitioned successfully. Ending state: Active [Active, Active]
[2026.09.02-23.35.55:835][  0]LogShaderLibrary: Display: Opening a chunked shader library for plugin 'SOC_S2' is ignored. Chunked libraries for plugins are not supported.
[2026.09.02-23.35.55:837][  0]LogPluginManager: Mounting plugin localization for 'SOC_S2'...
[2026.09.02-23.35.55:838][  0]LogGameFeatures: Display: Game feature 'SOC_S2' transitioned successfully. Ending state: Active [Active, Active]
[2026.09.02-23.35.55:838][  0]LogShaderLibrary: Display: Opening a chunked shader library for plugin 'SOC_S1' is ignored. Chunked libraries for plugins are not supported.
[2026.09.02-23.35.55:841][  0]LogPluginManager: Mounting plugin localization for 'SOC_S1'...
[2026.09.02-23.35.55:843][  0]LogGameFeatures: Display: Game feature 'SOC_S1' transitioned successfully. Ending state: Active [Active, Active]
[2026.09.02-23.35.55:843][  0]LogShaderLibrary: Display: Opening a chunked shader library for plugin 'POW_SpeedBoost' is ignored. Chunked libraries for plugins are not supported.
[2026.09.02-23.35.55:844][  0]LogPluginManager: Mounting plugin localization for 'POW_SpeedBoost'...
[2026.09.02-23.35.55:844][  0]LogGameFeatures: Display: Game feature 'POW_SpeedBoost' transitioned successfully. Ending state: Active [Active, Active]
[2026.09.02-23.35.55:845][  0]LogShaderLibrary: Display: Opening a chunked shader library for plugin 'POW_Overshield' is ignored. Chunked libraries for plugins are not supported.
[2026.09.02-23.35.55:847][  0]LogPluginManager: Mounting plugin localization for 'POW_Overshield'...
[2026.09.02-23.35.55:847][  0]LogGameFeatures: Display: Game feature 'POW_Overshield' transitioned successfully. Ending state: Active [Active, Active]
[2026.09.02-23.35.55:847][  0]LogShaderLibrary: Display: Opening a chunked shader library for plugin 'PSK_WarpFracture' is ignored. Chunked libraries for plugins are not supported.
[2026.09.02-23.35.55:849][  0]LogPluginManager: Mounting plugin localization for 'PSK_WarpFracture'...
[2026.09.02-23.35.55:849][  0]LogGameFeatures: Display: Game feature 'PSK_WarpFracture' transitioned successfully. Ending state: Active [Active, Active]
[2026.09.02-23.35.55:849][  0]LogShaderLibrary: Display: Opening a chunked shader library for plugin 'PSK_Template' is ignored. Chunked libraries for plugins are not supported.
[2026.09.02-23.35.55:851][  0]LogPluginManager: Mounting plugin localization for 'PSK_Template'...
[2026.09.02-23.35.55:851][  0]LogGameFeatures: Display: Game feature 'PSK_Template' transitioned successfully. Ending state: Active [Active, Active]
[2026.09.02-23.35.55:851][  0]LogShaderLibrary: Display: Opening a chunked shader library for plugin 'PSK_Space' is ignored. Chunked libraries for plugins are not supported.
[2026.09.02-23.35.55:852][  0]LogPluginManager: Mounting plugin localization for 'PSK_Space'...
[2026.09.02-23.35.55:852][  0]LogGameFeatures: Display: Game feature 'PSK_Space' transitioned successfully. Ending state: Active [Active, Active]
[2026.09.02-23.35.55:852][  0]LogShaderLibrary: Display: Opening a chunked shader library for plugin 'PSK_Shield' is ignored. Chunked libraries for plugins are not supported.
[2026.09.02-23.35.55:853][  0]LogPluginManager: Mounting plugin localization for 'PSK_Shield'...
[2026.09.02-23.35.55:853][  0]LogGameFeatures: Display: Game feature 'PSK_Shield' transitioned successfully. Ending state: Active [Active, Active]
[2026.09.02-23.35.55:853][  0]LogShaderLibrary: Display: Opening a chunked shader library for plugin 'PSK_SeventySeven' is ignored. Chunked libraries for plugins are not supported.
[2026.09.02-23.35.55:854][  0]LogPluginManager: Mounting plugin localization for 'PSK_SeventySeven'...
[2026.09.02-23.35.55:854][  0]LogGameFeatures: Display: Game feature 'PSK_SeventySeven' transitioned successfully. Ending state: Active [Active, Active]
[2026.09.02-23.35.55:854][  0]LogShaderLibrary: Display: Opening a chunked shader library for plugin 'PSK_SeasonFinale' is ignored. Chunked libraries for plugins are not supported.
[2026.09.02-23.35.55:855][  0]LogPluginManager: Mounting plugin localization for 'PSK_SeasonFinale'...
[2026.09.02-23.35.55:855][  0]LogGameFeatures: Display: Game feature 'PSK_SeasonFinale' transitioned successfully. Ending state: Active [Active, Active]
[2026.09.02-23.35.55:855][  0]LogShaderLibrary: Display: Opening a chunked shader library for plugin 'PSK_NanoNurse' is ignored. Chunked libraries for plugins are not supported.
[2026.09.02-23.35.55:856][  0]LogPluginManager: Mounting plugin localization for 'PSK_NanoNurse'...
[2026.09.02-23.35.55:856][  0]LogGameFeatures: Display: Game feature 'PSK_NanoNurse' transitioned successfully. Ending state: Active [Active, Active]
[2026.09.02-23.35.55:856][  0]LogShaderLibrary: Display: Opening a chunked shader library for plugin 'PSK_MetalGrinder' is ignored. Chunked libraries for plugins are not supported.
[2026.09.02-23.35.55:857][  0]LogPluginManager: Mounting plugin localization for 'PSK_MetalGrinder'...
[2026.09.02-23.35.55:857][  0]LogGameFeatures: Display: Game feature 'PSK_MetalGrinder' transitioned successfully. Ending state: Active [Active, Active]
[2026.09.02-23.35.55:857][  0]LogShaderLibrary: Display: Opening a chunked shader library for plugin 'PSK_Glitch' is ignored. Chunked libraries for plugins are not supported.
[2026.09.02-23.35.55:858][  0]LogPluginManager: Mounting plugin localization for 'PSK_Glitch'...
[2026.09.02-23.35.55:858][  0]LogGameFeatures: Display: Game feature 'PSK_Glitch' transitioned successfully. Ending state: Active [Active, Active]
[2026.09.02-23.35.55:858][  0]LogShaderLibrary: Display: Opening a chunked shader library for plugin 'PSK_GamerGirl' is ignored. Chunked libraries for plugins are not supported.
[2026.09.02-23.35.55:859][  0]LogPluginManager: Mounting plugin localization for 'PSK_GamerGirl'...
[2026.09.02-23.35.55:859][  0]LogGameFeatures: Display: Game feature 'PSK_GamerGirl' transitioned successfully. Ending state: Active [Active, Active]
[2026.09.02-23.35.55:859][  0]LogShaderLibrary: Display: Opening a chunked shader library for plugin 'PSK_Executive' is ignored. Chunked libraries for plugins are not supported.
[2026.09.02-23.35.55:859][  0]LogCoreRedirects: AddRedirect(C:/Users/<USER>/AppData/Local/PortalWars2/Saved/Config/WindowsClient/PSK_Executive.ini) has wildcard redirect /PSK-Executive/, these are very slow and should be resolved as soon as possible! Please refer to the documentation in Engine/Config/BaseEngine.ini.
[2026.09.02-23.35.55:860][  0]LogPluginManager: Mounting plugin localization for 'PSK_Executive'...
[2026.09.02-23.35.55:860][  0]LogGameFeatures: Display: Game feature 'PSK_Executive' transitioned successfully. Ending state: Active [Active, Active]
[2026.09.02-23.35.55:860][  0]LogShaderLibrary: Display: Opening a chunked shader library for plugin 'PSK_Equalizer' is ignored. Chunked libraries for plugins are not supported.
[2026.09.02-23.35.55:861][  0]LogPluginManager: Mounting plugin localization for 'PSK_Equalizer'...
[2026.09.02-23.35.55:861][  0]LogGameFeatures: Display: Game feature 'PSK_Equalizer' transitioned successfully. Ending state: Active [Active, Active]
[2026.09.02-23.35.55:861][  0]LogShaderLibrary: Display: Opening a chunked shader library for plugin 'PSK_Cowgirl' is ignored. Chunked libraries for plugins are not supported.
[2026.09.02-23.35.55:861][  0]LogPluginManager: Mounting plugin localization for 'PSK_Cowgirl'...
[2026.09.02-23.35.55:862][  0]LogGameFeatures: Display: Game feature 'PSK_Cowgirl' transitioned successfully. Ending state: Active [Active, Active]
[2026.09.02-23.35.55:862][  0]LogShaderLibrary: Display: Opening a chunked shader library for plugin 'PSK_COCO' is ignored. Chunked libraries for plugins are not supported.
[2026.09.02-23.35.55:863][  0]LogPluginManager: Mounting plugin localization for 'PSK_COCO'...
[2026.09.02-23.35.55:863][  0]LogGameFeatures: Display: Game feature 'PSK_COCO' transitioned successfully. Ending state: Active [Active, Active]
[2026.09.02-23.35.55:863][  0]LogShaderLibrary: Display: Opening a chunked shader library for plugin 'PSK_Bug' is ignored. Chunked libraries for plugins are not supported.
[2026.09.02-23.35.55:864][  0]LogPluginManager: Mounting plugin localization for 'PSK_Bug'...
[2026.09.02-23.35.55:864][  0]LogGameFeatures: Display: Game feature 'PSK_Bug' transitioned successfully. Ending state: Active [Active, Active]
[2026.09.02-23.35.55:864][  0]LogShaderLibrary: Display: Opening a chunked shader library for plugin 'PSK_BadLuck' is ignored. Chunked libraries for plugins are not supported.
[2026.09.02-23.35.55:865][  0]LogPluginManager: Mounting plugin localization for 'PSK_BadLuck'...
[2026.09.02-23.35.55:865][  0]LogGameFeatures: Display: Game feature 'PSK_BadLuck' transitioned successfully. Ending state: Active [Active, Active]
[2026.09.02-23.35.55:865][  0]LogShaderLibrary: Display: Opening a chunked shader library for plugin 'PSK_Astra' is ignored. Chunked libraries for plugins are not supported.
[2026.09.02-23.35.55:867][  0]LogPluginManager: Mounting plugin localization for 'PSK_Astra'...
[2026.09.02-23.35.55:867][  0]LogGameFeatures: Display: Game feature 'PSK_Astra' transitioned successfully. Ending state: Active [Active, Active]
[2026.09.02-23.35.55:867][  0]LogShaderLibrary: Display: Opening a chunked shader library for plugin 'PSK_1047' is ignored. Chunked libraries for plugins are not supported.
[2026.09.02-23.35.55:868][  0]LogPluginManager: Mounting plugin localization for 'PSK_1047'...
[2026.09.02-23.35.55:868][  0]LogGameFeatures: Display: Game feature 'PSK_1047' transitioned successfully. Ending state: Active [Active, Active]
[2026.09.02-23.35.55:868][  0]LogShaderLibrary: Display: Opening a chunked shader library for plugin 'PRK_Wayfinder' is ignored. Chunked libraries for plugins are not supported.
[2026.09.02-23.35.55:869][  0]LogPluginManager: Mounting plugin localization for 'PRK_Wayfinder'...
[2026.09.02-23.35.55:869][  0]LogGameFeatures: Display: Game feature 'PRK_Wayfinder' transitioned successfully. Ending state: Active [Active, Active]
[2026.09.02-23.35.55:869][  0]LogShaderLibrary: Display: Opening a chunked shader library for plugin 'PRK_SpeedySlayer' is ignored. Chunked libraries for plugins are not supported.
[2026.09.02-23.35.55:870][  0]LogPluginManager: Mounting plugin localization for 'PRK_SpeedySlayer'...
[2026.09.02-23.35.55:870][  0]LogGameFeatures: Display: Game feature 'PRK_SpeedySlayer' transitioned successfully. Ending state: Active [Active, Active]
[2026.09.02-23.35.55:870][  0]LogShaderLibrary: Display: Opening a chunked shader library for plugin 'PRK_Slide' is ignored. Chunked libraries for plugins are not supported.
[2026.09.02-23.35.55:871][  0]LogPluginManager: Mounting plugin localization for 'PRK_Slide'...
[2026.09.02-23.35.55:871][  0]LogGameFeatures: Display: Game feature 'PRK_Slide' transitioned successfully. Ending state: Active [Active, Active]
[2026.09.02-23.35.55:871][  0]LogShaderLibrary: Display: Opening a chunked shader library for plugin 'PRK_QuickDraw' is ignored. Chunked libraries for plugins are not supported.
[2026.09.02-23.35.55:872][  0]LogPluginManager: Mounting plugin localization for 'PRK_QuickDraw'...
[2026.09.02-23.35.55:872][  0]LogGameFeatures: Display: Game feature 'PRK_QuickDraw' transitioned successfully. Ending state: Active [Active, Active]
[2026.09.02-23.35.55:872][  0]LogShaderLibrary: Display: Opening a chunked shader library for plugin 'PRK_Packin' is ignored. Chunked libraries for plugins are not supported.
[2026.09.02-23.35.55:873][  0]LogPluginManager: Mounting plugin localization for 'PRK_Packin'...
[2026.09.02-23.35.55:873][  0]LogGameFeatures: Display: Game feature 'PRK_Packin' transitioned successfully. Ending state: Active [Active, Active]
[2026.09.02-23.35.55:874][  0]LogShaderLibrary: Display: Opening a chunked shader library for plugin 'PRK_Overclocked' is ignored. Chunked libraries for plugins are not supported.
[2026.09.02-23.35.55:875][  0]LogPluginManager: Mounting plugin localization for 'PRK_Overclocked'...
[2026.09.02-23.35.55:875][  0]LogGameFeatures: Display: Game feature 'PRK_Overclocked' transitioned successfully. Ending state: Active [Active, Active]
[2026.09.02-23.35.55:875][  0]LogShaderLibrary: Display: Opening a chunked shader library for plugin 'PRK_MeleeMend' is ignored. Chunked libraries for plugins are not supported.
[2026.09.02-23.35.55:877][  0]LogPluginManager: Mounting plugin localization for 'PRK_MeleeMend'...
[2026.09.02-23.35.55:877][  0]LogGameFeatures: Display: Game feature 'PRK_MeleeMend' transitioned successfully. Ending state: Active [Active, Active]
[2026.09.02-23.35.55:877][  0]LogShaderLibrary: Display: Opening a chunked shader library for plugin 'PRK_KillerEquipment' is ignored. Chunked libraries for plugins are not supported.
[2026.09.02-23.35.55:878][  0]LogPluginManager: Mounting plugin localization for 'PRK_KillerEquipment'...
[2026.09.02-23.35.55:878][  0]LogGameFeatures: Display: Game feature 'PRK_KillerEquipment' transitioned successfully. Ending state: Active [Active, Active]
[2026.09.02-23.35.55:879][  0]LogShaderLibrary: Display: Opening a chunked shader library for plugin 'PRK_Hustle' is ignored. Chunked libraries for plugins are not supported.
[2026.09.02-23.35.55:879][  0]LogPluginManager: Mounting plugin localization for 'PRK_Hustle'...
[2026.09.02-23.35.55:880][  0]LogGameFeatures: Display: Game feature 'PRK_Hustle' transitioned successfully. Ending state: Active [Active, Active]
[2026.09.02-23.35.55:880][  0]LogShaderLibrary: Display: Opening a chunked shader library for plugin 'PRK_HeavyPunch' is ignored. Chunked libraries for plugins are not supported.
[2026.09.02-23.35.55:880][  0]LogPluginManager: Mounting plugin localization for 'PRK_HeavyPunch'...
[2026.09.02-23.35.55:881][  0]LogGameFeatures: Display: Game feature 'PRK_HeavyPunch' transitioned successfully. Ending state: Active [Active, Active]
[2026.09.02-23.35.55:881][  0]LogShaderLibrary: Display: Opening a chunked shader library for plugin 'PRK_Firewall' is ignored. Chunked libraries for plugins are not supported.
[2026.09.02-23.35.55:881][  0]LogPluginManager: Mounting plugin localization for 'PRK_Firewall'...
[2026.09.02-23.35.55:881][  0]LogGameFeatures: Display: Game feature 'PRK_Firewall' transitioned successfully. Ending state: Active [Active, Active]
[2026.09.02-23.35.55:881][  0]LogShaderLibrary: Display: Opening a chunked shader library for plugin 'PRK_FastHands' is ignored. Chunked libraries for plugins are not supported.
[2026.09.02-23.35.55:882][  0]LogPluginManager: Mounting plugin localization for 'PRK_FastHands'...
[2026.09.02-23.35.55:882][  0]LogGameFeatures: Display: Game feature 'PRK_FastHands' transitioned successfully. Ending state: Active [Active, Active]
[2026.09.02-23.35.55:882][  0]LogShaderLibrary: Display: Opening a chunked shader library for plugin 'PRK_EyeForEquipment' is ignored. Chunked libraries for plugins are not supported.
[2026.09.02-23.35.55:883][  0]LogPluginManager: Mounting plugin localization for 'PRK_EyeForEquipment'...
[2026.09.02-23.35.55:883][  0]LogGameFeatures: Display: Game feature 'PRK_EyeForEquipment' transitioned successfully. Ending state: Active [Active, Active]
[2026.09.02-23.35.55:883][  0]LogShaderLibrary: Display: Opening a chunked shader library for plugin 'PRK_AmmoRecycle' is ignored. Chunked libraries for plugins are not supported.
[2026.09.02-23.35.55:884][  0]LogPluginManager: Mounting plugin localization for 'PRK_AmmoRecycle'...
[2026.09.02-23.35.55:884][  0]LogGameFeatures: Display: Game feature 'PRK_AmmoRecycle' transitioned successfully. Ending state: Active [Active, Active]
[2026.09.02-23.35.55:884][  0]LogShaderLibrary: Display: Opening a chunked shader library for plugin 'MAP_TriHard' is ignored. Chunked libraries for plugins are not supported.
[2026.09.02-23.35.55:885][  0]LogPluginManager: Mounting plugin localization for 'MAP_TriHard'...
[2026.09.02-23.35.55:886][  0]LogGameFeatures: Display: Game feature 'MAP_TriHard' transitioned successfully. Ending state: Active [Active, Active]
[2026.09.02-23.35.55:886][  0]LogShaderLibrary: Display: Opening a chunked shader library for plugin 'MAP_Terra13' is ignored. Chunked libraries for plugins are not supported.
[2026.09.02-23.35.55:886][  0]LogPluginManager: Mounting plugin localization for 'MAP_Terra13'...
[2026.09.02-23.35.55:887][  0]LogGameFeatures: Display: Game feature 'MAP_Terra13' transitioned successfully. Ending state: Active [Active, Active]
[2026.09.02-23.35.55:887][  0]LogShaderLibrary: Display: Opening a chunked shader library for plugin 'MAP_Stadium' is ignored. Chunked libraries for plugins are not supported.
[2026.09.02-23.35.55:887][  0]LogPluginManager: Mounting plugin localization for 'MAP_Stadium'...
[2026.09.02-23.35.55:888][  0]LogGameFeatures: Display: Game feature 'MAP_Stadium' transitioned successfully. Ending state: Active [Active, Active]
[2026.09.02-23.35.55:888][  0]LogShaderLibrary: Display: Opening a chunked shader library for plugin 'MAP_Simulation' is ignored. Chunked libraries for plugins are not supported.
[2026.09.02-23.35.55:889][  0]LogPluginManager: Mounting plugin localization for 'MAP_Simulation'...
[2026.09.02-23.35.55:889][  0]LogGameFeatures: Display: Game feature 'MAP_Simulation' transitioned successfully. Ending state: Active [Active, Active]
[2026.09.02-23.35.55:889][  0]LogShaderLibrary: Display: Opening a chunked shader library for plugin 'MAP_Ozone' is ignored. Chunked libraries for plugins are not supported.
[2026.09.02-23.35.55:890][  0]LogPluginManager: Mounting plugin localization for 'MAP_Ozone'...
[2026.09.02-23.35.55:890][  0]LogGameFeatures: Display: Game feature 'MAP_Ozone' transitioned successfully. Ending state: Active [Active, Active]
[2026.09.02-23.35.55:890][  0]LogShaderLibrary: Display: Opening a chunked shader library for plugin 'MAP_Oasis' is ignored. Chunked libraries for plugins are not supported.
[2026.09.02-23.35.55:891][  0]LogPluginManager: Mounting plugin localization for 'MAP_Oasis'...
[2026.09.02-23.35.55:891][  0]LogGameFeatures: Display: Game feature 'MAP_Oasis' transitioned successfully. Ending state: Active [Active, Active]
[2026.09.02-23.35.55:891][  0]LogShaderLibrary: Display: Opening a chunked shader library for plugin 'MAP_Karman_Station' is ignored. Chunked libraries for plugins are not supported.
[2026.09.02-23.35.55:892][  0]LogPluginManager: Mounting plugin localization for 'MAP_Karman_Station'...
[2026.09.02-23.35.55:892][  0]LogGameFeatures: Display: Game feature 'MAP_Karman_Station' transitioned successfully. Ending state: Active [Active, Active]
[2026.09.02-23.35.55:892][  0]LogShaderLibrary: Display: Opening a chunked shader library for plugin 'MAP_Inferno' is ignored. Chunked libraries for plugins are not supported.
[2026.09.02-23.35.55:893][  0]LogPluginManager: Mounting plugin localization for 'MAP_Inferno'...
[2026.09.02-23.35.55:894][  0]LogGameFeatures: Display: Game feature 'MAP_Inferno' transitioned successfully. Ending state: Active [Active, Active]
[2026.09.02-23.35.55:894][  0]LogShaderLibrary: Display: Opening a chunked shader library for plugin 'MAP_Hammerhead' is ignored. Chunked libraries for plugins are not supported.
[2026.09.02-23.35.55:895][  0]LogPluginManager: Mounting plugin localization for 'MAP_Hammerhead'...
[2026.09.02-23.35.55:895][  0]LogGameFeatures: Display: Game feature 'MAP_Hammerhead' transitioned successfully. Ending state: Active [Active, Active]
[2026.09.02-23.35.55:895][  0]LogShaderLibrary: Display: Opening a chunked shader library for plugin 'MAP_Grit' is ignored. Chunked libraries for plugins are not supported.
[2026.09.02-23.35.55:897][  0]LogPluginManager: Mounting plugin localization for 'MAP_Grit'...
[2026.09.02-23.35.55:897][  0]LogGameFeatures: Display: Game feature 'MAP_Grit' transitioned successfully. Ending state: Active [Active, Active]
[2026.09.02-23.35.55:897][  0]LogShaderLibrary: Display: Opening a chunked shader library for plugin 'MAP_Glacier' is ignored. Chunked libraries for plugins are not supported.
[2026.09.02-23.35.55:898][  0]LogPluginManager: Mounting plugin localization for 'MAP_Glacier'...
[2026.09.02-23.35.55:898][  0]LogGameFeatures: Display: Game feature 'MAP_Glacier' transitioned successfully. Ending state: Active [Active, Active]
[2026.09.02-23.35.55:898][  0]LogShaderLibrary: Display: Opening a chunked shader library for plugin 'MAP_Frontier' is ignored. Chunked libraries for plugins are not supported.
[2026.09.02-23.35.55:899][  0]LogPluginManager: Mounting plugin localization for 'MAP_Frontier'...
[2026.09.02-23.35.55:899][  0]LogGameFeatures: Display: Game feature 'MAP_Frontier' transitioned successfully. Ending state: Active [Active, Active]
[2026.09.02-23.35.55:900][  0]LogShaderLibrary: Display: Opening a chunked shader library for plugin 'MAP_Fracture' is ignored. Chunked libraries for plugins are not supported.
[2026.09.02-23.35.55:900][  0]LogPluginManager: Mounting plugin localization for 'MAP_Fracture'...
[2026.09.02-23.35.55:901][  0]LogGameFeatures: Display: Game feature 'MAP_Fracture' transitioned successfully. Ending state: Active [Active, Active]
[2026.09.02-23.35.55:902][  0]LogShaderLibrary: Display: Opening a chunked shader library for plugin 'MAP_Foregone_Destruction' is ignored. Chunked libraries for plugins are not supported.
[2026.09.02-23.35.55:904][  0]LogPluginManager: Mounting plugin localization for 'MAP_Foregone_Destruction'...
[2026.09.02-23.35.55:905][  0]LogGameFeatures: Display: Game feature 'MAP_Foregone_Destruction' transitioned successfully. Ending state: Active [Active, Active]
[2026.09.02-23.35.55:905][  0]LogShaderLibrary: Display: Opening a chunked shader library for plugin 'MAP_Erosion' is ignored. Chunked libraries for plugins are not supported.
[2026.09.02-23.35.55:907][  0]LogPluginManager: Mounting plugin localization for 'MAP_Erosion'...
[2026.09.02-23.35.55:907][  0]LogGameFeatures: Display: Game feature 'MAP_Erosion' transitioned successfully. Ending state: Active [Active, Active]
[2026.09.02-23.35.55:907][  0]LogShaderLibrary: Display: Opening a chunked shader library for plugin 'MAP_Eden' is ignored. Chunked libraries for plugins are not supported.
[2026.09.02-23.35.55:909][  0]LogPluginManager: Mounting plugin localization for 'MAP_Eden'...
[2026.09.02-23.35.55:909][  0]LogGameFeatures: Display: Game feature 'MAP_Eden' transitioned successfully. Ending state: Active [Active, Active]
[2026.09.02-23.35.55:909][  0]LogShaderLibrary: Display: Opening a chunked shader library for plugin 'MAP_Creative_WetOcean' is ignored. Chunked libraries for plugins are not supported.
[2026.09.02-23.35.55:910][  0]LogPluginManager: Mounting plugin localization for 'MAP_Creative_WetOcean'...
[2026.09.02-23.35.55:910][  0]LogGameFeatures: Display: Game feature 'MAP_Creative_WetOcean' transitioned successfully. Ending state: Active [Active, Active]
[2026.09.02-23.35.55:911][  0]LogShaderLibrary: Display: Opening a chunked shader library for plugin 'MAP_Creative_Simulation' is ignored. Chunked libraries for plugins are not supported.
[2026.09.02-23.35.55:912][  0]LogPluginManager: Mounting plugin localization for 'MAP_Creative_Simulation'...
[2026.09.02-23.35.55:912][  0]LogGameFeatures: Display: Game feature 'MAP_Creative_Simulation' transitioned successfully. Ending state: Active [Active, Active]
[2026.09.02-23.35.55:912][  0]LogShaderLibrary: Display: Opening a chunked shader library for plugin 'MAP_Creative_FlatEarth' is ignored. Chunked libraries for plugins are not supported.
[2026.09.02-23.35.55:913][  0]LogPluginManager: Mounting plugin localization for 'MAP_Creative_FlatEarth'...
[2026.09.02-23.35.55:913][  0]LogGameFeatures: Display: Game feature 'MAP_Creative_FlatEarth' transitioned successfully. Ending state: Active [Active, Active]
[2026.09.02-23.35.55:913][  0]LogShaderLibrary: Display: Opening a chunked shader library for plugin 'MAP_Creative_EmptySpace' is ignored. Chunked libraries for plugins are not supported.
[2026.09.02-23.35.55:914][  0]LogPluginManager: Mounting plugin localization for 'MAP_Creative_EmptySpace'...
[2026.09.02-23.35.55:914][  0]LogGameFeatures: Display: Game feature 'MAP_Creative_EmptySpace' transitioned successfully. Ending state: Active [Active, Active]
[2026.09.02-23.35.55:914][  0]LogShaderLibrary: Display: Opening a chunked shader library for plugin 'MAP_Core' is ignored. Chunked libraries for plugins are not supported.
[2026.09.02-23.35.55:915][  0]LogPluginManager: Mounting plugin localization for 'MAP_Core'...
[2026.09.02-23.35.55:915][  0]LogGameFeatures: Display: Game feature 'MAP_Core' transitioned successfully. Ending state: Active [Active, Active]
[2026.09.02-23.35.55:916][  0]LogShaderLibrary: Display: Opening a chunked shader library for plugin 'MAP_Containment' is ignored. Chunked libraries for plugins are not supported.
[2026.09.02-23.35.55:918][  0]LogPluginManager: Mounting plugin localization for 'MAP_Containment'...
[2026.09.02-23.35.55:918][  0]LogGameFeatures: Display: Game feature 'MAP_Containment' transitioned successfully. Ending state: Active [Active, Active]
[2026.09.02-23.35.55:919][  0]LogShaderLibrary: Display: Opening a chunked shader library for plugin 'MAP_Bypass' is ignored. Chunked libraries for plugins are not supported.
[2026.09.02-23.35.55:920][  0]LogPluginManager: Mounting plugin localization for 'MAP_Bypass'...
[2026.09.02-23.35.55:920][  0]LogGameFeatures: Display: Game feature 'MAP_Bypass' transitioned successfully. Ending state: Active [Active, Active]
[2026.09.02-23.35.55:920][  0]LogShaderLibrary: Display: Opening a chunked shader library for plugin 'MAP_Biome6' is ignored. Chunked libraries for plugins are not supported.
[2026.09.02-23.35.55:921][  0]LogPluginManager: Mounting plugin localization for 'MAP_Biome6'...
[2026.09.02-23.35.55:921][  0]LogGameFeatures: Display: Game feature 'MAP_Biome6' transitioned successfully. Ending state: Active [Active, Active]
[2026.09.02-23.35.55:921][  0]LogShaderLibrary: Display: Opening a chunked shader library for plugin 'MAP_Academy' is ignored. Chunked libraries for plugins are not supported.
[2026.09.02-23.35.55:922][  0]LogPluginManager: Mounting plugin localization for 'MAP_Academy'...
[2026.09.02-23.35.55:922][  0]LogGameFeatures: Display: Game feature 'MAP_Academy' transitioned successfully. Ending state: Active [Active, Active]
[2026.09.02-23.35.55:923][  0]LogShaderLibrary: Display: Opening a chunked shader library for plugin 'MAP_Abyss' is ignored. Chunked libraries for plugins are not supported.
[2026.09.02-23.35.55:923][  0]LogPluginManager: Mounting plugin localization for 'MAP_Abyss'...
[2026.09.02-23.35.55:924][  0]LogGameFeatures: Display: Game feature 'MAP_Abyss' transitioned successfully. Ending state: Active [Active, Active]
[2026.09.02-23.35.55:924][  0]LogShaderLibrary: Display: Opening a chunked shader library for plugin 'FCT_Generic' is ignored. Chunked libraries for plugins are not supported.
[2026.09.02-23.35.55:925][  0]LogPluginManager: Mounting plugin localization for 'FCT_Generic'...
[2026.09.02-23.35.55:925][  0]LogGameFeatures: Display: Game feature 'FCT_Generic' transitioned successfully. Ending state: Active [Active, Active]
[2026.09.02-23.35.55:925][  0]LogShaderLibrary: Display: Opening a chunked shader library for plugin 'FCT_Aeros' is ignored. Chunked libraries for plugins are not supported.
[2026.09.02-23.35.55:927][  0]LogPluginManager: Mounting plugin localization for 'FCT_Aeros'...
[2026.09.02-23.35.55:927][  0]LogGameFeatures: Display: Game feature 'FCT_Aeros' transitioned successfully. Ending state: Active [Active, Active]
[2026.09.02-23.35.55:928][  0]LogShaderLibrary: Display: Opening a chunked shader library for plugin 'EDT_Splitgate' is ignored. Chunked libraries for plugins are not supported.
[2026.09.02-23.35.55:930][  0]LogPluginManager: Mounting plugin localization for 'EDT_Splitgate'...
[2026.09.02-23.35.55:933][  0]LogGameFeatures: Display: Game feature 'EDT_Splitgate' transitioned successfully. Ending state: Active [Active, Active]
[2026.09.02-23.35.55:933][  0]LogShaderLibrary: Display: Opening a chunked shader library for plugin 'CRC_Core' is ignored. Chunked libraries for plugins are not supported.
[2026.09.02-23.35.55:934][  0]LogPluginManager: Mounting plugin localization for 'CRC_Core'...
[2026.09.02-23.35.55:934][  0]LogGameFeatures: Display: Game feature 'CRC_Core' transitioned successfully. Ending state: Active [Active, Active]
[2026.09.02-23.35.55:935][  0]LogShaderLibrary: Display: Opening a chunked shader library for plugin 'CHR_T200' is ignored. Chunked libraries for plugins are not supported.
[2026.09.02-23.35.55:936][  0]LogPluginManager: Mounting plugin localization for 'CHR_T200'...
[2026.09.02-23.35.55:936][  0]LogGameFeatures: Display: Game feature 'CHR_T200' transitioned successfully. Ending state: Active [Active, Active]
[2026.09.02-23.35.55:936][  0]LogShaderLibrary: Display: Opening a chunked shader library for plugin 'CHR_AER_OrionFemale' is ignored. Chunked libraries for plugins are not supported.
[2026.09.02-23.35.55:938][  0]LogPluginManager: Mounting plugin localization for 'CHR_AER_OrionFemale'...
[2026.09.02-23.35.55:938][  0]LogGameFeatures: Display: Game feature 'CHR_AER_OrionFemale' transitioned successfully. Ending state: Active [Active, Active]
[2026.09.02-23.35.55:938][  0]LogShaderLibrary: Display: Opening a chunked shader library for plugin 'MAP_Ozone_Graffiti' is ignored. Chunked libraries for plugins are not supported.
[2026.09.02-23.35.55:939][  0]LogPluginManager: Mounting plugin localization for 'MAP_Ozone_Graffiti'...
[2026.09.02-23.35.55:939][  0]LogGameFeatures: Display: Game feature 'MAP_Ozone_Graffiti' transitioned successfully. Ending state: Active [Active, Active]
[2026.09.02-23.35.55:940][  0]LogShaderLibrary: Display: Opening a chunked shader library for plugin 'MAP_Sanctum' is ignored. Chunked libraries for plugins are not supported.
[2026.09.02-23.35.55:941][  0]LogPluginManager: Mounting plugin localization for 'MAP_Sanctum'...
[2026.09.02-23.35.55:941][  0]LogGameFeatures: Display: Game feature 'MAP_Sanctum' transitioned successfully. Ending state: Active [Active, Active]
[2026.09.02-23.35.55:941][  0]LogShaderLibrary: Display: Opening a chunked shader library for plugin 'FCT_Generic_Definitions' is ignored. Chunked libraries for plugins are not supported.
[2026.09.02-23.35.55:942][  0]LogPluginManager: Mounting plugin localization for 'FCT_Generic_Definitions'...
[2026.09.02-23.35.55:942][  0]LogGameFeatures: Display: Game feature 'FCT_Generic_Definitions' transitioned successfully. Ending state: Active [Active, Active]
[2026.09.02-23.35.55:942][  0]LogShaderLibrary: Display: Opening a chunked shader library for plugin 'WEP_AER_Shotgun' is ignored. Chunked libraries for plugins are not supported.
[2026.09.02-23.35.55:944][  0]LogPluginManager: Mounting plugin localization for 'WEP_AER_Shotgun'...
[2026.09.02-23.35.55:944][  0]LogGameFeatures: Display: Game feature 'WEP_AER_Shotgun' transitioned successfully. Ending state: Active [Active, Active]
[2026.09.02-23.35.55:944][  0]LogShaderLibrary: Display: Opening a chunked shader library for plugin 'WEP_AER_SemiPistol' is ignored. Chunked libraries for plugins are not supported.
[2026.09.02-23.35.55:946][  0]LogPluginManager: Mounting plugin localization for 'WEP_AER_SemiPistol'...
[2026.09.02-23.35.55:946][  0]LogGameFeatures: Display: Game feature 'WEP_AER_SemiPistol' transitioned successfully. Ending state: Active [Active, Active]
[2026.09.02-23.35.55:946][  0]LogShaderLibrary: Display: Opening a chunked shader library for plugin 'WEP_AER_SMG' is ignored. Chunked libraries for plugins are not supported.
[2026.09.02-23.35.55:948][  0]LogPluginManager: Mounting plugin localization for 'WEP_AER_SMG'...
[2026.09.02-23.35.55:948][  0]LogGameFeatures: Display: Game feature 'WEP_AER_SMG' transitioned successfully. Ending state: Active [Active, Active]
[2026.09.02-23.35.55:948][  0]LogShaderLibrary: Display: Opening a chunked shader library for plugin 'WEP_AER_LMG' is ignored. Chunked libraries for plugins are not supported.
[2026.09.02-23.35.55:950][  0]LogPluginManager: Mounting plugin localization for 'WEP_AER_LMG'...
[2026.09.02-23.35.55:950][  0]LogGameFeatures: Display: Game feature 'WEP_AER_LMG' transitioned successfully. Ending state: Active [Active, Active]
[2026.09.02-23.35.55:950][  0]LogShaderLibrary: Display: Opening a chunked shader library for plugin 'WEP_AER_HeavyPistol' is ignored. Chunked libraries for plugins are not supported.
[2026.09.02-23.35.55:952][  0]LogPluginManager: Mounting plugin localization for 'WEP_AER_HeavyPistol'...
[2026.09.02-23.35.55:952][  0]LogGameFeatures: Display: Game feature 'WEP_AER_HeavyPistol' transitioned successfully. Ending state: Active [Active, Active]
[2026.09.02-23.35.55:952][  0]LogShaderLibrary: Display: Opening a chunked shader library for plugin 'WEP_AER_Carbine' is ignored. Chunked libraries for plugins are not supported.
[2026.09.02-23.35.55:953][  0]LogPluginManager: Mounting plugin localization for 'WEP_AER_Carbine'...
[2026.09.02-23.35.55:954][  0]LogGameFeatures: Display: Game feature 'WEP_AER_Carbine' transitioned successfully. Ending state: Active [Active, Active]
[2026.09.02-23.35.55:954][  0]LogShaderLibrary: Display: Opening a chunked shader library for plugin 'WEP_AER_BurstRifle' is ignored. Chunked libraries for plugins are not supported.
[2026.09.02-23.35.55:956][  0]LogPluginManager: Mounting plugin localization for 'WEP_AER_BurstRifle'...
[2026.09.02-23.35.55:956][  0]LogGameFeatures: Display: Game feature 'WEP_AER_BurstRifle' transitioned successfully. Ending state: Active [Active, Active]
[2026.09.02-23.35.55:956][  0]LogShaderLibrary: Display: Opening a chunked shader library for plugin 'WEP_AER_BurstPistol' is ignored. Chunked libraries for plugins are not supported.
[2026.09.02-23.35.55:958][  0]LogPluginManager: Mounting plugin localization for 'WEP_AER_BurstPistol'...
[2026.09.02-23.35.55:958][  0]LogGameFeatures: Display: Game feature 'WEP_AER_BurstPistol' transitioned successfully. Ending state: Active [Active, Active]
[2026.09.02-23.35.55:959][  0]LogShaderLibrary: Display: Opening a chunked shader library for plugin 'WEP_AER_AssaultRifle' is ignored. Chunked libraries for plugins are not supported.
[2026.09.02-23.35.55:960][  0]LogPluginManager: Mounting plugin localization for 'WEP_AER_AssaultRifle'...
[2026.09.02-23.35.55:960][  0]LogGameFeatures: Display: Game feature 'WEP_AER_AssaultRifle' transitioned successfully. Ending state: Active [Active, Active]
[2026.09.02-23.35.55:961][  0]LogShaderLibrary: Display: Opening a chunked shader library for plugin 'EQP_AER_PortaPortal' is ignored. Chunked libraries for plugins are not supported.
[2026.09.02-23.35.55:962][  0]LogPluginManager: Mounting plugin localization for 'EQP_AER_PortaPortal'...
[2026.09.02-23.35.55:962][  0]LogGameFeatures: Display: Game feature 'EQP_AER_PortaPortal' transitioned successfully. Ending state: Active [Active, Active]
[2026.09.02-23.35.55:962][  0]LogShaderLibrary: Display: Opening a chunked shader library for plugin 'CHR_AER_OrionMale' is ignored. Chunked libraries for plugins are not supported.
[2026.09.02-23.35.55:964][  0]LogPluginManager: Mounting plugin localization for 'CHR_AER_OrionMale'...
[2026.09.02-23.35.55:964][  0]LogGameFeatures: Display: Game feature 'CHR_AER_OrionMale' transitioned successfully. Ending state: Active [Active, Active]
[2026.09.02-23.35.55:964][  0]LogShaderLibrary: Display: Opening a chunked shader library for plugin 'CHR_AER_OrionMaleUltra' is ignored. Chunked libraries for plugins are not supported.
[2026.09.02-23.35.55:966][  0]LogPluginManager: Mounting plugin localization for 'CHR_AER_OrionMaleUltra'...
[2026.09.02-23.35.55:966][  0]LogGameFeatures: Display: Game feature 'CHR_AER_OrionMaleUltra' transitioned successfully. Ending state: Active [Active, Active]
[2026.09.02-23.35.55:966][  0]LogShaderLibrary: Display: Opening a chunked shader library for plugin 'CHR_AER_Bolt' is ignored. Chunked libraries for plugins are not supported.
[2026.09.02-23.35.55:967][  0]LogPluginManager: Mounting plugin localization for 'CHR_AER_Bolt'...
[2026.09.02-23.35.55:967][  0]LogGameFeatures: Display: Game feature 'CHR_AER_Bolt' transitioned successfully. Ending state: Active [Active, Active]
[2026.09.02-23.35.55:968][  0]LogShaderLibrary: Display: Opening a chunked shader library for plugin 'CHR_SBK_OrionFemale' is ignored. Chunked libraries for plugins are not supported.
[2026.09.02-23.35.55:969][  0]LogPluginManager: Mounting plugin localization for 'CHR_SBK_OrionFemale'...
[2026.09.02-23.35.55:969][  0]LogGameFeatures: Display: Game feature 'CHR_SBK_OrionFemale' transitioned successfully. Ending state: Active [Active, Active]
[2026.09.02-23.35.55:969][  0]LogShaderLibrary: Display: Opening a chunked shader library for plugin 'CHR_MER_OrionFemale' is ignored. Chunked libraries for plugins are not supported.
[2026.09.02-23.35.55:970][  0]LogPluginManager: Mounting plugin localization for 'CHR_MER_OrionFemale'...
[2026.09.02-23.35.55:971][  0]LogGameFeatures: Display: Game feature 'CHR_MER_OrionFemale' transitioned successfully. Ending state: Active [Active, Active]
[2026.09.02-23.35.55:971][  0]LogShaderLibrary: Display: Opening a chunked shader library for plugin 'MAP_Ozone_Night' is ignored. Chunked libraries for plugins are not supported.
[2026.09.02-23.35.55:972][  0]LogPluginManager: Mounting plugin localization for 'MAP_Ozone_Night'...
[2026.09.02-23.35.55:972][  0]LogGameFeatures: Display: Game feature 'MAP_Ozone_Night' transitioned successfully. Ending state: Active [Active, Active]
[2026.09.02-23.35.55:972][  0]LogShaderLibrary: Display: Opening a chunked shader library for plugin 'MAP_HangmanR3' is ignored. Chunked libraries for plugins are not supported.
[2026.09.02-23.35.55:973][  0]LogPluginManager: Mounting plugin localization for 'MAP_HangmanR3'...
[2026.09.02-23.35.55:974][  0]LogGameFeatures: Display: Game feature 'MAP_HangmanR3' transitioned successfully. Ending state: Active [Active, Active]
[2026.09.02-23.35.55:974][  0]LogShaderLibrary: Display: Opening a chunked shader library for plugin 'MAP_Biome6_Sanctum' is ignored. Chunked libraries for plugins are not supported.
[2026.09.02-23.35.55:976][  0]LogPluginManager: Mounting plugin localization for 'MAP_Biome6_Sanctum'...
[2026.09.02-23.35.55:976][  0]LogGameFeatures: Display: Game feature 'MAP_Biome6_Sanctum' transitioned successfully. Ending state: Active [Active, Active]
[2026.09.02-23.35.55:976][  0]LogShaderLibrary: Display: Opening a chunked shader library for plugin 'WSK_AER_Shotgun_Vice' is ignored. Chunked libraries for plugins are not supported.
[2026.09.02-23.35.55:977][  0]LogPluginManager: Mounting plugin localization for 'WSK_AER_Shotgun_Vice'...
[2026.09.02-23.35.55:977][  0]LogGameFeatures: Display: Game feature 'WSK_AER_Shotgun_Vice' transitioned successfully. Ending state: Active [Active, Active]
[2026.09.02-23.35.55:977][  0]LogShaderLibrary: Display: Opening a chunked shader library for plugin 'WSK_AER_Shotgun_Streamer' is ignored. Chunked libraries for plugins are not supported.
[2026.09.02-23.35.55:978][  0]LogPluginManager: Mounting plugin localization for 'WSK_AER_Shotgun_Streamer'...
[2026.09.02-23.35.55:978][  0]LogGameFeatures: Display: Game feature 'WSK_AER_Shotgun_Streamer' transitioned successfully. Ending state: Active [Active, Active]
[2026.09.02-23.35.55:978][  0]LogShaderLibrary: Display: Opening a chunked shader library for plugin 'WSK_AER_Shotgun_ProPack' is ignored. Chunked libraries for plugins are not supported.
[2026.09.02-23.35.55:981][  0]LogPluginManager: Mounting plugin localization for 'WSK_AER_Shotgun_ProPack'...
[2026.09.02-23.35.55:981][  0]LogGameFeatures: Display: Game feature 'WSK_AER_Shotgun_ProPack' transitioned successfully. Ending state: Active [Active, Active]
[2026.09.02-23.35.55:981][  0]LogShaderLibrary: Display: Opening a chunked shader library for plugin 'WSK_AER_Shotgun_OhaiCoffee' is ignored. Chunked libraries for plugins are not supported.
[2026.09.02-23.35.55:982][  0]LogPluginManager: Mounting plugin localization for 'WSK_AER_Shotgun_OhaiCoffee'...
[2026.09.02-23.35.55:982][  0]LogGameFeatures: Display: Game feature 'WSK_AER_Shotgun_OhaiCoffee' transitioned successfully. Ending state: Active [Active, Active]
[2026.09.02-23.35.55:982][  0]LogShaderLibrary: Display: Opening a chunked shader library for plugin 'WSK_AER_Shotgun_Marble' is ignored. Chunked libraries for plugins are not supported.
[2026.09.02-23.35.55:983][  0]LogPluginManager: Mounting plugin localization for 'WSK_AER_Shotgun_Marble'...
[2026.09.02-23.35.55:984][  0]LogGameFeatures: Display: Game feature 'WSK_AER_Shotgun_Marble' transitioned successfully. Ending state: Active [Active, Active]
[2026.09.02-23.35.55:984][  0]LogShaderLibrary: Display: Opening a chunked shader library for plugin 'WSK_AER_Shotgun_Manga' is ignored. Chunked libraries for plugins are not supported.
[2026.09.02-23.35.55:986][  0]LogPluginManager: Mounting plugin localization for 'WSK_AER_Shotgun_Manga'...
[2026.09.02-23.35.55:986][  0]LogGameFeatures: Display: Game feature 'WSK_AER_Shotgun_Manga' transitioned successfully. Ending state: Active [Active, Active]
[2026.09.02-23.35.55:986][  0]LogShaderLibrary: Display: Opening a chunked shader library for plugin 'WSK_AER_Shotgun_Kelps' is ignored. Chunked libraries for plugins are not supported.
[2026.09.02-23.35.55:987][  0]LogPluginManager: Mounting plugin localization for 'WSK_AER_Shotgun_Kelps'...
[2026.09.02-23.35.55:987][  0]LogGameFeatures: Display: Game feature 'WSK_AER_Shotgun_Kelps' transitioned successfully. Ending state: Active [Active, Active]
[2026.09.02-23.35.55:987][  0]LogShaderLibrary: Display: Opening a chunked shader library for plugin 'WSK_AER_Shotgun_Illustration' is ignored. Chunked libraries for plugins are not supported.
[2026.09.02-23.35.55:988][  0]LogPluginManager: Mounting plugin localization for 'WSK_AER_Shotgun_Illustration'...
[2026.09.02-23.35.55:988][  0]LogGameFeatures: Display: Game feature 'WSK_AER_Shotgun_Illustration' transitioned successfully. Ending state: Active [Active, Active]
[2026.09.02-23.35.55:988][  0]LogShaderLibrary: Display: Opening a chunked shader library for plugin 'WSK_AER_Shotgun_GutFeeling' is ignored. Chunked libraries for plugins are not supported.
[2026.09.02-23.35.55:989][  0]LogPluginManager: Mounting plugin localization for 'WSK_AER_Shotgun_GutFeeling'...
[2026.09.02-23.35.55:989][  0]LogGameFeatures: Display: Game feature 'WSK_AER_Shotgun_GutFeeling' transitioned successfully. Ending state: Active [Active, Active]
[2026.09.02-23.35.55:989][  0]LogShaderLibrary: Display: Opening a chunked shader library for plugin 'WSK_AER_Shotgun_Bauhaus' is ignored. Chunked libraries for plugins are not supported.
[2026.09.02-23.35.55:990][  0]LogPluginManager: Mounting plugin localization for 'WSK_AER_Shotgun_Bauhaus'...
[2026.09.02-23.35.55:990][  0]LogGameFeatures: Display: Game feature 'WSK_AER_Shotgun_Bauhaus' transitioned successfully. Ending state: Active [Active, Active]
[2026.09.02-23.35.55:990][  0]LogShaderLibrary: Display: Opening a chunked shader library for plugin 'WSK_AER_Shotgun_80sSki' is ignored. Chunked libraries for plugins are not supported.
[2026.09.02-23.35.55:991][  0]LogPluginManager: Mounting plugin localization for 'WSK_AER_Shotgun_80sSki'...
[2026.09.02-23.35.55:991][  0]LogGameFeatures: Display: Game feature 'WSK_AER_Shotgun_80sSki' transitioned successfully. Ending state: Active [Active, Active]
[2026.09.02-23.35.55:991][  0]LogShaderLibrary: Display: Opening a chunked shader library for plugin 'WSK_AER_SemiPistol_Tagger' is ignored. Chunked libraries for plugins are not supported.
[2026.09.02-23.35.55:992][  0]LogPluginManager: Mounting plugin localization for 'WSK_AER_SemiPistol_Tagger'...
[2026.09.02-23.35.55:992][  0]LogGameFeatures: Display: Game feature 'WSK_AER_SemiPistol_Tagger' transitioned successfully. Ending state: Active [Active, Active]
[2026.09.02-23.35.55:993][  0]LogShaderLibrary: Display: Opening a chunked shader library for plugin 'WSK_AER_SemiPistol_StealthCarbon' is ignored. Chunked libraries for plugins are not supported.
[2026.09.02-23.35.55:993][  0]LogPluginManager: Mounting plugin localization for 'WSK_AER_SemiPistol_StealthCarbon'...
[2026.09.02-23.35.55:993][  0]LogGameFeatures: Display: Game feature 'WSK_AER_SemiPistol_StealthCarbon' transitioned successfully. Ending state: Active [Active, Active]
[2026.09.02-23.35.55:993][  0]LogShaderLibrary: Display: Opening a chunked shader library for plugin 'WSK_AER_SemiPistol_Reclaimer' is ignored. Chunked libraries for plugins are not supported.
[2026.09.02-23.35.55:994][  0]LogPluginManager: Mounting plugin localization for 'WSK_AER_SemiPistol_Reclaimer'...
[2026.09.02-23.35.55:994][  0]LogGameFeatures: Display: Game feature 'WSK_AER_SemiPistol_Reclaimer' transitioned successfully. Ending state: Active [Active, Active]
[2026.09.02-23.35.55:995][  0]LogShaderLibrary: Display: Opening a chunked shader library for plugin 'WSK_AER_SemiPistol_Marble' is ignored. Chunked libraries for plugins are not supported.
[2026.09.02-23.35.55:995][  0]LogPluginManager: Mounting plugin localization for 'WSK_AER_SemiPistol_Marble'...
[2026.09.02-23.35.55:996][  0]LogGameFeatures: Display: Game feature 'WSK_AER_SemiPistol_Marble' transitioned successfully. Ending state: Active [Active, Active]
[2026.09.02-23.35.55:996][  0]LogShaderLibrary: Display: Opening a chunked shader library for plugin 'WSK_AER_SemiPistol_CreatorClash' is ignored. Chunked libraries for plugins are not supported.
[2026.09.02-23.35.55:997][  0]LogPluginManager: Mounting plugin localization for 'WSK_AER_SemiPistol_CreatorClash'...
[2026.09.02-23.35.55:997][  0]LogGameFeatures: Display: Game feature 'WSK_AER_SemiPistol_CreatorClash' transitioned successfully. Ending state: Active [Active, Active]
[2026.09.02-23.35.55:997][  0]LogShaderLibrary: Display: Opening a chunked shader library for plugin 'WSK_AER_SMG_Tacops' is ignored. Chunked libraries for plugins are not supported.
[2026.09.02-23.35.55:998][  0]LogPluginManager: Mounting plugin localization for 'WSK_AER_SMG_Tacops'...
[2026.09.02-23.35.55:998][  0]LogGameFeatures: Display: Game feature 'WSK_AER_SMG_Tacops' transitioned successfully. Ending state: Active [Active, Active]
[2026.09.02-23.35.55:998][  0]LogShaderLibrary: Display: Opening a chunked shader library for plugin 'WSK_AER_SMG_SeasonFinale' is ignored. Chunked libraries for plugins are not supported.
[2026.09.02-23.35.55:999][  0]LogPluginManager: Mounting plugin localization for 'WSK_AER_SMG_SeasonFinale'...
[2026.09.02-23.35.55:999][  0]LogGameFeatures: Display: Game feature 'WSK_AER_SMG_SeasonFinale' transitioned successfully. Ending state: Active [Active, Active]
[2026.09.02-23.35.55:999][  0]LogShaderLibrary: Display: Opening a chunked shader library for plugin 'WSK_AER_SMG_Ramen' is ignored. Chunked libraries for plugins are not supported.
[2026.09.02-23.35.56:000][  0]LogPluginManager: Mounting plugin localization for 'WSK_AER_SMG_Ramen'...
[2026.09.02-23.35.56:000][  0]LogGameFeatures: Display: Game feature 'WSK_AER_SMG_Ramen' transitioned successfully. Ending state: Active [Active, Active]
[2026.09.02-23.35.56:000][  0]LogShaderLibrary: Display: Opening a chunked shader library for plugin 'WSK_AER_SMG_Oni' is ignored. Chunked libraries for plugins are not supported.
[2026.09.02-23.35.56:001][  0]LogPluginManager: Mounting plugin localization for 'WSK_AER_SMG_Oni'...
[2026.09.02-23.35.56:001][  0]LogGameFeatures: Display: Game feature 'WSK_AER_SMG_Oni' transitioned successfully. Ending state: Active [Active, Active]
[2026.09.02-23.35.56:001][  0]LogShaderLibrary: Display: Opening a chunked shader library for plugin 'WSK_AER_SMG_MusicPlayer' is ignored. Chunked libraries for plugins are not supported.
[2026.09.02-23.35.56:002][  0]LogPluginManager: Mounting plugin localization for 'WSK_AER_SMG_MusicPlayer'...
[2026.09.02-23.35.56:002][  0]LogGameFeatures: Display: Game feature 'WSK_AER_SMG_MusicPlayer' transitioned successfully. Ending state: Active [Active, Active]
[2026.09.02-23.35.56:002][  0]LogShaderLibrary: Display: Opening a chunked shader library for plugin 'WSK_AER_SMG_Jellyfish' is ignored. Chunked libraries for plugins are not supported.
[2026.09.02-23.35.56:003][  0]LogPluginManager: Mounting plugin localization for 'WSK_AER_SMG_Jellyfish'...
[2026.09.02-23.35.56:003][  0]LogGameFeatures: Display: Game feature 'WSK_AER_SMG_Jellyfish' transitioned successfully. Ending state: Active [Active, Active]
[2026.09.02-23.35.56:003][  0]LogShaderLibrary: Display: Opening a chunked shader library for plugin 'WSK_AER_SMG_Gift' is ignored. Chunked libraries for plugins are not supported.
[2026.09.02-23.35.56:004][  0]LogPluginManager: Mounting plugin localization for 'WSK_AER_SMG_Gift'...
[2026.09.02-23.35.56:004][  0]LogGameFeatures: Display: Game feature 'WSK_AER_SMG_Gift' transitioned successfully. Ending state: Active [Active, Active]
[2026.09.02-23.35.56:004][  0]LogShaderLibrary: Display: Opening a chunked shader library for plugin 'WSK_AER_SMG_Gamer' is ignored. Chunked libraries for plugins are not supported.
[2026.09.02-23.35.56:006][  0]LogPluginManager: Mounting plugin localization for 'WSK_AER_SMG_Gamer'...
[2026.09.02-23.35.56:006][  0]LogGameFeatures: Display: Game feature 'WSK_AER_SMG_Gamer' transitioned successfully. Ending state: Active [Active, Active]
[2026.09.02-23.35.56:006][  0]LogShaderLibrary: Display: Opening a chunked shader library for plugin 'WSK_AER_SMG_CreatorClash' is ignored. Chunked libraries for plugins are not supported.
[2026.09.02-23.35.56:007][  0]LogPluginManager: Mounting plugin localization for 'WSK_AER_SMG_CreatorClash'...
[2026.09.02-23.35.56:008][  0]LogGameFeatures: Display: Game feature 'WSK_AER_SMG_CreatorClash' transitioned successfully. Ending state: Active [Active, Active]
[2026.09.02-23.35.56:008][  0]LogShaderLibrary: Display: Opening a chunked shader library for plugin 'WSK_AER_SMG_CompetitionBow' is ignored. Chunked libraries for plugins are not supported.
[2026.09.02-23.35.56:009][  0]LogPluginManager: Mounting plugin localization for 'WSK_AER_SMG_CompetitionBow'...
[2026.09.02-23.35.56:009][  0]LogGameFeatures: Display: Game feature 'WSK_AER_SMG_CompetitionBow' transitioned successfully. Ending state: Active [Active, Active]
[2026.09.02-23.35.56:009][  0]LogShaderLibrary: Display: Opening a chunked shader library for plugin 'WSK_AER_SMG_CHAMELEON' is ignored. Chunked libraries for plugins are not supported.
[2026.09.02-23.35.56:010][  0]LogPluginManager: Mounting plugin localization for 'WSK_AER_SMG_CHAMELEON'...
[2026.09.02-23.35.56:010][  0]LogGameFeatures: Display: Game feature 'WSK_AER_SMG_CHAMELEON' transitioned successfully. Ending state: Active [Active, Active]
[2026.09.02-23.35.56:010][  0]LogShaderLibrary: Display: Opening a chunked shader library for plugin 'WSK_AER_SMG_Arcade' is ignored. Chunked libraries for plugins are not supported.
[2026.09.02-23.35.56:011][  0]LogPluginManager: Mounting plugin localization for 'WSK_AER_SMG_Arcade'...
[2026.09.02-23.35.56:012][  0]LogGameFeatures: Display: Game feature 'WSK_AER_SMG_Arcade' transitioned successfully. Ending state: Active [Active, Active]
[2026.09.02-23.35.56:012][  0]LogShaderLibrary: Display: Opening a chunked shader library for plugin 'WSK_AER_LMG_Marble' is ignored. Chunked libraries for plugins are not supported.
[2026.09.02-23.35.56:013][  0]LogGameFeatures: Display: Game feature 'WSK_AER_LMG_Marble' transitioned successfully. Ending state: Active [Active, Active]
[2026.09.02-23.35.56:013][  0]LogShaderLibrary: Display: Opening a chunked shader library for plugin 'WSK_AER_LMG_Gamer' is ignored. Chunked libraries for plugins are not supported.
[2026.09.02-23.35.56:014][  0]LogPluginManager: Mounting plugin localization for 'WSK_AER_LMG_Gamer'...
[2026.09.02-23.35.56:014][  0]LogGameFeatures: Display: Game feature 'WSK_AER_LMG_Gamer' transitioned successfully. Ending state: Active [Active, Active]
[2026.09.02-23.35.56:014][  0]LogShaderLibrary: Display: Opening a chunked shader library for plugin 'WSK_AER_LMG_CompetitionBow' is ignored. Chunked libraries for plugins are not supported.
[2026.09.02-23.35.56:015][  0]LogPluginManager: Mounting plugin localization for 'WSK_AER_LMG_CompetitionBow'...
[2026.09.02-23.35.56:015][  0]LogGameFeatures: Display: Game feature 'WSK_AER_LMG_CompetitionBow' transitioned successfully. Ending state: Active [Active, Active]
[2026.09.02-23.35.56:016][  0]LogShaderLibrary: Display: Opening a chunked shader library for plugin 'WSK_AER_HeavyPistol_Oni' is ignored. Chunked libraries for plugins are not supported.
[2026.09.02-23.35.56:016][  0]LogPluginManager: Mounting plugin localization for 'WSK_AER_HeavyPistol_Oni'...
[2026.09.02-23.35.56:017][  0]LogGameFeatures: Display: Game feature 'WSK_AER_HeavyPistol_Oni' transitioned successfully. Ending state: Active [Active, Active]
[2026.09.02-23.35.56:017][  0]LogShaderLibrary: Display: Opening a chunked shader library for plugin 'WSK_AER_HeavyPistol_Kraken' is ignored. Chunked libraries for plugins are not supported.
[2026.09.02-23.35.56:018][  0]LogPluginManager: Mounting plugin localization for 'WSK_AER_HeavyPistol_Kraken'...
[2026.09.02-23.35.56:018][  0]LogGameFeatures: Display: Game feature 'WSK_AER_HeavyPistol_Kraken' transitioned successfully. Ending state: Active [Active, Active]
[2026.09.02-23.35.56:018][  0]LogShaderLibrary: Display: Opening a chunked shader library for plugin 'WSK_AER_HeavyPistol_Graffiti' is ignored. Chunked libraries for plugins are not supported.
[2026.09.02-23.35.56:019][  0]LogPluginManager: Mounting plugin localization for 'WSK_AER_HeavyPistol_Graffiti'...
[2026.09.02-23.35.56:019][  0]LogGameFeatures: Display: Game feature 'WSK_AER_HeavyPistol_Graffiti' transitioned successfully. Ending state: Active [Active, Active]
[2026.09.02-23.35.56:019][  0]LogShaderLibrary: Display: Opening a chunked shader library for plugin 'WSK_AER_Carbine_TarotCard' is ignored. Chunked libraries for plugins are not supported.
[2026.09.02-23.35.56:020][  0]LogPluginManager: Mounting plugin localization for 'WSK_AER_Carbine_TarotCard'...
[2026.09.02-23.35.56:020][  0]LogGameFeatures: Display: Game feature 'WSK_AER_Carbine_TarotCard' transitioned successfully. Ending state: Active [Active, Active]
[2026.09.02-23.35.56:020][  0]LogShaderLibrary: Display: Opening a chunked shader library for plugin 'WSK_AER_Carbine_Marble' is ignored. Chunked libraries for plugins are not supported.
[2026.09.02-23.35.56:022][  0]LogPluginManager: Mounting plugin localization for 'WSK_AER_Carbine_Marble'...
[2026.09.02-23.35.56:022][  0]LogGameFeatures: Display: Game feature 'WSK_AER_Carbine_Marble' transitioned successfully. Ending state: Active [Active, Active]
[2026.09.02-23.35.56:022][  0]LogShaderLibrary: Display: Opening a chunked shader library for plugin 'WSK_AER_Carbine_Jungle' is ignored. Chunked libraries for plugins are not supported.
[2026.09.02-23.35.56:023][  0]LogPluginManager: Mounting plugin localization for 'WSK_AER_Carbine_Jungle'...
[2026.09.02-23.35.56:023][  0]LogGameFeatures: Display: Game feature 'WSK_AER_Carbine_Jungle' transitioned successfully. Ending state: Active [Active, Active]
[2026.09.02-23.35.56:023][  0]LogShaderLibrary: Display: Opening a chunked shader library for plugin 'WSK_AER_Carbine_Gamer' is ignored. Chunked libraries for plugins are not supported.
[2026.09.02-23.35.56:024][  0]LogPluginManager: Mounting plugin localization for 'WSK_AER_Carbine_Gamer'...
[2026.09.02-23.35.56:024][  0]LogGameFeatures: Display: Game feature 'WSK_AER_Carbine_Gamer' transitioned successfully. Ending state: Active [Active, Active]
[2026.09.02-23.35.56:025][  0]LogShaderLibrary: Display: Opening a chunked shader library for plugin 'WSK_AER_Carbine_Devil' is ignored. Chunked libraries for plugins are not supported.
[2026.09.02-23.35.56:026][  0]LogPluginManager: Mounting plugin localization for 'WSK_AER_Carbine_Devil'...
[2026.09.02-23.35.56:026][  0]LogGameFeatures: Display: Game feature 'WSK_AER_Carbine_Devil' transitioned successfully. Ending state: Active [Active, Active]
[2026.09.02-23.35.56:026][  0]LogShaderLibrary: Display: Opening a chunked shader library for plugin 'WSK_AER_Carbine_Cybershell' is ignored. Chunked libraries for plugins are not supported.
[2026.09.02-23.35.56:027][  0]LogPluginManager: Mounting plugin localization for 'WSK_AER_Carbine_Cybershell'...
[2026.09.02-23.35.56:027][  0]LogGameFeatures: Display: Game feature 'WSK_AER_Carbine_Cybershell' transitioned successfully. Ending state: Active [Active, Active]
[2026.09.02-23.35.56:027][  0]LogShaderLibrary: Display: Opening a chunked shader library for plugin 'WSK_AER_Carbine_BengalTiger' is ignored. Chunked libraries for plugins are not supported.
[2026.09.02-23.35.56:028][  0]LogPluginManager: Mounting plugin localization for 'WSK_AER_Carbine_BengalTiger'...
[2026.09.02-23.35.56:028][  0]LogGameFeatures: Display: Game feature 'WSK_AER_Carbine_BengalTiger' transitioned successfully. Ending state: Active [Active, Active]
[2026.09.02-23.35.56:029][  0]LogShaderLibrary: Display: Opening a chunked shader library for plugin 'WSK_AER_BurstRifle_TarotCard' is ignored. Chunked libraries for plugins are not supported.
[2026.09.02-23.35.56:029][  0]LogPluginManager: Mounting plugin localization for 'WSK_AER_BurstRifle_TarotCard'...
[2026.09.02-23.35.56:029][  0]LogGameFeatures: Display: Game feature 'WSK_AER_BurstRifle_TarotCard' transitioned successfully. Ending state: Active [Active, Active]
[2026.09.02-23.35.56:030][  0]LogShaderLibrary: Display: Opening a chunked shader library for plugin 'WSK_AER_BurstRifle_Smuggler' is ignored. Chunked libraries for plugins are not supported.
[2026.09.02-23.35.56:031][  0]LogPluginManager: Mounting plugin localization for 'WSK_AER_BurstRifle_Smuggler'...
[2026.09.02-23.35.56:031][  0]LogGameFeatures: Display: Game feature 'WSK_AER_BurstRifle_Smuggler' transitioned successfully. Ending state: Active [Active, Active]
[2026.09.02-23.35.56:031][  0]LogShaderLibrary: Display: Opening a chunked shader library for plugin 'WSK_AER_BurstRifle_Oni' is ignored. Chunked libraries for plugins are not supported.
[2026.09.02-23.35.56:032][  0]LogPluginManager: Mounting plugin localization for 'WSK_AER_BurstRifle_Oni'...
[2026.09.02-23.35.56:033][  0]LogGameFeatures: Display: Game feature 'WSK_AER_BurstRifle_Oni' transitioned successfully. Ending state: Active [Active, Active]
[2026.09.02-23.35.56:033][  0]LogShaderLibrary: Display: Opening a chunked shader library for plugin 'WSK_AER_BurstRifle_LowRider' is ignored. Chunked libraries for plugins are not supported.
[2026.09.02-23.35.56:035][  0]LogPluginManager: Mounting plugin localization for 'WSK_AER_BurstRifle_LowRider'...
[2026.09.02-23.35.56:035][  0]LogGameFeatures: Display: Game feature 'WSK_AER_BurstRifle_LowRider' transitioned successfully. Ending state: Active [Active, Active]
[2026.09.02-23.35.56:035][  0]LogShaderLibrary: Display: Opening a chunked shader library for plugin 'WSK_AER_BurstRifle_Equalizer' is ignored. Chunked libraries for plugins are not supported.
[2026.09.02-23.35.56:037][  0]LogPluginManager: Mounting plugin localization for 'WSK_AER_BurstRifle_Equalizer'...
[2026.09.02-23.35.56:037][  0]LogGameFeatures: Display: Game feature 'WSK_AER_BurstRifle_Equalizer' transitioned successfully. Ending state: Active [Active, Active]
[2026.09.02-23.35.56:037][  0]LogShaderLibrary: Display: Opening a chunked shader library for plugin 'WSK_AER_BurstRifle_Disco' is ignored. Chunked libraries for plugins are not supported.
[2026.09.02-23.35.56:038][  0]LogPluginManager: Mounting plugin localization for 'WSK_AER_BurstRifle_Disco'...
[2026.09.02-23.35.56:038][  0]LogGameFeatures: Display: Game feature 'WSK_AER_BurstRifle_Disco' transitioned successfully. Ending state: Active [Active, Active]
[2026.09.02-23.35.56:039][  0]LogShaderLibrary: Display: Opening a chunked shader library for plugin 'WSK_AER_BurstRifle_CherryBlossom' is ignored. Chunked libraries for plugins are not supported.
[2026.09.02-23.35.56:040][  0]LogPluginManager: Mounting plugin localization for 'WSK_AER_BurstRifle_CherryBlossom'...
[2026.09.02-23.35.56:040][  0]LogGameFeatures: Display: Game feature 'WSK_AER_BurstRifle_CherryBlossom' transitioned successfully. Ending state: Active [Active, Active]
[2026.09.02-23.35.56:040][  0]LogShaderLibrary: Display: Opening a chunked shader library for plugin 'WSK_AER_BurstRifle_Calibrator' is ignored. Chunked libraries for plugins are not supported.
[2026.09.02-23.35.56:041][  0]LogPluginManager: Mounting plugin localization for 'WSK_AER_BurstRifle_Calibrator'...
[2026.09.02-23.35.56:041][  0]LogGameFeatures: Display: Game feature 'WSK_AER_BurstRifle_Calibrator' transitioned successfully. Ending state: Active [Active, Active]
[2026.09.02-23.35.56:041][  0]LogShaderLibrary: Display: Opening a chunked shader library for plugin 'WSK_AER_BurstPistol_Koi' is ignored. Chunked libraries for plugins are not supported.
[2026.09.02-23.35.56:042][  0]LogPluginManager: Mounting plugin localization for 'WSK_AER_BurstPistol_Koi'...
[2026.09.02-23.35.56:042][  0]LogGameFeatures: Display: Game feature 'WSK_AER_BurstPistol_Koi' transitioned successfully. Ending state: Active [Active, Active]
[2026.09.02-23.35.56:043][  0]LogShaderLibrary: Display: Opening a chunked shader library for plugin 'WSK_AER_BurstPistol_KineticFlame' is ignored. Chunked libraries for plugins are not supported.
[2026.09.02-23.35.56:044][  0]LogPluginManager: Mounting plugin localization for 'WSK_AER_BurstPistol_KineticFlame'...
[2026.09.02-23.35.56:044][  0]LogGameFeatures: Display: Game feature 'WSK_AER_BurstPistol_KineticFlame' transitioned successfully. Ending state: Active [Active, Active]
[2026.09.02-23.35.56:044][  0]LogShaderLibrary: Display: Opening a chunked shader library for plugin 'WSK_AER_BurstPistol_Gamer' is ignored. Chunked libraries for plugins are not supported.
[2026.09.02-23.35.56:045][  0]LogPluginManager: Mounting plugin localization for 'WSK_AER_BurstPistol_Gamer'...
[2026.09.02-23.35.56:046][  0]LogGameFeatures: Display: Game feature 'WSK_AER_BurstPistol_Gamer' transitioned successfully. Ending state: Active [Active, Active]
[2026.09.02-23.35.56:046][  0]LogShaderLibrary: Display: Opening a chunked shader library for plugin 'WSK_AER_BurstPistol_CMYKILL' is ignored. Chunked libraries for plugins are not supported.
[2026.09.02-23.35.56:047][  0]LogPluginManager: Mounting plugin localization for 'WSK_AER_BurstPistol_CMYKILL'...
[2026.09.02-23.35.56:047][  0]LogGameFeatures: Display: Game feature 'WSK_AER_BurstPistol_CMYKILL' transitioned successfully. Ending state: Active [Active, Active]
[2026.09.02-23.35.56:047][  0]LogShaderLibrary: Display: Opening a chunked shader library for plugin 'WSK_AER_AssaultRifle_WesternEvent' is ignored. Chunked libraries for plugins are not supported.
[2026.09.02-23.35.56:048][  0]LogPluginManager: Mounting plugin localization for 'WSK_AER_AssaultRifle_WesternEvent'...
[2026.09.02-23.35.56:048][  0]LogGameFeatures: Display: Game feature 'WSK_AER_AssaultRifle_WesternEvent' transitioned successfully. Ending state: Active [Active, Active]
[2026.09.02-23.35.56:048][  0]LogShaderLibrary: Display: Opening a chunked shader library for plugin 'WSK_AER_AssaultRifle_Wasp' is ignored. Chunked libraries for plugins are not supported.
[2026.09.02-23.35.56:049][  0]LogPluginManager: Mounting plugin localization for 'WSK_AER_AssaultRifle_Wasp'...
[2026.09.02-23.35.56:049][  0]LogGameFeatures: Display: Game feature 'WSK_AER_AssaultRifle_Wasp' transitioned successfully. Ending state: Active [Active, Active]
[2026.09.02-23.35.56:049][  0]LogShaderLibrary: Display: Opening a chunked shader library for plugin 'WSK_AER_AssaultRifle_Pearl' is ignored. Chunked libraries for plugins are not supported.
[2026.09.02-23.35.56:050][  0]LogPluginManager: Mounting plugin localization for 'WSK_AER_AssaultRifle_Pearl'...
[2026.09.02-23.35.56:050][  0]LogGameFeatures: Display: Game feature 'WSK_AER_AssaultRifle_Pearl' transitioned successfully. Ending state: Active [Active, Active]
[2026.09.02-23.35.56:050][  0]LogShaderLibrary: Display: Opening a chunked shader library for plugin 'WSK_AER_AssaultRifle_PartyTempo' is ignored. Chunked libraries for plugins are not supported.
[2026.09.02-23.35.56:051][  0]LogPluginManager: Mounting plugin localization for 'WSK_AER_AssaultRifle_PartyTempo'...
[2026.09.02-23.35.56:052][  0]LogGameFeatures: Display: Game feature 'WSK_AER_AssaultRifle_PartyTempo' transitioned successfully. Ending state: Active [Active, Active]
[2026.09.02-23.35.56:052][  0]LogShaderLibrary: Display: Opening a chunked shader library for plugin 'WSK_AER_AssaultRifle_Oni' is ignored. Chunked libraries for plugins are not supported.
[2026.09.02-23.35.56:053][  0]LogPluginManager: Mounting plugin localization for 'WSK_AER_AssaultRifle_Oni'...
[2026.09.02-23.35.56:053][  0]LogGameFeatures: Display: Game feature 'WSK_AER_AssaultRifle_Oni' transitioned successfully. Ending state: Active [Active, Active]
[2026.09.02-23.35.56:053][  0]LogShaderLibrary: Display: Opening a chunked shader library for plugin 'WSK_AER_AssaultRifle_Ignition' is ignored. Chunked libraries for plugins are not supported.
[2026.09.02-23.35.56:054][  0]LogPluginManager: Mounting plugin localization for 'WSK_AER_AssaultRifle_Ignition'...
[2026.09.02-23.35.56:054][  0]LogGameFeatures: Display: Game feature 'WSK_AER_AssaultRifle_Ignition' transitioned successfully. Ending state: Active [Active, Active]
[2026.09.02-23.35.56:054][  0]LogShaderLibrary: Display: Opening a chunked shader library for plugin 'WSK_AER_AssaultRifle_Cardboard' is ignored. Chunked libraries for plugins are not supported.
[2026.09.02-23.35.56:055][  0]LogPluginManager: Mounting plugin localization for 'WSK_AER_AssaultRifle_Cardboard'...
[2026.09.02-23.35.56:055][  0]LogGameFeatures: Display: Game feature 'WSK_AER_AssaultRifle_Cardboard' transitioned successfully. Ending state: Active [Active, Active]
[2026.09.02-23.35.56:055][  0]LogShaderLibrary: Display: Opening a chunked shader library for plugin 'WSK_AER_AssaultRifle_Birdy' is ignored. Chunked libraries for plugins are not supported.
[2026.09.02-23.35.56:056][  0]LogPluginManager: Mounting plugin localization for 'WSK_AER_AssaultRifle_Birdy'...
[2026.09.02-23.35.56:056][  0]LogGameFeatures: Display: Game feature 'WSK_AER_AssaultRifle_Birdy' transitioned successfully. Ending state: Active [Active, Active]
[2026.09.02-23.35.56:056][  0]LogShaderLibrary: Display: Opening a chunked shader library for plugin 'WSK_AER_AssaultRifle_Bamboo' is ignored. Chunked libraries for plugins are not supported.
[2026.09.02-23.35.56:057][  0]LogPluginManager: Mounting plugin localization for 'WSK_AER_AssaultRifle_Bamboo'...
[2026.09.02-23.35.56:057][  0]LogGameFeatures: Display: Game feature 'WSK_AER_AssaultRifle_Bamboo' transitioned successfully. Ending state: Active [Active, Active]
[2026.09.02-23.35.56:058][  0]LogShaderLibrary: Display: Opening a chunked shader library for plugin 'CHR_SBK_OrionMale' is ignored. Chunked libraries for plugins are not supported.
[2026.09.02-23.35.56:059][  0]LogPluginManager: Mounting plugin localization for 'CHR_SBK_OrionMale'...
[2026.09.02-23.35.56:059][  0]LogGameFeatures: Display: Game feature 'CHR_SBK_OrionMale' transitioned successfully. Ending state: Active [Active, Active]
[2026.09.02-23.35.56:059][  0]LogShaderLibrary: Display: Opening a chunked shader library for plugin 'CHR_MER_OrionMale' is ignored. Chunked libraries for plugins are not supported.
[2026.09.02-23.35.56:060][  0]LogPluginManager: Mounting plugin localization for 'CHR_MER_OrionMale'...
[2026.09.02-23.35.56:060][  0]LogGameFeatures: Display: Game feature 'CHR_MER_OrionMale' transitioned successfully. Ending state: Active [Active, Active]
[2026.09.02-23.35.56:060][  0]LogShaderLibrary: Display: Opening a chunked shader library for plugin 'CHR_AER_Tsuki' is ignored. Chunked libraries for plugins are not supported.
[2026.09.02-23.35.56:061][  0]LogPluginManager: Mounting plugin localization for 'CHR_AER_Tsuki'...
[2026.09.02-23.35.56:062][  0]LogGameFeatures: Display: Game feature 'CHR_AER_Tsuki' transitioned successfully. Ending state: Active [Active, Active]
[2026.09.02-23.35.56:062][  0]LogShaderLibrary: Display: Opening a chunked shader library for plugin 'CHR_AER_Ludo' is ignored. Chunked libraries for plugins are not supported.
[2026.09.02-23.35.56:062][  0]LogPluginManager: Mounting plugin localization for 'CHR_AER_Ludo'...
[2026.09.02-23.35.56:063][  0]LogGameFeatures: Display: Game feature 'CHR_AER_Ludo' transitioned successfully. Ending state: Active [Active, Active]
[2026.09.02-23.35.56:063][  0]LogShaderLibrary: Display: Opening a chunked shader library for plugin 'CHR_AER_Kleptomeleon' is ignored. Chunked libraries for plugins are not supported.
[2026.09.02-23.35.56:063][  0]LogPluginManager: Mounting plugin localization for 'CHR_AER_Kleptomeleon'...
[2026.09.02-23.35.56:063][  0]LogGameFeatures: Display: Game feature 'CHR_AER_Kleptomeleon' transitioned successfully. Ending state: Active [Active, Active]
[2026.09.02-23.35.56:064][  0]LogShaderLibrary: Display: Opening a chunked shader library for plugin 'CHR_AER_Javelin' is ignored. Chunked libraries for plugins are not supported.
[2026.09.02-23.35.56:064][  0]LogPluginManager: Mounting plugin localization for 'CHR_AER_Javelin'...
[2026.09.02-23.35.56:065][  0]LogGameFeatures: Display: Game feature 'CHR_AER_Javelin' transitioned successfully. Ending state: Active [Active, Active]
[2026.09.02-23.35.56:065][  0]LogShaderLibrary: Display: Opening a chunked shader library for plugin 'CHR_AER_Gecko' is ignored. Chunked libraries for plugins are not supported.
[2026.09.02-23.35.56:066][  0]LogPluginManager: Mounting plugin localization for 'CHR_AER_Gecko'...
[2026.09.02-23.35.56:066][  0]LogGameFeatures: Display: Game feature 'CHR_AER_Gecko' transitioned successfully. Ending state: Active [Active, Active]
[2026.09.02-23.35.56:066][  0]LogShaderLibrary: Display: Opening a chunked shader library for plugin 'CHR_AER_Enzo' is ignored. Chunked libraries for plugins are not supported.
[2026.09.02-23.35.56:067][  0]LogPluginManager: Mounting plugin localization for 'CHR_AER_Enzo'...
[2026.09.02-23.35.56:067][  0]LogGameFeatures: Display: Game feature 'CHR_AER_Enzo' transitioned successfully. Ending state: Active [Active, Active]
[2026.09.02-23.35.56:067][  0]LogShaderLibrary: Display: Opening a chunked shader library for plugin 'CHR_AER_Dart' is ignored. Chunked libraries for plugins are not supported.
[2026.09.02-23.35.56:068][  0]LogPluginManager: Mounting plugin localization for 'CHR_AER_Dart'...
[2026.09.02-23.35.56:068][  0]LogGameFeatures: Display: Game feature 'CHR_AER_Dart' transitioned successfully. Ending state: Active [Active, Active]
[2026.09.02-23.35.56:068][  0]LogShaderLibrary: Display: Opening a chunked shader library for plugin 'CHR_AER_Aki' is ignored. Chunked libraries for plugins are not supported.
[2026.09.02-23.35.56:069][  0]LogPluginManager: Mounting plugin localization for 'CHR_AER_Aki'...
[2026.09.02-23.35.56:069][  0]LogGameFeatures: Display: Game feature 'CHR_AER_Aki' transitioned successfully. Ending state: Active [Active, Active]
[2026.09.02-23.35.56:069][  0]LogShaderLibrary: Display: Opening a chunked shader library for plugin 'CHR_AER_Adoro' is ignored. Chunked libraries for plugins are not supported.
[2026.09.02-23.35.56:070][  0]LogPluginManager: Mounting plugin localization for 'CHR_AER_Adoro'...
[2026.09.02-23.35.56:070][  0]LogGameFeatures: Display: Game feature 'CHR_AER_Adoro' transitioned successfully. Ending state: Active [Active, Active]
[2026.09.02-23.35.56:070][  0]LogShaderLibrary: Display: Opening a chunked shader library for plugin 'CHR_AER_BoltCC' is ignored. Chunked libraries for plugins are not supported.
[2026.09.02-23.35.56:071][  0]LogPluginManager: Mounting plugin localization for 'CHR_AER_BoltCC'...
[2026.09.02-23.35.56:071][  0]LogGameFeatures: Display: Game feature 'CHR_AER_BoltCC' transitioned successfully. Ending state: Active [Active, Active]
[2026.09.02-23.35.56:071][  0]LogShaderLibrary: Display: Opening a chunked shader library for plugin 'CHR_AER_Unika' is ignored. Chunked libraries for plugins are not supported.
[2026.09.02-23.35.56:072][  0]LogPluginManager: Mounting plugin localization for 'CHR_AER_Unika'...
[2026.09.02-23.35.56:072][  0]LogGameFeatures: Display: Game feature 'CHR_AER_Unika' transitioned successfully. Ending state: Active [Active, Active]
[2026.09.02-23.35.56:072][  0]LogShaderLibrary: Display: Opening a chunked shader library for plugin 'CHR_AER_Thorn' is ignored. Chunked libraries for plugins are not supported.
[2026.09.02-23.35.56:073][  0]LogPluginManager: Mounting plugin localization for 'CHR_AER_Thorn'...
[2026.09.02-23.35.56:073][  0]LogSlate: InvalidateAllWidgets triggered.  All widgets were invalidated
[2026.09.02-23.35.56:073][  0]LogGameFeatures: Display: Game feature 'CHR_AER_Thorn' transitioned successfully. Ending state: Active [Active, Active]
[2026.09.02-23.35.56:073][  0]LogShaderLibrary: Display: Opening a chunked shader library for plugin 'CHR_AER_Referee' is ignored. Chunked libraries for plugins are not supported.
[2026.09.02-23.35.56:074][  0]LogPluginManager: Mounting plugin localization for 'CHR_AER_Referee'...
[2026.09.02-23.35.56:074][  0]LogGameFeatures: Display: Game feature 'CHR_AER_Referee' transitioned successfully. Ending state: Active [Active, Active]
[2026.09.02-23.35.56:074][  0]LogShaderLibrary: Display: Opening a chunked shader library for plugin 'CHR_AER_Oni' is ignored. Chunked libraries for plugins are not supported.
[2026.09.02-23.35.56:075][  0]LogPluginManager: Mounting plugin localization for 'CHR_AER_Oni'...
[2026.09.02-23.35.56:075][  0]LogGameFeatures: Display: Game feature 'CHR_AER_Oni' transitioned successfully. Ending state: Active [Active, Active]
[2026.09.02-23.35.56:075][  0]LogShaderLibrary: Display: Opening a chunked shader library for plugin 'CHR_AER_Krystal' is ignored. Chunked libraries for plugins are not supported.
[2026.09.02-23.35.56:076][  0]LogPluginManager: Mounting plugin localization for 'CHR_AER_Krystal'...
[2026.09.02-23.35.56:076][  0]LogGameFeatures: Display: Game feature 'CHR_AER_Krystal' transitioned successfully. Ending state: Active [Active, Active]
[2026.09.02-23.35.56:076][  0]LogShaderLibrary: Display: Opening a chunked shader library for plugin 'CHR_AER_Javi' is ignored. Chunked libraries for plugins are not supported.
[2026.09.02-23.35.56:077][  0]LogPluginManager: Mounting plugin localization for 'CHR_AER_Javi'...
[2026.09.02-23.35.56:077][  0]LogGameFeatures: Display: Game feature 'CHR_AER_Javi' transitioned successfully. Ending state: Active [Active, Active]
[2026.09.02-23.35.56:077][  0]LogShaderLibrary: Display: Opening a chunked shader library for plugin 'CHR_AER_Iris' is ignored. Chunked libraries for plugins are not supported.
[2026.09.02-23.35.56:078][  0]LogPluginManager: Mounting plugin localization for 'CHR_AER_Iris'...
[2026.09.02-23.35.56:078][  0]LogGameFeatures: Display: Game feature 'CHR_AER_Iris' transitioned successfully. Ending state: Active [Active, Active]
[2026.09.02-23.35.56:078][  0]LogShaderLibrary: Display: Opening a chunked shader library for plugin 'CHR_AER_Fencer' is ignored. Chunked libraries for plugins are not supported.
[2026.09.02-23.35.56:079][  0]LogPluginManager: Mounting plugin localization for 'CHR_AER_Fencer'...
[2026.09.02-23.35.56:079][  0]LogGameFeatures: Display: Game feature 'CHR_AER_Fencer' transitioned successfully. Ending state: Active [Active, Active]
[2026.09.02-23.35.56:079][  0]LogShaderLibrary: Display: Opening a chunked shader library for plugin 'CHR_AER_Ember' is ignored. Chunked libraries for plugins are not supported.
[2026.09.02-23.35.56:080][  0]LogPluginManager: Mounting plugin localization for 'CHR_AER_Ember'...
[2026.09.02-23.35.56:080][  0]LogGameFeatures: Display: Game feature 'CHR_AER_Ember' transitioned successfully. Ending state: Active [Active, Active]
[2026.09.02-23.35.56:080][  0]LogShaderLibrary: Display: Opening a chunked shader library for plugin 'CHR_AER_CocoChaos' is ignored. Chunked libraries for plugins are not supported.
[2026.09.02-23.35.56:081][  0]LogPluginManager: Mounting plugin localization for 'CHR_AER_CocoChaos'...
[2026.09.02-23.35.56:081][  0]LogGameFeatures: Display: Game feature 'CHR_AER_CocoChaos' transitioned successfully. Ending state: Active [Active, Active]
[2026.09.02-23.35.56:081][  0]LogShaderLibrary: Display: Opening a chunked shader library for plugin 'CHR_AER_Carr' is ignored. Chunked libraries for plugins are not supported.
[2026.09.02-23.35.56:082][  0]LogPluginManager: Mounting plugin localization for 'CHR_AER_Carr'...
[2026.09.02-23.35.56:082][  0]LogGameFeatures: Display: Game feature 'CHR_AER_Carr' transitioned successfully. Ending state: Active [Active, Active]
[2026.09.02-23.35.56:085][  0]LogShaderLibrary: Display: Opening a chunked shader library for plugin 'CHR_AER_Diamond' is ignored. Chunked libraries for plugins are not supported.
[2026.09.02-23.35.56:086][  0]LogPluginManager: Mounting plugin localization for 'CHR_AER_Diamond'...
[2026.09.02-23.35.56:086][  0]LogGameFeatures: Display: Game feature 'CHR_AER_Diamond' transitioned successfully. Ending state: Active [Active, Active]
[2026.09.02-23.35.56:087][  0]LogShaderLibrary: Display: Opening a chunked shader library for plugin 'PSK_Oni' is ignored. Chunked libraries for plugins are not supported.
[2026.09.02-23.35.56:088][  0]LogPluginManager: Mounting plugin localization for 'PSK_Oni'...
[2026.09.02-23.35.56:088][  0]LogGameFeatures: Display: Game feature 'PSK_Oni' transitioned successfully. Ending state: Active [Active, Active]
[2026.09.02-23.35.56:088][  0]LogShaderLibrary: Display: Opening a chunked shader library for plugin 'CHR_AER_OniX' is ignored. Chunked libraries for plugins are not supported.
[2026.09.02-23.35.56:089][  0]LogPluginManager: Mounting plugin localization for 'CHR_AER_OniX'...
[2026.09.02-23.35.56:089][  0]LogGameFeatures: Display: Game feature 'CHR_AER_OniX' transitioned successfully. Ending state: Active [Active, Active]
[2026.09.02-23.35.56:089][  0]LogShaderLibrary: Display: Opening a chunked shader library for plugin 'CHR_AER_NebulaX' is ignored. Chunked libraries for plugins are not supported.
[2026.09.02-23.35.56:090][  0]LogPluginManager: Mounting plugin localization for 'CHR_AER_NebulaX'...
[2026.09.02-23.35.56:090][  0]LogGameFeatures: Display: Game feature 'CHR_AER_NebulaX' transitioned successfully. Ending state: Active [Active, Active]
[2026.09.02-23.35.56:091][  0]LogShaderLibrary: Display: Opening a chunked shader library for plugin 'CHR_AER_Anita' is ignored. Chunked libraries for plugins are not supported.
[2026.09.02-23.35.56:091][  0]LogPluginManager: Mounting plugin localization for 'CHR_AER_Anita'...
[2026.09.02-23.35.56:092][  0]LogGameFeatures: Display: Game feature 'CHR_AER_Anita' transitioned successfully. Ending state: Active [Active, Active]
[2026.09.02-23.35.56:092][  0]LogShaderLibrary: Display: Opening a chunked shader library for plugin 'CHR_AER_Zeb' is ignored. Chunked libraries for plugins are not supported.
[2026.09.02-23.35.56:093][  0]LogPluginManager: Mounting plugin localization for 'CHR_AER_Zeb'...
[2026.09.02-23.35.56:093][  0]LogGameFeatures: Display: Game feature 'CHR_AER_Zeb' transitioned successfully. Ending state: Active [Active, Active]
[2026.09.02-23.35.56:093][  0]LogShaderLibrary: Display: Opening a chunked shader library for plugin 'CHR_AER_Hawkster' is ignored. Chunked libraries for plugins are not supported.
[2026.09.02-23.35.56:094][  0]LogPluginManager: Mounting plugin localization for 'CHR_AER_Hawkster'...
[2026.09.02-23.35.56:094][  0]LogGameFeatures: Display: Game feature 'CHR_AER_Hawkster' transitioned successfully. Ending state: Active [Active, Active]
[2026.09.02-23.35.56:094][  0]LogShaderLibrary: Display: Opening a chunked shader library for plugin 'CHR_AER_MickMidnight' is ignored. Chunked libraries for plugins are not supported.
[2026.09.02-23.35.56:096][  0]LogPluginManager: Mounting plugin localization for 'CHR_AER_MickMidnight'...
[2026.09.02-23.35.56:096][  0]LogGameFeatures: Display: Game feature 'CHR_AER_MickMidnight' transitioned successfully. Ending state: Active [Active, Active]
[2026.09.02-23.35.56:096][  0]LogShaderLibrary: Display: Opening a chunked shader library for plugin 'CHR_AER_Oriana' is ignored. Chunked libraries for plugins are not supported.
[2026.09.02-23.35.56:097][  0]LogPluginManager: Mounting plugin localization for 'CHR_AER_Oriana'...
[2026.09.02-23.35.56:097][  0]LogGameFeatures: Display: Game feature 'CHR_AER_Oriana' transitioned successfully. Ending state: Active [Active, Active]
[2026.09.02-23.35.56:097][  0]LogShaderLibrary: Display: Opening a chunked shader library for plugin 'MAP_Runway' is ignored. Chunked libraries for plugins are not supported.
[2026.09.02-23.35.56:098][  0]LogPluginManager: Mounting plugin localization for 'MAP_Runway'...
[2026.09.02-23.35.56:099][  0]LogGameFeatures: Display: Game feature 'MAP_Runway' transitioned successfully. Ending state: Active [Active, Active]
[2026.09.02-23.35.56:099][  0]LogShaderLibrary: Display: Opening a chunked shader library for plugin 'CHR_AER_Eve' is ignored. Chunked libraries for plugins are not supported.
[2026.09.02-23.35.56:099][  0]LogPluginManager: Mounting plugin localization for 'CHR_AER_Eve'...
[2026.09.02-23.35.56:100][  0]LogGameFeatures: Display: Game feature 'CHR_AER_Eve' transitioned successfully. Ending state: Active [Active, Active]
[2026.09.02-23.35.56:100][  0]LogShaderLibrary: Display: Opening a chunked shader library for plugin 'CHR_AER_CocoChaosUltra' is ignored. Chunked libraries for plugins are not supported.
[2026.09.02-23.35.56:100][  0]LogPluginManager: Mounting plugin localization for 'CHR_AER_CocoChaosUltra'...
[2026.09.02-23.35.56:101][  0]LogGameFeatures: Display: Game feature 'CHR_AER_CocoChaosUltra' transitioned successfully. Ending state: Active [Active, Active]
[2026.09.02-23.35.56:101][  0]LogShaderLibrary: Display: Opening a chunked shader library for plugin 'CHR_AER_Kelps' is ignored. Chunked libraries for plugins are not supported.
[2026.09.02-23.35.56:101][  0]LogPluginManager: Mounting plugin localization for 'CHR_AER_Kelps'...
[2026.09.02-23.35.56:102][  0]LogGameFeatures: Display: Game feature 'CHR_AER_Kelps' transitioned successfully. Ending state: Active [Active, Active]
[2026.09.02-23.35.56:102][  0]LogShaderLibrary: Display: Opening a chunked shader library for plugin 'CHR_AER_Encore' is ignored. Chunked libraries for plugins are not supported.
[2026.09.02-23.35.56:102][  0]LogPluginManager: Mounting plugin localization for 'CHR_AER_Encore'...
[2026.09.02-23.35.56:102][  0]LogGameFeatures: Display: Game feature 'CHR_AER_Encore' transitioned successfully. Ending state: Active [Active, Active]
[2026.09.02-23.35.56:103][  0]LogShaderLibrary: Display: Opening a chunked shader library for plugin 'CHR_AER_HawksterUltra' is ignored. Chunked libraries for plugins are not supported.
[2026.09.02-23.35.56:104][  0]LogPluginManager: Mounting plugin localization for 'CHR_AER_HawksterUltra'...
[2026.09.02-23.35.56:104][  0]LogGameFeatures: Display: Game feature 'CHR_AER_HawksterUltra' transitioned successfully. Ending state: Active [Active, Active]
[2026.09.02-23.35.56:104][  0]LogShaderLibrary: Display: Opening a chunked shader library for plugin 'CHR_AER_OrianaUltra' is ignored. Chunked libraries for plugins are not supported.
[2026.09.02-23.35.56:105][  0]LogPluginManager: Mounting plugin localization for 'CHR_AER_OrianaUltra'...
[2026.09.02-23.35.56:105][  0]LogGameFeatures: Display: Game feature 'CHR_AER_OrianaUltra' transitioned successfully. Ending state: Active [Active, Active]
[2026.09.02-23.35.56:105][  0]LogShaderLibrary: Display: Opening a chunked shader library for plugin 'WEP_AER_Railgun' is ignored. Chunked libraries for plugins are not supported.
[2026.09.02-23.35.56:106][  0]LogPluginManager: Mounting plugin localization for 'WEP_AER_Railgun'...
[2026.09.02-23.35.56:106][  0]LogGameFeatures: Display: Game feature 'WEP_AER_Railgun' transitioned successfully. Ending state: Active [Active, Active]
[2026.09.02-23.35.56:106][  0]LogShaderLibrary: Display: Opening a chunked shader library for plugin 'WEP_AER_DualSMG' is ignored. Chunked libraries for plugins are not supported.
[2026.09.02-23.35.56:107][  0]LogAssetManager: Display: Ignoring PrimaryAssetType LoadoutItem - Conflicts with FiringMode - Asset: ID_DualSMG_Aeros_FiringMode_Primary
[2026.09.02-23.35.56:107][  0]LogAssetManager: Display: Ignoring PrimaryAssetType DependentLoadoutItem - Conflicts with FiringMode - Asset: ID_DualSMG_Aeros_FiringMode_Primary
[2026.09.02-23.35.56:107][  0]LogPluginManager: Mounting plugin localization for 'WEP_AER_DualSMG'...
[2026.09.02-23.35.56:107][  0]LogGameFeatures: Display: Game feature 'WEP_AER_DualSMG' transitioned successfully. Ending state: Active [Active, Active]
[2026.09.02-23.35.56:108][  0]LogShaderLibrary: Display: Opening a chunked shader library for plugin 'WEP_AER_BFB' is ignored. Chunked libraries for plugins are not supported.
[2026.09.02-23.35.56:109][  0]LogPluginManager: Mounting plugin localization for 'WEP_AER_BFB'...
[2026.09.02-23.35.56:109][  0]LogGameFeatures: Display: Game feature 'WEP_AER_BFB' transitioned successfully. Ending state: Active [Active, Active]
[2026.09.02-23.35.56:109][  0]LogShaderLibrary: Display: Opening a chunked shader library for plugin 'POW_WallHack' is ignored. Chunked libraries for plugins are not supported.
[2026.09.02-23.35.56:110][  0]LogPluginManager: Mounting plugin localization for 'POW_WallHack'...
[2026.09.02-23.35.56:110][  0]LogGameFeatures: Display: Game feature 'POW_WallHack' transitioned successfully. Ending state: Active [Active, Active]
[2026.09.02-23.35.56:110][  0]LogShaderLibrary: Display: Opening a chunked shader library for plugin 'PRK_Tracker' is ignored. Chunked libraries for plugins are not supported.
[2026.09.02-23.35.56:111][  0]LogPluginManager: Mounting plugin localization for 'PRK_Tracker'...
[2026.09.02-23.35.56:111][  0]LogGameFeatures: Display: Game feature 'PRK_Tracker' transitioned successfully. Ending state: Active [Active, Active]
[2026.09.02-23.35.56:111][  0]LogShaderLibrary: Display: Opening a chunked shader library for plugin 'FCT_Meridian' is ignored. Chunked libraries for plugins are not supported.
[2026.09.02-23.35.56:116][  0]LogPluginManager: Mounting plugin localization for 'FCT_Meridian'...
[2026.09.02-23.35.56:117][  0]LogGameFeatures: Display: Game feature 'FCT_Meridian' transitioned successfully. Ending state: Active [Active, Active]
[2026.09.02-23.35.56:117][  0]LogShaderLibrary: Display: Opening a chunked shader library for plugin 'EQP_EMPGrenade' is ignored. Chunked libraries for plugins are not supported.
[2026.09.02-23.35.56:118][  0]LogPluginManager: Mounting plugin localization for 'EQP_EMPGrenade'...
[2026.09.02-23.35.56:119][  0]LogGameFeatures: Display: Game feature 'EQP_EMPGrenade' transitioned successfully. Ending state: Active [Active, Active]
[2026.09.02-23.35.56:119][  0]LogShaderLibrary: Display: Opening a chunked shader library for plugin 'FCT_Sabrask' is ignored. Chunked libraries for plugins are not supported.
[2026.09.02-23.35.56:120][  0]LogPluginManager: Mounting plugin localization for 'FCT_Sabrask'...
[2026.09.02-23.35.56:121][  0]LogGameFeatures: Display: Game feature 'FCT_Sabrask' transitioned successfully. Ending state: Active [Active, Active]
[2026.09.02-23.35.56:121][  0]LogShaderLibrary: Display: Opening a chunked shader library for plugin 'EQP_AER_StimShot' is ignored. Chunked libraries for plugins are not supported.
[2026.09.02-23.35.56:122][  0]LogPluginManager: Mounting plugin localization for 'EQP_AER_StimShot'...
[2026.09.02-23.35.56:122][  0]LogGameFeatures: Display: Game feature 'EQP_AER_StimShot' transitioned successfully. Ending state: Active [Active, Active]
[2026.09.02-23.35.56:122][  0]LogShaderLibrary: Display: Opening a chunked shader library for plugin 'EQP_AER_ShockGrenade' is ignored. Chunked libraries for plugins are not supported.
[2026.09.02-23.35.56:123][  0]LogPluginManager: Mounting plugin localization for 'EQP_AER_ShockGrenade'...
[2026.09.02-23.35.56:123][  0]LogGameFeatures: Display: Game feature 'EQP_AER_ShockGrenade' transitioned successfully. Ending state: Active [Active, Active]
[2026.09.02-23.35.56:123][  0]LogShaderLibrary: Display: Opening a chunked shader library for plugin 'WEP_MER_Shotgun' is ignored. Chunked libraries for plugins are not supported.
[2026.09.02-23.35.56:124][  0]LogPluginManager: Mounting plugin localization for 'WEP_MER_Shotgun'...
[2026.09.02-23.35.56:125][  0]LogGameFeatures: Display: Game feature 'WEP_MER_Shotgun' transitioned successfully. Ending state: Active [Active, Active]
[2026.09.02-23.35.56:125][  0]LogShaderLibrary: Display: Opening a chunked shader library for plugin 'WEP_MER_SemiPistol' is ignored. Chunked libraries for plugins are not supported.
[2026.09.02-23.35.56:126][  0]LogPluginManager: Mounting plugin localization for 'WEP_MER_SemiPistol'...
[2026.09.02-23.35.56:126][  0]LogGameFeatures: Display: Game feature 'WEP_MER_SemiPistol' transitioned successfully. Ending state: Active [Active, Active]
[2026.09.02-23.35.56:127][  0]LogShaderLibrary: Display: Opening a chunked shader library for plugin 'WEP_MER_SMG' is ignored. Chunked libraries for plugins are not supported.
[2026.09.02-23.35.56:128][  0]LogPluginManager: Mounting plugin localization for 'WEP_MER_SMG'...
[2026.09.02-23.35.56:128][  0]LogGameFeatures: Display: Game feature 'WEP_MER_SMG' transitioned successfully. Ending state: Active [Active, Active]
[2026.09.02-23.35.56:129][  0]LogShaderLibrary: Display: Opening a chunked shader library for plugin 'WEP_MER_PlasmaRifle' is ignored. Chunked libraries for plugins are not supported.
[2026.09.02-23.35.56:130][  0]LogPluginManager: Mounting plugin localization for 'WEP_MER_PlasmaRifle'...
[2026.09.02-23.35.56:130][  0]LogGameFeatures: Display: Game feature 'WEP_MER_PlasmaRifle' transitioned successfully. Ending state: Active [Active, Active]
[2026.09.02-23.35.56:130][  0]LogShaderLibrary: Display: Opening a chunked shader library for plugin 'WEP_MER_PPShotgun' is ignored. Chunked libraries for plugins are not supported.
[2026.09.02-23.35.56:131][  0]LogPluginManager: Mounting plugin localization for 'WEP_MER_PPShotgun'...
[2026.09.02-23.35.56:131][  0]LogGameFeatures: Display: Game feature 'WEP_MER_PPShotgun' transitioned successfully. Ending state: Active [Active, Active]
[2026.09.02-23.35.56:131][  0]LogShaderLibrary: Display: Opening a chunked shader library for plugin 'WEP_MER_LMG' is ignored. Chunked libraries for plugins are not supported.
[2026.09.02-23.35.56:133][  0]LogPluginManager: Mounting plugin localization for 'WEP_MER_LMG'...
[2026.09.02-23.35.56:133][  0]LogGameFeatures: Display: Game feature 'WEP_MER_LMG' transitioned successfully. Ending state: Active [Active, Active]
[2026.09.02-23.35.56:133][  0]LogShaderLibrary: Display: Opening a chunked shader library for plugin 'WEP_MER_ChargePistol' is ignored. Chunked libraries for plugins are not supported.
[2026.09.02-23.35.56:133][  0]LogCoreRedirects: AddRedirect(C:/Users/<USER>/AppData/Local/PortalWars2/Saved/Config/WindowsClient/WEP_MER_ChargePistol.ini) has wildcard redirect /WEP_MER_HeavyPistol/, these are very slow and should be resolved as soon as possible! Please refer to the documentation in Engine/Config/BaseEngine.ini.
[2026.09.02-23.35.56:134][  0]LogPluginManager: Mounting plugin localization for 'WEP_MER_ChargePistol'...
[2026.09.02-23.35.56:135][  0]LogGameFeatures: Display: Game feature 'WEP_MER_ChargePistol' transitioned successfully. Ending state: Active [Active, Active]
[2026.09.02-23.35.56:135][  0]LogShaderLibrary: Display: Opening a chunked shader library for plugin 'WEP_MER_ChargeCarbine' is ignored. Chunked libraries for plugins are not supported.
[2026.09.02-23.35.56:137][  0]LogPluginManager: Mounting plugin localization for 'WEP_MER_ChargeCarbine'...
[2026.09.02-23.35.56:137][  0]LogGameFeatures: Display: Game feature 'WEP_MER_ChargeCarbine' transitioned successfully. Ending state: Active [Active, Active]
[2026.09.02-23.35.56:137][  0]LogShaderLibrary: Display: Opening a chunked shader library for plugin 'WEP_MER_Carbine' is ignored. Chunked libraries for plugins are not supported.
[2026.09.02-23.35.56:138][  0]LogPluginManager: Mounting plugin localization for 'WEP_MER_Carbine'...
[2026.09.02-23.35.56:139][  0]LogGameFeatures: Display: Game feature 'WEP_MER_Carbine' transitioned successfully. Ending state: Active [Active, Active]
[2026.09.02-23.35.56:139][  0]LogShaderLibrary: Display: Opening a chunked shader library for plugin 'WEP_MER_BurstRifle' is ignored. Chunked libraries for plugins are not supported.
[2026.09.02-23.35.56:140][  0]LogPluginManager: Mounting plugin localization for 'WEP_MER_BurstRifle'...
[2026.09.02-23.35.56:140][  0]LogGameFeatures: Display: Game feature 'WEP_MER_BurstRifle' transitioned successfully. Ending state: Active [Active, Active]
[2026.09.02-23.35.56:141][  0]LogShaderLibrary: Display: Opening a chunked shader library for plugin 'WEP_MER_BurstPistol' is ignored. Chunked libraries for plugins are not supported.
[2026.09.02-23.35.56:142][  0]LogPluginManager: Mounting plugin localization for 'WEP_MER_BurstPistol'...
[2026.09.02-23.35.56:143][  0]LogGameFeatures: Display: Game feature 'WEP_MER_BurstPistol' transitioned successfully. Ending state: Active [Active, Active]
[2026.09.02-23.35.56:143][  0]LogShaderLibrary: Display: Opening a chunked shader library for plugin 'WEP_MER_AssaultRifle' is ignored. Chunked libraries for plugins are not supported.
[2026.09.02-23.35.56:144][  0]LogPluginManager: Mounting plugin localization for 'WEP_MER_AssaultRifle'...
[2026.09.02-23.35.56:145][  0]LogGameFeatures: Display: Game feature 'WEP_MER_AssaultRifle' transitioned successfully. Ending state: Active [Active, Active]
[2026.09.02-23.35.56:145][  0]LogShaderLibrary: Display: Opening a chunked shader library for plugin 'CHR_MER_OrionMaleUltra' is ignored. Chunked libraries for plugins are not supported.
[2026.09.02-23.35.56:147][  0]LogPluginManager: Mounting plugin localization for 'CHR_MER_OrionMaleUltra'...
[2026.09.02-23.35.56:147][  0]LogGameFeatures: Display: Game feature 'CHR_MER_OrionMaleUltra' transitioned successfully. Ending state: Active [Active, Active]
[2026.09.02-23.35.56:147][  0]LogShaderLibrary: Display: Opening a chunked shader library for plugin 'CHR_MER_OrionFemaleUltra' is ignored. Chunked libraries for plugins are not supported.
[2026.09.02-23.35.56:148][  0]LogPluginManager: Mounting plugin localization for 'CHR_MER_OrionFemaleUltra'...
[2026.09.02-23.35.56:148][  0]LogGameFeatures: Display: Game feature 'CHR_MER_OrionFemaleUltra' transitioned successfully. Ending state: Active [Active, Active]
[2026.09.02-23.35.56:148][  0]LogShaderLibrary: Display: Opening a chunked shader library for plugin 'CHR_MER_Mira' is ignored. Chunked libraries for plugins are not supported.
[2026.09.02-23.35.56:149][  0]LogPluginManager: Mounting plugin localization for 'CHR_MER_Mira'...
[2026.09.02-23.35.56:150][  0]LogGameFeatures: Display: Game feature 'CHR_MER_Mira' transitioned successfully. Ending state: Active [Active, Active]
[2026.09.02-23.35.56:150][  0]LogShaderLibrary: Display: Opening a chunked shader library for plugin 'WEP_SBK_Shotgun' is ignored. Chunked libraries for plugins are not supported.
[2026.09.02-23.35.56:151][  0]LogPluginManager: Mounting plugin localization for 'WEP_SBK_Shotgun'...
[2026.09.02-23.35.56:151][  0]LogGameFeatures: Display: Game feature 'WEP_SBK_Shotgun' transitioned successfully. Ending state: Active [Active, Active]
[2026.09.02-23.35.56:151][  0]LogShaderLibrary: Display: Opening a chunked shader library for plugin 'WEP_SBK_SemiPistol' is ignored. Chunked libraries for plugins are not supported.
[2026.09.02-23.35.56:152][  0]LogPluginManager: Mounting plugin localization for 'WEP_SBK_SemiPistol'...
[2026.09.02-23.35.56:153][  0]LogGameFeatures: Display: Game feature 'WEP_SBK_SemiPistol' transitioned successfully. Ending state: Active [Active, Active]
[2026.09.02-23.35.56:153][  0]LogShaderLibrary: Display: Opening a chunked shader library for plugin 'WEP_SBK_SMG' is ignored. Chunked libraries for plugins are not supported.
[2026.09.02-23.35.56:154][  0]LogPluginManager: Mounting plugin localization for 'WEP_SBK_SMG'...
[2026.09.02-23.35.56:154][  0]LogGameFeatures: Display: Game feature 'WEP_SBK_SMG' transitioned successfully. Ending state: Active [Active, Active]
[2026.09.02-23.35.56:154][  0]LogShaderLibrary: Display: Opening a chunked shader library for plugin 'WEP_SBK_RocketLauncher' is ignored. Chunked libraries for plugins are not supported.
[2026.09.02-23.35.56:155][  0]LogPluginManager: Mounting plugin localization for 'WEP_SBK_RocketLauncher'...
[2026.09.02-23.35.56:156][  0]LogGameFeatures: Display: Game feature 'WEP_SBK_RocketLauncher' transitioned successfully. Ending state: Active [Active, Active]
[2026.09.02-23.35.56:156][  0]LogShaderLibrary: Display: Opening a chunked shader library for plugin 'WEP_SBK_LMG' is ignored. Chunked libraries for plugins are not supported.
[2026.09.02-23.35.56:157][  0]LogPluginManager: Mounting plugin localization for 'WEP_SBK_LMG'...
[2026.09.02-23.35.56:158][  0]LogGameFeatures: Display: Game feature 'WEP_SBK_LMG' transitioned successfully. Ending state: Active [Active, Active]
[2026.09.02-23.35.56:158][  0]LogShaderLibrary: Display: Opening a chunked shader library for plugin 'WEP_SBK_HeavyPistol' is ignored. Chunked libraries for plugins are not supported.
[2026.09.02-23.35.56:159][  0]LogPluginManager: Mounting plugin localization for 'WEP_SBK_HeavyPistol'...
[2026.09.02-23.35.56:159][  0]LogGameFeatures: Display: Game feature 'WEP_SBK_HeavyPistol' transitioned successfully. Ending state: Active [Active, Active]
[2026.09.02-23.35.56:159][  0]LogShaderLibrary: Display: Opening a chunked shader library for plugin 'WEP_SBK_Carbine' is ignored. Chunked libraries for plugins are not supported.
[2026.09.02-23.35.56:160][  0]LogPluginManager: Mounting plugin localization for 'WEP_SBK_Carbine'...
[2026.09.02-23.35.56:161][  0]LogGameFeatures: Display: Game feature 'WEP_SBK_Carbine' transitioned successfully. Ending state: Active [Active, Active]
[2026.09.02-23.35.56:161][  0]LogShaderLibrary: Display: Opening a chunked shader library for plugin 'WEP_SBK_BurstRifle' is ignored. Chunked libraries for plugins are not supported.
[2026.09.02-23.35.56:162][  0]LogPluginManager: Mounting plugin localization for 'WEP_SBK_BurstRifle'...
[2026.09.02-23.35.56:162][  0]LogGameFeatures: Display: Game feature 'WEP_SBK_BurstRifle' transitioned successfully. Ending state: Active [Active, Active]
[2026.09.02-23.35.56:162][  0]LogShaderLibrary: Display: Opening a chunked shader library for plugin 'WEP_SBK_BurstPistol' is ignored. Chunked libraries for plugins are not supported.
[2026.09.02-23.35.56:163][  0]LogPluginManager: Mounting plugin localization for 'WEP_SBK_BurstPistol'...
[2026.09.02-23.35.56:164][  0]LogGameFeatures: Display: Game feature 'WEP_SBK_BurstPistol' transitioned successfully. Ending state: Active [Active, Active]
[2026.09.02-23.35.56:164][  0]LogShaderLibrary: Display: Opening a chunked shader library for plugin 'WEP_SBK_BoltSniper' is ignored. Chunked libraries for plugins are not supported.
[2026.09.02-23.35.56:165][  0]LogPluginManager: Mounting plugin localization for 'WEP_SBK_BoltSniper'...
[2026.09.02-23.35.56:165][  0]LogGameFeatures: Display: Game feature 'WEP_SBK_BoltSniper' transitioned successfully. Ending state: Active [Active, Active]
[2026.09.02-23.35.56:165][  0]LogShaderLibrary: Display: Opening a chunked shader library for plugin 'WEP_SBK_AssaultRifle' is ignored. Chunked libraries for plugins are not supported.
[2026.09.02-23.35.56:166][  0]LogPluginManager: Mounting plugin localization for 'WEP_SBK_AssaultRifle'...
[2026.09.02-23.35.56:167][  0]LogGameFeatures: Display: Game feature 'WEP_SBK_AssaultRifle' transitioned successfully. Ending state: Active [Active, Active]
[2026.09.02-23.35.56:167][  0]LogShaderLibrary: Display: Opening a chunked shader library for plugin 'WEP_PWR_CannonGun' is ignored. Chunked libraries for plugins are not supported.
[2026.09.02-23.35.56:168][  0]LogPluginManager: Mounting plugin localization for 'WEP_PWR_CannonGun'...
[2026.09.02-23.35.56:168][  0]LogGameFeatures: Display: Game feature 'WEP_PWR_CannonGun' transitioned successfully. Ending state: Active [Active, Active]
[2026.09.02-23.35.56:169][  0]LogShaderLibrary: Display: Opening a chunked shader library for plugin 'EQP_SBK_StickyGrenade' is ignored. Chunked libraries for plugins are not supported.
[2026.09.02-23.35.56:169][  0]LogPluginManager: Mounting plugin localization for 'EQP_SBK_StickyGrenade'...
[2026.09.02-23.35.56:170][  0]LogGameFeatures: Display: Game feature 'EQP_SBK_StickyGrenade' transitioned successfully. Ending state: Active [Active, Active]
[2026.09.02-23.35.56:170][  0]LogShaderLibrary: Display: Opening a chunked shader library for plugin 'CHR_SBK_Rhinok' is ignored. Chunked libraries for plugins are not supported.
[2026.09.02-23.35.56:170][  0]LogPluginManager: Mounting plugin localization for 'CHR_SBK_Rhinok'...
[2026.09.02-23.35.56:171][  0]LogGameFeatures: Display: Game feature 'CHR_SBK_Rhinok' transitioned successfully. Ending state: Active [Active, Active]
[2026.09.02-23.35.56:171][  0]LogShaderLibrary: Display: Opening a chunked shader library for plugin 'CHR_SBK_OrionFemaleUltra' is ignored. Chunked libraries for plugins are not supported.
[2026.09.02-23.35.56:172][  0]LogPluginManager: Mounting plugin localization for 'CHR_SBK_OrionFemaleUltra'...
[2026.09.02-23.35.56:172][  0]LogGameFeatures: Display: Game feature 'CHR_SBK_OrionFemaleUltra' transitioned successfully. Ending state: Active [Active, Active]
[2026.09.02-23.35.56:172][  0]LogShaderLibrary: Display: Opening a chunked shader library for plugin 'WSK_MER_Shotgun_Overclock' is ignored. Chunked libraries for plugins are not supported.
[2026.09.02-23.35.56:173][  0]LogPluginManager: Mounting plugin localization for 'WSK_MER_Shotgun_Overclock'...
[2026.09.02-23.35.56:173][  0]LogGameFeatures: Display: Game feature 'WSK_MER_Shotgun_Overclock' transitioned successfully. Ending state: Active [Active, Active]
[2026.09.02-23.35.56:174][  0]LogShaderLibrary: Display: Opening a chunked shader library for plugin 'WSK_MER_Shotgun_CreatorClash' is ignored. Chunked libraries for plugins are not supported.
[2026.09.02-23.35.56:175][  0]LogPluginManager: Mounting plugin localization for 'WSK_MER_Shotgun_CreatorClash'...
[2026.09.02-23.35.56:175][  0]LogGameFeatures: Display: Game feature 'WSK_MER_Shotgun_CreatorClash' transitioned successfully. Ending state: Active [Active, Active]
[2026.09.02-23.35.56:175][  0]LogShaderLibrary: Display: Opening a chunked shader library for plugin 'WSK_MER_Shotgun_Concentrator' is ignored. Chunked libraries for plugins are not supported.
[2026.09.02-23.35.56:177][  0]LogPluginManager: Mounting plugin localization for 'WSK_MER_Shotgun_Concentrator'...
[2026.09.02-23.35.56:177][  0]LogGameFeatures: Display: Game feature 'WSK_MER_Shotgun_Concentrator' transitioned successfully. Ending state: Active [Active, Active]
[2026.09.02-23.35.56:177][  0]LogShaderLibrary: Display: Opening a chunked shader library for plugin 'WSK_MER_Shotgun_Blackhole' is ignored. Chunked libraries for plugins are not supported.
[2026.09.02-23.35.56:178][  0]LogPluginManager: Mounting plugin localization for 'WSK_MER_Shotgun_Blackhole'...
[2026.09.02-23.35.56:178][  0]LogGameFeatures: Display: Game feature 'WSK_MER_Shotgun_Blackhole' transitioned successfully. Ending state: Active [Active, Active]
[2026.09.02-23.35.56:178][  0]LogShaderLibrary: Display: Opening a chunked shader library for plugin 'WSK_MER_Shotgun_BattleShip' is ignored. Chunked libraries for plugins are not supported.
[2026.09.02-23.35.56:179][  0]LogPluginManager: Mounting plugin localization for 'WSK_MER_Shotgun_BattleShip'...
[2026.09.02-23.35.56:179][  0]LogGameFeatures: Display: Game feature 'WSK_MER_Shotgun_BattleShip' transitioned successfully. Ending state: Active [Active, Active]
[2026.09.02-23.35.56:179][  0]LogShaderLibrary: Display: Opening a chunked shader library for plugin 'WSK_MER_Shotgun_Antiquity' is ignored. Chunked libraries for plugins are not supported.
[2026.09.02-23.35.56:180][  0]LogPluginManager: Mounting plugin localization for 'WSK_MER_Shotgun_Antiquity'...
[2026.09.02-23.35.56:180][  0]LogGameFeatures: Display: Game feature 'WSK_MER_Shotgun_Antiquity' transitioned successfully. Ending state: Active [Active, Active]
[2026.09.02-23.35.56:180][  0]LogShaderLibrary: Display: Opening a chunked shader library for plugin 'WSK_MER_SemiPistol_Swarm' is ignored. Chunked libraries for plugins are not supported.
[2026.09.02-23.35.56:181][  0]LogPluginManager: Mounting plugin localization for 'WSK_MER_SemiPistol_Swarm'...
[2026.09.02-23.35.56:181][  0]LogGameFeatures: Display: Game feature 'WSK_MER_SemiPistol_Swarm' transitioned successfully. Ending state: Active [Active, Active]
[2026.09.02-23.35.56:181][  0]LogShaderLibrary: Display: Opening a chunked shader library for plugin 'WSK_MER_SemiPistol_Pesticide' is ignored. Chunked libraries for plugins are not supported.
[2026.09.02-23.35.56:182][  0]LogPluginManager: Mounting plugin localization for 'WSK_MER_SemiPistol_Pesticide'...
[2026.09.02-23.35.56:182][  0]LogGameFeatures: Display: Game feature 'WSK_MER_SemiPistol_Pesticide' transitioned successfully. Ending state: Active [Active, Active]
[2026.09.02-23.35.56:183][  0]LogShaderLibrary: Display: Opening a chunked shader library for plugin 'WSK_MER_SemiPistol_Nocturne' is ignored. Chunked libraries for plugins are not supported.
[2026.09.02-23.35.56:183][  0]LogPluginManager: Mounting plugin localization for 'WSK_MER_SemiPistol_Nocturne'...
[2026.09.02-23.35.56:183][  0]LogGameFeatures: Display: Game feature 'WSK_MER_SemiPistol_Nocturne' transitioned successfully. Ending state: Active [Active, Active]
[2026.09.02-23.35.56:183][  0]LogShaderLibrary: Display: Opening a chunked shader library for plugin 'WSK_MER_SemiPistol_Mirage' is ignored. Chunked libraries for plugins are not supported.
[2026.09.02-23.35.56:184][  0]LogPluginManager: Mounting plugin localization for 'WSK_MER_SemiPistol_Mirage'...
[2026.09.02-23.35.56:185][  0]LogGameFeatures: Display: Game feature 'WSK_MER_SemiPistol_Mirage' transitioned successfully. Ending state: Active [Active, Active]
[2026.09.02-23.35.56:185][  0]LogShaderLibrary: Display: Opening a chunked shader library for plugin 'WSK_MER_SemiPistol_LunarNewYear' is ignored. Chunked libraries for plugins are not supported.
[2026.09.02-23.35.56:186][  0]LogPluginManager: Mounting plugin localization for 'WSK_MER_SemiPistol_LunarNewYear'...
[2026.09.02-23.35.56:186][  0]LogGameFeatures: Display: Game feature 'WSK_MER_SemiPistol_LunarNewYear' transitioned successfully. Ending state: Active [Active, Active]
[2026.09.02-23.35.56:186][  0]LogShaderLibrary: Display: Opening a chunked shader library for plugin 'WSK_MER_SemiPistol_Dissipator' is ignored. Chunked libraries for plugins are not supported.
[2026.09.02-23.35.56:187][  0]LogPluginManager: Mounting plugin localization for 'WSK_MER_SemiPistol_Dissipator'...
[2026.09.02-23.35.56:188][  0]LogGameFeatures: Display: Game feature 'WSK_MER_SemiPistol_Dissipator' transitioned successfully. Ending state: Active [Active, Active]
[2026.09.02-23.35.56:188][  0]LogShaderLibrary: Display: Opening a chunked shader library for plugin 'WSK_MER_SemiPistol_CreatorClash' is ignored. Chunked libraries for plugins are not supported.
[2026.09.02-23.35.56:189][  0]LogPluginManager: Mounting plugin localization for 'WSK_MER_SemiPistol_CreatorClash'...
[2026.09.02-23.35.56:189][  0]LogGameFeatures: Display: Game feature 'WSK_MER_SemiPistol_CreatorClash' transitioned successfully. Ending state: Active [Active, Active]
[2026.09.02-23.35.56:189][  0]LogShaderLibrary: Display: Opening a chunked shader library for plugin 'WSK_MER_SMG_SeventySeven' is ignored. Chunked libraries for plugins are not supported.
[2026.09.02-23.35.56:190][  0]LogPluginManager: Mounting plugin localization for 'WSK_MER_SMG_SeventySeven'...
[2026.09.02-23.35.56:190][  0]LogGameFeatures: Display: Game feature 'WSK_MER_SMG_SeventySeven' transitioned successfully. Ending state: Active [Active, Active]
[2026.09.02-23.35.56:190][  0]LogShaderLibrary: Display: Opening a chunked shader library for plugin 'WSK_MER_SMG_Prototype' is ignored. Chunked libraries for plugins are not supported.
[2026.09.02-23.35.56:191][  0]LogPluginManager: Mounting plugin localization for 'WSK_MER_SMG_Prototype'...
[2026.09.02-23.35.56:191][  0]LogGameFeatures: Display: Game feature 'WSK_MER_SMG_Prototype' transitioned successfully. Ending state: Active [Active, Active]
[2026.09.02-23.35.56:191][  0]LogShaderLibrary: Display: Opening a chunked shader library for plugin 'WSK_MER_SMG_ProPack' is ignored. Chunked libraries for plugins are not supported.
[2026.09.02-23.35.56:192][  0]LogPluginManager: Mounting plugin localization for 'WSK_MER_SMG_ProPack'...
[2026.09.02-23.35.56:192][  0]LogGameFeatures: Display: Game feature 'WSK_MER_SMG_ProPack' transitioned successfully. Ending state: Active [Active, Active]
[2026.09.02-23.35.56:192][  0]LogShaderLibrary: Display: Opening a chunked shader library for plugin 'WSK_MER_SMG_Origami' is ignored. Chunked libraries for plugins are not supported.
[2026.09.02-23.35.56:193][  0]LogPluginManager: Mounting plugin localization for 'WSK_MER_SMG_Origami'...
[2026.09.02-23.35.56:193][  0]LogGameFeatures: Display: Game feature 'WSK_MER_SMG_Origami' transitioned successfully. Ending state: Active [Active, Active]
[2026.09.02-23.35.56:193][  0]LogShaderLibrary: Display: Opening a chunked shader library for plugin 'WSK_MER_SMG_Medusa' is ignored. Chunked libraries for plugins are not supported.
[2026.09.02-23.35.56:194][  0]LogPluginManager: Mounting plugin localization for 'WSK_MER_SMG_Medusa'...
[2026.09.02-23.35.56:194][  0]LogGameFeatures: Display: Game feature 'WSK_MER_SMG_Medusa' transitioned successfully. Ending state: Active [Active, Active]
[2026.09.02-23.35.56:194][  0]LogShaderLibrary: Display: Opening a chunked shader library for plugin 'WSK_MER_SMG_BadLuck' is ignored. Chunked libraries for plugins are not supported.
[2026.09.02-23.35.56:195][  0]LogPluginManager: Mounting plugin localization for 'WSK_MER_SMG_BadLuck'...
[2026.09.02-23.35.56:195][  0]LogGameFeatures: Display: Game feature 'WSK_MER_SMG_BadLuck' transitioned successfully. Ending state: Active [Active, Active]
[2026.09.02-23.35.56:195][  0]LogShaderLibrary: Display: Opening a chunked shader library for plugin 'WSK_MER_SMG_AprilFools' is ignored. Chunked libraries for plugins are not supported.
[2026.09.02-23.35.56:197][  0]LogPluginManager: Mounting plugin localization for 'WSK_MER_SMG_AprilFools'...
[2026.09.02-23.35.56:197][  0]LogGameFeatures: Display: Game feature 'WSK_MER_SMG_AprilFools' transitioned successfully. Ending state: Active [Active, Active]
[2026.09.02-23.35.56:197][  0]LogShaderLibrary: Display: Opening a chunked shader library for plugin 'WSK_MER_LMG_IronStreamline' is ignored. Chunked libraries for plugins are not supported.
[2026.09.02-23.35.56:198][  0]LogPluginManager: Mounting plugin localization for 'WSK_MER_LMG_IronStreamline'...
[2026.09.02-23.35.56:198][  0]LogGameFeatures: Display: Game feature 'WSK_MER_LMG_IronStreamline' transitioned successfully. Ending state: Active [Active, Active]
[2026.09.02-23.35.56:198][  0]LogShaderLibrary: Display: Opening a chunked shader library for plugin 'WSK_MER_LMG_FierceStrata' is ignored. Chunked libraries for plugins are not supported.
[2026.09.02-23.35.56:199][  0]LogPluginManager: Mounting plugin localization for 'WSK_MER_LMG_FierceStrata'...
[2026.09.02-23.35.56:199][  0]LogGameFeatures: Display: Game feature 'WSK_MER_LMG_FierceStrata' transitioned successfully. Ending state: Active [Active, Active]
[2026.09.02-23.35.56:199][  0]LogShaderLibrary: Display: Opening a chunked shader library for plugin 'WSK_MER_LMG_Blackhole' is ignored. Chunked libraries for plugins are not supported.
[2026.09.02-23.35.56:200][  0]LogPluginManager: Mounting plugin localization for 'WSK_MER_LMG_Blackhole'...
[2026.09.02-23.35.56:200][  0]LogGameFeatures: Display: Game feature 'WSK_MER_LMG_Blackhole' transitioned successfully. Ending state: Active [Active, Active]
[2026.09.02-23.35.56:200][  0]LogShaderLibrary: Display: Opening a chunked shader library for plugin 'WSK_MER_HeavyPistol_Widow' is ignored. Chunked libraries for plugins are not supported.
[2026.09.02-23.35.56:201][  0]LogPluginManager: Mounting plugin localization for 'WSK_MER_HeavyPistol_Widow'...
[2026.09.02-23.35.56:201][  0]LogGameFeatures: Display: Game feature 'WSK_MER_HeavyPistol_Widow' transitioned successfully. Ending state: Active [Active, Active]
[2026.09.02-23.35.56:201][  0]LogShaderLibrary: Display: Opening a chunked shader library for plugin 'WSK_MER_HeavyPistol_Artisan' is ignored. Chunked libraries for plugins are not supported.
[2026.09.02-23.35.56:202][  0]LogPluginManager: Mounting plugin localization for 'WSK_MER_HeavyPistol_Artisan'...
[2026.09.02-23.35.56:202][  0]LogGameFeatures: Display: Game feature 'WSK_MER_HeavyPistol_Artisan' transitioned successfully. Ending state: Active [Active, Active]
[2026.09.02-23.35.56:202][  0]LogShaderLibrary: Display: Opening a chunked shader library for plugin 'WSK_MER_ChargePistol_Prismal' is ignored. Chunked libraries for plugins are not supported.
[2026.09.02-23.35.56:203][  0]LogPluginManager: Mounting plugin localization for 'WSK_MER_ChargePistol_Prismal'...
[2026.09.02-23.35.56:203][  0]LogGameFeatures: Display: Game feature 'WSK_MER_ChargePistol_Prismal' transitioned successfully. Ending state: Active [Active, Active]
[2026.09.02-23.35.56:203][  0]LogShaderLibrary: Display: Opening a chunked shader library for plugin 'WSK_MER_ChargePistol_Blackhole' is ignored. Chunked libraries for plugins are not supported.
[2026.09.02-23.35.56:205][  0]LogPluginManager: Mounting plugin localization for 'WSK_MER_ChargePistol_Blackhole'...
[2026.09.02-23.35.56:205][  0]LogGameFeatures: Display: Game feature 'WSK_MER_ChargePistol_Blackhole' transitioned successfully. Ending state: Active [Active, Active]
[2026.09.02-23.35.56:205][  0]LogShaderLibrary: Display: Opening a chunked shader library for plugin 'WSK_MER_Carbine_Redline' is ignored. Chunked libraries for plugins are not supported.
[2026.09.02-23.35.56:206][  0]LogPluginManager: Mounting plugin localization for 'WSK_MER_Carbine_Redline'...
[2026.09.02-23.35.56:207][  0]LogGameFeatures: Display: Game feature 'WSK_MER_Carbine_Redline' transitioned successfully. Ending state: Active [Active, Active]
[2026.09.02-23.35.56:207][  0]LogShaderLibrary: Display: Opening a chunked shader library for plugin 'WSK_MER_Carbine_Nanoswarm' is ignored. Chunked libraries for plugins are not supported.
[2026.09.02-23.35.56:208][  0]LogPluginManager: Mounting plugin localization for 'WSK_MER_Carbine_Nanoswarm'...
[2026.09.02-23.35.56:208][  0]LogGameFeatures: Display: Game feature 'WSK_MER_Carbine_Nanoswarm' transitioned successfully. Ending state: Active [Active, Active]
[2026.09.02-23.35.56:208][  0]LogShaderLibrary: Display: Opening a chunked shader library for plugin 'WSK_MER_Carbine_EuropeanOfficer' is ignored. Chunked libraries for plugins are not supported.
[2026.09.02-23.35.56:209][  0]LogPluginManager: Mounting plugin localization for 'WSK_MER_Carbine_EuropeanOfficer'...
[2026.09.02-23.35.56:209][  0]LogGameFeatures: Display: Game feature 'WSK_MER_Carbine_EuropeanOfficer' transitioned successfully. Ending state: Active [Active, Active]
[2026.09.02-23.35.56:209][  0]LogShaderLibrary: Display: Opening a chunked shader library for plugin 'WSK_MER_Carbine_Chronos' is ignored. Chunked libraries for plugins are not supported.
[2026.09.02-23.35.56:209][  0]LogPluginManager: Mounting plugin localization for 'WSK_MER_Carbine_Chronos'...
[2026.09.02-23.35.56:210][  0]LogGameFeatures: Display: Game feature 'WSK_MER_Carbine_Chronos' transitioned successfully. Ending state: Active [Active, Active]
[2026.09.02-23.35.56:210][  0]LogShaderLibrary: Display: Opening a chunked shader library for plugin 'WSK_MER_Carbine_Ceramic' is ignored. Chunked libraries for plugins are not supported.
[2026.09.02-23.35.56:210][  0]LogPluginManager: Mounting plugin localization for 'WSK_MER_Carbine_Ceramic'...
[2026.09.02-23.35.56:211][  0]LogGameFeatures: Display: Game feature 'WSK_MER_Carbine_Ceramic' transitioned successfully. Ending state: Active [Active, Active]
[2026.09.02-23.35.56:211][  0]LogShaderLibrary: Display: Opening a chunked shader library for plugin 'WSK_MER_Carbine_Bronze' is ignored. Chunked libraries for plugins are not supported.
[2026.09.02-23.35.56:212][  0]LogPluginManager: Mounting plugin localization for 'WSK_MER_Carbine_Bronze'...
[2026.09.02-23.35.56:212][  0]LogGameFeatures: Display: Game feature 'WSK_MER_Carbine_Bronze' transitioned successfully. Ending state: Active [Active, Active]
[2026.09.02-23.35.56:212][  0]LogShaderLibrary: Display: Opening a chunked shader library for plugin 'WSK_MER_BurstRifle_Vampiric' is ignored. Chunked libraries for plugins are not supported.
[2026.09.02-23.35.56:213][  0]LogPluginManager: Mounting plugin localization for 'WSK_MER_BurstRifle_Vampiric'...
[2026.09.02-23.35.56:213][  0]LogGameFeatures: Display: Game feature 'WSK_MER_BurstRifle_Vampiric' transitioned successfully. Ending state: Active [Active, Active]
[2026.09.02-23.35.56:213][  0]LogShaderLibrary: Display: Opening a chunked shader library for plugin 'WSK_MER_BurstRifle_Ulrich' is ignored. Chunked libraries for plugins are not supported.
[2026.09.02-23.35.56:214][  0]LogPluginManager: Mounting plugin localization for 'WSK_MER_BurstRifle_Ulrich'...
[2026.09.02-23.35.56:214][  0]LogGameFeatures: Display: Game feature 'WSK_MER_BurstRifle_Ulrich' transitioned successfully. Ending state: Active [Active, Active]
[2026.09.02-23.35.56:215][  0]LogShaderLibrary: Display: Opening a chunked shader library for plugin 'WSK_MER_BurstRifle_RemoteControl' is ignored. Chunked libraries for plugins are not supported.
[2026.09.02-23.35.56:216][  0]LogPluginManager: Mounting plugin localization for 'WSK_MER_BurstRifle_RemoteControl'...
[2026.09.02-23.35.56:216][  0]LogGameFeatures: Display: Game feature 'WSK_MER_BurstRifle_RemoteControl' transitioned successfully. Ending state: Active [Active, Active]
[2026.09.02-23.35.56:216][  0]LogShaderLibrary: Display: Opening a chunked shader library for plugin 'WSK_MER_BurstRifle_Nanoswarm' is ignored. Chunked libraries for plugins are not supported.
[2026.09.02-23.35.56:217][  0]LogPluginManager: Mounting plugin localization for 'WSK_MER_BurstRifle_Nanoswarm'...
[2026.09.02-23.35.56:217][  0]LogGameFeatures: Display: Game feature 'WSK_MER_BurstRifle_Nanoswarm' transitioned successfully. Ending state: Active [Active, Active]
[2026.09.02-23.35.56:217][  0]LogShaderLibrary: Display: Opening a chunked shader library for plugin 'WSK_MER_BurstRifle_Medic' is ignored. Chunked libraries for plugins are not supported.
[2026.09.02-23.35.56:218][  0]LogPluginManager: Mounting plugin localization for 'WSK_MER_BurstRifle_Medic'...
[2026.09.02-23.35.56:218][  0]LogGameFeatures: Display: Game feature 'WSK_MER_BurstRifle_Medic' transitioned successfully. Ending state: Active [Active, Active]
[2026.09.02-23.35.56:218][  0]LogShaderLibrary: Display: Opening a chunked shader library for plugin 'WSK_MER_BurstRifle_Egyptian' is ignored. Chunked libraries for plugins are not supported.
[2026.09.02-23.35.56:219][  0]LogPluginManager: Mounting plugin localization for 'WSK_MER_BurstRifle_Egyptian'...
[2026.09.02-23.35.56:219][  0]LogGameFeatures: Display: Game feature 'WSK_MER_BurstRifle_Egyptian' transitioned successfully. Ending state: Active [Active, Active]
[2026.09.02-23.35.56:219][  0]LogShaderLibrary: Display: Opening a chunked shader library for plugin 'WSK_MER_BurstRifle_Calligraph' is ignored. Chunked libraries for plugins are not supported.
[2026.09.02-23.35.56:220][  0]LogPluginManager: Mounting plugin localization for 'WSK_MER_BurstRifle_Calligraph'...
[2026.09.02-23.35.56:221][  0]LogGameFeatures: Display: Game feature 'WSK_MER_BurstRifle_Calligraph' transitioned successfully. Ending state: Active [Active, Active]
[2026.09.02-23.35.56:221][  0]LogShaderLibrary: Display: Opening a chunked shader library for plugin 'WSK_MER_BurstRifle_BlackHole' is ignored. Chunked libraries for plugins are not supported.
[2026.09.02-23.35.56:222][  0]LogPluginManager: Mounting plugin localization for 'WSK_MER_BurstRifle_BlackHole'...
[2026.09.02-23.35.56:222][  0]LogGameFeatures: Display: Game feature 'WSK_MER_BurstRifle_BlackHole' transitioned successfully. Ending state: Active [Active, Active]
[2026.09.02-23.35.56:223][  0]LogShaderLibrary: Display: Opening a chunked shader library for plugin 'WSK_MER_BurstRifle_BadLuck' is ignored. Chunked libraries for plugins are not supported.
[2026.09.02-23.35.56:224][  0]LogPluginManager: Mounting plugin localization for 'WSK_MER_BurstRifle_BadLuck'...
[2026.09.02-23.35.56:224][  0]LogGameFeatures: Display: Game feature 'WSK_MER_BurstRifle_BadLuck' transitioned successfully. Ending state: Active [Active, Active]
[2026.09.02-23.35.56:224][  0]LogShaderLibrary: Display: Opening a chunked shader library for plugin 'WSK_MER_BurstPistol_Redline' is ignored. Chunked libraries for plugins are not supported.
[2026.09.02-23.35.56:226][  0]LogPluginManager: Mounting plugin localization for 'WSK_MER_BurstPistol_Redline'...
[2026.09.02-23.35.56:226][  0]LogGameFeatures: Display: Game feature 'WSK_MER_BurstPistol_Redline' transitioned successfully. Ending state: Active [Active, Active]
[2026.09.02-23.35.56:226][  0]LogShaderLibrary: Display: Opening a chunked shader library for plugin 'WSK_MER_BurstPistol_Cella' is ignored. Chunked libraries for plugins are not supported.
[2026.09.02-23.35.56:227][  0]LogPluginManager: Mounting plugin localization for 'WSK_MER_BurstPistol_Cella'...
[2026.09.02-23.35.56:227][  0]LogGameFeatures: Display: Game feature 'WSK_MER_BurstPistol_Cella' transitioned successfully. Ending state: Active [Active, Active]
[2026.09.02-23.35.56:227][  0]LogShaderLibrary: Display: Opening a chunked shader library for plugin 'WSK_MER_BurstPistol_BadLuck' is ignored. Chunked libraries for plugins are not supported.
[2026.09.02-23.35.56:228][  0]LogPluginManager: Mounting plugin localization for 'WSK_MER_BurstPistol_BadLuck'...
[2026.09.02-23.35.56:228][  0]LogGameFeatures: Display: Game feature 'WSK_MER_BurstPistol_BadLuck' transitioned successfully. Ending state: Active [Active, Active]
[2026.09.02-23.35.56:229][  0]LogShaderLibrary: Display: Opening a chunked shader library for plugin 'WSK_MER_BurstPistol_AethersFragment' is ignored. Chunked libraries for plugins are not supported.
[2026.09.02-23.35.56:229][  0]LogPluginManager: Mounting plugin localization for 'WSK_MER_BurstPistol_AethersFragment'...
[2026.09.02-23.35.56:229][  0]LogGameFeatures: Display: Game feature 'WSK_MER_BurstPistol_AethersFragment' transitioned successfully. Ending state: Active [Active, Active]
[2026.09.02-23.35.56:230][  0]LogShaderLibrary: Display: Opening a chunked shader library for plugin 'WSK_MER_AssaultRifle_Trojan' is ignored. Chunked libraries for plugins are not supported.
[2026.09.02-23.35.56:230][  0]LogPluginManager: Mounting plugin localization for 'WSK_MER_AssaultRifle_Trojan'...
[2026.09.02-23.35.56:230][  0]LogGameFeatures: Display: Game feature 'WSK_MER_AssaultRifle_Trojan' transitioned successfully. Ending state: Active [Active, Active]
[2026.09.02-23.35.56:230][  0]LogShaderLibrary: Display: Opening a chunked shader library for plugin 'WSK_MER_AssaultRifle_Swarm' is ignored. Chunked libraries for plugins are not supported.
[2026.09.02-23.35.56:231][  0]LogPluginManager: Mounting plugin localization for 'WSK_MER_AssaultRifle_Swarm'...
[2026.09.02-23.35.56:232][  0]LogGameFeatures: Display: Game feature 'WSK_MER_AssaultRifle_Swarm' transitioned successfully. Ending state: Active [Active, Active]
[2026.09.02-23.35.56:232][  0]LogShaderLibrary: Display: Opening a chunked shader library for plugin 'WSK_MER_AssaultRifle_Revolt' is ignored. Chunked libraries for plugins are not supported.
[2026.09.02-23.35.56:232][  0]LogPluginManager: Mounting plugin localization for 'WSK_MER_AssaultRifle_Revolt'...
[2026.09.02-23.35.56:233][  0]LogGameFeatures: Display: Game feature 'WSK_MER_AssaultRifle_Revolt' transitioned successfully. Ending state: Active [Active, Active]
[2026.09.02-23.35.56:233][  0]LogShaderLibrary: Display: Opening a chunked shader library for plugin 'WSK_MER_AssaultRifle_Receptor' is ignored. Chunked libraries for plugins are not supported.
[2026.09.02-23.35.56:233][  0]LogPluginManager: Mounting plugin localization for 'WSK_MER_AssaultRifle_Receptor'...
[2026.09.02-23.35.56:234][  0]LogGameFeatures: Display: Game feature 'WSK_MER_AssaultRifle_Receptor' transitioned successfully. Ending state: Active [Active, Active]
[2026.09.02-23.35.56:234][  0]LogShaderLibrary: Display: Opening a chunked shader library for plugin 'WSK_MER_AssaultRifle_PirateQueen' is ignored. Chunked libraries for plugins are not supported.
[2026.09.02-23.35.56:236][  0]LogPluginManager: Mounting plugin localization for 'WSK_MER_AssaultRifle_PirateQueen'...
[2026.09.02-23.35.56:236][  0]LogGameFeatures: Display: Game feature 'WSK_MER_AssaultRifle_PirateQueen' transitioned successfully. Ending state: Active [Active, Active]
[2026.09.02-23.35.56:236][  0]LogShaderLibrary: Display: Opening a chunked shader library for plugin 'WSK_MER_AssaultRifle_PekingOpera' is ignored. Chunked libraries for plugins are not supported.
[2026.09.02-23.35.56:237][  0]LogPluginManager: Mounting plugin localization for 'WSK_MER_AssaultRifle_PekingOpera'...
[2026.09.02-23.35.56:238][  0]LogGameFeatures: Display: Game feature 'WSK_MER_AssaultRifle_PekingOpera' transitioned successfully. Ending state: Active [Active, Active]
[2026.09.02-23.35.56:238][  0]LogShaderLibrary: Display: Opening a chunked shader library for plugin 'WSK_MER_AssaultRifle_Pearl' is ignored. Chunked libraries for plugins are not supported.
[2026.09.02-23.35.56:239][  0]LogPluginManager: Mounting plugin localization for 'WSK_MER_AssaultRifle_Pearl'...
[2026.09.02-23.35.56:240][  0]LogGameFeatures: Display: Game feature 'WSK_MER_AssaultRifle_Pearl' transitioned successfully. Ending state: Active [Active, Active]
[2026.09.02-23.35.56:240][  0]LogShaderLibrary: Display: Opening a chunked shader library for plugin 'WSK_MER_AssaultRifle_Magician' is ignored. Chunked libraries for plugins are not supported.
[2026.09.02-23.35.56:241][  0]LogPluginManager: Mounting plugin localization for 'WSK_MER_AssaultRifle_Magician'...
[2026.09.02-23.35.56:241][  0]LogGameFeatures: Display: Game feature 'WSK_MER_AssaultRifle_Magician' transitioned successfully. Ending state: Active [Active, Active]
[2026.09.02-23.35.56:241][  0]LogShaderLibrary: Display: Opening a chunked shader library for plugin 'WSK_MER_AssaultRifle_LunarNewYear' is ignored. Chunked libraries for plugins are not supported.
[2026.09.02-23.35.56:243][  0]LogPluginManager: Mounting plugin localization for 'WSK_MER_AssaultRifle_LunarNewYear'...
[2026.09.02-23.35.56:243][  0]LogGameFeatures: Display: Game feature 'WSK_MER_AssaultRifle_LunarNewYear' transitioned successfully. Ending state: Active [Active, Active]
[2026.09.02-23.35.56:244][  0]LogShaderLibrary: Display: Opening a chunked shader library for plugin 'WSK_MER_AssaultRifle_ElfNoveau' is ignored. Chunked libraries for plugins are not supported.
[2026.09.02-23.35.56:245][  0]LogPluginManager: Mounting plugin localization for 'WSK_MER_AssaultRifle_ElfNoveau'...
[2026.09.02-23.35.56:245][  0]LogGameFeatures: Display: Game feature 'WSK_MER_AssaultRifle_ElfNoveau' transitioned successfully. Ending state: Active [Active, Active]
[2026.09.02-23.35.56:246][  0]LogShaderLibrary: Display: Opening a chunked shader library for plugin 'WSK_MER_AssaultRifle_Casino' is ignored. Chunked libraries for plugins are not supported.
[2026.09.02-23.35.56:247][  0]LogPluginManager: Mounting plugin localization for 'WSK_MER_AssaultRifle_Casino'...
[2026.09.02-23.35.56:248][  0]LogGameFeatures: Display: Game feature 'WSK_MER_AssaultRifle_Casino' transitioned successfully. Ending state: Active [Active, Active]
[2026.09.02-23.35.56:248][  0]LogShaderLibrary: Display: Opening a chunked shader library for plugin 'WSK_MER_AssaultRifle_Cardboard' is ignored. Chunked libraries for plugins are not supported.
[2026.09.02-23.35.56:249][  0]LogPluginManager: Mounting plugin localization for 'WSK_MER_AssaultRifle_Cardboard'...
[2026.09.02-23.35.56:249][  0]LogGameFeatures: Display: Game feature 'WSK_MER_AssaultRifle_Cardboard' transitioned successfully. Ending state: Active [Active, Active]
[2026.09.02-23.35.56:249][  0]LogShaderLibrary: Display: Opening a chunked shader library for plugin 'WSK_MER_AssaultRifle_BadLuck' is ignored. Chunked libraries for plugins are not supported.
[2026.09.02-23.35.56:251][  0]LogPluginManager: Mounting plugin localization for 'WSK_MER_AssaultRifle_BadLuck'...
[2026.09.02-23.35.56:251][  0]LogGameFeatures: Display: Game feature 'WSK_MER_AssaultRifle_BadLuck' transitioned successfully. Ending state: Active [Active, Active]
[2026.09.02-23.35.56:251][  0]LogShaderLibrary: Display: Opening a chunked shader library for plugin 'WSK_MER_AssaultRifle_AethersFragment' is ignored. Chunked libraries for plugins are not supported.
[2026.09.02-23.35.56:252][  0]LogPluginManager: Mounting plugin localization for 'WSK_MER_AssaultRifle_AethersFragment'...
[2026.09.02-23.35.56:252][  0]LogGameFeatures: Display: Game feature 'WSK_MER_AssaultRifle_AethersFragment' transitioned successfully. Ending state: Active [Active, Active]
[2026.09.02-23.35.56:252][  0]LogShaderLibrary: Display: Opening a chunked shader library for plugin 'MAP_Zenith' is ignored. Chunked libraries for plugins are not supported.
[2026.09.02-23.35.56:254][  0]LogPluginManager: Mounting plugin localization for 'MAP_Zenith'...
[2026.09.02-23.35.56:254][  0]LogGameFeatures: Display: Game feature 'MAP_Zenith' transitioned successfully. Ending state: Active [Active, Active]
[2026.09.02-23.35.56:254][  0]LogShaderLibrary: Display: Opening a chunked shader library for plugin 'CHR_MER_Sakura' is ignored. Chunked libraries for plugins are not supported.
[2026.09.02-23.35.56:256][  0]LogPluginManager: Mounting plugin localization for 'CHR_MER_Sakura'...
[2026.09.02-23.35.56:256][  0]LogGameFeatures: Display: Game feature 'CHR_MER_Sakura' transitioned successfully. Ending state: Active [Active, Active]
[2026.09.02-23.35.56:256][  0]LogShaderLibrary: Display: Opening a chunked shader library for plugin 'CHR_MER_Phaze' is ignored. Chunked libraries for plugins are not supported.
[2026.09.02-23.35.56:257][  0]LogPluginManager: Mounting plugin localization for 'CHR_MER_Phaze'...
[2026.09.02-23.35.56:257][  0]LogGameFeatures: Display: Game feature 'CHR_MER_Phaze' transitioned successfully. Ending state: Active [Active, Active]
[2026.09.02-23.35.56:257][  0]LogShaderLibrary: Display: Opening a chunked shader library for plugin 'CHR_MER_Nurse' is ignored. Chunked libraries for plugins are not supported.
[2026.09.02-23.35.56:258][  0]LogPluginManager: Mounting plugin localization for 'CHR_MER_Nurse'...
[2026.09.02-23.35.56:258][  0]LogGameFeatures: Display: Game feature 'CHR_MER_Nurse' transitioned successfully. Ending state: Active [Active, Active]
[2026.09.02-23.35.56:258][  0]LogShaderLibrary: Display: Opening a chunked shader library for plugin 'CHR_MER_MiraCC' is ignored. Chunked libraries for plugins are not supported.
[2026.09.02-23.35.56:259][  0]LogPluginManager: Mounting plugin localization for 'CHR_MER_MiraCC'...
[2026.09.02-23.35.56:259][  0]LogGameFeatures: Display: Game feature 'CHR_MER_MiraCC' transitioned successfully. Ending state: Active [Active, Active]
[2026.09.02-23.35.56:259][  0]LogShaderLibrary: Display: Opening a chunked shader library for plugin 'CHR_MER_Medic' is ignored. Chunked libraries for plugins are not supported.
[2026.09.02-23.35.56:260][  0]LogPluginManager: Mounting plugin localization for 'CHR_MER_Medic'...
[2026.09.02-23.35.56:260][  0]LogGameFeatures: Display: Game feature 'CHR_MER_Medic' transitioned successfully. Ending state: Active [Active, Active]
[2026.09.02-23.35.56:260][  0]LogShaderLibrary: Display: Opening a chunked shader library for plugin 'CHR_MER_Lorde' is ignored. Chunked libraries for plugins are not supported.
[2026.09.02-23.35.56:261][  0]LogPluginManager: Mounting plugin localization for 'CHR_MER_Lorde'...
[2026.09.02-23.35.56:261][  0]LogGameFeatures: Display: Game feature 'CHR_MER_Lorde' transitioned successfully. Ending state: Active [Active, Active]
[2026.09.02-23.35.56:261][  0]LogShaderLibrary: Display: Opening a chunked shader library for plugin 'CHR_MER_Illima' is ignored. Chunked libraries for plugins are not supported.
[2026.09.02-23.35.56:262][  0]LogPluginManager: Mounting plugin localization for 'CHR_MER_Illima'...
[2026.09.02-23.35.56:262][  0]LogGameFeatures: Display: Game feature 'CHR_MER_Illima' transitioned successfully. Ending state: Active [Active, Active]
[2026.09.02-23.35.56:262][  0]LogShaderLibrary: Display: Opening a chunked shader library for plugin 'CHR_MER_Crane' is ignored. Chunked libraries for plugins are not supported.
[2026.09.02-23.35.56:263][  0]LogPluginManager: Mounting plugin localization for 'CHR_MER_Crane'...
[2026.09.02-23.35.56:263][  0]LogGameFeatures: Display: Game feature 'CHR_MER_Crane' transitioned successfully. Ending state: Active [Active, Active]
[2026.09.02-23.35.56:263][  0]LogShaderLibrary: Display: Opening a chunked shader library for plugin 'CHR_MER_Cella' is ignored. Chunked libraries for plugins are not supported.
[2026.09.02-23.35.56:264][  0]LogPluginManager: Mounting plugin localization for 'CHR_MER_Cella'...
[2026.09.02-23.35.56:264][  0]LogGameFeatures: Display: Game feature 'CHR_MER_Cella' transitioned successfully. Ending state: Active [Active, Active]
[2026.09.02-23.35.56:264][  0]LogShaderLibrary: Display: Opening a chunked shader library for plugin 'CHR_MER_Ada' is ignored. Chunked libraries for plugins are not supported.
[2026.09.02-23.35.56:265][  0]LogPluginManager: Mounting plugin localization for 'CHR_MER_Ada'...
[2026.09.02-23.35.56:265][  0]LogGameFeatures: Display: Game feature 'CHR_MER_Ada' transitioned successfully. Ending state: Active [Active, Active]
[2026.09.02-23.35.56:265][  0]LogShaderLibrary: Display: Opening a chunked shader library for plugin 'WSK_SBK_Shotgun_SprayAndSlay' is ignored. Chunked libraries for plugins are not supported.
[2026.09.02-23.35.56:267][  0]LogPluginManager: Mounting plugin localization for 'WSK_SBK_Shotgun_SprayAndSlay'...
[2026.09.02-23.35.56:267][  0]LogGameFeatures: Display: Game feature 'WSK_SBK_Shotgun_SprayAndSlay' transitioned successfully. Ending state: Active [Active, Active]
[2026.09.02-23.35.56:267][  0]LogShaderLibrary: Display: Opening a chunked shader library for plugin 'WSK_SBK_Shotgun_SpacePirate' is ignored. Chunked libraries for plugins are not supported.
[2026.09.02-23.35.56:268][  0]LogPluginManager: Mounting plugin localization for 'WSK_SBK_Shotgun_SpacePirate'...
[2026.09.02-23.35.56:268][  0]LogGameFeatures: Display: Game feature 'WSK_SBK_Shotgun_SpacePirate' transitioned successfully. Ending state: Active [Active, Active]
[2026.09.02-23.35.56:268][  0]LogShaderLibrary: Display: Opening a chunked shader library for plugin 'WSK_SBK_Shotgun_Scrapshot' is ignored. Chunked libraries for plugins are not supported.
[2026.09.02-23.35.56:270][  0]LogPluginManager: Mounting plugin localization for 'WSK_SBK_Shotgun_Scrapshot'...
[2026.09.02-23.35.56:270][  0]LogGameFeatures: Display: Game feature 'WSK_SBK_Shotgun_Scrapshot' transitioned successfully. Ending state: Active [Active, Active]
[2026.09.02-23.35.56:270][  0]LogShaderLibrary: Display: Opening a chunked shader library for plugin 'WSK_SBK_Shotgun_Scorpion' is ignored. Chunked libraries for plugins are not supported.
[2026.09.02-23.35.56:271][  0]LogPluginManager: Mounting plugin localization for 'WSK_SBK_Shotgun_Scorpion'...
[2026.09.02-23.35.56:271][  0]LogGameFeatures: Display: Game feature 'WSK_SBK_Shotgun_Scorpion' transitioned successfully. Ending state: Active [Active, Active]
[2026.09.02-23.35.56:271][  0]LogShaderLibrary: Display: Opening a chunked shader library for plugin 'WSK_SBK_Shotgun_Punk' is ignored. Chunked libraries for plugins are not supported.
[2026.09.02-23.35.56:272][  0]LogPluginManager: Mounting plugin localization for 'WSK_SBK_Shotgun_Punk'...
[2026.09.02-23.35.56:272][  0]LogGameFeatures: Display: Game feature 'WSK_SBK_Shotgun_Punk' transitioned successfully. Ending state: Active [Active, Active]
[2026.09.02-23.35.56:272][  0]LogShaderLibrary: Display: Opening a chunked shader library for plugin 'WSK_SBK_Shotgun_Nutcracker' is ignored. Chunked libraries for plugins are not supported.
[2026.09.02-23.35.56:274][  0]LogPluginManager: Mounting plugin localization for 'WSK_SBK_Shotgun_Nutcracker'...
[2026.09.02-23.35.56:274][  0]LogGameFeatures: Display: Game feature 'WSK_SBK_Shotgun_Nutcracker' transitioned successfully. Ending state: Active [Active, Active]
[2026.09.02-23.35.56:274][  0]LogShaderLibrary: Display: Opening a chunked shader library for plugin 'WSK_SBK_Shotgun_GoldenWings' is ignored. Chunked libraries for plugins are not supported.
[2026.09.02-23.35.56:275][  0]LogPluginManager: Mounting plugin localization for 'WSK_SBK_Shotgun_GoldenWings'...
[2026.09.02-23.35.56:275][  0]LogSlate: InvalidateAllWidgets triggered.  All widgets were invalidated
[2026.09.02-23.35.56:275][  0]LogGameFeatures: Display: Game feature 'WSK_SBK_Shotgun_GoldenWings' transitioned successfully. Ending state: Active [Active, Active]
[2026.09.02-23.35.56:275][  0]LogShaderLibrary: Display: Opening a chunked shader library for plugin 'WSK_SBK_Shotgun_FishingBoat' is ignored. Chunked libraries for plugins are not supported.
[2026.09.02-23.35.56:276][  0]LogPluginManager: Mounting plugin localization for 'WSK_SBK_Shotgun_FishingBoat'...
[2026.09.02-23.35.56:276][  0]LogGameFeatures: Display: Game feature 'WSK_SBK_Shotgun_FishingBoat' transitioned successfully. Ending state: Active [Active, Active]
[2026.09.02-23.35.56:276][  0]LogShaderLibrary: Display: Opening a chunked shader library for plugin 'WSK_SBK_Shotgun_Astra' is ignored. Chunked libraries for plugins are not supported.
[2026.09.02-23.35.56:277][  0]LogPluginManager: Mounting plugin localization for 'WSK_SBK_Shotgun_Astra'...
[2026.09.02-23.35.56:277][  0]LogGameFeatures: Display: Game feature 'WSK_SBK_Shotgun_Astra' transitioned successfully. Ending state: Active [Active, Active]
[2026.09.02-23.35.56:278][  0]LogShaderLibrary: Display: Opening a chunked shader library for plugin 'WSK_SBK_Shotgun_ArtDeco' is ignored. Chunked libraries for plugins are not supported.
[2026.09.02-23.35.56:278][  0]LogPluginManager: Mounting plugin localization for 'WSK_SBK_Shotgun_ArtDeco'...
[2026.09.02-23.35.56:278][  0]LogGameFeatures: Display: Game feature 'WSK_SBK_Shotgun_ArtDeco' transitioned successfully. Ending state: Active [Active, Active]
[2026.09.02-23.35.56:278][  0]LogShaderLibrary: Display: Opening a chunked shader library for plugin 'WSK_SBK_SemiPistol_WingsOfFreedom' is ignored. Chunked libraries for plugins are not supported.
[2026.09.02-23.35.56:279][  0]LogPluginManager: Mounting plugin localization for 'WSK_SBK_SemiPistol_WingsOfFreedom'...
[2026.09.02-23.35.56:279][  0]LogGameFeatures: Display: Game feature 'WSK_SBK_SemiPistol_WingsOfFreedom' transitioned successfully. Ending state: Active [Active, Active]
[2026.09.02-23.35.56:279][  0]LogShaderLibrary: Display: Opening a chunked shader library for plugin 'WSK_SBK_SemiPistol_CreatorClash' is ignored. Chunked libraries for plugins are not supported.
[2026.09.02-23.35.56:280][  0]LogPluginManager: Mounting plugin localization for 'WSK_SBK_SemiPistol_CreatorClash'...
[2026.09.02-23.35.56:280][  0]LogGameFeatures: Display: Game feature 'WSK_SBK_SemiPistol_CreatorClash' transitioned successfully. Ending state: Active [Active, Active]
[2026.09.02-23.35.56:280][  0]LogShaderLibrary: Display: Opening a chunked shader library for plugin 'WSK_SBK_SemiPistol_Astra' is ignored. Chunked libraries for plugins are not supported.
[2026.09.02-23.35.56:281][  0]LogPluginManager: Mounting plugin localization for 'WSK_SBK_SemiPistol_Astra'...
[2026.09.02-23.35.56:281][  0]LogGameFeatures: Display: Game feature 'WSK_SBK_SemiPistol_Astra' transitioned successfully. Ending state: Active [Active, Active]
[2026.09.02-23.35.56:281][  0]LogShaderLibrary: Display: Opening a chunked shader library for plugin 'WSK_SBK_SMG_Tribe' is ignored. Chunked libraries for plugins are not supported.
[2026.09.02-23.35.56:282][  0]LogPluginManager: Mounting plugin localization for 'WSK_SBK_SMG_Tribe'...
[2026.09.02-23.35.56:282][  0]LogGameFeatures: Display: Game feature 'WSK_SBK_SMG_Tribe' transitioned successfully. Ending state: Active [Active, Active]
[2026.09.02-23.35.56:282][  0]LogShaderLibrary: Display: Opening a chunked shader library for plugin 'WSK_SBK_SMG_Tank' is ignored. Chunked libraries for plugins are not supported.
[2026.09.02-23.35.56:283][  0]LogPluginManager: Mounting plugin localization for 'WSK_SBK_SMG_Tank'...
[2026.09.02-23.35.56:283][  0]LogGameFeatures: Display: Game feature 'WSK_SBK_SMG_Tank' transitioned successfully. Ending state: Active [Active, Active]
[2026.09.02-23.35.56:283][  0]LogShaderLibrary: Display: Opening a chunked shader library for plugin 'WSK_SBK_SMG_SteamTrain' is ignored. Chunked libraries for plugins are not supported.
[2026.09.02-23.35.56:284][  0]LogPluginManager: Mounting plugin localization for 'WSK_SBK_SMG_SteamTrain'...
[2026.09.02-23.35.56:284][  0]LogGameFeatures: Display: Game feature 'WSK_SBK_SMG_SteamTrain' transitioned successfully. Ending state: Active [Active, Active]
[2026.09.02-23.35.56:284][  0]LogShaderLibrary: Display: Opening a chunked shader library for plugin 'WSK_SBK_SMG_Shredder' is ignored. Chunked libraries for plugins are not supported.
[2026.09.02-23.35.56:286][  0]LogPluginManager: Mounting plugin localization for 'WSK_SBK_SMG_Shredder'...
[2026.09.02-23.35.56:286][  0]LogGameFeatures: Display: Game feature 'WSK_SBK_SMG_Shredder' transitioned successfully. Ending state: Active [Active, Active]
[2026.09.02-23.35.56:286][  0]LogShaderLibrary: Display: Opening a chunked shader library for plugin 'WSK_SBK_SMG_Radioactive' is ignored. Chunked libraries for plugins are not supported.
[2026.09.02-23.35.56:287][  0]LogPluginManager: Mounting plugin localization for 'WSK_SBK_SMG_Radioactive'...
[2026.09.02-23.35.56:287][  0]LogGameFeatures: Display: Game feature 'WSK_SBK_SMG_Radioactive' transitioned successfully. Ending state: Active [Active, Active]
[2026.09.02-23.35.56:287][  0]LogShaderLibrary: Display: Opening a chunked shader library for plugin 'WSK_SBK_SMG_HeatDissipator' is ignored. Chunked libraries for plugins are not supported.
[2026.09.02-23.35.56:288][  0]LogPluginManager: Mounting plugin localization for 'WSK_SBK_SMG_HeatDissipator'...
[2026.09.02-23.35.56:288][  0]LogGameFeatures: Display: Game feature 'WSK_SBK_SMG_HeatDissipator' transitioned successfully. Ending state: Active [Active, Active]
[2026.09.02-23.35.56:288][  0]LogShaderLibrary: Display: Opening a chunked shader library for plugin 'WSK_SBK_SMG_Grid' is ignored. Chunked libraries for plugins are not supported.
[2026.09.02-23.35.56:289][  0]LogPluginManager: Mounting plugin localization for 'WSK_SBK_SMG_Grid'...
[2026.09.02-23.35.56:289][  0]LogGameFeatures: Display: Game feature 'WSK_SBK_SMG_Grid' transitioned successfully. Ending state: Active [Active, Active]
[2026.09.02-23.35.56:289][  0]LogShaderLibrary: Display: Opening a chunked shader library for plugin 'WSK_SBK_SMG_BulletFactory' is ignored. Chunked libraries for plugins are not supported.
[2026.09.02-23.35.56:290][  0]LogPluginManager: Mounting plugin localization for 'WSK_SBK_SMG_BulletFactory'...
[2026.09.02-23.35.56:290][  0]LogGameFeatures: Display: Game feature 'WSK_SBK_SMG_BulletFactory' transitioned successfully. Ending state: Active [Active, Active]
[2026.09.02-23.35.56:290][  0]LogShaderLibrary: Display: Opening a chunked shader library for plugin 'WSK_SBK_SMG_Astra' is ignored. Chunked libraries for plugins are not supported.
[2026.09.02-23.35.56:291][  0]LogPluginManager: Mounting plugin localization for 'WSK_SBK_SMG_Astra'...
[2026.09.02-23.35.56:291][  0]LogGameFeatures: Display: Game feature 'WSK_SBK_SMG_Astra' transitioned successfully. Ending state: Active [Active, Active]
[2026.09.02-23.35.56:292][  0]LogShaderLibrary: Display: Opening a chunked shader library for plugin 'WSK_SBK_LMG_Nutcracker' is ignored. Chunked libraries for plugins are not supported.
[2026.09.02-23.35.56:293][  0]LogPluginManager: Mounting plugin localization for 'WSK_SBK_LMG_Nutcracker'...
[2026.09.02-23.35.56:293][  0]LogGameFeatures: Display: Game feature 'WSK_SBK_LMG_Nutcracker' transitioned successfully. Ending state: Active [Active, Active]
[2026.09.02-23.35.56:293][  0]LogShaderLibrary: Display: Opening a chunked shader library for plugin 'WSK_SBK_LMG_MetalGrinder' is ignored. Chunked libraries for plugins are not supported.
[2026.09.02-23.35.56:294][  0]LogPluginManager: Mounting plugin localization for 'WSK_SBK_LMG_MetalGrinder'...
[2026.09.02-23.35.56:295][  0]LogGameFeatures: Display: Game feature 'WSK_SBK_LMG_MetalGrinder' transitioned successfully. Ending state: Active [Active, Active]
[2026.09.02-23.35.56:295][  0]LogShaderLibrary: Display: Opening a chunked shader library for plugin 'WSK_SBK_LMG_Lawbringer' is ignored. Chunked libraries for plugins are not supported.
[2026.09.02-23.35.56:296][  0]LogPluginManager: Mounting plugin localization for 'WSK_SBK_LMG_Lawbringer'...
[2026.09.02-23.35.56:296][  0]LogGameFeatures: Display: Game feature 'WSK_SBK_LMG_Lawbringer' transitioned successfully. Ending state: Active [Active, Active]
[2026.09.02-23.35.56:296][  0]LogShaderLibrary: Display: Opening a chunked shader library for plugin 'WSK_SBK_LMG_Fossil' is ignored. Chunked libraries for plugins are not supported.
[2026.09.02-23.35.56:297][  0]LogPluginManager: Mounting plugin localization for 'WSK_SBK_LMG_Fossil'...
[2026.09.02-23.35.56:298][  0]LogGameFeatures: Display: Game feature 'WSK_SBK_LMG_Fossil' transitioned successfully. Ending state: Active [Active, Active]
[2026.09.02-23.35.56:298][  0]LogShaderLibrary: Display: Opening a chunked shader library for plugin 'WSK_SBK_LMG_FishingBoat' is ignored. Chunked libraries for plugins are not supported.
[2026.09.02-23.35.56:299][  0]LogPluginManager: Mounting plugin localization for 'WSK_SBK_LMG_FishingBoat'...
[2026.09.02-23.35.56:299][  0]LogGameFeatures: Display: Game feature 'WSK_SBK_LMG_FishingBoat' transitioned successfully. Ending state: Active [Active, Active]
[2026.09.02-23.35.56:299][  0]LogShaderLibrary: Display: Opening a chunked shader library for plugin 'WSK_SBK_LMG_ChaosThrasher' is ignored. Chunked libraries for plugins are not supported.
[2026.09.02-23.35.56:300][  0]LogPluginManager: Mounting plugin localization for 'WSK_SBK_LMG_ChaosThrasher'...
[2026.09.02-23.35.56:300][  0]LogGameFeatures: Display: Game feature 'WSK_SBK_LMG_ChaosThrasher' transitioned successfully. Ending state: Active [Active, Active]
[2026.09.02-23.35.56:301][  0]LogShaderLibrary: Display: Opening a chunked shader library for plugin 'WSK_SBK_HeavyPistol_Rattler' is ignored. Chunked libraries for plugins are not supported.
[2026.09.02-23.35.56:301][  0]LogPluginManager: Mounting plugin localization for 'WSK_SBK_HeavyPistol_Rattler'...
[2026.09.02-23.35.56:301][  0]LogGameFeatures: Display: Game feature 'WSK_SBK_HeavyPistol_Rattler' transitioned successfully. Ending state: Active [Active, Active]
[2026.09.02-23.35.56:302][  0]LogShaderLibrary: Display: Opening a chunked shader library for plugin 'WSK_SBK_HeavyPistol_Lawbringer' is ignored. Chunked libraries for plugins are not supported.
[2026.09.02-23.35.56:303][  0]LogPluginManager: Mounting plugin localization for 'WSK_SBK_HeavyPistol_Lawbringer'...
[2026.09.02-23.35.56:303][  0]LogGameFeatures: Display: Game feature 'WSK_SBK_HeavyPistol_Lawbringer' transitioned successfully. Ending state: Active [Active, Active]
[2026.09.02-23.35.56:303][  0]LogShaderLibrary: Display: Opening a chunked shader library for plugin 'WSK_SBK_HeavyPistol_Burn' is ignored. Chunked libraries for plugins are not supported.
[2026.09.02-23.35.56:304][  0]LogPluginManager: Mounting plugin localization for 'WSK_SBK_HeavyPistol_Burn'...
[2026.09.02-23.35.56:304][  0]LogGameFeatures: Display: Game feature 'WSK_SBK_HeavyPistol_Burn' transitioned successfully. Ending state: Active [Active, Active]
[2026.09.02-23.35.56:304][  0]LogShaderLibrary: Display: Opening a chunked shader library for plugin 'WSK_SBK_Carbine_RaceCar' is ignored. Chunked libraries for plugins are not supported.
[2026.09.02-23.35.56:305][  0]LogPluginManager: Mounting plugin localization for 'WSK_SBK_Carbine_RaceCar'...
[2026.09.02-23.35.56:305][  0]LogGameFeatures: Display: Game feature 'WSK_SBK_Carbine_RaceCar' transitioned successfully. Ending state: Active [Active, Active]
[2026.09.02-23.35.56:306][  0]LogShaderLibrary: Display: Opening a chunked shader library for plugin 'WSK_SBK_Carbine_MarsFace' is ignored. Chunked libraries for plugins are not supported.
[2026.09.02-23.35.56:308][  0]LogPluginManager: Mounting plugin localization for 'WSK_SBK_Carbine_MarsFace'...
[2026.09.02-23.35.56:308][  0]LogGameFeatures: Display: Game feature 'WSK_SBK_Carbine_MarsFace' transitioned successfully. Ending state: Active [Active, Active]
[2026.09.02-23.35.56:308][  0]LogShaderLibrary: Display: Opening a chunked shader library for plugin 'WSK_SBK_Carbine_MajorKill' is ignored. Chunked libraries for plugins are not supported.
[2026.09.02-23.35.56:309][  0]LogPluginManager: Mounting plugin localization for 'WSK_SBK_Carbine_MajorKill'...
[2026.09.02-23.35.56:310][  0]LogGameFeatures: Display: Game feature 'WSK_SBK_Carbine_MajorKill' transitioned successfully. Ending state: Active [Active, Active]
[2026.09.02-23.35.56:310][  0]LogShaderLibrary: Display: Opening a chunked shader library for plugin 'WSK_SBK_Carbine_Lawbringer' is ignored. Chunked libraries for plugins are not supported.
[2026.09.02-23.35.56:311][  0]LogPluginManager: Mounting plugin localization for 'WSK_SBK_Carbine_Lawbringer'...
[2026.09.02-23.35.56:311][  0]LogGameFeatures: Display: Game feature 'WSK_SBK_Carbine_Lawbringer' transitioned successfully. Ending state: Active [Active, Active]
[2026.09.02-23.35.56:311][  0]LogShaderLibrary: Display: Opening a chunked shader library for plugin 'WSK_SBK_Carbine_Ghillie' is ignored. Chunked libraries for plugins are not supported.
[2026.09.02-23.35.56:312][  0]LogPluginManager: Mounting plugin localization for 'WSK_SBK_Carbine_Ghillie'...
[2026.09.02-23.35.56:312][  0]LogGameFeatures: Display: Game feature 'WSK_SBK_Carbine_Ghillie' transitioned successfully. Ending state: Active [Active, Active]
[2026.09.02-23.35.56:312][  0]LogShaderLibrary: Display: Opening a chunked shader library for plugin 'WSK_SBK_Carbine_CreatorClash' is ignored. Chunked libraries for plugins are not supported.
[2026.09.02-23.35.56:313][  0]LogPluginManager: Mounting plugin localization for 'WSK_SBK_Carbine_CreatorClash'...
[2026.09.02-23.35.56:313][  0]LogGameFeatures: Display: Game feature 'WSK_SBK_Carbine_CreatorClash' transitioned successfully. Ending state: Active [Active, Active]
[2026.09.02-23.35.56:313][  0]LogShaderLibrary: Display: Opening a chunked shader library for plugin 'WSK_SBK_Carbine_BulletFactory' is ignored. Chunked libraries for plugins are not supported.
[2026.09.02-23.35.56:314][  0]LogPluginManager: Mounting plugin localization for 'WSK_SBK_Carbine_BulletFactory'...
[2026.09.02-23.35.56:315][  0]LogGameFeatures: Display: Game feature 'WSK_SBK_Carbine_BulletFactory' transitioned successfully. Ending state: Active [Active, Active]
[2026.09.02-23.35.56:315][  0]LogShaderLibrary: Display: Opening a chunked shader library for plugin 'WSK_SBK_BurstRifle_RustyDingo' is ignored. Chunked libraries for plugins are not supported.
[2026.09.02-23.35.56:316][  0]LogPluginManager: Mounting plugin localization for 'WSK_SBK_BurstRifle_RustyDingo'...
[2026.09.02-23.35.56:316][  0]LogGameFeatures: Display: Game feature 'WSK_SBK_BurstRifle_RustyDingo' transitioned successfully. Ending state: Active [Active, Active]
[2026.09.02-23.35.56:316][  0]LogShaderLibrary: Display: Opening a chunked shader library for plugin 'WSK_SBK_BurstRifle_Lawnmower' is ignored. Chunked libraries for plugins are not supported.
[2026.09.02-23.35.56:317][  0]LogPluginManager: Mounting plugin localization for 'WSK_SBK_BurstRifle_Lawnmower'...
[2026.09.02-23.35.56:317][  0]LogGameFeatures: Display: Game feature 'WSK_SBK_BurstRifle_Lawnmower' transitioned successfully. Ending state: Active [Active, Active]
[2026.09.02-23.35.56:317][  0]LogShaderLibrary: Display: Opening a chunked shader library for plugin 'WSK_SBK_BurstRifle_Lawbringer' is ignored. Chunked libraries for plugins are not supported.
[2026.09.02-23.35.56:318][  0]LogPluginManager: Mounting plugin localization for 'WSK_SBK_BurstRifle_Lawbringer'...
[2026.09.02-23.35.56:318][  0]LogGameFeatures: Display: Game feature 'WSK_SBK_BurstRifle_Lawbringer' transitioned successfully. Ending state: Active [Active, Active]
[2026.09.02-23.35.56:318][  0]LogShaderLibrary: Display: Opening a chunked shader library for plugin 'WSK_SBK_BurstRifle_JungleWarrior' is ignored. Chunked libraries for plugins are not supported.
[2026.09.02-23.35.56:319][  0]LogPluginManager: Mounting plugin localization for 'WSK_SBK_BurstRifle_JungleWarrior'...
[2026.09.02-23.35.56:319][  0]LogGameFeatures: Display: Game feature 'WSK_SBK_BurstRifle_JungleWarrior' transitioned successfully. Ending state: Active [Active, Active]
[2026.09.02-23.35.56:319][  0]LogShaderLibrary: Display: Opening a chunked shader library for plugin 'WSK_SBK_BurstRifle_HeavyIndustry' is ignored. Chunked libraries for plugins are not supported.
[2026.09.02-23.35.56:320][  0]LogPluginManager: Mounting plugin localization for 'WSK_SBK_BurstRifle_HeavyIndustry'...
[2026.09.02-23.35.56:320][  0]LogGameFeatures: Display: Game feature 'WSK_SBK_BurstRifle_HeavyIndustry' transitioned successfully. Ending state: Active [Active, Active]
[2026.09.02-23.35.56:320][  0]LogShaderLibrary: Display: Opening a chunked shader library for plugin 'WSK_SBK_BurstRifle_Firefighter' is ignored. Chunked libraries for plugins are not supported.
[2026.09.02-23.35.56:321][  0]LogPluginManager: Mounting plugin localization for 'WSK_SBK_BurstRifle_Firefighter'...
[2026.09.02-23.35.56:321][  0]LogGameFeatures: Display: Game feature 'WSK_SBK_BurstRifle_Firefighter' transitioned successfully. Ending state: Active [Active, Active]
[2026.09.02-23.35.56:321][  0]LogShaderLibrary: Display: Opening a chunked shader library for plugin 'WSK_SBK_BurstRifle_BulletFactory' is ignored. Chunked libraries for plugins are not supported.
[2026.09.02-23.35.56:322][  0]LogPluginManager: Mounting plugin localization for 'WSK_SBK_BurstRifle_BulletFactory'...
[2026.09.02-23.35.56:322][  0]LogGameFeatures: Display: Game feature 'WSK_SBK_BurstRifle_BulletFactory' transitioned successfully. Ending state: Active [Active, Active]
[2026.09.02-23.35.56:322][  0]LogShaderLibrary: Display: Opening a chunked shader library for plugin 'WSK_SBK_BurstPistol_Nutcracker' is ignored. Chunked libraries for plugins are not supported.
[2026.09.02-23.35.56:323][  0]LogPluginManager: Mounting plugin localization for 'WSK_SBK_BurstPistol_Nutcracker'...
[2026.09.02-23.35.56:323][  0]LogGameFeatures: Display: Game feature 'WSK_SBK_BurstPistol_Nutcracker' transitioned successfully. Ending state: Active [Active, Active]
[2026.09.02-23.35.56:323][  0]LogShaderLibrary: Display: Opening a chunked shader library for plugin 'WSK_SBK_BurstPistol_DangerZone' is ignored. Chunked libraries for plugins are not supported.
[2026.09.02-23.35.56:324][  0]LogPluginManager: Mounting plugin localization for 'WSK_SBK_BurstPistol_DangerZone'...
[2026.09.02-23.35.56:324][  0]LogGameFeatures: Display: Game feature 'WSK_SBK_BurstPistol_DangerZone' transitioned successfully. Ending state: Active [Active, Active]
[2026.09.02-23.35.56:324][  0]LogShaderLibrary: Display: Opening a chunked shader library for plugin 'WSK_SBK_BurstPistol_Armadillo' is ignored. Chunked libraries for plugins are not supported.
[2026.09.02-23.35.56:325][  0]LogPluginManager: Mounting plugin localization for 'WSK_SBK_BurstPistol_Armadillo'...
[2026.09.02-23.35.56:325][  0]LogGameFeatures: Display: Game feature 'WSK_SBK_BurstPistol_Armadillo' transitioned successfully. Ending state: Active [Active, Active]
[2026.09.02-23.35.56:325][  0]LogShaderLibrary: Display: Opening a chunked shader library for plugin 'WSK_SBK_AssaultRifle_Viking' is ignored. Chunked libraries for plugins are not supported.
[2026.09.02-23.35.56:326][  0]LogPluginManager: Mounting plugin localization for 'WSK_SBK_AssaultRifle_Viking'...
[2026.09.02-23.35.56:327][  0]LogGameFeatures: Display: Game feature 'WSK_SBK_AssaultRifle_Viking' transitioned successfully. Ending state: Active [Active, Active]
[2026.09.02-23.35.56:327][  0]LogShaderLibrary: Display: Opening a chunked shader library for plugin 'WSK_SBK_AssaultRifle_Nutcracker' is ignored. Chunked libraries for plugins are not supported.
[2026.09.02-23.35.56:328][  0]LogPluginManager: Mounting plugin localization for 'WSK_SBK_AssaultRifle_Nutcracker'...
[2026.09.02-23.35.56:328][  0]LogGameFeatures: Display: Game feature 'WSK_SBK_AssaultRifle_Nutcracker' transitioned successfully. Ending state: Active [Active, Active]
[2026.09.02-23.35.56:328][  0]LogShaderLibrary: Display: Opening a chunked shader library for plugin 'WSK_SBK_AssaultRifle_Jet' is ignored. Chunked libraries for plugins are not supported.
[2026.09.02-23.35.56:330][  0]LogPluginManager: Mounting plugin localization for 'WSK_SBK_AssaultRifle_Jet'...
[2026.09.02-23.35.56:330][  0]LogGameFeatures: Display: Game feature 'WSK_SBK_AssaultRifle_Jet' transitioned successfully. Ending state: Active [Active, Active]
[2026.09.02-23.35.56:330][  0]LogShaderLibrary: Display: Opening a chunked shader library for plugin 'WSK_SBK_AssaultRifle_Classic' is ignored. Chunked libraries for plugins are not supported.
[2026.09.02-23.35.56:331][  0]LogPluginManager: Mounting plugin localization for 'WSK_SBK_AssaultRifle_Classic'...
[2026.09.02-23.35.56:331][  0]LogGameFeatures: Display: Game feature 'WSK_SBK_AssaultRifle_Classic' transitioned successfully. Ending state: Active [Active, Active]
[2026.09.02-23.35.56:331][  0]LogShaderLibrary: Display: Opening a chunked shader library for plugin 'WSK_SBK_AssaultRifle_Cardboard' is ignored. Chunked libraries for plugins are not supported.
[2026.09.02-23.35.56:332][  0]LogPluginManager: Mounting plugin localization for 'WSK_SBK_AssaultRifle_Cardboard'...
[2026.09.02-23.35.56:332][  0]LogGameFeatures: Display: Game feature 'WSK_SBK_AssaultRifle_Cardboard' transitioned successfully. Ending state: Active [Active, Active]
[2026.09.02-23.35.56:332][  0]LogShaderLibrary: Display: Opening a chunked shader library for plugin 'WSK_SBK_AssaultRifle_Astra' is ignored. Chunked libraries for plugins are not supported.
[2026.09.02-23.35.56:333][  0]LogPluginManager: Mounting plugin localization for 'WSK_SBK_AssaultRifle_Astra'...
[2026.09.02-23.35.56:333][  0]LogGameFeatures: Display: Game feature 'WSK_SBK_AssaultRifle_Astra' transitioned successfully. Ending state: Active [Active, Active]
[2026.09.02-23.35.56:333][  0]LogShaderLibrary: Display: Opening a chunked shader library for plugin 'CHR_SBK_Yuri' is ignored. Chunked libraries for plugins are not supported.
[2026.09.02-23.35.56:334][  0]LogPluginManager: Mounting plugin localization for 'CHR_SBK_Yuri'...
[2026.09.02-23.35.56:334][  0]LogGameFeatures: Display: Game feature 'CHR_SBK_Yuri' transitioned successfully. Ending state: Active [Active, Active]
[2026.09.02-23.35.56:334][  0]LogShaderLibrary: Display: Opening a chunked shader library for plugin 'CHR_SBK_Sonny' is ignored. Chunked libraries for plugins are not supported.
[2026.09.02-23.35.56:335][  0]LogPluginManager: Mounting plugin localization for 'CHR_SBK_Sonny'...
[2026.09.02-23.35.56:335][  0]LogGameFeatures: Display: Game feature 'CHR_SBK_Sonny' transitioned successfully. Ending state: Active [Active, Active]
[2026.09.02-23.35.56:335][  0]LogShaderLibrary: Display: Opening a chunked shader library for plugin 'CHR_SBK_RustyDingo' is ignored. Chunked libraries for plugins are not supported.
[2026.09.02-23.35.56:336][  0]LogPluginManager: Mounting plugin localization for 'CHR_SBK_RustyDingo'...
[2026.09.02-23.35.56:336][  0]LogGameFeatures: Display: Game feature 'CHR_SBK_RustyDingo' transitioned successfully. Ending state: Active [Active, Active]
[2026.09.02-23.35.56:336][  0]LogShaderLibrary: Display: Opening a chunked shader library for plugin 'CHR_SBK_RhinokCC' is ignored. Chunked libraries for plugins are not supported.
[2026.09.02-23.35.56:337][  0]LogPluginManager: Mounting plugin localization for 'CHR_SBK_RhinokCC'...
[2026.09.02-23.35.56:337][  0]LogGameFeatures: Display: Game feature 'CHR_SBK_RhinokCC' transitioned successfully. Ending state: Active [Active, Active]
[2026.09.02-23.35.56:337][  0]LogShaderLibrary: Display: Opening a chunked shader library for plugin 'CHR_SBK_Rally' is ignored. Chunked libraries for plugins are not supported.
[2026.09.02-23.35.56:338][  0]LogPluginManager: Mounting plugin localization for 'CHR_SBK_Rally'...
[2026.09.02-23.35.56:338][  0]LogGameFeatures: Display: Game feature 'CHR_SBK_Rally' transitioned successfully. Ending state: Active [Active, Active]
[2026.09.02-23.35.56:338][  0]LogShaderLibrary: Display: Opening a chunked shader library for plugin 'CHR_SBK_Murika' is ignored. Chunked libraries for plugins are not supported.
[2026.09.02-23.35.56:339][  0]LogPluginManager: Mounting plugin localization for 'CHR_SBK_Murika'...
[2026.09.02-23.35.56:339][  0]LogGameFeatures: Display: Game feature 'CHR_SBK_Murika' transitioned successfully. Ending state: Active [Active, Active]
[2026.09.02-23.35.56:339][  0]LogShaderLibrary: Display: Opening a chunked shader library for plugin 'CHR_SBK_MajorKill' is ignored. Chunked libraries for plugins are not supported.
[2026.09.02-23.35.56:340][  0]LogPluginManager: Mounting plugin localization for 'CHR_SBK_MajorKill'...
[2026.09.02-23.35.56:340][  0]LogGameFeatures: Display: Game feature 'CHR_SBK_MajorKill' transitioned successfully. Ending state: Active [Active, Active]
[2026.09.02-23.35.56:340][  0]LogShaderLibrary: Display: Opening a chunked shader library for plugin 'CHR_SBK_Fray' is ignored. Chunked libraries for plugins are not supported.
[2026.09.02-23.35.56:341][  0]LogPluginManager: Mounting plugin localization for 'CHR_SBK_Fray'...
[2026.09.02-23.35.56:342][  0]LogGameFeatures: Display: Game feature 'CHR_SBK_Fray' transitioned successfully. Ending state: Active [Active, Active]
[2026.09.02-23.35.56:342][  0]LogShaderLibrary: Display: Opening a chunked shader library for plugin 'CHR_SBK_Fossman' is ignored. Chunked libraries for plugins are not supported.
[2026.09.02-23.35.56:343][  0]LogPluginManager: Mounting plugin localization for 'CHR_SBK_Fossman'...
[2026.09.02-23.35.56:343][  0]LogGameFeatures: Display: Game feature 'CHR_SBK_Fossman' transitioned successfully. Ending state: Active [Active, Active]
[2026.09.02-23.35.56:343][  0]LogShaderLibrary: Display: Opening a chunked shader library for plugin 'CHR_SBK_CptBMach' is ignored. Chunked libraries for plugins are not supported.
[2026.09.02-23.35.56:344][  0]LogPluginManager: Mounting plugin localization for 'CHR_SBK_CptBMach'...
[2026.09.02-23.35.56:344][  0]LogGameFeatures: Display: Game feature 'CHR_SBK_CptBMach' transitioned successfully. Ending state: Active [Active, Active]
[2026.09.02-23.35.56:344][  0]LogShaderLibrary: Display: Opening a chunked shader library for plugin 'MOD_Tutorial' is ignored. Chunked libraries for plugins are not supported.
[2026.09.02-23.35.56:347][  0]LogPluginManager: Mounting plugin localization for 'MOD_Tutorial'...
[2026.09.02-23.35.56:347][  0]LogGameFeatures: Display: Game feature 'MOD_Tutorial' transitioned successfully. Ending state: Active [Active, Active]
[2026.09.02-23.35.56:347][  0]LogShaderLibrary: Display: Opening a chunked shader library for plugin 'MOD_TeabagConfirmed' is ignored. Chunked libraries for plugins are not supported.
[2026.09.02-23.35.56:348][  0]LogPluginManager: Mounting plugin localization for 'MOD_TeabagConfirmed'...
[2026.09.02-23.35.56:348][  0]LogGameFeatures: Display: Game feature 'MOD_TeabagConfirmed' transitioned successfully. Ending state: Active [Active, Active]
[2026.09.02-23.35.56:348][  0]LogShaderLibrary: Display: Opening a chunked shader library for plugin 'MOD_Splitball' is ignored. Chunked libraries for plugins are not supported.
[2026.09.02-23.35.56:350][  0]LogPluginManager: Mounting plugin localization for 'MOD_Splitball'...
[2026.09.02-23.35.56:350][  0]LogGameFeatures: Display: Game feature 'MOD_Splitball' transitioned successfully. Ending state: Active [Active, Active]
[2026.09.02-23.35.56:351][  0]LogShaderLibrary: Display: Opening a chunked shader library for plugin 'MOD_Race' is ignored. Chunked libraries for plugins are not supported.
[2026.09.02-23.35.56:355][  0]LogMaterial: Error: Loading a material resource None with an invalid ShaderMap!
[2026.09.02-23.35.56:355][  0]LogMaterial: Error: Loading a material resource None with an invalid ShaderMap!
[2026.09.02-23.35.56:355][  0]LogMaterial: Error: Loading a material resource None with an invalid ShaderMap!
[2026.09.02-23.35.56:355][  0]LogMaterial: Error: Loading a material resource None with an invalid ShaderMap!
[2026.09.02-23.35.56:357][  0]LogPackageLocalizationCache: Processed 370 localized package path(s) for 2 prioritized culture(s) in 0.001090 seconds
[2026.09.02-23.35.56:365][  0]LogMaterial: Error: Loading a material resource None with an invalid ShaderMap!
[2026.09.02-23.35.56:365][  0]LogMaterial: Error: Loading a material resource None with an invalid ShaderMap!
[2026.09.02-23.35.56:372][  0]LogPluginManager: Mounting plugin localization for 'MOD_Race'...
[2026.09.02-23.35.56:372][  0]LogGameFeatures: Display: Game feature 'MOD_Race' transitioned successfully. Ending state: Active [Active, Active]
[2026.09.02-23.35.56:372][  0]LogShaderLibrary: Display: Opening a chunked shader library for plugin 'MOD_GunGame' is ignored. Chunked libraries for plugins are not supported.
[2026.09.02-23.35.56:374][  0]LogPluginManager: Mounting plugin localization for 'MOD_GunGame'...
[2026.09.02-23.35.56:374][  0]LogGameFeatures: Display: Game feature 'MOD_GunGame' transitioned successfully. Ending state: Active [Active, Active]
[2026.09.02-23.35.56:375][  0]LogShaderLibrary: Display: Opening a chunked shader library for plugin 'MOD_Graffiti' is ignored. Chunked libraries for plugins are not supported.
[2026.09.02-23.35.56:377][  0]LogPluginManager: Mounting plugin localization for 'MOD_Graffiti'...
[2026.09.02-23.35.56:377][  0]LogGameFeatures: Display: Game feature 'MOD_Graffiti' transitioned successfully. Ending state: Active [Active, Active]
[2026.09.02-23.35.56:378][  0]LogShaderLibrary: Display: Opening a chunked shader library for plugin 'MOD_Firecracker' is ignored. Chunked libraries for plugins are not supported.
[2026.09.02-23.35.56:379][  0]LogPluginManager: Mounting plugin localization for 'MOD_Firecracker'...
[2026.09.02-23.35.56:380][  0]LogGameFeatures: Display: Game feature 'MOD_Firecracker' transitioned successfully. Ending state: Active [Active, Active]
[2026.09.02-23.35.56:381][  0]LogShaderLibrary: Display: Opening a chunked shader library for plugin 'MOD_Deathmatch' is ignored. Chunked libraries for plugins are not supported.
[2026.09.02-23.35.56:383][  0]LogPluginManager: Mounting plugin localization for 'MOD_Deathmatch'...
[2026.09.02-23.35.56:384][  0]LogGameFeatures: Display: Game feature 'MOD_Deathmatch' transitioned successfully. Ending state: Active [Active, Active]
[2026.09.02-23.35.56:384][  0]LogShaderLibrary: Display: Opening a chunked shader library for plugin 'MOD_Creative' is ignored. Chunked libraries for plugins are not supported.
[2026.09.02-23.35.56:384][  0]LogCoreRedirects: AddRedirect(C:/Users/<USER>/AppData/Local/PortalWars2/Saved/Config/WindowsClient/MOD_Creative.ini) has wildcard redirect /PortalWarsCreative/, these are very slow and should be resolved as soon as possible! Please refer to the documentation in Engine/Config/BaseEngine.ini.
[2026.09.02-23.35.56:386][  0]LogPluginManager: Mounting plugin localization for 'MOD_Creative'...
[2026.09.02-23.35.56:387][  0]LogGameFeatures: Display: Game feature 'MOD_Creative' transitioned successfully. Ending state: Active [Active, Active]
[2026.09.02-23.35.56:388][  0]LogAssetManager: Warning: Tried to add primary asset , but it is not a TopLevelAsset and so cannot be a primary asset
[2026.09.02-23.35.56:388][  0]LogPluginManager: Mounting plugin localization for 'MOD_CapturePoints_Base'...
[2026.09.02-23.35.56:388][  0]LogAssetManager: Warning: Invalid Primary Asset Id GameFeatureData:MOD_CapturePoints_Base: ChangeBundleStateForPrimaryAssets failed to find NameData
[2026.09.02-23.35.56:388][  0]LogGameFeatures: Display: Game feature 'MOD_CapturePoints_Base' transitioned successfully. Ending state: Active [Active, Active]
[2026.09.02-23.35.56:388][  0]LogShaderLibrary: Display: Opening a chunked shader library for plugin 'CHR_MER_Wave' is ignored. Chunked libraries for plugins are not supported.
[2026.09.02-23.35.56:390][  0]LogPluginManager: Mounting plugin localization for 'CHR_MER_Wave'...
[2026.09.02-23.35.56:390][  0]LogGameFeatures: Display: Game feature 'CHR_MER_Wave' transitioned successfully. Ending state: Active [Active, Active]
[2026.09.02-23.35.56:390][  0]LogShaderLibrary: Display: Opening a chunked shader library for plugin 'CHR_MER_SakuraUltra' is ignored. Chunked libraries for plugins are not supported.
[2026.09.02-23.35.56:391][  0]LogPluginManager: Mounting plugin localization for 'CHR_MER_SakuraUltra'...
[2026.09.02-23.35.56:391][  0]LogGameFeatures: Display: Game feature 'CHR_MER_SakuraUltra' transitioned successfully. Ending state: Active [Active, Active]
[2026.09.02-23.35.56:391][  0]LogShaderLibrary: Display: Opening a chunked shader library for plugin 'CHR_MER_Shinji' is ignored. Chunked libraries for plugins are not supported.
[2026.09.02-23.35.56:392][  0]LogPluginManager: Mounting plugin localization for 'CHR_MER_Shinji'...
[2026.09.02-23.35.56:393][  0]LogGameFeatures: Display: Game feature 'CHR_MER_Shinji' transitioned successfully. Ending state: Active [Active, Active]
[2026.09.02-23.35.56:393][  0]LogShaderLibrary: Display: Opening a chunked shader library for plugin 'CHR_MER_Scaws' is ignored. Chunked libraries for plugins are not supported.
[2026.09.02-23.35.56:393][  0]LogPluginManager: Mounting plugin localization for 'CHR_MER_Scaws'...
[2026.09.02-23.35.56:394][  0]LogGameFeatures: Display: Game feature 'CHR_MER_Scaws' transitioned successfully. Ending state: Active [Active, Active]
[2026.09.02-23.35.56:394][  0]LogShaderLibrary: Display: Opening a chunked shader library for plugin 'CHR_MER_RyokoSha' is ignored. Chunked libraries for plugins are not supported.
[2026.09.02-23.35.56:394][  0]LogPluginManager: Mounting plugin localization for 'CHR_MER_RyokoSha'...
[2026.09.02-23.35.56:395][  0]LogGameFeatures: Display: Game feature 'CHR_MER_RyokoSha' transitioned successfully. Ending state: Active [Active, Active]
[2026.09.02-23.35.56:395][  0]LogShaderLibrary: Display: Opening a chunked shader library for plugin 'CHR_MER_Podvo' is ignored. Chunked libraries for plugins are not supported.
[2026.09.02-23.35.56:396][  0]LogPluginManager: Mounting plugin localization for 'CHR_MER_Podvo'...
[2026.09.02-23.35.56:396][  0]LogGameFeatures: Display: Game feature 'CHR_MER_Podvo' transitioned successfully. Ending state: Active [Active, Active]
[2026.09.02-23.35.56:396][  0]LogShaderLibrary: Display: Opening a chunked shader library for plugin 'CHR_MER_PhazeDegens' is ignored. Chunked libraries for plugins are not supported.
[2026.09.02-23.35.56:397][  0]LogPluginManager: Mounting plugin localization for 'CHR_MER_PhazeDegens'...
[2026.09.02-23.35.56:397][  0]LogGameFeatures: Display: Game feature 'CHR_MER_PhazeDegens' transitioned successfully. Ending state: Active [Active, Active]
[2026.09.02-23.35.56:397][  0]LogShaderLibrary: Display: Opening a chunked shader library for plugin 'CHR_MER_Obex' is ignored. Chunked libraries for plugins are not supported.
[2026.09.02-23.35.56:398][  0]LogPluginManager: Mounting plugin localization for 'CHR_MER_Obex'...
[2026.09.02-23.35.56:398][  0]LogGameFeatures: Display: Game feature 'CHR_MER_Obex' transitioned successfully. Ending state: Active [Active, Active]
[2026.09.02-23.35.56:398][  0]LogShaderLibrary: Display: Opening a chunked shader library for plugin 'CHR_MER_Lucius' is ignored. Chunked libraries for plugins are not supported.
[2026.09.02-23.35.56:399][  0]LogPluginManager: Mounting plugin localization for 'CHR_MER_Lucius'...
[2026.09.02-23.35.56:399][  0]LogGameFeatures: Display: Game feature 'CHR_MER_Lucius' transitioned successfully. Ending state: Active [Active, Active]
[2026.09.02-23.35.56:399][  0]LogShaderLibrary: Display: Opening a chunked shader library for plugin 'CHR_MER_Kage' is ignored. Chunked libraries for plugins are not supported.
[2026.09.02-23.35.56:400][  0]LogPluginManager: Mounting plugin localization for 'CHR_MER_Kage'...
[2026.09.02-23.35.56:400][  0]LogGameFeatures: Display: Game feature 'CHR_MER_Kage' transitioned successfully. Ending state: Active [Active, Active]
[2026.09.02-23.35.56:400][  0]LogShaderLibrary: Display: Opening a chunked shader library for plugin 'CHR_MER_Kadmon' is ignored. Chunked libraries for plugins are not supported.
[2026.09.02-23.35.56:401][  0]LogPluginManager: Mounting plugin localization for 'CHR_MER_Kadmon'...
[2026.09.02-23.35.56:401][  0]LogGameFeatures: Display: Game feature 'CHR_MER_Kadmon' transitioned successfully. Ending state: Active [Active, Active]
[2026.09.02-23.35.56:401][  0]LogShaderLibrary: Display: Opening a chunked shader library for plugin 'CHR_MER_Abadon' is ignored. Chunked libraries for plugins are not supported.
[2026.09.02-23.35.56:402][  0]LogPluginManager: Mounting plugin localization for 'CHR_MER_Abadon'...
[2026.09.02-23.35.56:402][  0]LogGameFeatures: Display: Game feature 'CHR_MER_Abadon' transitioned successfully. Ending state: Active [Active, Active]
[2026.09.02-23.35.56:402][  0]LogShaderLibrary: Display: Opening a chunked shader library for plugin 'CHR_MER_NurseX' is ignored. Chunked libraries for plugins are not supported.
[2026.09.02-23.35.56:403][  0]LogPluginManager: Mounting plugin localization for 'CHR_MER_NurseX'...
[2026.09.02-23.35.56:403][  0]LogGameFeatures: Display: Game feature 'CHR_MER_NurseX' transitioned successfully. Ending state: Active [Active, Active]
[2026.09.02-23.35.56:405][  0]LogShaderLibrary: Display: Opening a chunked shader library for plugin 'CHR_MER_MassimX' is ignored. Chunked libraries for plugins are not supported.
[2026.09.02-23.35.56:407][  0]LogPluginManager: Mounting plugin localization for 'CHR_MER_MassimX'...
[2026.09.02-23.35.56:407][  0]LogGameFeatures: Display: Game feature 'CHR_MER_MassimX' transitioned successfully. Ending state: Active [Active, Active]
[2026.09.02-23.35.56:407][  0]LogShaderLibrary: Display: Opening a chunked shader library for plugin 'CHR_MER_Badluck' is ignored. Chunked libraries for plugins are not supported.
[2026.09.02-23.35.56:408][  0]LogPluginManager: Mounting plugin localization for 'CHR_MER_Badluck'...
[2026.09.02-23.35.56:408][  0]LogGameFeatures: Display: Game feature 'CHR_MER_Badluck' transitioned successfully. Ending state: Active [Active, Active]
[2026.09.02-23.35.56:408][  0]LogShaderLibrary: Display: Opening a chunked shader library for plugin 'CHR_MER_Azael' is ignored. Chunked libraries for plugins are not supported.
[2026.09.02-23.35.56:409][  0]LogPluginManager: Mounting plugin localization for 'CHR_MER_Azael'...
[2026.09.02-23.35.56:410][  0]LogGameFeatures: Display: Game feature 'CHR_MER_Azael' transitioned successfully. Ending state: Active [Active, Active]
[2026.09.02-23.35.56:410][  0]LogShaderLibrary: Display: Opening a chunked shader library for plugin 'CHR_MER_Skullboy' is ignored. Chunked libraries for plugins are not supported.
[2026.09.02-23.35.56:411][  0]LogPluginManager: Mounting plugin localization for 'CHR_MER_Skullboy'...
[2026.09.02-23.35.56:411][  0]LogGameFeatures: Display: Game feature 'CHR_MER_Skullboy' transitioned successfully. Ending state: Active [Active, Active]
[2026.09.02-23.35.56:411][  0]LogShaderLibrary: Display: Opening a chunked shader library for plugin 'CHR_MER_MetalCrusher' is ignored. Chunked libraries for plugins are not supported.
[2026.09.02-23.35.56:412][  0]LogPluginManager: Mounting plugin localization for 'CHR_MER_MetalCrusher'...
[2026.09.02-23.35.56:412][  0]LogGameFeatures: Display: Game feature 'CHR_MER_MetalCrusher' transitioned successfully. Ending state: Active [Active, Active]
[2026.09.02-23.35.56:412][  0]LogShaderLibrary: Display: Opening a chunked shader library for plugin 'CHR_MER_IronCrush' is ignored. Chunked libraries for plugins are not supported.
[2026.09.02-23.35.56:413][  0]LogPluginManager: Mounting plugin localization for 'CHR_MER_IronCrush'...
[2026.09.02-23.35.56:413][  0]LogGameFeatures: Display: Game feature 'CHR_MER_IronCrush' transitioned successfully. Ending state: Active [Active, Active]
[2026.09.02-23.35.56:413][  0]LogShaderLibrary: Display: Opening a chunked shader library for plugin 'WSK_SBK_AssaultRifle_Yeti' is ignored. Chunked libraries for plugins are not supported.
[2026.09.02-23.35.56:414][  0]LogPluginManager: Mounting plugin localization for 'WSK_SBK_AssaultRifle_Yeti'...
[2026.09.02-23.35.56:414][  0]LogGameFeatures: Display: Game feature 'WSK_SBK_AssaultRifle_Yeti' transitioned successfully. Ending state: Active [Active, Active]
[2026.09.02-23.35.56:414][  0]LogShaderLibrary: Display: Opening a chunked shader library for plugin 'WSK_SBK_AssaultRifle_ProPack' is ignored. Chunked libraries for plugins are not supported.
[2026.09.02-23.35.56:415][  0]LogPluginManager: Mounting plugin localization for 'WSK_SBK_AssaultRifle_ProPack'...
[2026.09.02-23.35.56:415][  0]LogGameFeatures: Display: Game feature 'WSK_SBK_AssaultRifle_ProPack' transitioned successfully. Ending state: Active [Active, Active]
[2026.09.02-23.35.56:415][  0]LogShaderLibrary: Display: Opening a chunked shader library for plugin 'WSK_SBK_AssaultRifle_Ironclad' is ignored. Chunked libraries for plugins are not supported.
[2026.09.02-23.35.56:416][  0]LogPluginManager: Mounting plugin localization for 'WSK_SBK_AssaultRifle_Ironclad'...
[2026.09.02-23.35.56:416][  0]LogGameFeatures: Display: Game feature 'WSK_SBK_AssaultRifle_Ironclad' transitioned successfully. Ending state: Active [Active, Active]
[2026.09.02-23.35.56:416][  0]LogShaderLibrary: Display: Opening a chunked shader library for plugin 'WSK_SBK_AssaultRifle_Frankenstein' is ignored. Chunked libraries for plugins are not supported.
[2026.09.02-23.35.56:417][  0]LogPluginManager: Mounting plugin localization for 'WSK_SBK_AssaultRifle_Frankenstein'...
[2026.09.02-23.35.56:417][  0]LogGameFeatures: Display: Game feature 'WSK_SBK_AssaultRifle_Frankenstein' transitioned successfully. Ending state: Active [Active, Active]
[2026.09.02-23.35.56:417][  0]LogShaderLibrary: Display: Opening a chunked shader library for plugin 'WSK_SBK_AssaultRifle_Enduro' is ignored. Chunked libraries for plugins are not supported.
[2026.09.02-23.35.56:418][  0]LogPluginManager: Mounting plugin localization for 'WSK_SBK_AssaultRifle_Enduro'...
[2026.09.02-23.35.56:418][  0]LogGameFeatures: Display: Game feature 'WSK_SBK_AssaultRifle_Enduro' transitioned successfully. Ending state: Active [Active, Active]
[2026.09.02-23.35.56:418][  0]LogShaderLibrary: Display: Opening a chunked shader library for plugin 'WSK_SBK_AssaultRifle_CamelCaravan' is ignored. Chunked libraries for plugins are not supported.
[2026.09.02-23.35.56:419][  0]LogPluginManager: Mounting plugin localization for 'WSK_SBK_AssaultRifle_CamelCaravan'...
[2026.09.02-23.35.56:419][  0]LogGameFeatures: Display: Game feature 'WSK_SBK_AssaultRifle_CamelCaravan' transitioned successfully. Ending state: Active [Active, Active]
[2026.09.02-23.35.56:419][  0]LogShaderLibrary: Display: Opening a chunked shader library for plugin 'WSK_SBK_AssaultRifle_4thOfJuly' is ignored. Chunked libraries for plugins are not supported.
[2026.09.02-23.35.56:420][  0]LogPluginManager: Mounting plugin localization for 'WSK_SBK_AssaultRifle_4thOfJuly'...
[2026.09.02-23.35.56:420][  0]LogGameFeatures: Display: Game feature 'WSK_SBK_AssaultRifle_4thOfJuly' transitioned successfully. Ending state: Active [Active, Active]
[2026.09.02-23.35.56:420][  0]LogShaderLibrary: Display: Opening a chunked shader library for plugin 'CHR_SBK_YuriX' is ignored. Chunked libraries for plugins are not supported.
[2026.09.02-23.35.56:421][  0]LogPluginManager: Mounting plugin localization for 'CHR_SBK_YuriX'...
[2026.09.02-23.35.56:421][  0]LogGameFeatures: Display: Game feature 'CHR_SBK_YuriX' transitioned successfully. Ending state: Active [Active, Active]
[2026.09.02-23.35.56:421][  0]LogShaderLibrary: Display: Opening a chunked shader library for plugin 'CHR_SBK_Bjorn' is ignored. Chunked libraries for plugins are not supported.
[2026.09.02-23.35.56:428][  0]LogPluginManager: Mounting plugin localization for 'CHR_SBK_Bjorn'...
[2026.09.02-23.35.56:428][  0]LogGameFeatures: Display: Game feature 'CHR_SBK_Bjorn' transitioned successfully. Ending state: Active [Active, Active]
[2026.09.02-23.35.56:428][  0]LogShaderLibrary: Display: Opening a chunked shader library for plugin 'CHR_SBK_Nando' is ignored. Chunked libraries for plugins are not supported.
[2026.09.02-23.35.56:430][  0]LogPluginManager: Mounting plugin localization for 'CHR_SBK_Nando'...
[2026.09.02-23.35.56:430][  0]LogGameFeatures: Display: Game feature 'CHR_SBK_Nando' transitioned successfully. Ending state: Active [Active, Active]
[2026.09.02-23.35.56:430][  0]LogShaderLibrary: Display: Opening a chunked shader library for plugin 'CHR_SBK_Furnace' is ignored. Chunked libraries for plugins are not supported.
[2026.09.02-23.35.56:431][  0]LogPluginManager: Mounting plugin localization for 'CHR_SBK_Furnace'...
[2026.09.02-23.35.56:431][  0]LogGameFeatures: Display: Game feature 'CHR_SBK_Furnace' transitioned successfully. Ending state: Active [Active, Active]
[2026.09.02-23.35.56:431][  0]LogShaderLibrary: Display: Opening a chunked shader library for plugin 'CHR_SBK_T200' is ignored. Chunked libraries for plugins are not supported.
[2026.09.02-23.35.56:432][  0]LogPluginManager: Mounting plugin localization for 'CHR_SBK_T200'...
[2026.09.02-23.35.56:432][  0]LogGameFeatures: Display: Game feature 'CHR_SBK_T200' transitioned successfully. Ending state: Active [Active, Active]
[2026.09.02-23.35.56:432][  0]LogShaderLibrary: Display: Opening a chunked shader library for plugin 'CHR_SBK_CaptainBlud' is ignored. Chunked libraries for plugins are not supported.
[2026.09.02-23.35.56:433][  0]LogPluginManager: Mounting plugin localization for 'CHR_SBK_CaptainBlud'...
[2026.09.02-23.35.56:434][  0]LogGameFeatures: Display: Game feature 'CHR_SBK_CaptainBlud' transitioned successfully. Ending state: Active [Active, Active]
[2026.09.02-23.35.56:434][  0]LogShaderLibrary: Display: Opening a chunked shader library for plugin 'CHR_SBK_Sima' is ignored. Chunked libraries for plugins are not supported.
[2026.09.02-23.35.56:435][  0]LogPluginManager: Mounting plugin localization for 'CHR_SBK_Sima'...
[2026.09.02-23.35.56:435][  0]LogGameFeatures: Display: Game feature 'CHR_SBK_Sima' transitioned successfully. Ending state: Active [Active, Active]
[2026.09.02-23.35.56:435][  0]LogShaderLibrary: Display: Opening a chunked shader library for plugin 'CHR_SBK_Riko' is ignored. Chunked libraries for plugins are not supported.
[2026.09.02-23.35.56:436][  0]LogPluginManager: Mounting plugin localization for 'CHR_SBK_Riko'...
[2026.09.02-23.35.56:436][  0]LogGameFeatures: Display: Game feature 'CHR_SBK_Riko' transitioned successfully. Ending state: Active [Active, Active]
[2026.09.02-23.35.56:436][  0]LogShaderLibrary: Display: Opening a chunked shader library for plugin 'CHR_SBK_Mechanic' is ignored. Chunked libraries for plugins are not supported.
[2026.09.02-23.35.56:437][  0]LogPluginManager: Mounting plugin localization for 'CHR_SBK_Mechanic'...
[2026.09.02-23.35.56:438][  0]LogGameFeatures: Display: Game feature 'CHR_SBK_Mechanic' transitioned successfully. Ending state: Active [Active, Active]
[2026.09.02-23.35.56:438][  0]LogShaderLibrary: Display: Opening a chunked shader library for plugin 'CHR_SBK_MartianCowgirl' is ignored. Chunked libraries for plugins are not supported.
[2026.09.02-23.35.56:439][  0]LogPluginManager: Mounting plugin localization for 'CHR_SBK_MartianCowgirl'...
[2026.09.02-23.35.56:439][  0]LogGameFeatures: Display: Game feature 'CHR_SBK_MartianCowgirl' transitioned successfully. Ending state: Active [Active, Active]
[2026.09.02-23.35.56:440][  0]LogShaderLibrary: Display: Opening a chunked shader library for plugin 'CHR_SBK_Heisler' is ignored. Chunked libraries for plugins are not supported.
[2026.09.02-23.35.56:441][  0]LogPluginManager: Mounting plugin localization for 'CHR_SBK_Heisler'...
[2026.09.02-23.35.56:441][  0]LogGameFeatures: Display: Game feature 'CHR_SBK_Heisler' transitioned successfully. Ending state: Active [Active, Active]
[2026.09.02-23.35.56:441][  0]LogShaderLibrary: Display: Opening a chunked shader library for plugin 'CHR_SBK_Greta' is ignored. Chunked libraries for plugins are not supported.
[2026.09.02-23.35.56:442][  0]LogPluginManager: Mounting plugin localization for 'CHR_SBK_Greta'...
[2026.09.02-23.35.56:443][  0]LogGameFeatures: Display: Game feature 'CHR_SBK_Greta' transitioned successfully. Ending state: Active [Active, Active]
[2026.09.02-23.35.56:443][  0]LogShaderLibrary: Display: Opening a chunked shader library for plugin 'CHR_SBK_Ekki' is ignored. Chunked libraries for plugins are not supported.
[2026.09.02-23.35.56:444][  0]LogPluginManager: Mounting plugin localization for 'CHR_SBK_Ekki'...
[2026.09.02-23.35.56:444][  0]LogGameFeatures: Display: Game feature 'CHR_SBK_Ekki' transitioned successfully. Ending state: Active [Active, Active]
[2026.09.02-23.35.56:444][  0]LogShaderLibrary: Display: Opening a chunked shader library for plugin 'CHR_SBK_Aegis' is ignored. Chunked libraries for plugins are not supported.
[2026.09.02-23.35.56:445][  0]LogPluginManager: Mounting plugin localization for 'CHR_SBK_Aegis'...
[2026.09.02-23.35.56:445][  0]LogGameFeatures: Display: Game feature 'CHR_SBK_Aegis' transitioned successfully. Ending state: Active [Active, Active]
[2026.09.02-23.35.56:445][  0]LogShaderLibrary: Display: Opening a chunked shader library for plugin 'MOD_PracticeRange' is ignored. Chunked libraries for plugins are not supported.
[2026.09.02-23.35.56:446][  0]LogPluginManager: Mounting plugin localization for 'MOD_PracticeRange'...
[2026.09.02-23.35.56:446][  0]LogGameFeatures: Display: Game feature 'MOD_PracticeRange' transitioned successfully. Ending state: Active [Active, Active]
[2026.09.02-23.35.56:446][  0]LogShaderLibrary: Display: Opening a chunked shader library for plugin 'MOD_CapturePoints' is ignored. Chunked libraries for plugins are not supported.
[2026.09.02-23.35.56:448][  0]LogPluginManager: Mounting plugin localization for 'MOD_CapturePoints'...
[2026.09.02-23.35.56:449][  0]LogGameFeatures: Display: Game feature 'MOD_CapturePoints' transitioned successfully. Ending state: Active [Active, Active]
[2026.09.02-23.35.56:449][  0]LogShaderLibrary: Display: Opening a chunked shader library for plugin 'CHR_MER_Torch' is ignored. Chunked libraries for plugins are not supported.
[2026.09.02-23.35.56:450][  0]LogPluginManager: Mounting plugin localization for 'CHR_MER_Torch'...
[2026.09.02-23.35.56:450][  0]LogGameFeatures: Display: Game feature 'CHR_MER_Torch' transitioned successfully. Ending state: Active [Active, Active]
[2026.09.02-23.35.56:450][  0]LogShaderLibrary: Display: Opening a chunked shader library for plugin 'CHR_MER_Ptero' is ignored. Chunked libraries for plugins are not supported.
[2026.09.02-23.35.56:451][  0]LogPluginManager: Mounting plugin localization for 'CHR_MER_Ptero'...
[2026.09.02-23.35.56:451][  0]LogGameFeatures: Display: Game feature 'CHR_MER_Ptero' transitioned successfully. Ending state: Active [Active, Active]
[2026.09.02-23.35.56:451][  0]LogShaderLibrary: Display: Opening a chunked shader library for plugin 'CHR_MER_77' is ignored. Chunked libraries for plugins are not supported.
[2026.09.02-23.35.56:452][  0]LogPluginManager: Mounting plugin localization for 'CHR_MER_77'...
[2026.09.02-23.35.56:453][  0]LogGameFeatures: Display: Game feature 'CHR_MER_77' transitioned successfully. Ending state: Active [Active, Active]
[2026.09.02-23.35.56:453][  0]LogShaderLibrary: Display: Opening a chunked shader library for plugin 'CHR_MER_PirateQueen' is ignored. Chunked libraries for plugins are not supported.
[2026.09.02-23.35.56:454][  0]LogPluginManager: Mounting plugin localization for 'CHR_MER_PirateQueen'...
[2026.09.02-23.35.56:454][  0]LogGameFeatures: Display: Game feature 'CHR_MER_PirateQueen' transitioned successfully. Ending state: Active [Active, Active]
[2026.09.02-23.35.56:454][  0]LogShaderLibrary: Display: Opening a chunked shader library for plugin 'CHR_MER_IronCrushUltra' is ignored. Chunked libraries for plugins are not supported.
[2026.09.02-23.35.56:455][  0]LogPluginManager: Mounting plugin localization for 'CHR_MER_IronCrushUltra'...
[2026.09.02-23.35.56:455][  0]LogGameFeatures: Display: Game feature 'CHR_MER_IronCrushUltra' transitioned successfully. Ending state: Active [Active, Active]
[2026.09.02-23.35.56:455][  0]LogShaderLibrary: Display: Opening a chunked shader library for plugin 'CHR_SBK_Klaus' is ignored. Chunked libraries for plugins are not supported.
[2026.09.02-23.35.56:457][  0]LogPluginManager: Mounting plugin localization for 'CHR_SBK_Klaus'...
[2026.09.02-23.35.56:457][  0]LogGameFeatures: Display: Game feature 'CHR_SBK_Klaus' transitioned successfully. Ending state: Active [Active, Active]
[2026.09.02-23.35.56:457][  0]LogShaderLibrary: Display: Opening a chunked shader library for plugin 'CHR_SBK_NandoUltra' is ignored. Chunked libraries for plugins are not supported.
[2026.09.02-23.35.56:458][  0]LogPluginManager: Mounting plugin localization for 'CHR_SBK_NandoUltra'...
[2026.09.02-23.35.56:458][  0]LogGameFeatures: Display: Game feature 'CHR_SBK_NandoUltra' transitioned successfully. Ending state: Active [Active, Active]
[2026.09.02-23.35.56:458][  0]LogShaderLibrary: Display: Opening a chunked shader library for plugin 'CHR_SBK_Panda' is ignored. Chunked libraries for plugins are not supported.
[2026.09.02-23.35.56:459][  0]LogPluginManager: Mounting plugin localization for 'CHR_SBK_Panda'...
[2026.09.02-23.35.56:459][  0]LogGameFeatures: Display: Game feature 'CHR_SBK_Panda' transitioned successfully. Ending state: Active [Active, Active]
[2026.09.02-23.35.56:459][  0]LogShaderLibrary: Display: Opening a chunked shader library for plugin 'CHR_SBK_CaptainBludUltra' is ignored. Chunked libraries for plugins are not supported.
[2026.09.02-23.35.56:460][  0]LogPluginManager: Mounting plugin localization for 'CHR_SBK_CaptainBludUltra'...
[2026.09.02-23.35.56:460][  0]LogGameFeatures: Display: Game feature 'CHR_SBK_CaptainBludUltra' transitioned successfully. Ending state: Active [Active, Active]
[2026.09.02-23.35.56:460][  0]LogShaderLibrary: Display: Opening a chunked shader library for plugin 'CHR_SBK_MetalGrinder' is ignored. Chunked libraries for plugins are not supported.
[2026.09.02-23.35.56:461][  0]LogPluginManager: Mounting plugin localization for 'CHR_SBK_MetalGrinder'...
[2026.09.02-23.35.56:461][  0]LogGameFeatures: Display: Game feature 'CHR_SBK_MetalGrinder' transitioned successfully. Ending state: Active [Active, Active]
[2026.09.02-23.35.56:461][  0]LogShaderLibrary: Display: Opening a chunked shader library for plugin 'CHR_SBK_Franky' is ignored. Chunked libraries for plugins are not supported.
[2026.09.02-23.35.56:461][  0]LogPluginManager: Mounting plugin localization for 'CHR_SBK_Franky'...
[2026.09.02-23.35.56:462][  0]LogGameFeatures: Display: Game feature 'CHR_SBK_Franky' transitioned successfully. Ending state: Active [Active, Active]
[2026.09.02-23.35.56:462][  0]LogShaderLibrary: Display: Opening a chunked shader library for plugin 'CHR_SBK_Piledriver' is ignored. Chunked libraries for plugins are not supported.
[2026.09.02-23.35.56:462][  0]LogPluginManager: Mounting plugin localization for 'CHR_SBK_Piledriver'...
[2026.09.02-23.35.56:463][  0]LogGameFeatures: Display: Game feature 'CHR_SBK_Piledriver' transitioned successfully. Ending state: Active [Active, Active]
[2026.09.02-23.35.56:463][  0]LogShaderLibrary: Display: Opening a chunked shader library for plugin 'CHR_SBK_Ash' is ignored. Chunked libraries for plugins are not supported.
[2026.09.02-23.35.56:464][  0]LogPluginManager: Mounting plugin localization for 'CHR_SBK_Ash'...
[2026.09.02-23.35.56:464][  0]LogGameFeatures: Display: Game feature 'CHR_SBK_Ash' transitioned successfully. Ending state: Active [Active, Active]
[2026.09.02-23.35.56:464][  0]LogShaderLibrary: Display: Opening a chunked shader library for plugin 'CHR_SBK_MartianCowgirlX' is ignored. Chunked libraries for plugins are not supported.
[2026.09.02-23.35.56:465][  0]LogPluginManager: Mounting plugin localization for 'CHR_SBK_MartianCowgirlX'...
[2026.09.02-23.35.56:466][  0]LogGameFeatures: Display: Game feature 'CHR_SBK_MartianCowgirlX' transitioned successfully. Ending state: Active [Active, Active]
[2026.09.02-23.35.56:466][  0]LogShaderLibrary: Display: Opening a chunked shader library for plugin 'CHR_SBK_Vanguard' is ignored. Chunked libraries for plugins are not supported.
[2026.09.02-23.35.56:467][  0]LogPluginManager: Mounting plugin localization for 'CHR_SBK_Vanguard'...
[2026.09.02-23.35.56:467][  0]LogGameFeatures: Display: Game feature 'CHR_SBK_Vanguard' transitioned successfully. Ending state: Active [Active, Active]
[2026.09.02-23.35.56:467][  0]LogShaderLibrary: Display: Opening a chunked shader library for plugin 'CHR_SBK_Theory' is ignored. Chunked libraries for plugins are not supported.
[2026.09.02-23.35.56:468][  0]LogPluginManager: Mounting plugin localization for 'CHR_SBK_Theory'...
[2026.09.02-23.35.56:468][  0]LogGameFeatures: Display: Game feature 'CHR_SBK_Theory' transitioned successfully. Ending state: Active [Active, Active]
[2026.09.02-23.35.56:468][  0]LogShaderLibrary: Display: Opening a chunked shader library for plugin 'MAP_Training' is ignored. Chunked libraries for plugins are not supported.
[2026.09.02-23.35.56:469][  0]LogPluginManager: Mounting plugin localization for 'MAP_Training'...
[2026.09.02-23.35.56:469][  0]LogGameFeatures: Display: Game feature 'MAP_Training' transitioned successfully. Ending state: Active [Active, Active]
[2026.09.02-23.35.56:470][  0]LogShaderLibrary: Display: Opening a chunked shader library for plugin 'MOD_Hangman' is ignored. Chunked libraries for plugins are not supported.
[2026.09.02-23.35.56:472][  0]LogPluginManager: Mounting plugin localization for 'MOD_Hangman'...
[2026.09.02-23.35.56:476][  0]LogGameFeatures: Display: Game feature 'MOD_Hangman' transitioned successfully. Ending state: Active [Active, Active]
[2026.09.02-23.35.56:476][  0]LogShaderLibrary: Display: Opening a chunked shader library for plugin 'MOD_FTUE' is ignored. Chunked libraries for plugins are not supported.
[2026.09.02-23.35.56:477][  0]LogPluginManager: Mounting plugin localization for 'MOD_FTUE'...
[2026.09.02-23.35.56:477][  0]LogGameFeatures: Display: Game feature 'MOD_FTUE' transitioned successfully. Ending state: Active [Active, Active]
[2026.09.02-23.35.56:477][  0]LogShaderLibrary: Display: Opening a chunked shader library for plugin 'CHR_MER_TorchUltra' is ignored. Chunked libraries for plugins are not supported.
[2026.09.02-23.35.56:478][  0]LogPluginManager: Mounting plugin localization for 'CHR_MER_TorchUltra'...
[2026.09.02-23.35.56:478][  0]LogGameFeatures: Display: Game feature 'CHR_MER_TorchUltra' transitioned successfully. Ending state: Active [Active, Active]
[2026.09.02-23.35.56:479][  0]LogShaderLibrary: Display: Opening a chunked shader library for plugin 'CHR_MER_77Ultra' is ignored. Chunked libraries for plugins are not supported.
[2026.09.02-23.35.56:479][  0]LogPluginManager: Mounting plugin localization for 'CHR_MER_77Ultra'...
[2026.09.02-23.35.56:480][  0]LogGameFeatures: Display: Game feature 'CHR_MER_77Ultra' transitioned successfully. Ending state: Active [Active, Active]
[2026.09.02-23.35.56:480][  0]LogShaderLibrary: Display: Opening a chunked shader library for plugin 'CHR_MER_PirateQueenUltra' is ignored. Chunked libraries for plugins are not supported.
[2026.09.02-23.35.56:481][  0]LogPluginManager: Mounting plugin localization for 'CHR_MER_PirateQueenUltra'...
[2026.09.02-23.35.56:481][  0]LogGameFeatures: Display: Game feature 'CHR_MER_PirateQueenUltra' transitioned successfully. Ending state: Active [Active, Active]
[2026.09.02-23.35.56:481][  0]LogShaderLibrary: Display: Opening a chunked shader library for plugin 'CHR_SBK_MetalGrinderUltra' is ignored. Chunked libraries for plugins are not supported.
[2026.09.02-23.35.56:482][  0]LogPluginManager: Mounting plugin localization for 'CHR_SBK_MetalGrinderUltra'...
[2026.09.02-23.35.56:482][  0]LogGameFeatures: Display: Game feature 'CHR_SBK_MetalGrinderUltra' transitioned successfully. Ending state: Active [Active, Active]
[2026.09.02-23.35.56:482][  0]LogShaderLibrary: Display: Opening a chunked shader library for plugin 'CHR_SBK_HMM' is ignored. Chunked libraries for plugins are not supported.
[2026.09.02-23.35.56:483][  0]LogPluginManager: Mounting plugin localization for 'CHR_SBK_HMM'...
[2026.09.02-23.35.56:483][  0]LogGameFeatures: Display: Game feature 'CHR_SBK_HMM' transitioned successfully. Ending state: Active [Active, Active]
[2026.09.02-23.35.56:484][  0]LogShaderLibrary: Display: Opening a chunked shader library for plugin 'EVT_S1_INF' is ignored. Chunked libraries for plugins are not supported.
[2026.09.02-23.35.56:485][  0]LogPluginManager: Mounting plugin localization for 'EVT_S1_INF'...
[2026.09.02-23.35.56:485][  0]LogGameFeatures: Display: Game feature 'EVT_S1_INF' transitioned successfully. Ending state: Active [Active, Active]
[2026.09.02-23.35.56:485][  0]LogShaderLibrary: Display: Opening a chunked shader library for plugin 'CHR_SBK_Jab' is ignored. Chunked libraries for plugins are not supported.
[2026.09.02-23.35.56:486][  0]LogPluginManager: Mounting plugin localization for 'CHR_SBK_Jab'...
[2026.09.02-23.35.56:486][  0]LogGameFeatures: Display: Game feature 'CHR_SBK_Jab' transitioned successfully. Ending state: Active [Active, Active]
[2026.09.02-23.35.56:486][  0]LogShaderLibrary: Display: Opening a chunked shader library for plugin 'CHR_SBK_JabUltra' is ignored. Chunked libraries for plugins are not supported.
[2026.09.02-23.35.56:487][  0]LogPluginManager: Mounting plugin localization for 'CHR_SBK_JabUltra'...
[2026.09.02-23.35.56:487][  0]LogGameFeatures: Display: Game feature 'CHR_SBK_JabUltra' transitioned successfully. Ending state: Active [Active, Active]
[2026.09.02-23.35.56:487][  0]LogStats: BuiltInGameFeaturePlugins loaded. -  0.658 s
[2026.09.02-23.35.56:495][  0]LogWwiseResourceLoader: GetLanguageMapKey: Could not find language English(US) while processing asset None.
[2026.09.02-23.35.56:495][  0]LogWwiseResourceLoader: Error: CreateEventNode: Could not find language for Event None (0)
[2026.09.02-23.35.56:512][  0]LogAkAudio: UAkAudioEvent::LoadEventData(play_crowd_kill_streak_switch): Could not LoadEvent
[2026.09.02-23.35.56:512][  0]LogNetVersion: Set ProjectVersion to 3.1. Version Checksum will be recalculated on next use.
[2026.09.02-23.35.56:512][  0]LogInit: Texture streaming: Enabled
[2026.09.02-23.35.56:514][  0]LogTemp: Warning: Apply no frame generation on boot
[2026.09.02-23.35.56:514][  0]LogTemp: Warning: Apply no frame generation on boot
[2026.09.02-23.35.56:646][  0]LogCC1047Objects: Loaded 886 actor descriptors
[2026.09.02-23.35.56:646][  0]LogAT1047InputRecorderSubsystem: Display: [UAT1047InputRecorderSubsystem::ResetSettingsToDefaults] Settings reset to defaults from InputRecorderSettings
[2026.09.02-23.35.56:650][  0]LogChartCreation: Started creating FPS charts at 17865153.894184 seconds
[2026.09.02-23.35.56:650][  0]LogMerlin: Merlin Client Loading from: ..\..\..\RemappedPlugins\1047\MerlinAntiCheat\ThirdParty\equ8_client
[2026.09.02-23.35.59:137][  0]LogPackageLocalizationCache: Processed 550 localized package path(s) for 2 prioritized culture(s) in 0.001528 seconds
[2026.09.02-23.35.59:137][  0]LogSlate: Warning: FontCache flush requested. Reason: Culture for localization was changed
[2026.09.02-23.35.59:137][  0]LogSlate: Warning: FontCache flush requested. Reason: Culture for localization was changed
[2026.09.02-23.35.59:159][  0]LogScript: Warning: Script Msg: -- Null obj
[2026.09.02-23.35.59:227][  0]LogSlate: InvalidateAllWidgets triggered.  All widgets were invalidated
[2026.09.02-23.35.59:227][  0]LogOnline: STEAM: Steam User is subscribed 1
[2026.09.02-23.35.59:227][  0]LogOnline: STEAM: [AppId: 2918300] Client API initialized 1
[2026.09.02-23.35.59:230][  0]LogOnline: OSS: Created online subsystem instance for: Steam
[2026.09.02-23.35.59:231][  0]LogSlate: Updating window title bar state: overlay mode, drag disabled, window buttons hidden, title bar hidden
[2026.09.02-23.35.59:233][  0]Core1047InputUserSettings: Warning: DetermineHardwareDeviceForActionMapping, invalid Key found while registering IMCs!
[2026.09.02-23.35.59:233][  0]Core1047InputUserSettings: Warning: DetermineHardwareDeviceForActionMapping, invalid Key found while registering IMCs!
[2026.09.02-23.35.59:233][  0]LogEnhancedInput: Warning: A key profile with the name 'InputUserSettings.Profiles.Default' already exists! Use a different name.
[2026.09.02-23.35.59:233][  0]LogCore1047InputSubsystem: Apply input mode: ECore1047InputMethod::MouseAndKeyboard
[2026.09.02-23.35.59:233][  0]LogEnhancedInput: Error: [SetInputMode] Null player input, unable to set the input mode to '(GameplayTags=((TagName="InputMode.KBM")))'
[2026.09.02-23.35.59:252][  0]LogSubsystemCollection: Failed to initialize subsystem dependency (OF1047LobbyInviteSubsystem)
[2026.09.02-23.35.59:253][  0]LogInit: Display: Game Engine Initialized.
[2026.09.02-23.35.59:315][  0]LogScript: Warning: Script Msg: -- No world: /Game/DataRegistry/DR_Weapons.DR_Weapons:OF1047DataRegistrySource_RemoteConfiguration_0
[2026.09.02-23.35.59:315][  0]LogCUDA: Display: Initialising CUDA API...
[2026.09.02-23.35.59:315][  0]LogCUDA: Display: CUDA API initialised successfully.
[2026.09.02-23.35.59:315][  0]LogCUDA: Display: Found 1 CUDA capable devices.
[2026.09.02-23.35.59:315][  0]LogCUDA: Display: Found device 0 called "NVIDIA GeForce RTX 5080".
[2026.09.02-23.35.59:315][  0]LogCUDA: Display: Attempting to create CUDA context on GPU Device 0...
[2026.09.02-23.35.59:445][  0]LogCUDA: Display: Created CUDA context on device "NVIDIA GeForce RTX 5080".
[2026.09.02-23.35.59:473][  0]LogEncoderNVENC: Created D3D11 device for NVENC on 'NVIDIA GeForce RTX 5080'.
[2026.09.02-23.35.59:488][  0]LogDLSS: FDLSSModule::StartupModule Enter
[2026.09.02-23.35.59:488][  0]LogDLSS: PluginBaseDir ../../../Engine/Plugins/Marketplace/NVIDIA/DLSS
[2026.09.02-23.35.59:488][  0]LogDLSS: NGXBinariesDir ../../../Engine/Plugins/Marketplace/NVIDIA/DLSS/Binaries/ThirdParty/Win64/
[2026.09.02-23.35.59:488][  0]LogDLSS: GDynamicRHIName NVIDIA D3D12
[2026.09.02-23.35.59:488][  0]LogDLSS: Plugin settings: NGXAppId = 0
[2026.09.02-23.35.59:488][  0]LogDLSS: NGX Application ID not specified, using the Project ID by default.
[2026.09.02-23.35.59:488][  0]LogDLSSNGXRHI: FNGXRHIModule::StartupModule Enter
[2026.09.02-23.35.59:488][  0]LogDLSSNGXRHI: FNGXRHIModule::StartupModule Leave
[2026.09.02-23.35.59:488][  0]LogDLSSNGXRHI: Searching for custom and generic DLSS binaries
[2026.09.02-23.35.59:488][  0]LogDLSSNGXRHI: NVIDIA NGX DLSS binary nvngx_dlss.dll not found in search path C:\Program Files (x86)\Steam\steamapps\common\Splitgate 2\PortalWars2\Binaries\ThirdParty\NVIDIA\NGX\Win64\
[2026.09.02-23.35.59:488][  0]LogDLSSNGXRHI: NVIDIA NGX DLSS binary nvngx_dlss.dll not found in search path C:\Program Files (x86)\Steam\steamapps\common\Splitgate 2\PortalWars2\Binaries\Win64\Binaries\ThirdParty\NVIDIA\NGX\Win64\
[2026.09.02-23.35.59:488][  0]LogDLSSNGXRHI: NVIDIA NGX DLSS binary nvngx_dlss.dll found in search path C:\Program Files (x86)\Steam\steamapps\common\Splitgate 2\Engine\Plugins\Marketplace\NVIDIA\DLSS\Binaries\ThirdParty\Win64\
[2026.09.02-23.35.59:488][  0]LogDLSSNGXRHI: DLSS model OTA update enabled
[2026.09.02-23.35.59:509][  0]LogStreamlineAPI: [Info]: [16-35-59][streamline][info][tid:27548][7s:471ms:735us]commonEntry.cpp:1267[ngxLog] [Unknown(32765)] [2026-09-02 16:35:59] [NGXGetPath:1045] using path for models: C:\ProgramData\NVIDIA\NGX\models
[2026.09.02-23.35.59:509][  0]LogStreamlineAPI: [Info]: [16-35-59][streamline][info][tid:27548][7s:471ms:823us]commonEntry.cpp:1267[ngxLog] [Unknown(32765)] [2026-09-02 16:35:59] [`anonymous-namespace'::LoadMappingFileData:268] listItem.engineVersion .* listItem.genericCMSId 86aa7b4
[2026.09.02-23.35.59:509][  0]LogStreamlineAPI: [Info]: [16-35-59][streamline][info][tid:27548][7s:471ms:833us]commonEntry.cpp:1267[ngxLog] [Unknown(32765)] [2026-09-02 16:35:59] [`anonymous-namespace'::LoadMappingFileData:282]  project id 3F9D696D4363312194B0ECB2671E899F cms id B9FBD50
[2026.09.02-23.35.59:509][  0]LogStreamlineAPI: [Info]: [16-35-59][streamline][info][tid:27548][7s:471ms:839us]commonEntry.cpp:1267[ngxLog] [Unknown(32765)] [2026-09-02 16:35:59] [`anonymous-namespace'::LoadMappingFileData:268] listItem.engineVersion .* listItem.genericCMSId 8618954
[2026.09.02-23.35.59:509][  0]LogStreamlineAPI: [Info]: [16-35-59][streamline][info][tid:27548][7s:471ms:850us]commonEntry.cpp:1267[ngxLog] [Unknown(32765)] [2026-09-02 16:35:59] [`anonymous-namespace'::LoadMappingFileData:268] listItem.engineVersion .* listItem.genericCMSId b9b05cc
[2026.09.02-23.35.59:510][  0]LogStreamlineAPI: [Info]: [16-35-59][streamline][info][tid:27548][7s:471ms:858us]commonEntry.cpp:1267[ngxLog] [Unknown(32765)] [2026-09-02 16:35:59] [`anonymous-namespace'::LoadMappingFileData:268] listItem.engineVersion .* listItem.genericCMSId 876232c
[2026.09.02-23.35.59:510][  0]LogStreamlineAPI: [Info]: [16-35-59][streamline][info][tid:27548][7s:471ms:866us]commonEntry.cpp:1267[ngxLog] [Unknown(32765)] [2026-09-02 16:35:59] [MapProjectId:1878] Found cms id 86aa7b4 for engine: ue4 engineVersion 5.5 projectID 067482974316BA5673AD7FB2FB601799
[2026.09.02-23.35.59:513][  0]LogDLSSNGX: [SDK]: [2026-09-02 16:35:59] [NGXSafeInitializeLog:141] App logging hooks successfully initialized
[2026.09.02-23.35.59:513][  0]LogDLSSNGX: [SDK]: [2026-09-02 16:35:59] [NGXLoadLibrary:287] error: failed to load NGXCore: 126 (C:\Program Files (x86)\Steam\steamapps\common\Splitgate 2\PortalWars2\Binaries\Win64\_nvngx.dll)
[2026.09.02-23.35.59:513][  0]LogDLSSNGX: [SDK]: [2026-09-02 16:35:59] [NGXLoadLibrary:287] error: failed to load NGXCore: 126 (C:\Program Files (x86)\Steam\steamapps\common\Splitgate 2\PortalWars2\Binaries\Win64\nvngx.dll)
[2026.09.02-23.35.59:513][  0]LogDLSSNGX: [SDK]: [2026-09-02 16:35:59] [NGXGetPathUsingQAI:139] Path to driverStore found using QAI: C:\windows\System32\DriverStore\FileRepository\nvddi.inf_amd64_dabe455c4b5cf6f0
[2026.09.02-23.35.59:521][  0]LogDLSSNGX: [SDK]: [2026-09-02 16:35:59] [NGXLoadCoreLibrary:240] Loading C:\windows\System32\DriverStore\FileRepository\nvddi.inf_amd64_dabe455c4b5cf6f0\_nvngx.dll succeeded
[2026.09.02-23.35.59:521][  0]LogDLSSNGX: [Core]: [2026-09-02 16:35:59] [NGXSafeInitializeLog:139] App logging hooks successfully initialized
[2026.09.02-23.35.59:522][  0]LogDLSSNGX: [DLSS]: [2026-09-02 16:35:59] [tid:27548][NGXInitLog:219] App logging hooks successfully initialized
[2026.09.02-23.35.59:522][  0]LogDLSSNGX: [DLSS]: [2026-09-02 16:35:59] [tid:27548][NGXInitLog:226] Built with APP_NAME = default_nda
[2026.09.02-23.35.59:526][  0]LogDLSSNGX: [DLSS]: [2026-09-02 16:35:59] [tid:27548][NGXInitLog:219] App logging hooks successfully initialized
[2026.09.02-23.35.59:526][  0]LogDLSSNGX: [DLSS]: [2026-09-02 16:35:59] [tid:27548][NGXInitLog:226] Built with APP_NAME = app_transformer_dlssd
[2026.09.02-23.35.59:527][  0]LogDLSSNGXD3D12RHI: NVSDK_NGX_D3D12_Init_with_ProjectID(ProjectID = 067482974316BA5673AD7FB2FB601799, EngineVersion=5.5, APIVersion = 0x15, Device=0000029F00AAB270) -> (1 NVSDK_NGX_Result_Success)
[2026.09.02-23.35.59:527][  0]LogDLSSNGXD3D12RHI: NVSDK_NGX_D3D12_Init (Log C:/Users/<USER>/AppData/Local/PortalWars2/Saved/Logs/) -> (1 NVSDK_NGX_Result_Success)
[2026.09.02-23.35.59:528][  0]LogDLSSNGXD3D12RHI: NVSDK_NGX_D3D12_GetCapabilityParameters -> (1 NVSDK_NGX_Result_Success)
[2026.09.02-23.35.59:528][  0]LogDLSSNGXRHI: Get NVSDK_NGX_Parameter_SuperSampling_NeedsUpdatedDriver -> (1 NVSDK_NGX_Result_Success), bNeedsUpdatedDriver = 0
[2026.09.02-23.35.59:528][  0]LogDLSSNGXRHI: Get NVSDK_NGX_Parameter_SuperSampling_MinDriverVersionMajor -> (1 NVSDK_NGX_Result_Success), MinDriverVersionMajor = 470
[2026.09.02-23.35.59:528][  0]LogDLSSNGXRHI: Get NVSDK_NGX_Parameter_SuperSampling_MinDriverVersionMinor -> (1 NVSDK_NGX_Result_Success), MinDriverVersionMinor = 0
[2026.09.02-23.35.59:528][  0]LogDLSSNGXRHI: Get NVSDK_NGX_Parameter_SuperSamplingDenoising_NeedsUpdatedDriver -> (1 NVSDK_NGX_Result_Success), bNeedsUpdatedDriver = 0
[2026.09.02-23.35.59:528][  0]LogDLSSNGXRHI: Get NVSDK_NGX_Parameter_SuperSamplingDenoising_MinDriverVersionMajor -> (1 NVSDK_NGX_Result_Success), MinDriverVersionMajor = 537
[2026.09.02-23.35.59:528][  0]LogDLSSNGXRHI: Get NVSDK_NGX_Parameter_SuperSamplingDenoising_MinDriverVersionMinor -> (1 NVSDK_NGX_Result_Success), MinDriverVersionMinor = 2
[2026.09.02-23.35.59:528][  0]LogDLSSNGXRHI: NVIDIA NGX DLSS is supported by the currently installed driver. Minimum driver version was reported as: 470.0
[2026.09.02-23.35.59:528][  0]LogDLSSNGXRHI: NVIDIA NGX DLSS-RR is supported by the currently installed driver. Minimum driver version was reported as: 537.2
[2026.09.02-23.35.59:528][  0]LogDLSSNGXRHI: Get NVSDK_NGX_EParameter_SuperSampling_Available -> (1 NVSDK_NGX_Result_Success), DlssAvailable = 1
[2026.09.02-23.35.59:528][  0]LogDLSSNGXRHI: Get NVSDK_NGX_Parameter_SuperSamplingDenoising_Available -> (1 NVSDK_NGX_Result_Success), DlssRRAvailable = 1
[2026.09.02-23.35.59:528][  0]LogDLSSNGXRHI: NGX_DLSS_GET_OPTIMAL_SETTINGS -> (1 NVSDK_NGX_Result_Success)
[2026.09.02-23.35.59:528][  0]LogDLSS: QualityMode -2: bSupported = 1, ResolutionFraction = 0.3330. MinResolutionFraction=0.3330,  MaxResolutionFraction 0.3330
[2026.09.02-23.35.59:528][  0]LogDLSSNGXRHI: NGX_DLSS_GET_OPTIMAL_SETTINGS -> (1 NVSDK_NGX_Result_Success)
[2026.09.02-23.35.59:528][  0]LogDLSS: QualityMode -1: bSupported = 1, ResolutionFraction = 0.5000. MinResolutionFraction=0.5000,  MaxResolutionFraction 1.0000
[2026.09.02-23.35.59:528][  0]LogDLSSNGXRHI: NGX_DLSS_GET_OPTIMAL_SETTINGS -> (1 NVSDK_NGX_Result_Success)
[2026.09.02-23.35.59:528][  0]LogDLSS: QualityMode 0: bSupported = 1, ResolutionFraction = 0.5800. MinResolutionFraction=0.5000,  MaxResolutionFraction 1.0000
[2026.09.02-23.35.59:528][  0]LogDLSSNGXRHI: NGX_DLSS_GET_OPTIMAL_SETTINGS -> (1 NVSDK_NGX_Result_Success)
[2026.09.02-23.35.59:528][  0]LogDLSS: QualityMode 1: bSupported = 1, ResolutionFraction = 0.6670. MinResolutionFraction=0.5000,  MaxResolutionFraction 1.0000
[2026.09.02-23.35.59:528][  0]LogDLSSNGXRHI: NGX_DLSS_GET_OPTIMAL_SETTINGS -> (1 NVSDK_NGX_Result_Success)
[2026.09.02-23.35.59:528][  0]LogDLSS: QualityMode 2: bSupported = 0, ResolutionFraction = 0.0000. MinResolutionFraction=0.0000,  MaxResolutionFraction 0.0000
[2026.09.02-23.35.59:528][  0]LogDLSSNGXRHI: NGX_DLSS_GET_OPTIMAL_SETTINGS -> (1 NVSDK_NGX_Result_Success)
[2026.09.02-23.35.59:528][  0]LogDLSS: QualityMode 3: bSupported = 1, ResolutionFraction = 1.0000. MinResolutionFraction=0.9900,  MaxResolutionFraction 1.0000
[2026.09.02-23.35.59:528][  0]LogDLSS: NumRuntimeQualityModes=5, MinDynamicResolutionFraction=0.5000,  MaxDynamicResolutionFraction=1.0000
[2026.09.02-23.35.59:528][  0]LogDLSS: NVIDIA NGX DLSS supported SR=1 RR=1
[2026.09.02-23.35.59:528][  0]LogDLSS: FDLSSDenoiserWrapper(Inactive) wrapping ScreenSpaceDenoiser
[2026.09.02-23.35.59:528][  0]LogDLSS: FDLSSModule::StartupModule Leave
[2026.09.02-23.35.59:528][  0]LogNIS: FNISCoreModule::StartupModule Enter
[2026.09.02-23.35.59:528][  0]LogNIS: FNISCoreModule::StartupModule Leave
[2026.09.02-23.35.59:528][  0]LogStreamline: FStreamlineCoreModule::StartupModule Enter
[2026.09.02-23.35.59:528][  0]LogStreamlineRHI: SLisFeatureSupported(kFeatureDLSS_G) -> (31, Result::eErrorFeatureMissing)
[2026.09.02-23.35.59:528][  0]LogStreamlineRHI: SLisFeatureSupported(kFeatureDeepDVC) -> (31, Result::eErrorFeatureMissing)
[2026.09.02-23.35.59:528][  0]LogStreamline: RegisterStreamlineReflexHooks Enter
[2026.09.02-23.35.59:528][  0]LogStreamline: Reflex plugin enabled, which is incompatible with the Reflex implementation provided by this Streamline UE plugin
[2026.09.02-23.35.59:528][  0]LogStreamline: Unregistering the Reflex plugin related modular features. The Reflex plugin Blueprint library is expected to continue to work 🤞.
[2026.09.02-23.35.59:528][  0]LogStreamline: Unregistering MaxTickRateHandler 0000029F62AE0D98 
[2026.09.02-23.35.59:528][  0]LogStreamline: Unregistering LatencyMarker 0000029F62D01C28 
[2026.09.02-23.35.59:528][  0]LogStreamline: Unregistering LatencyMarker 0000029F62A9E088 
[2026.09.02-23.35.59:528][  0]LogStreamlineRHI: SLisFeatureSupported(kFeatureReflex) -> (0, Result::eOk)
[2026.09.02-23.35.59:528][  0]LogStreamlineRHI: SLgetFeatureVersion(kFeatureReflex)  versionSL = 2.7.30, versionNGX = 0.0.0 -> (0, Result::eOk)
[2026.09.02-23.35.59:528][  0]LogStreamlineRHI: SLgetFeatureRequirements(kFeatureReflex) -> (0, Result::eOk)
[2026.09.02-23.35.59:528][  0]LogStreamlineRHI: FeatureRequirements kFeatureReflex: flags FeatureRequirementFlags::eVulkanSupported|FeatureRequirementFlags::eD3D12Supported|FeatureRequirementFlags::eD3D11Supported
[2026.09.02-23.35.59:528][  0]LogStreamlineRHI: maxNumCPUThreads : 0
[2026.09.02-23.35.59:528][  0]LogStreamlineRHI: maxNumViewports  : 0
[2026.09.02-23.35.59:528][  0]LogStreamlineRHI: osVersion     detected: 10.0.26200, required: 10.0.0
[2026.09.02-23.35.59:528][  0]LogStreamlineRHI: driverVersion detected: 610.88.0, required: 512.15.0
[2026.09.02-23.35.59:528][  0]LogStreamlineRHI: requiredTags (0): {}
[2026.09.02-23.35.59:528][  0]LogStreamline: FStreamlineMaxTickRateHandler::Initialize sl::ReflexState::lowLatencyAvailable=1
[2026.09.02-23.35.59:528][  0]LogStreamline: FStreamlineMaxTickRateHandler::Initialize sl::ReflexState::latencyReportAvailable=1
[2026.09.02-23.35.59:528][  0]LogStreamline: FStreamlineLatencyMarkers::Initialize sl::ReflexState::flashIndicatorDriverControlled=1
[2026.09.02-23.35.59:528][  0]LogStreamline: RegisterStreamlineReflexHooks Leave
[2026.09.02-23.35.59:528][  0]LogStreamlineRHI: SLisFeatureSupported(kFeatureImGUI) -> (31, Result::eErrorFeatureMissing)
[2026.09.02-23.35.59:528][  0]LogStreamline: NVIDIA Streamline supported 1
[2026.09.02-23.35.59:528][  0]LogStreamline: FStreamlineCoreModule::StartupModule Leave
[2026.09.02-23.35.59:528][  0]LogStreamlineRHI: SLisFeatureSupported(kFeaturePCL) -> (0, Result::eOk)
[2026.09.02-23.35.59:528][  0]LogStreamlineRHI: SLgetFeatureVersion(kFeaturePCL)  versionSL = 2.7.30, versionNGX = 0.0.0 -> (0, Result::eOk)
[2026.09.02-23.35.59:528][  0]LogStreamlineRHI: SLgetFeatureRequirements(kFeaturePCL) -> (0, Result::eOk)
[2026.09.02-23.35.59:528][  0]LogStreamlineRHI: FeatureRequirements kFeaturePCL: flags FeatureRequirementFlags::eVulkanSupported|FeatureRequirementFlags::eD3D12Supported|FeatureRequirementFlags::eD3D11Supported
[2026.09.02-23.35.59:528][  0]LogStreamlineRHI: maxNumCPUThreads : 0
[2026.09.02-23.35.59:528][  0]LogStreamlineRHI: maxNumViewports  : 0
[2026.09.02-23.35.59:528][  0]LogStreamlineRHI: osVersion     detected: 10.0.26200, required: 10.0.0
[2026.09.02-23.35.59:528][  0]LogStreamlineRHI: driverVersion detected: 610.88.0, required: 512.15.0
[2026.09.02-23.35.59:528][  0]LogStreamlineRHI: requiredTags (0): {}
[2026.09.02-23.35.59:528][  0]LogStreaming: Warning: Failed to read file '../../../Engine/Plugins/Runtime/SunPosition/Resources/SunPosition.png' error.
[2026.09.02-23.35.59:528][  0]LogSlate: Could not find file for Slate resource: ../../../Engine/Plugins/Runtime/SunPosition/Resources/SunPosition.png
[2026.09.02-23.35.59:533][  0]LogCore1047SettingsRegistry: Error: Could not create setting instance: Definition for tag [Settings.Video] has a null ValueType
[2026.09.02-23.35.59:533][  0]LogCore1047SettingsRegistry: Error: Could not create setting instance: Definition for tag [Settings.Video.General] has a null ValueType
[2026.09.02-23.35.59:533][  0]LogCore1047SettingsRegistry: Error: Could not create setting instance: Definition for tag [Settings.Video.Advanced] has a null ValueType
[2026.09.02-23.35.59:533][  0]LogCore1047SettingsRegistry: Error: Could not create setting instance: Definition for tag [Settings.Video.SuperRes] has a null ValueType
[2026.09.02-23.35.59:533][  0]LogCore1047SettingsRegistry: Error: Could not create setting instance: Definition for tag [Settings.Video.FrameGen] has a null ValueType
[2026.09.02-23.35.59:533][  0]LogCore1047SettingsRegistry: Error: Could not create setting instance: Definition for tag [Settings.Video.LowLatency] has a null ValueType
[2026.09.02-23.35.59:533][  0]LogStreamlineRHI: SLisFeatureSupported(kFeatureReflex) -> (0, Result::eOk)
[2026.09.02-23.35.59:533][  0]LogStreamlineRHI: SLgetFeatureVersion(kFeatureReflex)  versionSL = 2.7.30, versionNGX = 0.0.0 -> (0, Result::eOk)
[2026.09.02-23.35.59:533][  0]LogStreamlineRHI: SLgetFeatureRequirements(kFeatureReflex) -> (0, Result::eOk)
[2026.09.02-23.35.59:533][  0]LogStreamlineRHI: FeatureRequirements kFeatureReflex: flags FeatureRequirementFlags::eVulkanSupported|FeatureRequirementFlags::eD3D12Supported|FeatureRequirementFlags::eD3D11Supported
[2026.09.02-23.35.59:533][  0]LogStreamlineRHI: maxNumCPUThreads : 0
[2026.09.02-23.35.59:533][  0]LogStreamlineRHI: maxNumViewports  : 0
[2026.09.02-23.35.59:533][  0]LogStreamlineRHI: osVersion     detected: 10.0.26200, required: 10.0.0
[2026.09.02-23.35.59:533][  0]LogStreamlineRHI: driverVersion detected: 610.88.0, required: 512.15.0
[2026.09.02-23.35.59:533][  0]LogStreamlineRHI: requiredTags (0): {}
[2026.09.02-23.35.59:533][  0]LogIris: FPolymorphicNetSerializerScriptStructCache::InitForType Updated CachedTypedIds for base PortalWarsHangmanPurchaseKeyData, NumCachedTypeIDs: 4
[2026.09.02-23.35.59:533][  0]LogIris: FPolymorphicNetSerializerScriptStructCache::InitForType Updated CachedTypedIds for base CF1047EditTransaction, NumCachedTypeIDs: 1
[2026.09.02-23.35.59:534][  0]LogIris: FPolymorphicNetSerializerScriptStructCache::InitForType Updated CachedTypedIds for base CF1047EditActionBase, NumCachedTypeIDs: 17
[2026.09.02-23.35.59:534][  0]LogIris: FPolymorphicNetSerializerScriptStructCache::InitForType Updated CachedTypedIds for base GF1047GameplayMessage, NumCachedTypeIDs: 11
[2026.09.02-23.35.59:534][  0]LogIris: FPolymorphicNetSerializerScriptStructCache::InitForType Updated CachedTypedIds for base GameplayEffectContext, NumCachedTypeIDs: 2
[2026.09.02-23.35.59:534][  0]LogIris: FPolymorphicNetSerializerScriptStructCache::InitForType Updated CachedTypedIds for base GameplayAbilityTargetData, NumCachedTypeIDs: 16
[2026.09.02-23.35.59:534][  0]LogIris: FPolymorphicNetSerializerScriptStructCache::InitForType Updated CachedTypedIds for base Core1047ReplicatedCommand, NumCachedTypeIDs: 4
[2026.09.02-23.35.59:534][  0]LogIris: FPolymorphicNetSerializerScriptStructCache::InitForType Updated CachedTypedIds for base RootMotionSource, NumCachedTypeIDs: 8
[2026.09.02-23.35.59:534][  0]LogInit: Display: Starting Game.
[2026.09.02-23.35.59:534][  0]LogGlobalStatus: UEngine::Browse Started Browse: "/Game/Maps/MainMenu/MainMenu?Name=Player"
[2026.09.02-23.35.59:534][  0]LogNet: Browse: /Game/Maps/MainMenu/MainMenu?Name=Player
[2026.09.02-23.35.59:534][  0]LogLoadingScreen: Showing loading screen when 'IsShowingInitialLoadingScreen()' is false.
[2026.09.02-23.35.59:534][  0]LogLoadingScreen: GameState hasn't yet replicated (it's null)
[2026.09.02-23.35.59:545][  0]LogRHI: ShaderPipelineCache: Batch mode changed (1): Size: 49 -> 50, Time: 16.000000 -> 16.000000
[2026.09.02-23.35.59:545][  0]LogCore: Display: Setting hang detector multiplier to 1.0000s. New hang duration: 0.0000s. New present duration: 0.0000s.
[2026.09.02-23.35.59:551][  0]LogSlate: InvalidateAllWidgets triggered.  All widgets were invalidated
[2026.09.02-23.35.59:567][  0]LogSlate: Slate font cache was flushed
[2026.09.02-23.35.59:567][  0]LogLoadingScreen: Loading screen showing: 1. Reason: GameState hasn't yet replicated (it's null)
[2026.09.02-23.35.59:568][  0]LogLoad: LoadMap: /Game/Maps/MainMenu/MainMenu?Name=Player
[2026.09.02-23.35.59:568][  0]LogWorld: BeginTearingDown for /Temp/Untitled_0
[2026.09.02-23.35.59:568][  0]LogWorld: UWorld::CleanupWorld for Untitled, bSessionEnded=true, bCleanupResources=true
[2026.09.02-23.35.59:568][  0]LogSlate: InvalidateAllWidgets triggered.  All widgets were invalidated
[2026.09.02-23.35.59:568][  0]LogActorPool: Clearing all actor pools
[2026.09.02-23.35.59:568][  0]LogAT1047InputRecorderSubsystem: Display: [UAT1047InputRecorderSubsystem::StopPlayback] All playback sessions stopped.
[2026.09.02-23.35.59:568][  0]LogGameplayMessageSubsystem: Warning: Trying to unregister an invalid Handle.
[2026.09.02-23.35.59:568][  0]LogGameplayMessageSubsystem: Warning: Trying to unregister an invalid Handle.
[2026.09.02-23.35.59:827][  0]LogUObjectHash: Compacting FUObjectHashTables data took   1.21ms
[2026.09.02-23.35.59:880][  0]LogMaterial: Error: Loading a material resource None with an invalid ShaderMap!
[2026.09.02-23.35.59:880][  0]LogMaterial: Error: Loading a material resource None with an invalid ShaderMap!
[2026.09.02-23.36.00:211][  0]LogCC1047Objects: Loaded 886 actor descriptors
[2026.09.02-23.36.00:212][  0]LogAT1047InputRecorderSubsystem: Display: [UAT1047InputRecorderSubsystem::ResetSettingsToDefaults] Settings reset to defaults from InputRecorderSettings
[2026.09.02-23.36.00:212][  0]LogSlate: Toggling fast path.  New State: 0
[2026.09.02-23.36.00:217][  0]LogWorldPartition: ULevel::OnLevelLoaded(MainMenu)(bIsOwningWorldGameWorld=1, bIsOwningWorldPartitioned=1, InitializeForMainWorld=1, InitializeForEditor=0, InitializeForGame=1)
[2026.09.02-23.36.00:217][  0]LogWorldPartition: Display: WorldPartition initialize started...
[2026.09.02-23.36.00:217][  0]LogWorldPartition: UWorldPartition::Initialize : World = /Game/Maps/MainMenu/MainMenu.MainMenu, World Type = Game, IsMainWorldPartition = 1, Location = V(0), Rotation = R(0), IsEditor = 0, IsGame = 1, IsPIEWorldTravel = 0, IsCooking = 0
[2026.09.02-23.36.00:217][  0]LogWorldPartition: UWorldPartition::Initialize Context : World NetMode = Standalone, IsServer = 0, IsDedicatedServer = 0, IsServerStreamingEnabled = 0, IsServerStreamingOutEnabled = 0, IsUsingMakingVisibleTransaction = 0, IsUsingMakingInvisibleTransaction = 0
[2026.09.02-23.36.00:217][  0]LogWorldPartition: Display: WorldPartition initialize took 179 us
[2026.09.02-23.36.00:217][  0]LogLoad: Game class is 'MainMenuGameMode_BP_C'
[2026.09.02-23.36.00:225][  0]LogWorld: Bringing World /Game/Maps/MainMenu/MainMenu.MainMenu up for play (max tick rate 60) at 2026.09.02-16.36.00
[2026.09.02-23.36.00:226][  0]LogWorld: Bringing up level for play took: 0.008553
[2026.09.02-23.36.00:227][  0]LogGameMode: FindPlayerStart: PATHS NOT DEFINED or NO PLAYERSTART with positive rating
[2026.09.02-23.36.00:227][  0]LogEnhancedInput: Warning: A key profile with the name 'InputUserSettings.Profiles.Player' already exists! Use a different name.
[2026.09.02-23.36.00:227][  0]LogEnhancedInput: Warning: A key profile with the name 'InputUserSettings.Profiles.Default' already exists! Use a different name.
[2026.09.02-23.36.00:227][  0]Core1047InputUserSettings: KeyRebinding_ReregisterPlayerProfile >> Ran!
[2026.09.02-23.36.00:227][  0]LogCore1047InputSubsystem: Apply input mode: ECore1047InputMethod::MouseAndKeyboard
[2026.09.02-23.36.00:227][  0]LogCC1047CustomMapSupport: Pre world begin play.
[2026.09.02-23.36.00:230][  0]LogStreamableManager: Display: RequestAsyncLoad() called with empty or only null assets!
[2026.09.02-23.36.00:230][  0]LogStreamableManager: Display: RequestAsyncLoad() called with empty or only null assets!
[2026.09.02-23.36.00:230][  0]LogScript: Warning: Script Msg: Attempted to access index 0 from array 'Textures' of length 0 in '/Game/UI/MainMenu/Locker/PlayerCard/WBP_PlayerCard.WBP_PlayerCard_C:UpdateBadges'!
[2026.09.02-23.36.00:230][  0]LogScript: Warning: Script Msg: Attempted to access index 1 from array 'Textures' of length 0 in '/Game/UI/MainMenu/Locker/PlayerCard/WBP_PlayerCard.WBP_PlayerCard_C:UpdateBadges'!
[2026.09.02-23.36.00:230][  0]LogScript: Warning: Script Msg: Attempted to access index 2 from array 'Textures' of length 0 in '/Game/UI/MainMenu/Locker/PlayerCard/WBP_PlayerCard.WBP_PlayerCard_C:UpdateBadges'!
[2026.09.02-23.36.00:230][  0]LogStreamableManager: Display: RequestAsyncLoad() called with empty or only null assets!
[2026.09.02-23.36.00:230][  0]LogStreamableManager: Display: RequestAsyncLoad() called with empty or only null assets!
[2026.09.02-23.36.00:230][  0]LogScript: Warning: Script Msg: Attempted to access index 0 from array 'Textures' of length 0 in '/Game/UI/MainMenu/Locker/PlayerCard/WBP_PlayerCard.WBP_PlayerCard_C:UpdateBadges'!
[2026.09.02-23.36.00:230][  0]LogScript: Warning: Script Msg: Attempted to access index 1 from array 'Textures' of length 0 in '/Game/UI/MainMenu/Locker/PlayerCard/WBP_PlayerCard.WBP_PlayerCard_C:UpdateBadges'!
[2026.09.02-23.36.00:230][  0]LogScript: Warning: Script Msg: Attempted to access index 2 from array 'Textures' of length 0 in '/Game/UI/MainMenu/Locker/PlayerCard/WBP_PlayerCard.WBP_PlayerCard_C:UpdateBadges'!
[2026.09.02-23.36.00:230][  0]LogStreamableManager: Display: RequestAsyncLoad() called with empty or only null assets!
[2026.09.02-23.36.00:230][  0]LogStreamableManager: Display: RequestAsyncLoad() called with empty or only null assets!
[2026.09.02-23.36.00:232][  0]LogStreamableManager: Display: RequestAsyncLoad() called with empty or only null assets!
[2026.09.02-23.36.00:232][  0]LogStreamableManager: Display: RequestAsyncLoad() called with empty or only null assets!
[2026.09.02-23.36.00:232][  0]LogScript: Warning: Script Msg: Attempted to access index 0 from array 'Textures' of length 0 in '/Game/UI/MainMenu/Locker/PlayerCard/WBP_PlayerCard.WBP_PlayerCard_C:UpdateBadges'!
[2026.09.02-23.36.00:232][  0]LogScript: Warning: Script Msg: Attempted to access index 1 from array 'Textures' of length 0 in '/Game/UI/MainMenu/Locker/PlayerCard/WBP_PlayerCard.WBP_PlayerCard_C:UpdateBadges'!
[2026.09.02-23.36.00:232][  0]LogScript: Warning: Script Msg: Attempted to access index 2 from array 'Textures' of length 0 in '/Game/UI/MainMenu/Locker/PlayerCard/WBP_PlayerCard.WBP_PlayerCard_C:UpdateBadges'!
[2026.09.02-23.36.00:232][  0]LogStreamableManager: Display: RequestAsyncLoad() called with empty or only null assets!
[2026.09.02-23.36.00:232][  0]LogStreamableManager: Display: RequestAsyncLoad() called with empty or only null assets!
[2026.09.02-23.36.00:232][  0]LogScript: Warning: Script Msg: Attempted to access index 0 from array 'Textures' of length 0 in '/Game/UI/MainMenu/Locker/PlayerCard/WBP_PlayerCard.WBP_PlayerCard_C:UpdateBadges'!
[2026.09.02-23.36.00:232][  0]LogScript: Warning: Script Msg: Attempted to access index 1 from array 'Textures' of length 0 in '/Game/UI/MainMenu/Locker/PlayerCard/WBP_PlayerCard.WBP_PlayerCard_C:UpdateBadges'!
[2026.09.02-23.36.00:232][  0]LogScript: Warning: Script Msg: Attempted to access index 2 from array 'Textures' of length 0 in '/Game/UI/MainMenu/Locker/PlayerCard/WBP_PlayerCard.WBP_PlayerCard_C:UpdateBadges'!
[2026.09.02-23.36.00:232][  0]LogStreamableManager: Display: RequestAsyncLoad() called with empty or only null assets!
[2026.09.02-23.36.00:232][  0]LogStreamableManager: Display: RequestAsyncLoad() called with empty or only null assets!
[2026.09.02-23.36.00:281][  0]LogUI1047: Frame Rate Limit Set to Main Menu FPS Limit of: 60
[2026.09.02-23.36.00:282][  0]LogViewport: Display: Viewport MouseLockMode Changed, LockOnCapture -> LockInFullscreen
[2026.09.02-23.36.00:282][  0]LogViewport: Display: Viewport HideCursorDuringCapture Changed, False -> True
[2026.09.02-23.36.00:282][  0]LogViewport: Display: Viewport MouseCaptureMode Changed, CapturePermanently_IncludingInitialMouseDown -> CaptureDuringRightMouseDown
[2026.09.02-23.36.00:284][  0]LogViewport: Display: Viewport MouseCaptureMode Changed, CaptureDuringRightMouseDown -> NoCapture
[2026.09.02-23.36.00:284][  0]LogStreamableManager: Display: RequestAsyncLoad() called with empty or only null assets!
[2026.09.02-23.36.00:287][  0]LogStreamableManager: Display: RequestAsyncLoad() called with empty or only null assets!
[2026.09.02-23.36.00:287][  0]LogPortalWarsUI: Deferring transition stinger outros until loading screen is complete
[2026.09.02-23.36.00:287][  0]LogCC1047CustomMapSupport: Post world begin play.
[2026.09.02-23.36.00:287][  0]LogCC1047CustomMapSupport: Custom map late init not required.
[2026.09.02-23.36.00:287][  0]LogLoad: Took 0.719454 seconds to LoadMap(/Game/Maps/MainMenu/MainMenu)
[2026.09.02-23.36.00:287][  0]LogGlobalStatus: UEngine::LoadMap Load map complete /Game/Maps/MainMenu/MainMenu
[2026.09.02-23.36.00:513][  0]LogRHI: Display: ShaderPipelineCache: Paused Batching. 1
[2026.09.02-23.36.00:513][  0]LogRHI: Display: ShaderPipelineCache: Resumed Batching. 0
[2026.09.02-23.36.00:513][  0]LogRHI: Display: ShaderPipelineCache: Batching Resumed.
[2026.09.02-23.36.00:517][  0]LogInit: Display: Engine is initialized. Leaving FEngineLoop::Init()
[2026.09.02-23.36.00:517][  0]LogLoad: (Engine Initialization) Total time: 21.86 seconds
[2026.09.02-23.36.00:527][  0]LogSlate: InvalidateAllWidgets triggered.  All widgets were invalidated
[2026.09.02-23.36.00:527][  0]LogPortalWarsUI: Asset VM refresh triggered, old maps = 37, old modes = 232
[2026.09.02-23.36.00:531][  0]LogPortalWarsUI: Asset VM refresh complete, new maps = 37, new modes = 232
[2026.09.02-23.36.00:532][  0]Log1047RenderFramework: Display: Changing VT pool secondary scale to 2.000000 based on resolution 3440x1440 at scale 100.000000% (reference: 1920x1080)
[2026.09.02-23.36.00:532][  0]LogGameFeatures: Error: Game Feature preloading was cancelled for URL SOC_S1.uplugin
[2026.09.02-23.36.00:532][  0]LogGameFeatures: Error: Game Feature preloading was cancelled for URL POW_SpeedBoost.uplugin
[2026.09.02-23.36.00:532][  0]LogGameFeatures: Error: Game Feature preloading was cancelled for URL POW_Overshield.uplugin
[2026.09.02-23.36.00:532][  0]LogGameFeatures: Error: Game Feature preloading was cancelled for URL FCT_Generic.uplugin
[2026.09.02-23.36.00:532][  0]LogGameFeatures: Error: Game Feature preloading was cancelled for URL FCT_Aeros.uplugin
[2026.09.02-23.36.00:532][  0]LogGameFeatures: Error: Game Feature preloading was cancelled for URL EDT_Splitgate.uplugin
[2026.09.02-23.36.00:532][  0]LogGameFeatures: Error: Game Feature preloading was cancelled for URL POW_WallHack.uplugin
[2026.09.02-23.36.00:532][  0]LogGameFeatures: Error: Game Feature preloading was cancelled for URL FCT_Meridian.uplugin
[2026.09.02-23.36.00:532][  0]LogGameFeatures: Error: Game Feature preloading was cancelled for URL FCT_Sabrask.uplugin
[2026.09.02-23.36.00:532][  0]LogGameFeatures: Error: Game Feature preloading was cancelled for URL MOD_Tutorial.uplugin
[2026.09.02-23.36.00:532][  0]LogGameFeatures: Error: Game Feature preloading was cancelled for URL MOD_TeabagConfirmed.uplugin
[2026.09.02-23.36.00:532][  0]LogGameFeatures: Error: Game Feature preloading was cancelled for URL MOD_Splitball.uplugin
[2026.09.02-23.36.00:532][  0]LogGameFeatures: Error: Game Feature preloading was cancelled for URL MOD_Race.uplugin
[2026.09.02-23.36.00:532][  0]LogGameFeatures: Error: Game Feature preloading was cancelled for URL MOD_GunGame.uplugin
[2026.09.02-23.36.00:532][  0]LogGameFeatures: Error: Game Feature preloading was cancelled for URL MOD_Graffiti.uplugin
[2026.09.02-23.36.00:532][  0]LogGameFeatures: Error: Game Feature preloading was cancelled for URL MOD_Firecracker.uplugin
[2026.09.02-23.36.00:532][  0]LogGameFeatures: Error: Game Feature preloading was cancelled for URL MOD_Deathmatch.uplugin
[2026.09.02-23.36.00:532][  0]LogGameFeatures: Error: Game Feature preloading was cancelled for URL MOD_Creative.uplugin
[2026.09.02-23.36.00:532][  0]LogGameFeatures: Error: Game Feature preloading was cancelled for URL MOD_CapturePoints.uplugin
[2026.09.02-23.36.00:532][  0]LogGameFeatures: Error: Game Feature preloading was cancelled for URL MOD_Hangman.uplugin
[2026.09.02-23.36.00:533][  0]LogPortalWarsUI: Deferring transition stinger outros until loading screen is complete
[2026.09.02-23.36.00:536][  0]LogContentStreaming: Texture pool size now 1200 MB
[2026.09.02-23.36.00:539][  0]LogSlate: InvalidateAllWidgets triggered.  All widgets were invalidated
[2026.09.02-23.36.00:539][  0]LogEOSSDK: LogEOSOverlay: Probing swap chain to determine device version
[2026.09.02-23.36.00:539][  0]LogEOSSDK: LogEOSOverlay: Probe complete, determined: D3D12
[2026.09.02-23.36.00:539][  0]LogEOSSDK: LogEOSOverlay: Window subclass attached to 00000000001B0B9C
[2026.09.02-23.36.00:539][  0]LogEOSSDK: LogEOSOverlay: Creating overlay widget manager
[2026.09.02-23.36.00:539][  0]LogEOSSDK: LogEOSOverlay: Overlay ready. Firing 3 OnReady handlers
[2026.09.02-23.36.00:539][  0]LogEOSSDK: Error: LogEOSOverlay: Failed to duplicate handle for host process: disabling shared texture updates! error=5
[2026.09.02-23.36.00:539][  0]LogSlate: InvalidateAllWidgets triggered.  All widgets were invalidated
[2026.09.02-23.36.00:540][  0]LogSlate: InvalidateAllWidgets triggered.  All widgets were invalidated
[2026.09.02-23.36.00:540][  0]LogSlate: InvalidateAllWidgets triggered.  All widgets were invalidated
[2026.09.02-23.36.00:540][  0]LogSlate: InvalidateAllWidgets triggered.  All widgets were invalidated
[2026.09.02-23.36.00:540][  0]LogSlate: InvalidateAllWidgets triggered.  All widgets were invalidated
[2026.09.02-23.36.00:540][  0]LogSlate: InvalidateAllWidgets triggered.  All widgets were invalidated
[2026.09.02-23.36.00:540][  0]LogSlate: InvalidateAllWidgets triggered.  All widgets were invalidated
[2026.09.02-23.36.00:540][  0]LogSlate: InvalidateAllWidgets triggered.  All widgets were invalidated
[2026.09.02-23.36.00:540][  0]LogSlate: InvalidateAllWidgets triggered.  All widgets were invalidated
[2026.09.02-23.36.00:540][  0]LogSlate: InvalidateAllWidgets triggered.  All widgets were invalidated
[2026.09.02-23.36.00:540][  0]LogSlate: InvalidateAllWidgets triggered.  All widgets were invalidated
[2026.09.02-23.36.00:540][  0]LogSlate: InvalidateAllWidgets triggered.  All widgets were invalidated
[2026.09.02-23.36.00:540][  0]LogSlate: InvalidateAllWidgets triggered.  All widgets were invalidated
[2026.09.02-23.36.00:540][  0]LogSlate: InvalidateAllWidgets triggered.  All widgets were invalidated
[2026.09.02-23.36.00:540][  0]LogSlate: InvalidateAllWidgets triggered.  All widgets were invalidated
[2026.09.02-23.36.00:540][  0]LogSlate: InvalidateAllWidgets triggered.  All widgets were invalidated
[2026.09.02-23.36.00:540][  0]LogSlate: InvalidateAllWidgets triggered.  All widgets were invalidated
[2026.09.02-23.36.00:540][  0]LogSlate: InvalidateAllWidgets triggered.  All widgets were invalidated
[2026.09.02-23.36.00:540][  0]LogSlate: InvalidateAllWidgets triggered.  All widgets were invalidated
[2026.09.02-23.36.00:540][  0]LogSlate: InvalidateAllWidgets triggered.  All widgets were invalidated
[2026.09.02-23.36.00:540][  0]LogSlate: InvalidateAllWidgets triggered.  All widgets were invalidated
[2026.09.02-23.36.00:540][  0]LogSlate: InvalidateAllWidgets triggered.  All widgets were invalidated
[2026.09.02-23.36.00:540][  0]LogSlate: InvalidateAllWidgets triggered.  All widgets were invalidated
[2026.09.02-23.36.00:540][  0]LogSlate: InvalidateAllWidgets triggered.  All widgets were invalidated
[2026.09.02-23.36.00:540][  0]LogSlate: InvalidateAllWidgets triggered.  All widgets were invalidated
[2026.09.02-23.36.00:540][  0]LogSlate: InvalidateAllWidgets triggered.  All widgets were invalidated
[2026.09.02-23.36.00:540][  0]LogSlate: InvalidateAllWidgets triggered.  All widgets were invalidated
[2026.09.02-23.36.00:540][  0]LogSlate: InvalidateAllWidgets triggered.  All widgets were invalidated
[2026.09.02-23.36.00:540][  0]LogSlate: InvalidateAllWidgets triggered.  All widgets were invalidated
[2026.09.02-23.36.00:540][  0]LogSlate: InvalidateAllWidgets triggered.  All widgets were invalidated
[2026.09.02-23.36.00:540][  0]LogSlate: InvalidateAllWidgets triggered.  All widgets were invalidated
[2026.09.02-23.36.00:540][  0]LogSlate: InvalidateAllWidgets triggered.  All widgets were invalidated
[2026.09.02-23.36.00:540][  0]LogSlate: InvalidateAllWidgets triggered.  All widgets were invalidated
[2026.09.02-23.36.00:540][  0]LogSlate: InvalidateAllWidgets triggered.  All widgets were invalidated
[2026.09.02-23.36.00:540][  0]LogSlate: InvalidateAllWidgets triggered.  All widgets were invalidated
[2026.09.02-23.36.00:540][  0]LogSlate: InvalidateAllWidgets triggered.  All widgets were invalidated
[2026.09.02-23.36.00:540][  0]LogSlate: InvalidateAllWidgets triggered.  All widgets were invalidated
[2026.09.02-23.36.00:540][  0]LogSlate: InvalidateAllWidgets triggered.  All widgets were invalidated
[2026.09.02-23.36.00:540][  0]LogSlate: InvalidateAllWidgets triggered.  All widgets were invalidated
[2026.09.02-23.36.00:540][  0]LogSlate: InvalidateAllWidgets triggered.  All widgets were invalidated
[2026.09.02-23.36.00:540][  0]LogSlate: InvalidateAllWidgets triggered.  All widgets were invalidated
[2026.09.02-23.36.00:540][  0]LogSlate: InvalidateAllWidgets triggered.  All widgets were invalidated
[2026.09.02-23.36.00:540][  0]LogSlate: InvalidateAllWidgets triggered.  All widgets were invalidated
[2026.09.02-23.36.00:540][  0]LogSlate: InvalidateAllWidgets triggered.  All widgets were invalidated
[2026.09.02-23.36.00:540][  0]LogSlate: InvalidateAllWidgets triggered.  All widgets were invalidated
[2026.09.02-23.36.00:540][  0]LogSlate: InvalidateAllWidgets triggered.  All widgets were invalidated
[2026.09.02-23.36.00:540][  0]LogSlate: InvalidateAllWidgets triggered.  All widgets were invalidated
[2026.09.02-23.36.00:540][  0]LogSlate: InvalidateAllWidgets triggered.  All widgets were invalidated
[2026.09.02-23.36.00:540][  0]LogSlate: InvalidateAllWidgets triggered.  All widgets were invalidated
[2026.09.02-23.36.00:540][  0]LogSlate: InvalidateAllWidgets triggered.  All widgets were invalidated
[2026.09.02-23.36.00:540][  0]LogSlate: InvalidateAllWidgets triggered.  All widgets were invalidated
[2026.09.02-23.36.00:540][  0]LogSlate: InvalidateAllWidgets triggered.  All widgets were invalidated
[2026.09.02-23.36.00:540][  0]LogSlate: InvalidateAllWidgets triggered.  All widgets were invalidated
[2026.09.02-23.36.00:540][  0]LogSlate: InvalidateAllWidgets triggered.  All widgets were invalidated
[2026.09.02-23.36.00:540][  0]LogSlate: InvalidateAllWidgets triggered.  All widgets were invalidated
[2026.09.02-23.36.00:540][  0]LogSlate: InvalidateAllWidgets triggered.  All widgets were invalidated
[2026.09.02-23.36.00:540][  0]LogSlate: InvalidateAllWidgets triggered.  All widgets were invalidated
[2026.09.02-23.36.00:540][  0]LogSlate: InvalidateAllWidgets triggered.  All widgets were invalidated
[2026.09.02-23.36.00:540][  0]LogSlate: InvalidateAllWidgets triggered.  All widgets were invalidated
[2026.09.02-23.36.00:540][  0]LogSlate: InvalidateAllWidgets triggered.  All widgets were invalidated
[2026.09.02-23.36.00:540][  0]LogSlate: InvalidateAllWidgets triggered.  All widgets were invalidated
[2026.09.02-23.36.00:540][  0]LogSlate: InvalidateAllWidgets triggered.  All widgets were invalidated
[2026.09.02-23.36.00:540][  0]LogSlate: InvalidateAllWidgets triggered.  All widgets were invalidated
[2026.09.02-23.36.00:540][  0]LogSlate: InvalidateAllWidgets triggered.  All widgets were invalidated
[2026.09.02-23.36.00:540][  0]LogSlate: InvalidateAllWidgets triggered.  All widgets were invalidated
[2026.09.02-23.36.00:540][  0]LogSlate: InvalidateAllWidgets triggered.  All widgets were invalidated
[2026.09.02-23.36.00:540][  0]LogSlate: InvalidateAllWidgets triggered.  All widgets were invalidated
[2026.09.02-23.36.00:540][  0]LogSlate: InvalidateAllWidgets triggered.  All widgets were invalidated
[2026.09.02-23.36.00:540][  0]LogSlate: InvalidateAllWidgets triggered.  All widgets were invalidated
[2026.09.02-23.36.00:540][  0]LogSlate: InvalidateAllWidgets triggered.  All widgets were invalidated
[2026.09.02-23.36.00:540][  0]LogSlate: InvalidateAllWidgets triggered.  All widgets were invalidated
[2026.09.02-23.36.00:540][  0]LogSlate: InvalidateAllWidgets triggered.  All widgets were invalidated
[2026.09.02-23.36.00:540][  0]LogSlate: InvalidateAllWidgets triggered.  All widgets were invalidated
[2026.09.02-23.36.00:540][  0]LogSlate: InvalidateAllWidgets triggered.  All widgets were invalidated
[2026.09.02-23.36.00:540][  0]LogSlate: InvalidateAllWidgets triggered.  All widgets were invalidated
[2026.09.02-23.36.00:540][  0]LogSlate: InvalidateAllWidgets triggered.  All widgets were invalidated
[2026.09.02-23.36.00:540][  0]LogSlate: InvalidateAllWidgets triggered.  All widgets were invalidated
[2026.09.02-23.36.00:540][  0]LogSlate: InvalidateAllWidgets triggered.  All widgets were invalidated
[2026.09.02-23.36.00:540][  0]LogSlate: InvalidateAllWidgets triggered.  All widgets were invalidated
[2026.09.02-23.36.00:540][  0]LogSlate: InvalidateAllWidgets triggered.  All widgets were invalidated
[2026.09.02-23.36.00:540][  0]LogSlate: InvalidateAllWidgets triggered.  All widgets were invalidated
[2026.09.02-23.36.00:540][  0]LogSlate: InvalidateAllWidgets triggered.  All widgets were invalidated
[2026.09.02-23.36.00:540][  0]LogSlate: InvalidateAllWidgets triggered.  All widgets were invalidated
[2026.09.02-23.36.00:540][  0]LogSlate: InvalidateAllWidgets triggered.  All widgets were invalidated
[2026.09.02-23.36.00:540][  0]LogSlate: InvalidateAllWidgets triggered.  All widgets were invalidated
[2026.09.02-23.36.00:540][  0]LogSlate: InvalidateAllWidgets triggered.  All widgets were invalidated
[2026.09.02-23.36.00:540][  0]LogSlate: InvalidateAllWidgets triggered.  All widgets were invalidated
[2026.09.02-23.36.00:540][  0]LogSlate: InvalidateAllWidgets triggered.  All widgets were invalidated
[2026.09.02-23.36.00:540][  0]LogSlate: InvalidateAllWidgets triggered.  All widgets were invalidated
[2026.09.02-23.36.00:540][  0]LogSlate: InvalidateAllWidgets triggered.  All widgets were invalidated
[2026.09.02-23.36.00:540][  0]LogSlate: InvalidateAllWidgets triggered.  All widgets were invalidated
[2026.09.02-23.36.00:540][  0]LogSlate: InvalidateAllWidgets triggered.  All widgets were invalidated
[2026.09.02-23.36.00:540][  0]LogSlate: InvalidateAllWidgets triggered.  All widgets were invalidated
[2026.09.02-23.36.00:540][  0]LogSlate: InvalidateAllWidgets triggered.  All widgets were invalidated
[2026.09.02-23.36.00:540][  0]LogSlate: InvalidateAllWidgets triggered.  All widgets were invalidated
[2026.09.02-23.36.00:540][  0]LogSlate: InvalidateAllWidgets triggered.  All widgets were invalidated
[2026.09.02-23.36.00:540][  0]LogSlate: InvalidateAllWidgets triggered.  All widgets were invalidated
[2026.09.02-23.36.00:540][  0]LogSlate: InvalidateAllWidgets triggered.  All widgets were invalidated
[2026.09.02-23.36.00:540][  0]LogSlate: InvalidateAllWidgets triggered.  All widgets were invalidated
[2026.09.02-23.36.00:540][  0]LogSlate: InvalidateAllWidgets triggered.  All widgets were invalidated
[2026.09.02-23.36.00:540][  0]LogSlate: InvalidateAllWidgets triggered.  All widgets were invalidated
[2026.09.02-23.36.00:540][  0]LogSlate: InvalidateAllWidgets triggered.  All widgets were invalidated
[2026.09.02-23.36.00:540][  0]LogSlate: InvalidateAllWidgets triggered.  All widgets were invalidated
[2026.09.02-23.36.00:540][  0]LogSlate: InvalidateAllWidgets triggered.  All widgets were invalidated
[2026.09.02-23.36.00:540][  0]LogSlate: InvalidateAllWidgets triggered.  All widgets were invalidated
[2026.09.02-23.36.00:540][  0]LogSlate: InvalidateAllWidgets triggered.  All widgets were invalidated
[2026.09.02-23.36.00:540][  0]LogSlate: InvalidateAllWidgets triggered.  All widgets were invalidated
[2026.09.02-23.36.00:540][  0]LogSlate: InvalidateAllWidgets triggered.  All widgets were invalidated
[2026.09.02-23.36.00:540][  0]LogSlate: InvalidateAllWidgets triggered.  All widgets were invalidated
[2026.09.02-23.36.00:540][  0]LogSlate: InvalidateAllWidgets triggered.  All widgets were invalidated
[2026.09.02-23.36.00:540][  0]LogSlate: InvalidateAllWidgets triggered.  All widgets were invalidated
[2026.09.02-23.36.00:540][  0]LogSlate: InvalidateAllWidgets triggered.  All widgets were invalidated
[2026.09.02-23.36.00:540][  0]LogSlate: InvalidateAllWidgets triggered.  All widgets were invalidated
[2026.09.02-23.36.00:540][  0]LogSlate: InvalidateAllWidgets triggered.  All widgets were invalidated
[2026.09.02-23.36.00:540][  0]LogSlate: InvalidateAllWidgets triggered.  All widgets were invalidated
[2026.09.02-23.36.00:540][  0]LogSlate: InvalidateAllWidgets triggered.  All widgets were invalidated
[2026.09.02-23.36.00:540][  0]LogSlate: InvalidateAllWidgets triggered.  All widgets were invalidated
[2026.09.02-23.36.00:540][  0]LogSlate: InvalidateAllWidgets triggered.  All widgets were invalidated
[2026.09.02-23.36.00:540][  0]LogSlate: InvalidateAllWidgets triggered.  All widgets were invalidated
[2026.09.02-23.36.00:540][  0]LogSlate: InvalidateAllWidgets triggered.  All widgets were invalidated
[2026.09.02-23.36.00:540][  0]LogSlate: InvalidateAllWidgets triggered.  All widgets were invalidated
[2026.09.02-23.36.00:540][  0]LogSlate: InvalidateAllWidgets triggered.  All widgets were invalidated
[2026.09.02-23.36.00:540][  0]LogSlate: InvalidateAllWidgets triggered.  All widgets were invalidated
[2026.09.02-23.36.00:540][  0]LogSlate: InvalidateAllWidgets triggered.  All widgets were invalidated
[2026.09.02-23.36.00:540][  0]LogSlate: InvalidateAllWidgets triggered.  All widgets were invalidated
[2026.09.02-23.36.00:540][  0]LogSlate: InvalidateAllWidgets triggered.  All widgets were invalidated
[2026.09.02-23.36.00:540][  0]LogSlate: InvalidateAllWidgets triggered.  All widgets were invalidated
[2026.09.02-23.36.00:540][  0]LogSlate: InvalidateAllWidgets triggered.  All widgets were invalidated
[2026.09.02-23.36.00:540][  0]LogSlate: InvalidateAllWidgets triggered.  All widgets were invalidated
[2026.09.02-23.36.00:540][  0]LogSlate: InvalidateAllWidgets triggered.  All widgets were invalidated
[2026.09.02-23.36.00:540][  0]LogSlate: InvalidateAllWidgets triggered.  All widgets were invalidated
[2026.09.02-23.36.00:540][  0]LogSlate: InvalidateAllWidgets triggered.  All widgets were invalidated
[2026.09.02-23.36.00:540][  0]LogSlate: InvalidateAllWidgets triggered.  All widgets were invalidated
[2026.09.02-23.36.00:540][  0]LogSlate: InvalidateAllWidgets triggered.  All widgets were invalidated
[2026.09.02-23.36.00:540][  0]LogSlate: InvalidateAllWidgets triggered.  All widgets were invalidated
[2026.09.02-23.36.00:540][  0]LogSlate: InvalidateAllWidgets triggered.  All widgets were invalidated
[2026.09.02-23.36.00:540][  0]LogSlate: InvalidateAllWidgets triggered.  All widgets were invalidated
[2026.09.02-23.36.00:540][  0]LogSlate: InvalidateAllWidgets triggered.  All widgets were invalidated
[2026.09.02-23.36.00:540][  0]LogSlate: InvalidateAllWidgets triggered.  All widgets were invalidated
[2026.09.02-23.36.00:540][  0]LogSlate: InvalidateAllWidgets triggered.  All widgets were invalidated
[2026.09.02-23.36.00:540][  0]LogSlate: InvalidateAllWidgets triggered.  All widgets were invalidated
[2026.09.02-23.36.00:540][  0]LogSlate: InvalidateAllWidgets triggered.  All widgets were invalidated
[2026.09.02-23.36.00:540][  0]LogSlate: InvalidateAllWidgets triggered.  All widgets were invalidated
[2026.09.02-23.36.00:540][  0]LogSlate: InvalidateAllWidgets triggered.  All widgets were invalidated
[2026.09.02-23.36.00:540][  0]LogSlate: InvalidateAllWidgets triggered.  All widgets were invalidated
[2026.09.02-23.36.00:540][  0]LogSlate: InvalidateAllWidgets triggered.  All widgets were invalidated
[2026.09.02-23.36.00:540][  0]LogSlate: InvalidateAllWidgets triggered.  All widgets were invalidated
[2026.09.02-23.36.00:540][  0]LogSlate: InvalidateAllWidgets triggered.  All widgets were invalidated
[2026.09.02-23.36.00:540][  0]LogSlate: InvalidateAllWidgets triggered.  All widgets were invalidated
[2026.09.02-23.36.00:540][  0]LogSlate: InvalidateAllWidgets triggered.  All widgets were invalidated
[2026.09.02-23.36.00:540][  0]LogSlate: InvalidateAllWidgets triggered.  All widgets were invalidated
[2026.09.02-23.36.00:540][  0]LogSlate: InvalidateAllWidgets triggered.  All widgets were invalidated
[2026.09.02-23.36.00:540][  0]LogSlate: InvalidateAllWidgets triggered.  All widgets were invalidated
[2026.09.02-23.36.00:540][  0]LogSlate: InvalidateAllWidgets triggered.  All widgets were invalidated
[2026.09.02-23.36.00:540][  0]LogSlate: InvalidateAllWidgets triggered.  All widgets were invalidated
[2026.09.02-23.36.00:540][  0]LogSlate: InvalidateAllWidgets triggered.  All widgets were invalidated
[2026.09.02-23.36.00:540][  0]LogSlate: InvalidateAllWidgets triggered.  All widgets were invalidated
[2026.09.02-23.36.00:540][  0]LogSlate: InvalidateAllWidgets triggered.  All widgets were invalidated
[2026.09.02-23.36.00:540][  0]LogSlate: InvalidateAllWidgets triggered.  All widgets were invalidated
[2026.09.02-23.36.00:540][  0]LogSlate: InvalidateAllWidgets triggered.  All widgets were invalidated
[2026.09.02-23.36.00:540][  0]LogSlate: InvalidateAllWidgets triggered.  All widgets were invalidated
[2026.09.02-23.36.00:540][  0]LogSlate: InvalidateAllWidgets triggered.  All widgets were invalidated
[2026.09.02-23.36.00:540][  0]LogSlate: InvalidateAllWidgets triggered.  All widgets were invalidated
[2026.09.02-23.36.00:540][  0]LogSlate: InvalidateAllWidgets triggered.  All widgets were invalidated
[2026.09.02-23.36.00:540][  0]LogSlate: InvalidateAllWidgets triggered.  All widgets were invalidated
[2026.09.02-23.36.00:540][  0]LogSlate: InvalidateAllWidgets triggered.  All widgets were invalidated
[2026.09.02-23.36.00:540][  0]LogSlate: InvalidateAllWidgets triggered.  All widgets were invalidated
[2026.09.02-23.36.00:540][  0]LogSlate: InvalidateAllWidgets triggered.  All widgets were invalidated
[2026.09.02-23.36.00:540][  0]LogSlate: InvalidateAllWidgets triggered.  All widgets were invalidated
[2026.09.02-23.36.00:540][  0]LogSlate: InvalidateAllWidgets triggered.  All widgets were invalidated
[2026.09.02-23.36.00:540][  0]LogSlate: InvalidateAllWidgets triggered.  All widgets were invalidated
[2026.09.02-23.36.00:540][  0]LogSlate: InvalidateAllWidgets triggered.  All widgets were invalidated
[2026.09.02-23.36.00:540][  0]LogSlate: InvalidateAllWidgets triggered.  All widgets were invalidated
[2026.09.02-23.36.00:540][  0]LogSlate: InvalidateAllWidgets triggered.  All widgets were invalidated
[2026.09.02-23.36.00:540][  0]LogSlate: InvalidateAllWidgets triggered.  All widgets were invalidated
[2026.09.02-23.36.00:540][  0]LogSlate: InvalidateAllWidgets triggered.  All widgets were invalidated
[2026.09.02-23.36.00:540][  0]LogSlate: InvalidateAllWidgets triggered.  All widgets were invalidated
[2026.09.02-23.36.00:540][  0]LogSlate: InvalidateAllWidgets triggered.  All widgets were invalidated
[2026.09.02-23.36.00:540][  0]LogSlate: InvalidateAllWidgets triggered.  All widgets were invalidated
[2026.09.02-23.36.00:540][  0]LogSlate: InvalidateAllWidgets triggered.  All widgets were invalidated
[2026.09.02-23.36.00:540][  0]LogSlate: InvalidateAllWidgets triggered.  All widgets were invalidated
[2026.09.02-23.36.00:540][  0]LogSlate: InvalidateAllWidgets triggered.  All widgets were invalidated
[2026.09.02-23.36.00:540][  0]LogSlate: InvalidateAllWidgets triggered.  All widgets were invalidated
[2026.09.02-23.36.00:540][  0]LogSlate: InvalidateAllWidgets triggered.  All widgets were invalidated
[2026.09.02-23.36.00:540][  0]LogSlate: InvalidateAllWidgets triggered.  All widgets were invalidated
[2026.09.02-23.36.00:540][  0]LogSlate: InvalidateAllWidgets triggered.  All widgets were invalidated
[2026.09.02-23.36.00:540][  0]LogSlate: InvalidateAllWidgets triggered.  All widgets were invalidated
[2026.09.02-23.36.00:540][  0]LogSlate: InvalidateAllWidgets triggered.  All widgets were invalidated
[2026.09.02-23.36.00:540][  0]LogSlate: InvalidateAllWidgets triggered.  All widgets were invalidated
[2026.09.02-23.36.00:540][  0]LogSlate: InvalidateAllWidgets triggered.  All widgets were invalidated
[2026.09.02-23.36.00:540][  0]LogSlate: InvalidateAllWidgets triggered.  All widgets were invalidated
[2026.09.02-23.36.00:540][  0]LogSlate: InvalidateAllWidgets triggered.  All widgets were invalidated
[2026.09.02-23.36.00:540][  0]LogSlate: InvalidateAllWidgets triggered.  All widgets were invalidated
[2026.09.02-23.36.00:540][  0]LogSlate: InvalidateAllWidgets triggered.  All widgets were invalidated
[2026.09.02-23.36.00:540][  0]LogSlate: InvalidateAllWidgets triggered.  All widgets were invalidated
[2026.09.02-23.36.00:540][  0]LogSlate: InvalidateAllWidgets triggered.  All widgets were invalidated
[2026.09.02-23.36.00:540][  0]LogSlate: InvalidateAllWidgets triggered.  All widgets were invalidated
[2026.09.02-23.36.00:540][  0]LogSlate: InvalidateAllWidgets triggered.  All widgets were invalidated
[2026.09.02-23.36.00:541][  0]LogSlate: InvalidateAllWidgets triggered.  All widgets were invalidated
[2026.09.02-23.36.00:541][  0]LogSlate: InvalidateAllWidgets triggered.  All widgets were invalidated
[2026.09.02-23.36.00:541][  0]LogSlate: InvalidateAllWidgets triggered.  All widgets were invalidated
[2026.09.02-23.36.00:541][  0]LogSlate: InvalidateAllWidgets triggered.  All widgets were invalidated
[2026.09.02-23.36.00:541][  0]LogSlate: InvalidateAllWidgets triggered.  All widgets were invalidated
[2026.09.02-23.36.00:541][  0]LogSlate: InvalidateAllWidgets triggered.  All widgets were invalidated
[2026.09.02-23.36.00:541][  0]LogSlate: InvalidateAllWidgets triggered.  All widgets were invalidated
[2026.09.02-23.36.00:541][  0]LogSlate: InvalidateAllWidgets triggered.  All widgets were invalidated
[2026.09.02-23.36.00:541][  0]LogSlate: InvalidateAllWidgets triggered.  All widgets were invalidated
[2026.09.02-23.36.00:541][  0]LogSlate: InvalidateAllWidgets triggered.  All widgets were invalidated
[2026.09.02-23.36.00:541][  0]LogSlate: InvalidateAllWidgets triggered.  All widgets were invalidated
[2026.09.02-23.36.00:541][  0]LogSlate: InvalidateAllWidgets triggered.  All widgets were invalidated
[2026.09.02-23.36.00:541][  0]LogSlate: InvalidateAllWidgets triggered.  All widgets were invalidated
[2026.09.02-23.36.00:541][  0]LogSlate: InvalidateAllWidgets triggered.  All widgets were invalidated
[2026.09.02-23.36.00:541][  0]LogSlate: InvalidateAllWidgets triggered.  All widgets were invalidated
[2026.09.02-23.36.00:541][  0]LogSlate: InvalidateAllWidgets triggered.  All widgets were invalidated
[2026.09.02-23.36.00:541][  0]LogSlate: InvalidateAllWidgets triggered.  All widgets were invalidated
[2026.09.02-23.36.00:541][  0]LogSlate: InvalidateAllWidgets triggered.  All widgets were invalidated
[2026.09.02-23.36.00:541][  0]LogSlate: InvalidateAllWidgets triggered.  All widgets were invalidated
[2026.09.02-23.36.00:541][  0]LogSlate: InvalidateAllWidgets triggered.  All widgets were invalidated
[2026.09.02-23.36.00:541][  0]LogSlate: InvalidateAllWidgets triggered.  All widgets were invalidated
[2026.09.02-23.36.00:541][  0]LogSlate: InvalidateAllWidgets triggered.  All widgets were invalidated
[2026.09.02-23.36.00:541][  0]LogSlate: InvalidateAllWidgets triggered.  All widgets were invalidated
[2026.09.02-23.36.00:541][  0]LogSlate: InvalidateAllWidgets triggered.  All widgets were invalidated
[2026.09.02-23.36.00:541][  1]LogSlate: InvalidateAllWidgets triggered.  All widgets were invalidated
[2026.09.02-23.36.00:541][  1]LogSlate: InvalidateAllWidgets triggered.  All widgets were invalidated
[2026.09.02-23.36.00:541][  1]LogSlate: InvalidateAllWidgets triggered.  All widgets were invalidated
[2026.09.02-23.36.00:541][  1]LogSlate: InvalidateAllWidgets triggered.  All widgets were invalidated
[2026.09.02-23.36.00:541][  1]LogSlate: InvalidateAllWidgets triggered.  All widgets were invalidated
[2026.09.02-23.36.00:541][  1]LogSlate: InvalidateAllWidgets triggered.  All widgets were invalidated
[2026.09.02-23.36.00:541][  1]LogSlate: InvalidateAllWidgets triggered.  All widgets were invalidated
[2026.09.02-23.36.00:541][  1]LogSlate: InvalidateAllWidgets triggered.  All widgets were invalidated
[2026.09.02-23.36.00:541][  1]LogSlate: InvalidateAllWidgets triggered.  All widgets were invalidated
[2026.09.02-23.36.00:541][  1]LogSlate: InvalidateAllWidgets triggered.  All widgets were invalidated
[2026.09.02-23.36.00:541][  1]LogSlate: InvalidateAllWidgets triggered.  All widgets were invalidated
[2026.09.02-23.36.00:541][  1]LogSlate: InvalidateAllWidgets triggered.  All widgets were invalidated
[2026.09.02-23.36.00:541][  1]LogSlate: InvalidateAllWidgets triggered.  All widgets were invalidated
[2026.09.02-23.36.00:541][  1]LogSlate: InvalidateAllWidgets triggered.  All widgets were invalidated
[2026.09.02-23.36.00:541][  1]LogSlate: InvalidateAllWidgets triggered.  All widgets were invalidated
[2026.09.02-23.36.00:541][  1]LogSlate: InvalidateAllWidgets triggered.  All widgets were invalidated
[2026.09.02-23.36.00:541][  1]LogSlate: InvalidateAllWidgets triggered.  All widgets were invalidated
[2026.09.02-23.36.00:541][  1]LogSlate: InvalidateAllWidgets triggered.  All widgets were invalidated
[2026.09.02-23.36.00:541][  1]LogSlate: InvalidateAllWidgets triggered.  All widgets were invalidated
[2026.09.02-23.36.00:541][  1]LogSlate: InvalidateAllWidgets triggered.  All widgets were invalidated
[2026.09.02-23.36.00:541][  1]LogSlate: InvalidateAllWidgets triggered.  All widgets were invalidated
[2026.09.02-23.36.00:541][  1]LogSlate: InvalidateAllWidgets triggered.  All widgets were invalidated
[2026.09.02-23.36.00:541][  1]LogSlate: InvalidateAllWidgets triggered.  All widgets were invalidated
[2026.09.02-23.36.00:541][  1]LogSlate: InvalidateAllWidgets triggered.  All widgets were invalidated
[2026.09.02-23.36.00:541][  1]LogSlate: InvalidateAllWidgets triggered.  All widgets were invalidated
[2026.09.02-23.36.00:541][  1]LogSlate: InvalidateAllWidgets triggered.  All widgets were invalidated
[2026.09.02-23.36.00:541][  1]LogSlate: InvalidateAllWidgets triggered.  All widgets were invalidated
[2026.09.02-23.36.00:541][  1]LogSlate: InvalidateAllWidgets triggered.  All widgets were invalidated
[2026.09.02-23.36.00:541][  1]LogSlate: InvalidateAllWidgets triggered.  All widgets were invalidated
[2026.09.02-23.36.00:541][  1]LogSlate: InvalidateAllWidgets triggered.  All widgets were invalidated
[2026.09.02-23.36.00:541][  1]LogSlate: InvalidateAllWidgets triggered.  All widgets were invalidated
[2026.09.02-23.36.00:541][  1]LogSlate: InvalidateAllWidgets triggered.  All widgets were invalidated
[2026.09.02-23.36.00:541][  1]LogSlate: InvalidateAllWidgets triggered.  All widgets were invalidated
[2026.09.02-23.36.00:541][  1]LogSlate: InvalidateAllWidgets triggered.  All widgets were invalidated
[2026.09.02-23.36.00:541][  1]LogSlate: InvalidateAllWidgets triggered.  All widgets were invalidated
[2026.09.02-23.36.00:541][  1]LogSlate: InvalidateAllWidgets triggered.  All widgets were invalidated
[2026.09.02-23.36.00:541][  1]LogSlate: InvalidateAllWidgets triggered.  All widgets were invalidated
[2026.09.02-23.36.00:541][  1]LogSlate: InvalidateAllWidgets triggered.  All widgets were invalidated
[2026.09.02-23.36.00:541][  1]LogSlate: InvalidateAllWidgets triggered.  All widgets were invalidated
[2026.09.02-23.36.00:541][  1]LogSlate: InvalidateAllWidgets triggered.  All widgets were invalidated
[2026.09.02-23.36.00:541][  1]LogSlate: InvalidateAllWidgets triggered.  All widgets were invalidated
[2026.09.02-23.36.00:541][  1]LogSlate: InvalidateAllWidgets triggered.  All widgets were invalidated
[2026.09.02-23.36.00:541][  1]LogSlate: InvalidateAllWidgets triggered.  All widgets were invalidated
[2026.09.02-23.36.00:541][  1]LogSlate: InvalidateAllWidgets triggered.  All widgets were invalidated
[2026.09.02-23.36.00:541][  1]LogSlate: InvalidateAllWidgets triggered.  All widgets were invalidated
[2026.09.02-23.36.00:541][  1]LogSlate: InvalidateAllWidgets triggered.  All widgets were invalidated
[2026.09.02-23.36.00:541][  1]LogSlate: InvalidateAllWidgets triggered.  All widgets were invalidated
[2026.09.02-23.36.00:541][  1]LogSlate: InvalidateAllWidgets triggered.  All widgets were invalidated
[2026.09.02-23.36.00:541][  1]LogSlate: InvalidateAllWidgets triggered.  All widgets were invalidated
[2026.09.02-23.36.00:541][  1]LogSlate: InvalidateAllWidgets triggered.  All widgets were invalidated
[2026.09.02-23.36.00:541][  1]LogSlate: InvalidateAllWidgets triggered.  All widgets were invalidated
[2026.09.02-23.36.00:541][  1]LogSlate: InvalidateAllWidgets triggered.  All widgets were invalidated
[2026.09.02-23.36.00:541][  1]LogSlate: InvalidateAllWidgets triggered.  All widgets were invalidated
[2026.09.02-23.36.00:541][  1]LogSlate: InvalidateAllWidgets triggered.  All widgets were invalidated
[2026.09.02-23.36.00:541][  1]LogSlate: InvalidateAllWidgets triggered.  All widgets were invalidated
[2026.09.02-23.36.00:541][  1]LogSlate: InvalidateAllWidgets triggered.  All widgets were invalidated
[2026.09.02-23.36.00:541][  1]LogSlate: InvalidateAllWidgets triggered.  All widgets were invalidated
[2026.09.02-23.36.00:541][  1]LogSlate: InvalidateAllWidgets triggered.  All widgets were invalidated
[2026.09.02-23.36.00:541][  1]LogSlate: InvalidateAllWidgets triggered.  All widgets were invalidated
[2026.09.02-23.36.00:541][  1]LogSlate: InvalidateAllWidgets triggered.  All widgets were invalidated
[2026.09.02-23.36.00:541][  1]LogSlate: InvalidateAllWidgets triggered.  All widgets were invalidated
[2026.09.02-23.36.00:541][  1]LogSlate: InvalidateAllWidgets triggered.  All widgets were invalidated
[2026.09.02-23.36.00:541][  1]LogSlate: InvalidateAllWidgets triggered.  All widgets were invalidated
[2026.09.02-23.36.00:541][  1]LogSlate: InvalidateAllWidgets triggered.  All widgets were invalidated
[2026.09.02-23.36.00:541][  1]LogSlate: InvalidateAllWidgets triggered.  All widgets were invalidated
[2026.09.02-23.36.00:541][  1]LogSlate: InvalidateAllWidgets triggered.  All widgets were invalidated
[2026.09.02-23.36.00:541][  1]LogSlate: InvalidateAllWidgets triggered.  All widgets were invalidated
[2026.09.02-23.36.00:541][  1]LogSlate: InvalidateAllWidgets triggered.  All widgets were invalidated
[2026.09.02-23.36.00:541][  1]LogSlate: InvalidateAllWidgets triggered.  All widgets were invalidated
[2026.09.02-23.36.00:541][  1]LogSlate: InvalidateAllWidgets triggered.  All widgets were invalidated
[2026.09.02-23.36.00:541][  1]LogSlate: InvalidateAllWidgets triggered.  All widgets were invalidated
[2026.09.02-23.36.00:541][  1]LogSlate: InvalidateAllWidgets triggered.  All widgets were invalidated
[2026.09.02-23.36.00:541][  1]LogSlate: InvalidateAllWidgets triggered.  All widgets were invalidated
[2026.09.02-23.36.00:541][  1]LogSlate: InvalidateAllWidgets triggered.  All widgets were invalidated
[2026.09.02-23.36.00:541][  1]LogSlate: InvalidateAllWidgets triggered.  All widgets were invalidated
[2026.09.02-23.36.00:541][  1]LogSlate: InvalidateAllWidgets triggered.  All widgets were invalidated
[2026.09.02-23.36.00:541][  1]LogSlate: InvalidateAllWidgets triggered.  All widgets were invalidated
[2026.09.02-23.36.00:541][  1]LogSlate: InvalidateAllWidgets triggered.  All widgets were invalidated
[2026.09.02-23.36.00:541][  1]LogSlate: InvalidateAllWidgets triggered.  All widgets were invalidated
[2026.09.02-23.36.00:541][  1]LogSlate: InvalidateAllWidgets triggered.  All widgets were invalidated
[2026.09.02-23.36.00:541][  1]LogSlate: InvalidateAllWidgets triggered.  All widgets were invalidated
[2026.09.02-23.36.00:541][  1]LogSlate: InvalidateAllWidgets triggered.  All widgets were invalidated
[2026.09.02-23.36.00:541][  1]LogSlate: InvalidateAllWidgets triggered.  All widgets were invalidated
[2026.09.02-23.36.00:541][  1]LogSlate: InvalidateAllWidgets triggered.  All widgets were invalidated
[2026.09.02-23.36.00:541][  1]LogSlate: InvalidateAllWidgets triggered.  All widgets were invalidated
[2026.09.02-23.36.00:541][  1]LogSlate: InvalidateAllWidgets triggered.  All widgets were invalidated
[2026.09.02-23.36.00:541][  1]LogSlate: InvalidateAllWidgets triggered.  All widgets were invalidated
[2026.09.02-23.36.00:541][  1]LogSlate: InvalidateAllWidgets triggered.  All widgets were invalidated
[2026.09.02-23.36.00:541][  1]LogSlate: InvalidateAllWidgets triggered.  All widgets were invalidated
[2026.09.02-23.36.00:541][  1]LogSlate: InvalidateAllWidgets triggered.  All widgets were invalidated
[2026.09.02-23.36.00:541][  1]LogSlate: InvalidateAllWidgets triggered.  All widgets were invalidated
[2026.09.02-23.36.00:541][  1]LogSlate: InvalidateAllWidgets triggered.  All widgets were invalidated
[2026.09.02-23.36.00:541][  1]LogSlate: InvalidateAllWidgets triggered.  All widgets were invalidated
[2026.09.02-23.36.00:541][  1]LogSlate: InvalidateAllWidgets triggered.  All widgets were invalidated
[2026.09.02-23.36.00:541][  1]LogSlate: InvalidateAllWidgets triggered.  All widgets were invalidated
[2026.09.02-23.36.00:541][  1]LogSlate: InvalidateAllWidgets triggered.  All widgets were invalidated
[2026.09.02-23.36.00:541][  1]LogSlate: InvalidateAllWidgets triggered.  All widgets were invalidated
[2026.09.02-23.36.00:541][  1]LogSlate: InvalidateAllWidgets triggered.  All widgets were invalidated
[2026.09.02-23.36.00:541][  1]LogSlate: InvalidateAllWidgets triggered.  All widgets were invalidated
[2026.09.02-23.36.00:541][  1]LogSlate: InvalidateAllWidgets triggered.  All widgets were invalidated
[2026.09.02-23.36.00:541][  1]LogSlate: InvalidateAllWidgets triggered.  All widgets were invalidated
[2026.09.02-23.36.00:541][  1]LogSlate: InvalidateAllWidgets triggered.  All widgets were invalidated
[2026.09.02-23.36.00:541][  1]LogSlate: InvalidateAllWidgets triggered.  All widgets were invalidated
[2026.09.02-23.36.00:541][  1]LogSlate: InvalidateAllWidgets triggered.  All widgets were invalidated
[2026.09.02-23.36.00:541][  1]LogSlate: InvalidateAllWidgets triggered.  All widgets were invalidated
[2026.09.02-23.36.00:541][  1]LogSlate: InvalidateAllWidgets triggered.  All widgets were invalidated
[2026.09.02-23.36.00:541][  1]LogSlate: InvalidateAllWidgets triggered.  All widgets were invalidated
[2026.09.02-23.36.00:541][  1]LogSlate: InvalidateAllWidgets triggered.  All widgets were invalidated
[2026.09.02-23.36.00:541][  1]LogSlate: InvalidateAllWidgets triggered.  All widgets were invalidated
[2026.09.02-23.36.00:541][  1]LogSlate: InvalidateAllWidgets triggered.  All widgets were invalidated
[2026.09.02-23.36.00:541][  1]LogSlate: InvalidateAllWidgets triggered.  All widgets were invalidated
[2026.09.02-23.36.00:541][  1]LogSlate: InvalidateAllWidgets triggered.  All widgets were invalidated
[2026.09.02-23.36.00:541][  1]LogSlate: InvalidateAllWidgets triggered.  All widgets were invalidated
[2026.09.02-23.36.00:541][  1]LogSlate: InvalidateAllWidgets triggered.  All widgets were invalidated
[2026.09.02-23.36.00:541][  1]LogSlate: InvalidateAllWidgets triggered.  All widgets were invalidated
[2026.09.02-23.36.00:541][  1]LogSlate: InvalidateAllWidgets triggered.  All widgets were invalidated
[2026.09.02-23.36.00:541][  1]LogSlate: InvalidateAllWidgets triggered.  All widgets were invalidated
[2026.09.02-23.36.00:541][  1]LogSlate: InvalidateAllWidgets triggered.  All widgets were invalidated
[2026.09.02-23.36.00:541][  1]LogSlate: InvalidateAllWidgets triggered.  All widgets were invalidated
[2026.09.02-23.36.00:541][  1]LogSlate: InvalidateAllWidgets triggered.  All widgets were invalidated
[2026.09.02-23.36.00:541][  1]LogSlate: InvalidateAllWidgets triggered.  All widgets were invalidated
[2026.09.02-23.36.00:541][  1]LogSlate: InvalidateAllWidgets triggered.  All widgets were invalidated
[2026.09.02-23.36.00:541][  1]LogSlate: InvalidateAllWidgets triggered.  All widgets were invalidated
[2026.09.02-23.36.00:541][  1]LogSlate: InvalidateAllWidgets triggered.  All widgets were invalidated
[2026.09.02-23.36.00:541][  1]LogSlate: InvalidateAllWidgets triggered.  All widgets were invalidated
[2026.09.02-23.36.00:541][  1]LogSlate: InvalidateAllWidgets triggered.  All widgets were invalidated
[2026.09.02-23.36.00:541][  1]LogSlate: InvalidateAllWidgets triggered.  All widgets were invalidated
[2026.09.02-23.36.00:541][  1]LogSlate: InvalidateAllWidgets triggered.  All widgets were invalidated
[2026.09.02-23.36.00:541][  1]LogSlate: InvalidateAllWidgets triggered.  All widgets were invalidated
[2026.09.02-23.36.00:541][  1]LogSlate: InvalidateAllWidgets triggered.  All widgets were invalidated
[2026.09.02-23.36.00:541][  1]LogSlate: InvalidateAllWidgets triggered.  All widgets were invalidated
[2026.09.02-23.36.00:541][  1]LogSlate: InvalidateAllWidgets triggered.  All widgets were invalidated
[2026.09.02-23.36.00:541][  1]LogSlate: InvalidateAllWidgets triggered.  All widgets were invalidated
[2026.09.02-23.36.00:541][  1]LogSlate: InvalidateAllWidgets triggered.  All widgets were invalidated
[2026.09.02-23.36.00:541][  1]LogSlate: InvalidateAllWidgets triggered.  All widgets were invalidated
[2026.09.02-23.36.00:541][  1]LogSlate: InvalidateAllWidgets triggered.  All widgets were invalidated
[2026.09.02-23.36.00:541][  1]LogSlate: InvalidateAllWidgets triggered.  All widgets were invalidated
[2026.09.02-23.36.00:541][  1]LogSlate: InvalidateAllWidgets triggered.  All widgets were invalidated
[2026.09.02-23.36.00:541][  1]LogSlate: InvalidateAllWidgets triggered.  All widgets were invalidated
[2026.09.02-23.36.00:541][  1]LogSlate: InvalidateAllWidgets triggered.  All widgets were invalidated
[2026.09.02-23.36.00:541][  1]LogSlate: InvalidateAllWidgets triggered.  All widgets were invalidated
[2026.09.02-23.36.00:541][  1]LogSlate: InvalidateAllWidgets triggered.  All widgets were invalidated
[2026.09.02-23.36.00:541][  1]LogSlate: InvalidateAllWidgets triggered.  All widgets were invalidated
[2026.09.02-23.36.00:541][  1]LogSlate: InvalidateAllWidgets triggered.  All widgets were invalidated
[2026.09.02-23.36.00:541][  1]LogSlate: InvalidateAllWidgets triggered.  All widgets were invalidated
[2026.09.02-23.36.00:541][  1]LogSlate: InvalidateAllWidgets triggered.  All widgets were invalidated
[2026.09.02-23.36.00:541][  1]LogSlate: InvalidateAllWidgets triggered.  All widgets were invalidated
[2026.09.02-23.36.00:541][  1]LogSlate: InvalidateAllWidgets triggered.  All widgets were invalidated
[2026.09.02-23.36.00:541][  1]LogSlate: InvalidateAllWidgets triggered.  All widgets were invalidated
[2026.09.02-23.36.00:541][  1]LogSlate: InvalidateAllWidgets triggered.  All widgets were invalidated
[2026.09.02-23.36.00:541][  1]LogSlate: InvalidateAllWidgets triggered.  All widgets were invalidated
[2026.09.02-23.36.00:541][  1]LogSlate: InvalidateAllWidgets triggered.  All widgets were invalidated
[2026.09.02-23.36.00:541][  1]LogSlate: InvalidateAllWidgets triggered.  All widgets were invalidated
[2026.09.02-23.36.00:541][  1]LogSlate: InvalidateAllWidgets triggered.  All widgets were invalidated
[2026.09.02-23.36.00:541][  1]LogSlate: InvalidateAllWidgets triggered.  All widgets were invalidated
[2026.09.02-23.36.00:541][  1]LogSlate: InvalidateAllWidgets triggered.  All widgets were invalidated
[2026.09.02-23.36.00:541][  1]LogSlate: InvalidateAllWidgets triggered.  All widgets were invalidated
[2026.09.02-23.36.00:541][  1]LogSlate: InvalidateAllWidgets triggered.  All widgets were invalidated
[2026.09.02-23.36.00:541][  1]LogSlate: InvalidateAllWidgets triggered.  All widgets were invalidated
[2026.09.02-23.36.00:541][  1]LogSlate: InvalidateAllWidgets triggered.  All widgets were invalidated
[2026.09.02-23.36.00:541][  1]LogSlate: InvalidateAllWidgets triggered.  All widgets were invalidated
[2026.09.02-23.36.00:541][  1]LogSlate: InvalidateAllWidgets triggered.  All widgets were invalidated
[2026.09.02-23.36.00:541][  1]LogSlate: InvalidateAllWidgets triggered.  All widgets were invalidated
[2026.09.02-23.36.00:541][  1]LogSlate: InvalidateAllWidgets triggered.  All widgets were invalidated
[2026.09.02-23.36.00:541][  1]LogSlate: InvalidateAllWidgets triggered.  All widgets were invalidated
[2026.09.02-23.36.00:541][  1]LogSlate: InvalidateAllWidgets triggered.  All widgets were invalidated
[2026.09.02-23.36.00:541][  1]LogSlate: InvalidateAllWidgets triggered.  All widgets were invalidated
[2026.09.02-23.36.00:541][  1]LogSlate: InvalidateAllWidgets triggered.  All widgets were invalidated
[2026.09.02-23.36.00:541][  1]LogSlate: InvalidateAllWidgets triggered.  All widgets were invalidated
[2026.09.02-23.36.00:541][  1]LogSlate: InvalidateAllWidgets triggered.  All widgets were invalidated
[2026.09.02-23.36.00:541][  1]LogSlate: InvalidateAllWidgets triggered.  All widgets were invalidated
[2026.09.02-23.36.00:541][  1]LogSlate: InvalidateAllWidgets triggered.  All widgets were invalidated
[2026.09.02-23.36.00:542][  1]LogSlate: InvalidateAllWidgets triggered.  All widgets were invalidated
[2026.09.02-23.36.00:542][  1]LogSlate: InvalidateAllWidgets triggered.  All widgets were invalidated
[2026.09.02-23.36.00:542][  1]LogSlate: InvalidateAllWidgets triggered.  All widgets were invalidated
[2026.09.02-23.36.00:542][  1]LogSlate: InvalidateAllWidgets triggered.  All widgets were invalidated
[2026.09.02-23.36.00:542][  1]LogSlate: InvalidateAllWidgets triggered.  All widgets were invalidated
[2026.09.02-23.36.00:542][  1]LogSlate: InvalidateAllWidgets triggered.  All widgets were invalidated
[2026.09.02-23.36.00:542][  1]LogSlate: InvalidateAllWidgets triggered.  All widgets were invalidated
[2026.09.02-23.36.00:542][  1]LogSlate: InvalidateAllWidgets triggered.  All widgets were invalidated
[2026.09.02-23.36.00:542][  1]LogSlate: InvalidateAllWidgets triggered.  All widgets were invalidated
[2026.09.02-23.36.00:542][  1]LogSlate: InvalidateAllWidgets triggered.  All widgets were invalidated
[2026.09.02-23.36.00:542][  1]LogSlate: InvalidateAllWidgets triggered.  All widgets were invalidated
[2026.09.02-23.36.00:542][  1]LogSlate: InvalidateAllWidgets triggered.  All widgets were invalidated
[2026.09.02-23.36.00:542][  1]LogSlate: InvalidateAllWidgets triggered.  All widgets were invalidated
[2026.09.02-23.36.00:542][  1]LogSlate: InvalidateAllWidgets triggered.  All widgets were invalidated
[2026.09.02-23.36.00:542][  1]LogSlate: InvalidateAllWidgets triggered.  All widgets were invalidated
[2026.09.02-23.36.00:542][  1]LogSlate: InvalidateAllWidgets triggered.  All widgets were invalidated
[2026.09.02-23.36.00:542][  1]LogSlate: InvalidateAllWidgets triggered.  All widgets were invalidated
[2026.09.02-23.36.00:542][  1]LogSlate: InvalidateAllWidgets triggered.  All widgets were invalidated
[2026.09.02-23.36.00:542][  1]LogSlate: InvalidateAllWidgets triggered.  All widgets were invalidated
[2026.09.02-23.36.00:542][  1]LogSlate: InvalidateAllWidgets triggered.  All widgets were invalidated
[2026.09.02-23.36.00:542][  1]LogSlate: InvalidateAllWidgets triggered.  All widgets were invalidated
[2026.09.02-23.36.00:542][  1]LogSlate: InvalidateAllWidgets triggered.  All widgets were invalidated
[2026.09.02-23.36.00:542][  1]LogSlate: InvalidateAllWidgets triggered.  All widgets were invalidated
[2026.09.02-23.36.00:542][  1]LogSlate: InvalidateAllWidgets triggered.  All widgets were invalidated
[2026.09.02-23.36.00:542][  1]LogSlate: InvalidateAllWidgets triggered.  All widgets were invalidated
[2026.09.02-23.36.00:542][  1]LogSlate: InvalidateAllWidgets triggered.  All widgets were invalidated
[2026.09.02-23.36.00:542][  1]LogSlate: InvalidateAllWidgets triggered.  All widgets were invalidated
[2026.09.02-23.36.00:542][  1]LogSlate: InvalidateAllWidgets triggered.  All widgets were invalidated
[2026.09.02-23.36.00:542][  1]LogSlate: InvalidateAllWidgets triggered.  All widgets were invalidated
[2026.09.02-23.36.00:542][  1]LogSlate: InvalidateAllWidgets triggered.  All widgets were invalidated
[2026.09.02-23.36.00:542][  1]LogSlate: InvalidateAllWidgets triggered.  All widgets were invalidated
[2026.09.02-23.36.00:542][  1]LogSlate: InvalidateAllWidgets triggered.  All widgets were invalidated
[2026.09.02-23.36.00:542][  1]LogSlate: InvalidateAllWidgets triggered.  All widgets were invalidated
[2026.09.02-23.36.00:542][  1]LogSlate: InvalidateAllWidgets triggered.  All widgets were invalidated
[2026.09.02-23.36.00:542][  1]LogSlate: InvalidateAllWidgets triggered.  All widgets were invalidated
[2026.09.02-23.36.00:542][  1]LogSlate: InvalidateAllWidgets triggered.  All widgets were invalidated
[2026.09.02-23.36.00:542][  1]LogSlate: InvalidateAllWidgets triggered.  All widgets were invalidated
[2026.09.02-23.36.00:542][  1]LogSlate: InvalidateAllWidgets triggered.  All widgets were invalidated
[2026.09.02-23.36.00:542][  1]LogSlate: InvalidateAllWidgets triggered.  All widgets were invalidated
[2026.09.02-23.36.00:542][  1]LogSlate: InvalidateAllWidgets triggered.  All widgets were invalidated
[2026.09.02-23.36.00:542][  1]LogSlate: InvalidateAllWidgets triggered.  All widgets were invalidated
[2026.09.02-23.36.00:542][  1]LogSlate: InvalidateAllWidgets triggered.  All widgets were invalidated
[2026.09.02-23.36.00:542][  1]LogSlate: InvalidateAllWidgets triggered.  All widgets were invalidated
[2026.09.02-23.36.00:542][  1]LogSlate: InvalidateAllWidgets triggered.  All widgets were invalidated
[2026.09.02-23.36.00:542][  1]LogSlate: InvalidateAllWidgets triggered.  All widgets were invalidated
[2026.09.02-23.36.00:542][  1]LogSlate: InvalidateAllWidgets triggered.  All widgets were invalidated
[2026.09.02-23.36.00:544][  1]LogNiagara: Found 0 Niagara systems with PoolPrimeSize > 0
[2026.09.02-23.36.00:544][  1]LogNiagara: Primed 0 additional Niagara systems from Asset Registry
[2026.09.02-23.36.00:574][  1]LogRenderTargetPool: Warning: r.RenderTargetPoolMin exceeded 790/400 MB (ok in editor, bad on fixed memory platform)
[2026.09.02-23.36.00:577][  2]LogSlate: InvalidateAllWidgets triggered.  All widgets were invalidated
[2026.09.02-23.36.00:603][  2]LogDLSSNGX: [Core]: [2026-09-02 16:36:00] [NVSDK_NGX_CreateFeature_Validate:730] app id is 241534722
[2026.09.02-23.36.00:603][  2]LogDLSSNGX: [DLSS]: [2026-09-02 16:36:00] [tid:52376][NgxDltss::FillCreationParams::<lambda_0b227f1acf17fe82b0148f75d839db28>::operator ():2908] Info: (DLAA) Using App hint Preset K
[2026.09.02-23.36.00:603][  2]LogDLSSNGX: [DLSS]: [2026-09-02 16:36:00] [tid:52376][NgxDltss::FillCreationParams::<lambda_0b227f1acf17fe82b0148f75d839db28>::operator ():2908] Info: (Quality) Using App hint Preset K
[2026.09.02-23.36.00:603][  2]LogDLSSNGX: [DLSS]: [2026-09-02 16:36:00] [tid:52376][NgxDltss::FillCreationParams::<lambda_0b227f1acf17fe82b0148f75d839db28>::operator ():2908] Info: (Balanced) Using App hint Preset K
[2026.09.02-23.36.00:603][  2]LogDLSSNGX: [DLSS]: [2026-09-02 16:36:00] [tid:52376][NgxDltss::FillCreationParams::<lambda_0b227f1acf17fe82b0148f75d839db28>::operator ():2908] Info: (Perf) Using App hint Preset K
[2026.09.02-23.36.00:603][  2]LogDLSSNGX: [DLSS]: [2026-09-02 16:36:00] [tid:52376][NgxDltss::FillCreationParams::<lambda_0b227f1acf17fe82b0148f75d839db28>::operator ():2908] Info: (Ultra) Using App hint Preset K
[2026.09.02-23.36.00:603][  2]LogDLSSNGX: [DLSS]: [2026-09-02 16:36:00] [tid:52376][NgxDltss::FillCreationParams::<lambda_0b227f1acf17fe82b0148f75d839db28>::operator ():2908] Info: (UltraQuality) Using App hint Preset K
[2026.09.02-23.36.00:612][  2]LogDLSSNGX: [DLSS]: [2026-09-02 16:36:00] [tid:52376][PaddedWindowNetwork::CreatePaddedWindowNetwork:292] Intermediate Tensors : 75 MB allocated
[2026.09.02-23.36.00:755][  2]LogDLSSNGXRHI: Creating   NGX DLSS Feature  SrcRect=[0x0->1720x720], DestRect=[0x0->3440x1440], ScaleX=0.500000, ScaleY=0.500000, NGXDLSSPreset=Preset K(11), NGXDLSSRRPreset=Default(0), NGXPerfQuality=MaxPerf(0), bHighResolutionMotionVectors=1, bNonZeroSharpness=0, bUseAutoExposure=1, bEnableAlphaUpscaling=0, bReleaseMemoryOnDelete=1, GPUNode=0, GPUVisibility=0x1, DenoiseMode=Off 
[2026.09.02-23.36.00:769][  3]LogAnimation: Warning: SetStartPosition called on an invalid context or with an invalid type
[2026.09.02-23.36.00:769][  3]LogAnimation: Warning: SetStartPosition called on an invalid context or with an invalid type
[2026.09.02-23.36.00:769][  3]LogAnimation: Warning: SetStartPosition called on an invalid context or with an invalid type
[2026.09.02-23.36.00:769][  3]LogAnimation: Warning: SetStartPosition called on an invalid context or with an invalid type
[2026.09.02-23.36.00:769][  3]LogAnimation: Warning: SetStartPosition called on an invalid context or with an invalid type
[2026.09.02-23.36.00:769][  3]LogAnimation: Warning: SetStartPosition called on an invalid context or with an invalid type
[2026.09.02-23.36.00:769][  3]LogAnimation: Warning: SetStartPosition called on an invalid context or with an invalid type
[2026.09.02-23.36.00:769][  3]LogAnimation: Warning: SetStartPosition called on an invalid context or with an invalid type
[2026.09.02-23.36.00:769][  3]LogAnimation: Warning: SetStartPosition called on an invalid context or with an invalid type
[2026.09.02-23.36.00:769][  3]LogAnimation: Warning: SetStartPosition called on an invalid context or with an invalid type
[2026.09.02-23.36.00:769][  3]LogAnimation: Warning: SetStartPosition called on an invalid context or with an invalid type
[2026.09.02-23.36.00:769][  3]LogAnimation: Warning: SetStartPosition called on an invalid context or with an invalid type
[2026.09.02-23.36.00:769][  3]LogAnimation: Warning: SetStartPosition called on an invalid context or with an invalid type
[2026.09.02-23.36.00:769][  3]LogAnimation: Warning: SetStartPosition called on an invalid context or with an invalid type
[2026.09.02-23.36.00:769][  3]LogAnimation: Warning: SetStartPosition called on an invalid context or with an invalid type
[2026.09.02-23.36.00:769][  3]LogAnimation: Warning: SetStartPosition called on an invalid context or with an invalid type
[2026.09.02-23.36.00:769][  3]LogAnimation: Warning: SetStartPosition called on an invalid context or with an invalid type
[2026.09.02-23.36.00:769][  3]LogAnimation: Warning: SetStartPosition called on an invalid context or with an invalid type
[2026.09.02-23.36.00:769][  3]LogAnimation: Warning: SetStartPosition called on an invalid context or with an invalid type
[2026.09.02-23.36.00:769][  3]LogAnimation: Warning: SetStartPosition called on an invalid context or with an invalid type
[2026.09.02-23.36.00:769][  3]LogAnimation: Warning: SetStartPosition called on an invalid context or with an invalid type
[2026.09.02-23.36.00:769][  3]LogAnimation: Warning: SetStartPosition called on an invalid context or with an invalid type
[2026.09.02-23.36.00:769][  3]LogAnimation: Warning: SetStartPosition called on an invalid context or with an invalid type
[2026.09.02-23.36.00:771][  3]LogSlate: InvalidateAllWidgets triggered.  All widgets were invalidated
[2026.09.02-23.36.00:831][  7]LogEOSSDK: LogEOS: SDK Config Platform Update Request Successful, Time: 11.992049
[2026.09.02-23.36.00:832][  7]LogEOSSDK: LogEOSAnalytics: EOS SDK Analytics disabled for route [1].
[2026.09.02-23.36.00:833][  7]LogEOSSDK: LogEOS: Updating Product SDK Config, Time: 12.008888
[2026.09.02-23.36.01:046][ 20]LogLoadingScreen: Hiding loading screen when 'IsShowingInitialLoadingScreen()' is false.
[2026.09.02-23.36.01:046][ 20]LogLoadingScreen: (nothing wants to show it anymore)
[2026.09.02-23.36.01:046][ 20]LogLoadingScreen: Garbage Collecting before dropping load screen
[2026.09.02-23.36.01:046][ 20]LogRHI: ShaderPipelineCache: Batch mode changed (0): Size: 57 -> 1, Time: 16.000000 -> 0.000000
[2026.09.02-23.36.01:046][ 20]LogCore: Display: Setting hang detector multiplier to 1.0000s. New hang duration: 0.0000s. New present duration: 0.0000s.
[2026.09.02-23.36.01:046][ 20]LogPortalWarsUI: Loading screen is no longer visible, triggering all transition stinger outros
[2026.09.02-23.36.01:046][ 20]LogPortalWarsUI: Outro-ing all 0 transition stingers
[2026.09.02-23.36.01:046][ 20]LogLoadingScreen: LoadingScreen was visible for 1.51s
[2026.09.02-23.36.01:057][ 20]LogUObjectHash: Compacting FUObjectHashTables data took   1.82ms
[2026.09.02-23.36.01:066][ 21]LogEOSSDK: LogEOSAnalytics: Start Session (User: ...)
[2026.09.02-23.36.01:222][ 31]LogEOSSDK: LogEOS: SDK Config Product Update Request Successful, Time: 12.384548
[2026.09.02-23.36.01:224][ 31]LogEOSSDK: LogEOS: SDK Config Data - Watermark: 1400761102
[2026.09.02-23.36.01:224][ 31]LogEOSSDK: LogEOS: ScheduleNextSDKConfigDataUpdate - Time: 12.384548, Update Interval: 319.027069
[2026.09.02-23.36.11:103][352]LogBlueprintUserMessages: [WBP_LogoBink_C_2147477731] Bink: Trying to Open Bink Video: Movies/Bink/1047MainLogo_Color_key_v04.bk2
[2026.09.02-23.36.11:109][352]LogBlueprintUserMessages: [WBP_LogoBink_C_2147477731] Bink: Open Successful: true
[2026.09.02-23.36.11:109][352]LogBlueprintUserMessages: [WBP_LogoBink_C_2147477731] Bink: Play Successful: true
[2026.09.02-23.36.11:109][352]LogBlueprintUserMessages: [WBP_LogoBink_C_2147477731] Bink: Playing (GetURL()) : Movies/Bink/1047MainLogo_Color_key_v04.bk2
[2026.09.02-23.36.19:121][592]LogViewport: Display: Viewport MouseCaptureMode Changed, NoCapture -> CaptureDuringRightMouseDown
[2026.09.02-23.36.19:125][592]LogStreamableManager: Display: RequestAsyncLoad() called with empty or only null assets!
[2026.09.02-23.36.19:127][592]LogBlueprintUserMessages: [WBP_SplitgateTitleBink] Bink: Trying to Open Bink Video: Movies/Bink/Splitgate_Title.bk2
[2026.09.02-23.36.19:132][592]LogBlueprintUserMessages: [WBP_SplitgateTitleBink] Bink: Open Successful: true
[2026.09.02-23.36.19:132][592]LogBlueprintUserMessages: [WBP_SplitgateTitleBink] Bink: Play Successful: true
[2026.09.02-23.36.19:132][592]LogBlueprintUserMessages: [WBP_SplitgateTitleBink] Bink: Playing (GetURL()) : Movies/Bink/Splitgate_Title.bk2
[2026.09.02-23.36.19:133][592]LogStreamableManager: Display: RequestAsyncLoad() called with empty or only null assets!
[2026.09.02-23.36.19:133][592]LogPortalWarsUI: Outro-ing all 0 transition stingers
[2026.09.02-23.36.19:133][592]LogStreamableManager: Display: RequestAsyncLoad() called with empty or only null assets!
[2026.09.02-23.36.19:136][592]LogOnlineIdentity: STEAM: Obtained steam authticket
[2026.09.02-23.36.19:237][593]LogSlate: InvalidateAllWidgets triggered.  All widgets were invalidated
[2026.09.02-23.36.20:082][618]LogSlate: InvalidateAllWidgets triggered.  All widgets were invalidated
[2026.09.02-23.36.21:856][666]LogOF1047: Warning: CloudConfig - CVar 1047.Online.EnableEntitlementChecks not found, not setting value
[2026.09.02-23.36.21:856][666]LogOF1047: Warning: CloudConfig - CVar 1047.stats.BackendSendInterval not found, not setting value
[2026.09.02-23.36.22:366][680]LogGrpc: Warning: FGrpcRequest - Maverick::Rooster::Api::DailyLoginRewards::GetActiveLoginRewardTracks::<lambda_1>::operator () - Error:
 Error Code: 7
 Error Message: RBAC: access denied
[2026.09.02-23.36.22:367][680]LogGrpc: Warning: FGrpcRequest - Maverick::Rooster::Api::Referral::GetReferralSeasons::<lambda_1>::operator () - Error:
 Error Code: 9
 Error Reason: REFERRAL_FAILED
[2026.09.02-23.36.22:373][680]LogSlate: InvalidateAllWidgets triggered.  All widgets were invalidated
[2026.09.02-23.36.22:533][685]LogGrpc: Warning: FGrpcRequest - Maverick::Rooster::Api::Referral::GetReferralSeasons::<lambda_1>::operator () - Error:
 Error Code: 9
 Error Reason: REFERRAL_FAILED
[2026.09.02-23.36.22:733][691]LogGrpc: Warning: FGrpcRequest - Maverick::Rooster::Api::Referral::GetReferralSeasons::<lambda_1>::operator () - Error:
 Error Code: 9
 Error Reason: REFERRAL_FAILED
[2026.09.02-23.36.22:733][691]LogOnlineServices: Warning: [UPortalWarsReferralConfig::QueryConfigInternal] Failed: User[GameDefined_0:1 (Steam_<STEAMID_REDACTED>)], Result[[2.99.9] ResponseCode: 9 - ErrorDomain: rooster-referral-service - ErrorReason: REFERRAL_FAILED]
[2026.09.02-23.36.22:733][691]LogOF1047: Warning: Failed to query config Online.Config.Referral: [2.99.9] ResponseCode: 9 - ErrorDomain: rooster-referral-service - ErrorReason: REFERRAL_FAILED
[2026.09.02-23.36.22:966][698]LogGrpc: Warning: FGrpcRequest - Maverick::Rooster::Api::DailyLoginRewards::GetActiveLoginRewardTracks::<lambda_1>::operator () - Error:
 Error Code: 7
 Error Message: RBAC: access denied
[2026.09.02-23.36.23:566][716]LogGrpc: Warning: FGrpcRequest - Maverick::Rooster::Api::DailyLoginRewards::GetActiveLoginRewardTracks::<lambda_1>::operator () - Error:
 Error Code: 7
 Error Message: RBAC: access denied
[2026.09.02-23.36.23:566][716]LogOnlineServices: Warning: [UPortalWarsLoginRewardsConfig::QueryConfigInternal] Failed: User[GameDefined_0:1 (Steam_<STEAMID_REDACTED>)], Result[[1.1.16] unknown]
[2026.09.02-23.36.23:566][716]LogOF1047: Warning: Failed to query config Online.Config.DailyLoginRewards: [1.1.16] unknown
[2026.09.02-23.36.23:566][716]LogOF1047: Warning: [FOF1047LoginRequest::MaverickAdditionalConfigs] Failure: QueryConfigsWithFlags failed: [2.99.9] ResponseCode: 9 - ErrorDomain: rooster-referral-service - ErrorReason: REFERRAL_FAILED
[2026.09.02-23.36.24:141][733]Core1047InputUserSettings: PostLoad >> Number of Currently Registered Mapping Contexts: 25
[2026.09.02-23.36.24:141][733]Core1047InputUserSettings: PostLoad >> Registered IMC: IMC_Default_Gamepad
[2026.09.02-23.36.24:141][733]Core1047InputUserSettings: PostLoad >> Registered IMC: IMC_Default_KBM
[2026.09.02-23.36.24:141][733]Core1047InputUserSettings: PostLoad >> Registered IMC: IMC_PushToTalk_KBM
[2026.09.02-23.36.24:141][733]Core1047InputUserSettings: PostLoad >> Registered IMC: IMC_Scoreboard_Gamepad
[2026.09.02-23.36.24:141][733]Core1047InputUserSettings: PostLoad >> Registered IMC: IMC_Scoreboard_KBM
[2026.09.02-23.36.24:141][733]Core1047InputUserSettings: PostLoad >> Registered IMC: IMC_CommsWheel_Gamepad
[2026.09.02-23.36.24:141][733]Core1047InputUserSettings: PostLoad >> Registered IMC: IMC_CommsWheel_KBM
[2026.09.02-23.36.24:141][733]Core1047InputUserSettings: PostLoad >> Registered IMC: IMC_EscapeMenu_Generic
[2026.09.02-23.36.24:141][733]Core1047InputUserSettings: PostLoad >> Registered IMC: IMC_Loadout_Gamepad
[2026.09.02-23.36.24:141][733]Core1047InputUserSettings: PostLoad >> Registered IMC: IMC_Loadout_KBM
[2026.09.02-23.36.24:141][733]Core1047InputUserSettings: PostLoad >> Registered IMC: IMC_PushToTalk_Gamepad
[2026.09.02-23.36.24:141][733]Core1047InputUserSettings: PostLoad >> Registered IMC: IMC_Hangman_Gamepad
[2026.09.02-23.36.24:141][733]Core1047InputUserSettings: PostLoad >> Registered IMC: IMC_Hangman_KBM
[2026.09.02-23.36.24:141][733]Core1047InputUserSettings: PostLoad >> Registered IMC: IMC_Macromap_Gamepad
[2026.09.02-23.36.24:141][733]Core1047InputUserSettings: PostLoad >> Registered IMC: IMC_Macromap_KBM
[2026.09.02-23.36.24:141][733]Core1047InputUserSettings: PostLoad >> Registered IMC: IMC_Inventory_Gamepad
[2026.09.02-23.36.24:141][733]Core1047InputUserSettings: PostLoad >> Registered IMC: IMC_Inventory_KBM
[2026.09.02-23.36.24:141][733]Core1047InputUserSettings: PostLoad >> Registered IMC: IMC_HangmanPregame_Gamepad
[2026.09.02-23.36.24:141][733]Core1047InputUserSettings: PostLoad >> Registered IMC: IMC_HangmanPregame_KBM
[2026.09.02-23.36.24:141][733]Core1047InputUserSettings: PostLoad >> Registered IMC: IMC_Camera_Gamepad
[2026.09.02-23.36.24:141][733]Core1047InputUserSettings: PostLoad >> Registered IMC: IMC_EditMove_Gamepad
[2026.09.02-23.36.24:141][733]Core1047InputUserSettings: PostLoad >> Registered IMC: IMC_Select_Gamepad
[2026.09.02-23.36.24:141][733]Core1047InputUserSettings: PostLoad >> Registered IMC: IMC_Both_KBM
[2026.09.02-23.36.24:141][733]Core1047InputUserSettings: PostLoad >> Registered IMC: IMC_Race_Gamepad
[2026.09.02-23.36.24:141][733]Core1047InputUserSettings: PostLoad >> Registered IMC: IMC_Race_KBM
[2026.09.02-23.36.24:141][733]Core1047InputUserSettings: PostLoad >> Loaded Current KBM Preset As None
[2026.09.02-23.36.24:141][733]Core1047InputUserSettings: PostLoad >> Loaded Current Gamepad Preset As None
[2026.09.02-23.36.24:141][733]Core1047InputUserSettings: PostLoad >> Received Mapping For Key Name: IA_Crouch_Toggle
[2026.09.02-23.36.24:141][733]Core1047InputUserSettings: PostLoad >> Received Mapping For Key Name: IA_FirePortalAlternating
[2026.09.02-23.36.24:141][733]Core1047InputUserSettings: PostLoad >> Received Mapping For Key Name: IA_FirePortal_Left
[2026.09.02-23.36.24:141][733]Core1047InputUserSettings: PostLoad >> Received Mapping For Key Name: IA_ClosePortal_Both
[2026.09.02-23.36.24:141][733]Core1047InputUserSettings: PostLoad >> Received Mapping For Key Name: IA_ClosePortal_Left
[2026.09.02-23.36.24:141][733]Core1047InputUserSettings: PostLoad >> Received Mapping For Key Name: IA_UseEquipment
[2026.09.02-23.36.24:141][733]Core1047InputUserSettings: PostLoad >> Received Mapping For Key Name: IA_Melee
[2026.09.02-23.36.24:141][733]Core1047InputUserSettings: PostLoad >> Received Mapping For Key Name: IA_Interact_KBM
[2026.09.02-23.36.24:141][733]Core1047InputUserSettings: PostLoad >> Received Mapping For Key Name: IA_UseObjectAbility_KBM
[2026.09.02-23.36.24:141][733]Core1047InputUserSettings: PostLoad >> Has Completed!
[2026.09.02-23.36.24:142][733]LogStreaming: Display: FlushAsyncLoading(2087): 1 QueuedPackages, 0 AsyncPackages
[2026.09.02-23.36.24:143][733]Core1047CloudSettings: Error: Failed to import setting value for Settings.Crosshair.WeaponCrosshairMap
[2026.09.02-23.36.24:143][733]Core1047InputUserSettings: Warning: DetermineHardwareDeviceForActionMapping, invalid Key found while registering IMCs!
[2026.09.02-23.36.24:143][733]Core1047InputUserSettings: Warning: DetermineHardwareDeviceForActionMapping, invalid Key found while registering IMCs!
[2026.09.02-23.36.24:143][733]LogEnhancedInput: Warning: A key profile with the name 'InputUserSettings.Profiles.Player' already exists! Use a different name.
[2026.09.02-23.36.24:143][733]LogEnhancedInput: Warning: A key profile with the name 'InputUserSettings.Profiles.Default' already exists! Use a different name.
[2026.09.02-23.36.24:144][733]Core1047InputUserSettings: PreSave >> Has Completed!
[2026.09.02-23.36.24:146][733]LogCore1047: Warning: UCore1047SettingDefinition::ApplyValue Classic Portal Controls is not Enabled via bEnabled so setting value will not be applied.
[2026.09.02-23.36.24:146][733]LogCore1047: Warning: UCore1047SettingDefinition::ApplyValue Classic Portal Controls is not Enabled via bEnabled so setting value will not be applied.
[2026.09.02-23.36.24:146][733]LogCore1047: Warning: UCore1047SettingDefinition::ApplyValue Show Ally Team Color is not Enabled via bEnabled so setting value will not be applied.
[2026.09.02-23.36.24:270][737]LogMovieScene: Starting new camera cut: 'CineCameraActor_2147477370'
[2026.09.02-23.36.24:271][737]LogStreaming: Display: FlushAsyncLoading(2120,2121): 2 QueuedPackages, 0 AsyncPackages
[2026.09.02-23.36.24:601][747]LogGrpc: Warning: FGrpcRequest - Maverick::Rooster::Api::DailyLoginRewards::GetActiveLoginRewardProgress::<lambda_1>::operator () - Error:
 Error Code: 7
 Error Message: RBAC: access denied
[2026.09.02-23.36.24:769][752]LogGrpc: Warning: FGrpcRequest - Maverick::Rooster::Api::DailyLoginRewards::GetActiveLoginRewardProgress::<lambda_1>::operator () - Error:
 Error Code: 7
 Error Message: RBAC: access denied
[2026.09.02-23.36.24:900][756]LogGrpc: Warning: FGrpcRequest - Maverick::Rooster::Api::DailyLoginRewards::GetActiveLoginRewardProgress::<lambda_1>::operator () - Error:
 Error Code: 7
 Error Message: RBAC: access denied
[2026.09.02-23.36.24:900][756]LogOnlineServices: Warning: [UPortalWarsUserLoginRewardsSubsystem::QueryLocalPlayerLoginRewardProgress] Failed: User[GameDefined_0:1 (Steam_<STEAMID_REDACTED>)], Result[[1.1.16] unknown]
[2026.09.02-23.36.24:900][756]LogOF1047: Warning: [FPortalWarsLoginRequest::MaverickRoosterDLR] Failure: QueryFTUEState failed: [1.1.16] unknown
[2026.09.02-23.36.25:034][760]LogGrpc: Warning: FGrpcRequest - Maverick::Rooster::Api::Referral::GetReferralSeasonProgress::<lambda_1>::operator () - Error:
 Error Code: 9
 Error Reason: REFERRAL_FAILED
[2026.09.02-23.36.25:234][766]LogGrpc: Warning: FGrpcRequest - Maverick::Rooster::Api::Referral::GetReferralSeasonProgress::<lambda_1>::operator () - Error:
 Error Code: 9
 Error Reason: REFERRAL_FAILED
[2026.09.02-23.36.25:434][772]LogGrpc: Warning: FGrpcRequest - Maverick::Rooster::Api::Referral::GetReferralSeasonProgress::<lambda_1>::operator () - Error:
 Error Code: 9
 Error Reason: REFERRAL_FAILED
[2026.09.02-23.36.25:434][772]LogOnlineServices: Warning: [UPortalWarsUserReferralSubsystem::QueryLocalPlayerReferrals] Failed: User[GameDefined_0:1 (Steam_<STEAMID_REDACTED>)], Result[[2.99.9] ResponseCode: 9 - ErrorDomain: rooster-referral-service - ErrorReason: REFERRAL_FAILED]
[2026.09.02-23.36.25:434][772]LogOF1047: Warning: [FPortalWarsLoginRequest::MaverickRoosterRAF] Failure: QueryLocalPlayerReferrals failed: [2.99.9] ResponseCode: 9 - ErrorDomain: rooster-referral-service - ErrorReason: REFERRAL_FAILED
[2026.09.02-23.36.25:434][772]LogCore1047Crash: Crash context user id is 930e9d064bddb699da3ce6b1bb2e60c5
[2026.09.02-23.36.25:439][772]LogStreamableManager: Display: RequestAsyncLoad() called with empty or only null assets!
[2026.09.02-23.36.25:444][772]LogMDFastBinding: Warning: [WBP_MainMenuSceneStack_C] uses a deprecated property-based MDFastBindingContainer, resave it to automatically upgrade it to a widget extension
[2026.09.02-23.36.25:447][772]LogStreamableManager: Display: RequestAsyncLoad() called with empty or only null assets!
[2026.09.02-23.36.25:500][772]LogStreamableManager: Display: RequestAsyncLoad() called with empty or only null assets!
[2026.09.02-23.36.25:503][772]LogStreamableManager: Display: RequestAsyncLoad() called with empty or only null assets!
[2026.09.02-23.36.25:504][772]LogStreamableManager: Display: RequestAsyncLoad() called with empty or only null assets!
[2026.09.02-23.36.25:510][772]LogMovieScene: Starting new camera cut: 'CineCameraActor_2147476571'
[2026.09.02-23.36.25:510][772]LogViewport: Display: Viewport MouseCaptureMode Changed, CaptureDuringRightMouseDown -> NoCapture
[2026.09.02-23.36.25:512][772]LogStreamableManager: Display: RequestAsyncLoad() called with empty or only null assets!
[2026.09.02-23.36.25:513][772]LogStreamableManager: Display: RequestAsyncLoad() called with empty or only null assets!
[2026.09.02-23.36.25:515][772]LogStreamableManager: Display: RequestAsyncLoad() called with empty or only null assets!
[2026.09.02-23.36.25:516][772]LogStreamableManager: Display: RequestAsyncLoad() called with empty or only null assets!
[2026.09.02-23.36.25:520][772]LogStreamableManager: Display: RequestAsyncLoad() called with empty or only null assets!
[2026.09.02-23.36.25:530][772]LogStreamableManager: Display: RequestAsyncLoad() called with empty or only null assets!
[2026.09.02-23.36.25:530][772]LogStreamableManager: Display: RequestAsyncLoad() called with empty or only null assets!
[2026.09.02-23.36.25:532][772]LogStreamableManager: Display: RequestAsyncLoad() called with empty or only null assets!
[2026.09.02-23.36.25:533][772]LogStreamableManager: Display: RequestAsyncLoad() called with empty or only null assets!
[2026.09.02-23.36.25:541][772]LogStreamableManager: Display: RequestAsyncLoad() called with empty or only null assets!
[2026.09.02-23.36.25:547][772]LogStreamableManager: Display: RequestAsyncLoad() called with empty or only null assets!
[2026.09.02-23.36.25:549][772]LogStreamableManager: Display: RequestAsyncLoad() called with empty or only null assets!
[2026.09.02-23.36.25:551][772]LogStreamableManager: Display: RequestAsyncLoad() called with empty or only null assets!
[2026.09.02-23.36.25:551][772]LogStreamableManager: Display: RequestAsyncLoad() called with empty or only null assets!
[2026.09.02-23.36.25:551][772]LogScript: Warning: Script Msg: Attempted to access index 0 from array 'Textures' of length 0 in '/Game/UI/MainMenu/Locker/PlayerCard/WBP_PlayerCard.WBP_PlayerCard_C:UpdateBadges'!
[2026.09.02-23.36.25:551][772]LogScript: Warning: Script Msg: Attempted to access index 1 from array 'Textures' of length 0 in '/Game/UI/MainMenu/Locker/PlayerCard/WBP_PlayerCard.WBP_PlayerCard_C:UpdateBadges'!
[2026.09.02-23.36.25:551][772]LogScript: Warning: Script Msg: Attempted to access index 2 from array 'Textures' of length 0 in '/Game/UI/MainMenu/Locker/PlayerCard/WBP_PlayerCard.WBP_PlayerCard_C:UpdateBadges'!
[2026.09.02-23.36.25:551][772]LogStreamableManager: Display: RequestAsyncLoad() called with empty or only null assets!
[2026.09.02-23.36.25:551][772]LogStreamableManager: Display: RequestAsyncLoad() called with empty or only null assets!
[2026.09.02-23.36.25:552][772]LogStreaming: Display: FlushAsyncLoading(2133): 1 QueuedPackages, 10 AsyncPackages
[2026.09.02-23.36.25:974][772]LogOnlineAchievements: Warning: STEAM: Steam achievements have not been configured in .ini
[2026.09.02-23.36.25:974][772]LogOF1047: Error: Failed to query platform achievements: [1.1.16] unknown
[2026.09.02-23.36.25:991][773]LogStreamableManager: Display: RequestAsyncLoad() called with empty or only null assets!
[2026.09.02-23.36.25:993][773]LogStreamableManager: Display: RequestAsyncLoad() called with empty or only null assets!
[2026.09.02-23.36.26:002][773]LogStreamableManager: Display: RequestAsyncLoad() called with empty or only null assets!
[2026.09.02-23.36.26:002][773]LogStreamableManager: Display: RequestAsyncLoad() called with empty or only null assets!
[2026.09.02-23.36.26:011][773]LogStreamableManager: Display: RequestAsyncLoad() called with empty or only null assets!
[2026.09.02-23.36.26:011][773]LogStreamableManager: Display: RequestAsyncLoad() called with empty or only null assets!
[2026.09.02-23.36.26:016][773]LogStreamableManager: Display: RequestAsyncLoad() called with empty or only null assets!
[2026.09.02-23.36.26:018][773]LogStreamableManager: Display: RequestAsyncLoad() called with empty or only null assets!
[2026.09.02-23.36.26:019][773]LogStreamableManager: Display: RequestAsyncLoad() called with empty or only null assets!
[2026.09.02-23.36.26:022][773]LogStreamableManager: Display: RequestAsyncLoad() called with empty or only null assets!
[2026.09.02-23.36.26:023][773]LogStreamableManager: Display: RequestAsyncLoad() called with empty or only null assets!
[2026.09.02-23.36.26:027][773]LogStreamableManager: Display: RequestAsyncLoad() called with empty or only null assets!
[2026.09.02-23.36.26:028][773]LogStreamableManager: Display: RequestAsyncLoad() called with empty or only null assets!
[2026.09.02-23.36.26:031][773]LogSlate: InvalidateAllWidgets triggered.  All widgets were invalidated
[2026.09.02-23.36.26:032][773]LogGrpc: Warning: FGrpcRequest - Maverick::Rooster::Api::LimitedTimeEvents::GetActiveEventData::<lambda_1>::operator () - Error:
 Error Code: 7
 Error Message: RBAC: access denied
[2026.09.02-23.36.26:032][773]LogOnlineServices: Warning: [UPortalWarsLimitedTimeEventsSubsystem::QueryActiveEventData] Failed: User[GameDefined_0:1 (Steam_<STEAMID_REDACTED>)], Result[[1.1.16] unknown]
[2026.09.02-23.36.26:034][774]LogStreaming: Display: FlushAsyncLoading(3356): 7 QueuedPackages, 809 AsyncPackages
[2026.09.02-23.36.26:256][774]LogScript: Warning: Script Msg: Divide by zero: Divide_DoubleDouble
[2026.09.02-23.36.26:404][774]LogGrpc: Warning: FGrpcRequest - Maverick::Rooster::Api::Levels::GetXpMultipliers::<lambda_1>::operator () - Error:
 Error Code: 7
 Error Message: RBAC: access denied
[2026.09.02-23.36.26:404][774]LogGrpc: Warning: FGrpcRequest - Maverick::Rooster::Api::LimitedTimeEvents::GetActiveEventDefinitions::<lambda_1>::operator () - Error:
 Error Code: 7
 Error Message: RBAC: access denied
[2026.09.02-23.36.26:404][774]LogOnlineServices: Warning: [UPortalWarsLimitedTimeEventsConfig::QueryConfigInternal] Failed: User[GameDefined_0:1 (Steam_<STEAMID_REDACTED>)], Result[[1.1.16] unknown]
[2026.09.02-23.36.26:404][774]LogOF1047: Warning: Failed to query config Online.Config.Events: [1.1.16] unknown
[2026.09.02-23.36.26:432][774]LogTextFormatter: Warning: Failed to parse argument "GameName" as a number (using "0" as a fallback). Please check your format string for errors: "Playing {GameName}".
[2026.09.02-23.36.26:435][774]LogTextFormatter: Warning: Failed to parse argument "GameName" as a number (using "0" as a fallback). Please check your format string for errors: "Playing {GameName}".
[2026.09.02-23.36.26:438][775]LogStreaming: Display: FlushAsyncLoading(3653): 1 QueuedPackages, 534 AsyncPackages
[2026.09.02-23.36.26:448][775]LogStreamableManager: Display: RequestAsyncLoad() called with empty or only null assets!
[2026.09.02-23.36.26:953][775]LogGrpc: Warning: FGrpcRequest - Maverick::Api::GameCms::GetLocalizationManifestAuthorized::<lambda_1>::operator () - Error:
 Error Code: 5
 Error Reason: LOCALIZATION_MANIFEST_NOT_FOUND
[2026.09.02-23.36.26:953][775]LogOnlineServices: Warning: [UOF1047LocalizationSubsystem::DownloadLocalizationManifest] Failed: User[GameDefined_0:1 (Steam_<STEAMID_REDACTED>)], Result[[2.99.5] ResponseCode: 5 - ErrorDomain: game-cms-localization-service - ErrorReason: LOCALIZATION_MANIFEST_NOT_FOUND]
[2026.09.02-23.36.26:953][775]LogOF1047Localization: Error: Failed to get Localization Manifest Data for stats-leaderboards. Error: [2.99.5] ResponseCode: 5 - ErrorDomain: game-cms-localization-service - ErrorReason: LOCALIZATION_MANIFEST_NOT_FOUND
[2026.09.02-23.36.26:966][775]LogSlate: InvalidateAllWidgets triggered.  All widgets were invalidated
[2026.09.02-23.36.26:993][775]LogSlate: InvalidateAllWidgets triggered.  All widgets were invalidated
[2026.09.02-23.36.27:001][775]LogSlate: InvalidateAllWidgets triggered.  All widgets were invalidated
[2026.09.02-23.36.27:016][775]LogSlate: InvalidateAllWidgets triggered.  All widgets were invalidated
[2026.09.02-23.36.27:042][775]LogSlate: InvalidateAllWidgets triggered.  All widgets were invalidated
[2026.09.02-23.36.27:055][775]LogSlate: InvalidateAllWidgets triggered.  All widgets were invalidated
[2026.09.02-23.36.27:061][775]LogSlate: InvalidateAllWidgets triggered.  All widgets were invalidated
[2026.09.02-23.36.27:069][775]LogSlate: InvalidateAllWidgets triggered.  All widgets were invalidated
[2026.09.02-23.36.27:077][775]LogSlate: InvalidateAllWidgets triggered.  All widgets were invalidated
[2026.09.02-23.36.27:384][776]LogGrpc: Warning: FGrpcRequest - Maverick::Rooster::Api::Levels::GetXpMultipliers::<lambda_1>::operator () - Error:
 Error Code: 7
 Error Message: RBAC: access denied
[2026.09.02-23.36.27:457][777]LogGrpc: Warning: FGrpcRequest - Maverick::Rooster::Api::Levels::GetXpMultipliers::<lambda_1>::operator () - Error:
 Error Code: 7
 Error Message: RBAC: access denied
[2026.09.02-23.36.27:457][777]LogOnlineServices: Warning: [UPortalWarsXpMultiplierConfig::QueryConfigInternal] Failed: User[GameDefined_0:1 (Steam_<STEAMID_REDACTED>)], Result[[1.1.16] unknown]
[2026.09.02-23.36.27:457][777]LogOF1047: Warning: Failed to query config Online.Config.XpMultipliers: [1.1.16] unknown
[2026.09.02-23.36.28:146][798]LogStreamableManager: Display: RequestAsyncLoad() called with empty or only null assets!
[2026.09.02-23.36.29:290][832]LogMerlin: Data Received: Endpoint: ReportServerSessionManager, Size: 394
[2026.09.02-23.36.40:559][171]Core1047InputUserSettings: PreSave >> Has Completed!
[2026.09.02-23.37.00:394][766]LogMovieScene: Starting new camera cut: 'CineCameraActor_2147473464'
[2026.09.02-23.37.00:939][782]LogTextFormatter: Warning: Failed to parse argument "GameName" as a number (using "0" as a fallback). Please check your format string for errors: "Playing {GameName}".
[2026.09.02-23.37.00:939][782]LogTextFormatter: Warning: Failed to parse argument "GameName" as a number (using "0" as a fallback). Please check your format string for errors: "Playing {GameName}".
